172.18502043010213,0.768228284800612,0.8037833028583554,0.7573041731284935,0.7532154277339138
170.82899349749894,0.7310498293942983,0.37607349156440517,0.3073028390970316,0.34910955274712646
167.33934792726546,0.35547996641687024,0.18060635926992546,0.14082916126197215,0.045848289612273996
164.4491742519896,0.2483515412390557,0.3636399277932979,0.37195943117569175,0.19200993646850267
162.76724294401993,0.41501873986526716,0.5321009874217553,0.538708950857918,0.33438329895816526
159.59650682358352,0.5802899568230105,0.6578594065745099,0.6573294208925177,0.4390605032246583
157.40396646592876,0.48252859223213357,0.710378762102764,0.7029909937364863,0.4968247014069472
154.89424075160517,0.5518593239519585,0.7590308114014804,0.7536416800554485,0.5519874382875087
151.5765758864861,0.5226085786065149,0.7554604803860301,0.7624614170109364,0.565071656023515
149.85813996174173,0.5265783567689118,0.7345359010496988,0.7525321805789018,0.5695891696400537
149.7632568990237,0.48481657406237383,0.7277770714627487,0.7609264695625118,0.582306694237805
151.04318136674019,0.4658340039935582,0.7660855118770599,0.8094202079974328,0.6108735204779606
151.11651733726717,0.4544993284297924,0.7921997517782472,0.8328842259480396,0.6231230048424887
149.81088979429663,0.44131008584777254,0.7741591691044607,0.8042705509923402,0.6049144804864383
149.4749181010307,0.42667314033622217,0.7820518108196846,0.80667857458485,0.596012229913547
148.158015923443,0.4197436783949803,0.7821083597439424,0.7988620088416973,0.5859894921776686
147.01344197538208,0.43994172406050114,0.775018275475933,0.7916276974314912,0.5827602386660112
149.52665471412573,0.47054635118941096,0.7996016966594671,0.8298959177908569,0.6090634554009243
150.21712447370484,0.5445867161812856,0.8279918182372477,0.8698432659497828,0.6403685134589675
151.19071109139205,0.6368486623822872,0.836061568691674,0.8827044478779461,0.6561062332381301
152.48394110066042,0.7145752502963432,0.8559635202285989,0.9033212203878405,0.6732237842264606
153.83883880283037,0.7743915439843754,0.883008775224908,0.9304982689122315,0.6907173056250064
155.6919578885861,0.772115648375646,0.9047832120986399,0.9497769862487255,0.7016838802191928
156.77506747594055,0.725417006661453,0.9246204116035196,0.9619172617349903,0.7067197690884883
157.44075831637534,0.5722947279213646,0.9215573850605379,0.9341116999183641,0.6901906608870556
158.26331666298927,0.5141385168596632,0.9237549664796344,0.9343784773150094,0.6838738076727159
158.48543098258227,0.47048040065058644,0.9198774644929036,0.9071210231490906,0.6651249333645695
158.18946001242034,0.48862392647137665,0.8948478760378036,0.8848252656827351,0.6511778413232111
157.53263138384344,0.5544789674591641,0.8888270675394031,0.8829170206835154,0.6507692046030799
156.2993549487397,0.6371147754349368,0.8842039609348249,0.883459290486348,0.6491342814283767
155.27979090014614,0.7038303036874155,0.8826099359026954,0.8796824772091798,0.6566718161377165
154.35405333948157,0.7662859923465621,0.8906347803021013,0.8912422447916764,0.6626433031114238
153.288959071854,0.790241073867924,0.876819043766704,0.8874985420933601,0.6633441344385747
153.83488087078223,0.7554543045046985,0.8838054166817214,0.900330451968622,0.6732304017802102
154.4345667706795,0.5710746914966274,0.8821466861224316,0.8988865225117533,0.6786012440306481
154.37768079962302,0.5264097398306973,0.8973360357173739,0.9168886986425476,0.6848969179581325
154.50223185931634,0.43196349999347927,0.8903522594768929,0.9072026734904626,0.6838640324984302
155.40122065234922,0.3320145145972356,0.904481036023036,0.9188491585873498,0.6896013744917359
155.27781083126354,0.3224395662998973,0.9140182350297261,0.9248639830653632,0.689281412398734
155.93227478012383,0.28874236091589733,0.926962709559501,0.9329934574898091,0.6973633032297124
156.0509643519033,0.2749044993182896,0.9256439811194274,0.9320848823130027,0.6953786887899949
156.5562158519987,0.2703724622061873,0.9179226965057224,0.9292286832796238,0.6980567493401044
156.80420459629434,0.2813827263959877,0.9236643522068247,0.9359967601654867,0.7072773168850315
157.5181951907549,0.28553861091340943,0.9311382010452021,0.943480823553982,0.7212838796934686
157.3704688290666,0.30149512528455297,0.9308087031385391,0.9466055046877907,0.7298188635244289
157.142360081772,0.4389470535374548,0.935027863095415,0.9492006289988636,0.7345896612934656
157.74130169895278,0.5023332733626994,0.9611792695408702,0.9758223285487152,0.7512029185490213
157.92849786076,0.42457430933484425,0.9550876881689475,0.9591290951284192,0.7318329726449558
157.68564389203138,0.33193312807644965,0.938620684304009,0.9420148054713846,0.7242249391459334
157.67679253548167,0.29182354809902533,0.9158928280689128,0.9224224535974282,0.7121418958519253
157.69628362832296,0.2606167055689477,0.8966813346953375,0.9065763097358982,0.6974477415389345
157.0975136970541,0.31530119205922064,0.8915299041328953,0.9140413948186885,0.6953430366957103
156.49446094779617,0.2908609181715415,0.8769676638649212,0.9081010789506319,0.686315944529902
156.8703453231335,0.29874429801674274,0.8767967607586543,0.913794545681779,0.68115731834117
156.6060100459981,0.3376077456524093,0.8787710289221811,0.919903220751724,0.6815993632929026
155.94071463562966,0.40789072761488426,0.849810637691261,0.9098570744673818,0.6746721498453734
156.47158732350087,0.40461474214148613,0.8599514670071305,0.9140129167129313,0.6720948931866514
157.4711761277857,0.4027124732761131,0.8888071093132536,0.9383212542423935,0.6846789256974888
158.09711443261864,0.3708440558210706,0.9094143456372323,0.9494085889146147,0.692642409204317
158.77506222158462,0.3560316759657269,0.9215134055392862,0.9625028461045603,0.7031403566441516
159.0476365178718,0.3905117027077793,0.9373978298602493,0.98074629052999,0.7138437718488756
159.4096673939761,0.4109779764847848,0.9401010980456906,0.980242291695429,0.7215553829058996
159.83113816158215,0.44097235645850275,0.9382126614395534,0.9771410395057034,0.7278334893176767
159.98036892333954,0.4141216056220474,0.9293523021335269,0.9675990458679703,0.7296568396600486
160.07913198940713,0.4544602342289734,0.9195677241367926,0.9585795877379467,0.7304322875871364
160.06210953651535,0.48898666455876666,0.907601469572065,0.9525914190523049,0.7348378791360134
160.20206657905183,0.4468524277710653,0.9083001026816805,0.9563797020083286,0.7436620071483511
160.47202360728076,0.5083662804459635,0.916274633542087,0.9693759799036596,0.7578066975882957
160.17806275194243,0.5311361901395307,0.9179880668095509,0.9801481792199652,0.7548004188889541
161.08038448094993,0.5297354577757704,0.923167711935869,0.9940799567070098,0.7665573703250728
160.87880851820105,0.5179172585932857,0.9030945687772624,0.9784588370142078,0.746985063964288
160.97629969382544,0.5104726084455782,0.9001237349835932,0.9679452004625619,0.7337524693591796
161.2628952788531,0.49589764922206386,0.9029303095964597,0.9729666870774618,0.7325186143358495
161.23226505572916,0.5084161355940999,0.8864074489686175,0.9539311973028932,0.7192589138417227
161.04102742192413,0.5053176778139777,0.8915330424925407,0.9560037445103852,0.7206243016796905
160.984880774448,0.5172440206279765,0.8954886457367269,0.9631318697648339,0.7312686280198203
161.18101883419638,0.5245521584952496,0.9035709428385165,0.969804001705513,0.7427118516823942
160.84306446181137,0.5851164399454268,0.9079585156870956,0.9772680792562988,0.7490797499580961
160.33992352871613,0.6213360971703885,0.9054316321958998,0.9677669902266776,0.7417360582226028
160.03702245910327,0.6868797863503505,0.915843873727967,0.9741097223867995,0.7451026673595019
160.0715351551605,0.7496058690520193,0.9302989795168245,0.9806545180784183,0.7450573194541643
159.84316671014946,0.7741194667029211,0.9413990658159376,0.9859433696159215,0.7407295502774538
159.27870633472443,0.804959179122044,0.9264581793690854,0.9761018550559897,0.7352497836741753
158.85860102708574,0.8163833056893639,0.9171537485705872,0.9682992281173484,0.7288096422933232
158.36758177728595,0.8403850577935631,0.9018814361315023,0.9571533774488833,0.7235164475453384
158.5268277194185,0.8690960009860595,0.9058620899249862,0.9645380625260203,0.727845352026681
158.4459787290891,0.8744758154508556,0.9033554424265698,0.9677885034396685,0.7287542256178083
158.5312204736092,0.8742548132234804,0.9076718185712315,0.9687761403047882,0.735064884833763
158.4347479024332,0.8694050054241755,0.9015607097435008,0.9639149074965071,0.7361510190720373
158.32984761857915,0.8863405728773964,0.9060072154769814,0.9696177676354185,0.7392099785724374
158.15496905951252,0.9017861283466326,0.9088577595425772,0.9724273253413648,0.7418700327233577
158.3007946794482,0.9142780746751475,0.9119886954898067,0.9759151826821999,0.7433039187400992
158.6789212816905,0.9144667245257306,0.9129998950784693,0.984949619870161,0.7501399325024882
159.2147270017018,0.9169355602288246,0.9139100018032849,0.9950055423645481,0.7689273531932002
159.50224145460726,0.9176516640320356,0.9152989057169536,0.9971000973234447,0.7730464536590654
159.72733638913166,0.9215305729717711,0.9222604458678868,1.0018368305093515,0.7728830713540927
159.87004095051248,0.9216680123944193,0.9174853225712025,1.0026302312453308,0.766672835171058
160.3460274103239,0.9445537954495976,0.941612152560862,1.0203009501619293,0.7724908386478976
160.5389999227483,0.9590110662334315,0.9571012692062877,1.031844975811018,0.7772274347765114
160.36931726875292,0.9651766745122161,0.9664112436135299,1.0389359980317783,0.7800080051474549
160.50816199766479,0.9613540726458871,0.9661882066168381,1.0404029183891066,0.7806548855930655
160.357598873689,0.9455128726498327,0.9711918339857897,1.043656097268918,0.783571718858313
160.39393568250668,0.9410340237511815,0.97701621974341,1.0479683797971322,0.7871913845720889
160.35034571059964,0.917310319689116,0.978364518344339,1.0484311914500262,0.7884914608035455
160.49830377452534,0.9134852567472939,0.9894485682210177,1.052642405324446,0.7947255627401767
160.47335499209646,0.8943079613325199,0.9831653077285816,1.051298145196194,0.7971961516993308
160.38147772010836,0.8729312921079082,0.9590011208046658,1.0300298224078073,0.7860379769599765
160.1533173154396,0.8587777010294236,0.9295845472205554,1.0032445042495384,0.7740020661339981
159.785877752599,0.8476361870793392,0.9026978734145804,0.9786700350129409,0.755384706511661
159.41995238602667,0.8349637715518194,0.8787559940081605,0.958154179772194,0.742854271235984
159.10040738292986,0.8279459278096788,0.8671946514186767,0.9486554362299356,0.7344032701977213
159.11567027003304,0.8170782157824954,0.8570145139302838,0.9397963712692621,0.7333782720003655
159.39682298366964,0.8086907821401608,0.8651523236226242,0.9406536687746456,0.7372456829751439
159.51131002696897,0.7949315790133007,0.8682784380326682,0.9464954001852988,0.7417409121238581
159.45404795676836,0.8002251996293408,0.8775490102491392,0.955537475117805,0.7463457512273189
159.27571767959603,0.793395459458469,0.8768890082904728,0.957992973329252,0.7452606631893574
159.17719575400284,0.7943659905510513,0.8771283368421587,0.9579470279539256,0.7426480465406408
159.21065451114748,0.7812824012491433,0.8734748510249154,0.9568897961047164,0.7384749956806463
159.20991902694144,0.7822340012625978,0.8782285212695792,0.9580160751057553,0.7354271729390385
159.04720001905682,0.7949924117098288,0.8900853589391876,0.9659418831999004,0.7325499650299313
159.04685850902723,0.8299042029952831,0.8934210639220196,0.9641444437718429,0.7360606258731147
159.04225430453224,0.8528083856666923,0.8917741925902085,0.962249654459233,0.736153741874169
159.08057810608244,0.8663942817052808,0.8849996445156556,0.9591050873446072,0.7362064636441957
158.7697238310776,0.8640006056540308,0.8709469982461634,0.9489042705679915,0.7344659270711937
158.70737977616196,0.8738047400821196,0.8712243379760055,0.9519420825094728,0.7426542062244795
158.4904078389902,0.884398430307917,0.8709472807755966,0.9494767579869541,0.7415643090218325
158.4836782153813,0.8959688639453365,0.8811199389718549,0.959508837156031,0.7460212757315139
158.4682523147299,0.9114805518331145,0.8925860762428466,0.9671724098373427,0.7532562395336772
158.50030903640908,0.9188742884980402,0.9055396579183714,0.9746486288228788,0.762861014289551
158.36045592193219,0.9178921425320541,0.9055632973183003,0.9748516803137115,0.7686103917093432
158.05948444837418,0.9041916334805068,0.8985083856080436,0.9738079338971497,0.7712110100924012
158.13210630645113,0.8921011064574437,0.8919523519117695,0.9747874936151257,0.7755058374377412
158.11076136918058,0.8809080368189326,0.8835190214491112,0.9702934661970167,0.771515972588756
158.02493370419597,0.8775220291457616,0.8778708505088975,0.9615551887224077,0.7614523942247093
157.67408708074257,0.876681528392874,0.876379034937258,0.9571727317610537,0.7492678954415118
157.42538501817515,0.8694916952026814,0.8631211578530478,0.9493602306742502,0.7399925311850187
156.91744124134644,0.865865246123329,0.8506992739434701,0.9350568499065971,0.7231768982891266
157.15821449148703,0.8307815891332836,0.8478198534200434,0.9217508148458451,0.7046094892235101
171.70172944510315,0.990816287851726,0.6135893597708832,0.6020028281310295,0.5379749743392775
166.78762499570067,0.4792652958348864,0.16668439070213195,0.1622147519098968,0.1937599245918836
162.260527232279,0.21518766329420264,0.1717633784375396,0.20416458498204265,0.17279071143752944
158.43649659139518,0.27804644058812233,0.38760760433712704,0.4264610599273251,0.32563839950913737
155.65416075445134,0.44205596389121765,0.5482820935342019,0.596277537796021,0.452044384672283
154.10899144879505,0.5862618031627319,0.6741950730399435,0.7206606574243051,0.5522559665120316
152.02086785281801,0.665882421012135,0.7498507778963036,0.8203530389723163,0.6285101542176066
153.28713512199204,0.37804475503546675,0.7956843706211922,0.8664023507375938,0.6707070648301089
152.8693986836045,0.31078598103577987,0.8294998165232904,0.9217633837521669,0.7170492189266542
151.77697865043675,0.3645109189177175,0.8591217591274409,0.9535121612565982,0.7432303429460387
150.04061608434202,0.4944556894722895,0.8862372334411728,0.9751460749503036,0.7555028323403524
149.10306979410095,0.5931454518636051,0.9128879457571073,0.9970591880725426,0.7730434992125338
147.7170892682482,0.6574693852715117,0.9265376601112414,1.0012686638385893,0.7827679400401295
146.67815269707188,0.7007848344118337,0.9399276846780354,1.0118106349600509,0.7972348413926402
145.79430366043266,0.7343622093843291,0.9512807313164366,1.0161705717585745,0.8087901064691688
145.21310956459044,0.7500942579427453,0.9615809032572776,1.0152869612224191,0.8093198508011116
144.98524492897394,0.7657964650372924,0.9620847360569874,1.0100645131579207,0.7995201833305299
146.38240967417067,0.78897159539057,0.9655454050474762,1.0108834882227586,0.7964380409855051
146.73178053511242,0.7979651979673595,0.9739030743613443,1.0219630136879179,0.8041277249284273
147.12072582463543,0.8072015916970801,0.98606456359455,1.0488383981339764,0.8261089784299354
146.42374129974732,0.8113538230337924,1.0072805248301582,1.0722981579707105,0.8348899926637324
146.25419747701258,0.7996381170792768,1.0170509257708067,1.083648033695916,0.8378129032365524
145.7851518077392,0.7998922060632477,1.0187629403071812,1.0851560023768678,0.8405483887596225
145.778045823511,0.8124257959832215,1.0333466298394476,1.0997022815969815,0.8533687881804081
145.344543902158,0.8233590511613613,1.0309375050607494,1.103330538949665,0.8570652961846918
145.14553598171355,0.8284537744653544,1.0227459963006855,1.1015260339902173,0.8577770144599796
144.79767102470382,0.8332271574187193,1.0145959807887936,1.0993353253222269,0.8580234582232066
144.63545049422297,0.834772563218036,1.0046094639706746,1.0950934896290647,0.8534487580233064
143.95189069295412,0.8370720593650048,1.001543157976185,1.0893034471793441,0.8440451968808854
143.4768260437845,0.830186962149013,0.9923581104463913,1.0805510624360917,0.8327738059819415
143.29435465743126,0.8239561798735422,0.9888454107353705,1.0788916787121086,0.8323108035295839
143.23782831474222,0.8207657064383869,0.988157968802216,1.0744928329879917,0.8274397120146022
143.6421871955526,0.8200663731367885,0.9865301784180014,1.0797746442489766,0.8371029974680899
144.37664678966667,0.8136245330103835,0.9833858836477657,1.079516714770545,0.8467947658704216
144.92248072201127,0.8047170052525164,0.9801608157231959,1.0764282780424679,0.8521643523852467
145.06325070314048,0.8041255891520329,0.9807859616235437,1.0721665152405975,0.8524466809518566
145.49872832834188,0.8057878697209575,0.9867753399832512,1.0773967673998968,0.8566722609670998
146.1239330928245,0.8114090630729437,0.9930381367576343,1.0804759187982393,0.8629112351408932
146.11532901835454,0.8071135187985716,0.9918643819255066,1.0796025960151348,0.8640187687347572
146.09305580968723,0.8103160731565788,0.9925892059846043,1.0808207817434357,0.869940348674856
145.6075272514635,0.806872475239451,0.9879149094443468,1.0750418295419073,0.8671792075425098
145.7726340784638,0.8112724999524468,0.9903271534284589,1.0781921275204827,0.8738684712583599
145.76122322960046,0.813773094346289,0.9919822709720209,1.0805049847699861,0.8726799713696821
146.0999328551718,0.8201897670112762,1.0026078799415514,1.0946477366198426,0.8793252081080573
146.14445846673155,0.8281982246901654,1.008126293093594,1.104244956865651,0.8866548208239313
145.8781139706242,0.8376379044118125,1.0126555139338782,1.1130973176017287,0.8916203288986143
146.40946096671473,0.8099773982190699,1.0022238882459957,1.110123584193302,0.8976433683170261
146.73981994765387,0.7988844878806604,1.002246425128079,1.114237793218817,0.9110237939470538
146.7026666418803,0.7942255446334674,1.0004270216221038,1.1245379998970608,0.9201636547206293
146.443530066762,0.799275680368539,1.0031486044330693,1.1315923803198926,0.930287129056381
146.50960438373684,0.8094751457705216,1.0099252622341988,1.1409288810867388,0.9410861185345835
146.30442049173922,0.8240161116851032,1.0188276120013593,1.1511349392288805,0.9507070936981712
145.9896120510246,0.8117081538454541,1.0162734148614267,1.1528280908303512,0.9493507764380533
145.7200722476737,0.7897215377191269,1.0077225583807738,1.1470553096704692,0.946150319365881
145.51395646111305,0.7829799010558834,1.0144315947328457,1.1493299898753693,0.9417532787657871
145.30134961119725,0.7786794647697665,1.0144693444934032,1.140641591379113,0.9297770469453116
145.33327321984586,0.7537763476660864,1.003410327251784,1.1246282218635253,0.9162048201833044
145.5715095065634,0.7453110922532683,0.9970488346904371,1.1140897959926142,0.9097678047728305
145.59871458344836,0.7364868190670457,0.9859393207952102,1.1088835634103198,0.9076016400720845
145.58391398124382,0.7444306756819745,0.9824339374447124,1.109617215836418,0.9136334539231471
145.49894890944506,0.7418907250387806,0.970158819699955,1.106505556971457,0.9166670460398741
145.80959898380934,0.7627165427009286,0.9734237455472445,1.1156999976608377,0.9309726262194705
145.69525684473564,0.7738268635020552,0.9726417042008891,1.117458205061387,0.9340647687990234
146.31743337733798,0.7918604422321956,0.9817931704609965,1.1256509298070547,0.9387870933432007
146.82917981732763,0.8024574285419047,0.9912742749732655,1.1341042135824466,0.9441440036768599
146.99167573849218,0.8030736955271494,0.9894657588221621,1.1286160045502476,0.9393471723208049
147.05010601815783,0.7967419000272378,0.9883328892024402,1.123305969891985,0.9344431325728054
147.1873006527056,0.7965459973796385,0.9894352040543636,1.1187252669991858,0.9286834538965258
147.22716043345048,0.7912466879743772,0.9870767490529094,1.1185508675421532,0.9286401828105397
147.0211944817571,0.7924587958673386,0.9865586691762912,1.1171557364471818,0.9290055313380974
147.2244450397634,0.7977901434844769,0.9880862040929872,1.1177400250351182,0.9277784124411164
147.29037301743094,0.8152460281549301,0.9992610199274005,1.1237447175500934,0.9290956082119561
147.2445053067877,0.8213646754126394,0.9993659299867863,1.1240805093059374,0.9285981068896079
146.80131337777854,0.8138629579647206,0.9942939603288015,1.1178793386248562,0.9227046263120361
146.14003185453709,0.8151053534110845,0.9877557951431533,1.1140400135331596,0.9171232438486018
145.45884839039329,0.8164917524642037,0.9852440038567967,1.1077135704843597,0.9089968929998852
145.2356187175783,0.8116552149645839,0.9856427363209811,1.1021050334778628,0.8958225038090532
144.93702052666063,0.8051598569291818,0.9799956627486206,1.0941043602425742,0.8879673085577979
144.7767350984947,0.775326416416368,0.9679998774782512,1.0883950605854897,0.8850658650011037
144.61487250465947,0.7726611605682333,0.9647277022785509,1.0887568667743701,0.8881513873110005
144.60833941008642,0.771823664721688,0.9671697752197014,1.0862191315059258,0.8831314564000613
144.4110639841099,0.7731831424570083,0.9683387003792155,1.0891217435327472,0.8812102140016119
145.34260969883317,0.6589856242859019,0.9618406752763968,1.0807228753011116,0.8668342730232137
145.1638150313393,0.6800587012998485,0.9622689603377328,1.0821366245403443,0.8664783833690042
145.1892613317403,0.6947528096483729,0.9609579975612637,1.080103647845416,0.8619352868342053
145.16085543758567,0.6907736369772032,0.9497852587945822,1.067218665060771,0.8519925532347361
145.40241917966142,0.7038080730315962,0.9520654387629607,1.0717421612975186,0.8604595624609163
145.502297144252,0.71538655394365,0.9503930989270527,1.0768979889146904,0.8657653261149377
145.5885979407203,0.7322786250169966,0.9540833025245532,1.0853258868973439,0.8654026669043963
145.73620657592514,0.7291314478303134,0.9527862133168977,1.090169834856936,0.8681865877143564
145.725700977072,0.701051332203116,0.9345091432366197,1.0872449710970402,0.8740391719841943
146.2285882962497,0.6821206693009506,0.9259290411440351,1.0874128792312485,0.8778756064458132
146.4736572361985,0.6960023823340852,0.9377293695487317,1.088302941867799,0.8737287887214082
147.43343877630676,0.6024340154398774,0.9333310857912681,1.0809847762442941,0.8594153841605336
148.84365652658065,0.4808523439837937,0.9258520483963583,1.0655005677929401,0.8435699007430729
148.62973045938426,0.5338175609435017,0.9232907198096251,1.0579737947077914,0.8200069571039421
148.35473307380758,0.5553116329719612,0.917937719479086,1.0423989179060782,0.798987855599002
147.3795687950906,0.6147653147941877,0.919677044703058,1.0377526631537757,0.7930568624997829
145.70998291190813,0.6664619352691263,0.9290671696185426,1.0440762050395576,0.7953434627953693
144.74215960513655,0.6969282768902811,0.9340964416247443,1.0472320333741307,0.8044088060141946
143.94106411710302,0.718894230979535,0.9365706167903922,1.0536571705202986,0.8150939067799835
143.67901057011227,0.7385474853903022,0.9413129321883185,1.0621344981752356,0.8193988274836663
143.55377439499705,0.7541823221314133,0.9473786483310875,1.0697470123962858,0.8241855510418956
143.6011443575922,0.7597761294991697,0.9448964722649456,1.069624702761029,0.8228373656978621
143.82226378846636,0.7584552607228352,0.9384005865351439,1.0652728310962791,0.8242905785411623
144.14027557083995,0.7625141881821171,0.9360239778610471,1.065653978310418,0.8287426290753581
144.41258210546692,0.7674066185782485,0.9398490159603523,1.0652123868789343,0.8293746808061043
144.56720225307603,0.7713724325254581,0.9497517488558754,1.0793042049919874,0.84453730339754
144.7101739228957,0.7772698247511906,0.9545549153467766,1.087132824383298,0.8466797094348472
144.7816088158764,0.7886809836572434,0.9571077080165011,1.0804884752058164,0.8367668883421319
144.97894102487427,0.7878147650807756,0.957094946406068,1.0799737186731808,0.8366014913917877
145.3033307149832,0.7706702612541487,0.9553783933534189,1.0765889289903343,0.8297785120703439
145.04959286493275,0.7834520508484346,0.9605734343660511,1.0797491368498249,0.8355330313587279
145.46290539261963,0.7858123603999652,0.9626908338546386,1.0900826117863318,0.8510176193025696
145.23810411374083,0.8035971759601018,0.9728326326060576,1.1004378694947972,0.8617049999123808
145.36764218013178,0.8208558837840024,0.9849160229431341,1.1153803861029783,0.877224210256712
145.03351564215825,0.8365589395008024,0.9940551942843197,1.120233794548461,0.8829637203627299
145.18381211592032,0.844289287885697,0.9937305810046422,1.1242073313563545,0.8912577493551216
144.65505942229748,0.834525119448098,0.978687473878525,1.1142302355705331,0.8910540502443229
144.12880444007533,0.8265307105833701,0.9688622441839063,1.1060677599677975,0.8885615474829125
143.7196043424805,0.8184184122796232,0.9618506488162213,1.103510561562216,0.8890106593593913
143.60187334845068,0.8151195964327309,0.9556907990021168,1.1025563716235425,0.8889357546989872
144.0640368090218,0.8107338945373023,0.9504999461996969,1.0952237602148889,0.8839400702995674
144.02467102932135,0.8184216051958697,0.9463926552706021,1.0839423413846785,0.8715912265733409
144.10968477570515,0.7978172168696401,0.9314871336841711,1.07144957336977,0.8657947254989427
144.06880659090143,0.7858980301533479,0.9238327018521648,1.0687783917349538,0.8669064154590126
144.0735516173733,0.7828795631414571,0.9192310365323707,1.0678584694069866,0.8682993767644783
144.17143352534208,0.7753664331388515,0.9167081373525234,1.0671825933388723,0.8686851112600324
144.26322843113624,0.7719582905301151,0.9146759470136391,1.0677079363161233,0.8650524951198154
144.22793810657575,0.777998242707515,0.9160553750772569,1.072260353138802,0.8667257896890116
144.28393484314628,0.7799820003549123,0.9186658107073324,1.0752858921610153,0.8676624799080276
144.2629690192783,0.7872874762701721,0.9280310395955094,1.0812310708021438,0.8664087418977569
144.1469620794647,0.7978682720980085,0.9377247330467096,1.0890036573887099,0.8712224993677772
144.1326611200172,0.8009504608751734,0.942880566946996,1.0919066681599707,0.8745276036216236
144.29909201975104,0.7999559465120849,0.9388323318467054,1.086585768766951,0.8742642130546076
145.0269777884352,0.8054817787860651,0.9419434273941603,1.0818756056657017,0.8747706006402501
171.47579682940994,1.031728864267434,0.8157982459844552,0.7016293110067556,0.6487494849062388
168.4671840781209,0.4705485363997807,0.2776391574828563,0.16527338234623803,0.2306452316755766
165.66384119547206,0.20807868032805935,0.19962983068774928,0.2141435515807449,0.15815539035483692
162.24544457830515,0.30380174153061695,0.4133409010986843,0.46316482665083597,0.33431537094898695
160.10317036277917,0.43512700579164,0.5645420641029687,0.6397462216509735,0.4769812902965528
158.12829543281464,0.5762590148276275,0.6797749420650816,0.7586208804449612,0.5714171746931531
156.97648933950407,0.6569978009384385,0.7486681314576916,0.8351689565957575,0.6337373536666876
156.34511775588763,0.706839013360683,0.8079686166270907,0.9044641464386672,0.6923936536803313
155.68473085169958,0.7572360386654744,0.8520109386573768,0.9464652966859369,0.7219638943482491
154.77726139128387,0.7820228990305227,0.8772975825194651,0.9761401793902575,0.742969414089606
154.21101128650048,0.8056833019653666,0.8907986550998291,0.9944466673640152,0.7513822440265672
153.80314122932305,0.8240479789886356,0.9048637158015793,1.0086434480967315,0.7657358879758089
153.09637897208628,0.8348665281143529,0.9092052777776329,1.016244773705864,0.7757917793674703
153.38208469398728,0.8528863043881993,0.9268187438107692,1.0391254030812358,0.7848234241992083
153.93725335406313,0.8664315225917254,0.9378652424771712,1.0564316876317008,0.798046062708922
154.11398288914543,0.8063657382435117,0.9274149379134032,1.059260383543665,0.8057122744302012
154.1561665658048,0.8054024888210854,0.9272529366040112,1.0654044394299023,0.8026559585782574
154.51401868946078,0.7947557184643779,0.9232731185606485,1.0694306260057038,0.8178072819797431
154.59693085775214,0.8215825318553641,0.9323259488235767,1.06615790913674,0.8086467943935222
154.406292898876,0.8325133888927144,0.9293526362237807,1.0589722204126657,0.8041407049119565
153.96732287962624,0.8484066777058392,0.9235199503187795,1.0559126043447378,0.8038546915129706
153.5490906410372,0.8444393011361399,0.93008681864186,1.054361698699819,0.7957139638192435
153.8635836472833,0.8593592396933794,0.9404666904660178,1.0557128398044588,0.792410518020888
154.67787960867727,0.8693602121515409,0.9527544099354041,1.0580538075100745,0.7986513497827478
154.42310861044606,0.911351044525937,0.9724548250142568,1.0642580595353417,0.8009621779229306
154.14942027283467,0.9344090530419833,0.9848475327298609,1.0687128918137319,0.8026366524104233
153.79878252039308,0.9602508721567242,0.9965828105539561,1.0700731219661819,0.8064908715413399
154.47527338133014,0.9443623835965473,0.9919096117778599,1.0614628319313313,0.8006659968620812
154.97094945478136,0.9367201342643607,0.9889500182301109,1.0633869418961917,0.79834646746205
155.30195801872492,0.9270132603765177,0.9870616861396692,1.0655485847711532,0.8070281582731298
155.14680540090643,0.9241244934932834,0.9854358350887251,1.064116584010652,0.8081821136911947
155.16858222430665,0.9056774033290422,0.9758242830088649,1.061423578643238,0.8045573431832569
156.1485249745191,0.8387855840857734,0.9729596753773476,1.0575108029725746,0.8091712929828141
157.23127463766627,0.7732088200522959,0.9492979890499097,1.0517813689388211,0.8047438996436898
158.08643724271695,0.6124843317204032,0.9255893486495077,1.0448947958295802,0.8114755699183559
157.2699283338655,0.67418769603282,0.92475266215731,1.0476758338886423,0.8046945552116639
156.60685414400672,0.7271786031821877,0.9238825927439491,1.0499335232429794,0.8043262501231854
155.97245622156342,0.7711066172161186,0.9258462468545389,1.0434686212186783,0.8009234876024383
155.87324093782837,0.8012149086116047,0.9231571571297995,1.0345753604200372,0.7880179155567119
155.50358551664365,0.8007593523297999,0.9240639575089518,1.0342846519580162,0.7905930374183252
157.2869430429529,0.7466298021025765,0.9393743326394928,1.049698441703687,0.798608732537238
157.1829855980616,0.8291490775249969,0.9804351203094519,1.079376141361632,0.818291561344269
156.49990355962672,0.8834697192865231,1.0029195753602935,1.084384760652369,0.814925274939714
157.2442560550765,0.9049326503617487,1.0022328320178227,1.0842981554843947,0.8139083412707618
159.66858364468632,0.5426275796195408,0.9796472570833542,1.0921713878565245,0.8432920237387017
161.1755837387532,0.3913996676740447,0.9379131393406355,1.0784919411754272,0.8426242706170886
161.9262847186096,0.29540702969828186,0.7758271705537325,1.1138529028663586,0.8691762369575948
161.2701717039354,0.3823714323610815,0.8334293021538687,1.121412828741363,0.8688571463425466
160.60191124790046,0.5292828849496641,0.8958924767602767,1.1264568874743766,0.8719220062866909
159.89391723766943,0.6517613180454601,0.9441888950141863,1.1269560957309948,0.8655689035243349
159.4960540896686,0.7456605464898675,0.9834567417756016,1.1384860234802598,0.8698667806375892
159.26212804584785,0.7948691587786295,0.9899508524935465,1.128563547074359,0.8609457497467524
159.1550905323928,0.8159449234395263,0.9902357946414106,1.1309318787837008,0.863445318996107
158.82830552729808,0.8417595179574998,0.9943528890487083,1.1321683699738543,0.8610274508186896
158.59674489073464,0.8819962151339307,1.0032717252889913,1.1261236649113053,0.8530335147849865
158.67851953263613,0.9200144231686035,1.0331160973549922,1.128118920365984,0.8510442094908146
158.78554971256816,0.9549566121002774,1.0601653783516285,1.1369273730357452,0.8582693910066794
158.90677430771893,1.0086451870797954,1.1048145609581301,1.185248878927649,0.8911091650909794
158.89826673696527,1.0464027903423179,1.1425423172239502,1.1962395686275222,0.8988680851357111
159.2435363704381,1.0410622675732868,1.1296980243077015,1.2168768819588753,0.9174191674845954
159.1579078609598,1.0450356603323876,1.1334895962946254,1.199626075865952,0.9021146943961659
158.91897218129932,1.0124517867288478,1.0972163317541848,1.175689999977182,0.8909366489278587
160.62027705504815,0.7657891873619598,0.9818800971680309,1.163764436389072,0.8848080478436432
160.25515259739487,0.7576050902416794,0.9817122593273634,1.1390864476361018,0.8678104123541018
161.01423189865616,0.6288089548001727,0.9007755064319221,1.1350200243539639,0.8722872498813519
160.70436894274476,0.6960758242522203,0.923377017951782,1.11668151608295,0.8604796900253717
161.60948356895017,0.4588280189935418,0.9612872407497576,1.100690957274185,0.8513390081998315
160.53993984857982,0.6300782033212586,0.9922651256462481,1.1022653478466895,0.8510663714710613
159.87857022564776,0.7190658837565271,1.0216260432720874,1.1056120948663484,0.8518537389236812
159.44106863173744,0.7856254605187397,1.0292823689663162,1.1149035994336647,0.8584223250917519
158.6455518280881,0.837465382352248,1.021687606480383,1.1221405904576236,0.871569847950976
158.00810263123907,0.8864261458898695,1.047392346483825,1.1325646144392043,0.8713669948314112
158.13239544046994,0.936514372047121,1.0724404053499208,1.134949790252847,0.8684397737428907
157.3528551750426,0.9638192996956993,1.074855965971657,1.130070474564052,0.859879480024937
157.95684271496302,0.9729441362059413,1.083564372423242,1.1228934332626057,0.8502624540259995
157.6279510359404,0.971392113272722,1.083891612577536,1.117782336549861,0.843384348526745
157.49383951772836,1.002760291773924,1.082168322002716,1.111197018572048,0.8441690489421498
157.83523045963884,1.025104117517093,1.0895117144644093,1.1115496231340503,0.8527901350356004
157.80634848727965,1.0281770578050244,1.0828042775714408,1.1048324680760622,0.8481497830977458
158.108358078238,1.0062026916183004,1.0778722220242458,1.1022524091338544,0.8557385047015197
158.18925776790545,1.0243089990816159,1.0784030290909117,1.0962910155547663,0.8489121608006728
158.53663087553835,1.0216061232229483,1.074823054630603,1.097879367141857,0.8498779171751463
158.63126018281724,0.985088191918173,1.0675365864730861,1.1001592167892207,0.8586264622979278
159.51103641765127,0.9219526752101467,1.0578554241225113,1.1026524143870606,0.8637534862219937
159.2910104728282,0.935062219499194,1.0651901361401743,1.1013528123126832,0.8627711565625336
170.05630025538716,0.8793985539317511,0.7315338900385512,0.5832660713670778,0.5612832036363222
168.26389261039355,0.5978259686227044,0.34830675096703145,0.11676949103672496,0.19047612890345597
166.80185058554093,0.4091327440294893,0.20338225309641067,0.23624998538825281,0.1795104308956529
165.10419666892219,0.2946575565266675,0.3764615217061726,0.46012540961141196,0.33120541152040867
163.76665608810086,0.3212583684377399,0.5344280076607616,0.6202192468243404,0.4508834662527526
162.89896615585891,0.34207091872191114,0.6595207560434786,0.7300653991236854,0.529495017443224
162.19030483821527,0.3660859193660807,0.7480568184746541,0.8075755588220737,0.5860861684324976
161.64678899710634,0.3934970860090603,0.7987009904023299,0.8499081776570304,0.6213026652718728
161.20418887639565,0.4290430491661271,0.8439320231316617,0.8874005705485944,0.6487756634839174
160.87040617584262,0.4508132070457912,0.8727785963989989,0.9087505640343941,0.6631474323717578
160.58154968783407,0.4781840460420498,0.9005020118517628,0.9276879273475063,0.6719294036908149
160.45010890990446,0.47664358364058934,0.9117066201468881,0.940753295928589,0.6762077529107616
159.89765329351678,0.49706755203183084,0.9185809019273636,0.9574840604266963,0.6858182036057873
159.66859222191528,0.504878728938688,0.9158316776341837,0.9595570467259726,0.6948422803731024
159.44207367206008,0.5003887804700707,0.9267447217117456,0.9690598113354144,0.6988190011020431
159.3891282752864,0.4705127878386581,0.9295375257662557,0.9861564914031318,0.7053287097341253
159.34117204343477,0.4557675926893441,0.9487955507381135,0.9940193123674852,0.708996071852354
159.14186402096698,0.4469569846122809,0.9537281881509008,1.0010746445407017,0.7148353166933993
158.8388859773074,0.47794293632892787,0.9689929006372408,1.0164802018953267,0.7277593917046212
158.72318681733904,0.515369000585114,0.9787770410647788,1.0320103571089503,0.7382258644415679
159.11195414010578,0.5016096034166817,0.9738828819411574,1.0303964672515706,0.7366658224085166
159.5828696516692,0.4778558360044387,0.9699820542243816,1.0305145034065968,0.7340360185807796
159.66812025295715,0.4663128799171577,0.9646894061976877,1.0368470283313227,0.7374223936539607
160.28400519473894,0.43075787941557014,0.9485300778449917,1.03004584405798,0.7401848099033242
160.89272438819722,0.39034257705550324,0.8346960895730664,1.047222490974623,0.7570949911564955
161.1568095908493,0.3663895837058749,0.7738087199619446,1.0464881253272194,0.7626844590377686
160.50836795156334,0.4511380786723854,0.8277803092774961,1.0347072458917197,0.7641396483976988
160.25520100033057,0.5760145047982352,0.8850794015573488,1.0336706938467104,0.7867676450224217
160.09045970136125,0.6491219905574728,0.9063745490239697,1.0333426038645497,0.7984103218840911
160.17983956981206,0.7387394458806238,0.9366445796087075,1.0259696718176115,0.806911503586909
160.1926198303429,0.7777425318699933,0.9485103439929201,1.0327466134087586,0.8155727543897587
160.25998415884754,0.8321612950562676,0.9737381287060911,1.0423418848714978,0.8244079904390365
160.0753355668568,0.823637101830047,0.9656394111655192,1.0392029024694696,0.8176738501562232
160.46693553925144,0.844214737015806,0.9765222054133792,1.0449343820756836,0.8207935625776108
160.57210933296204,0.8346139839557879,0.9629926343841211,1.046718204932244,0.8106995579538583
160.26469151193703,0.8503625595116048,0.9805014810273036,1.0500692639464109,0.8014755995063982
160.76374958386904,0.8189839266619054,0.9790435819691193,1.049170350923146,0.8027060940237662
161.325376717201,0.8271337151877646,0.9816358253409206,1.0773171010440519,0.8123735064287669
162.04395551962617,0.8405740218412585,0.9907005922646329,1.0813143393283333,0.8154127345235183
161.94126976906347,0.8204147532153327,0.8973158767997844,1.0870810694846378,0.8114913838463971
163.99800857954796,0.5253073522580628,0.8680142280430931,1.0973905144506524,0.8131745701568461
163.42149642511455,0.5872819956785327,0.8331480204291666,1.0983405260667123,0.7976583536653852
162.74580537380803,0.6480934941195667,0.813936029638964,1.0928935641122846,0.7895761957227666
162.4994797199675,0.6531563515895605,0.8668212665680025,1.0904214345480219,0.7953362435486226
162.49179091164314,0.7263721106158133,0.9016819665360821,1.08285097869153,0.7852845403856887
161.93139141002524,0.7896458244725914,0.9282448879388276,1.080244039190362,0.7836551870708869
161.59651335672456,0.8018548546300258,0.9345930403674395,1.0890355974928523,0.7978907698112185
161.4149207454038,0.7925270285655077,0.9037348564871973,1.1041195175353475,0.8125993211934799
161.48280760592309,0.8215017677522203,0.954576268488473,1.1120873174461317,0.8164683179564567
162.05059566856195,0.7727569802053791,0.9461847272720154,1.1067276279148965,0.8145744444628643
161.9507859512367,0.7973035806080521,0.9598400482213935,1.1114349479778767,0.8174334239426063
162.51224621313875,0.7105612165377885,0.9504143569852715,1.0987170342884796,0.8111921461281054
162.10846840782781,0.7309099636277117,0.9167273793045325,1.0968734418072512,0.8046201219254706
162.0054002682432,0.7610200319256096,0.93245554807484,1.1083802793626265,0.8140163401835486
161.89693992090662,0.7784879326417147,0.9444251603454793,1.1125070906059615,0.81927931526725
161.83332776301438,0.7689544516170314,0.9371165358817949,1.0996664733934702,0.8126591810722934
162.44897652434244,0.7904352505599452,0.9509976423484948,1.1071857953272084,0.8264429532297343
161.94637617479066,0.766909939736433,0.9427838609605801,1.0839426953758506,0.8111623733457997
162.19255102819284,0.7729285067516721,0.9285383028592354,1.0816098402188663,0.8179487772390789
162.3759462135785,0.6766981458419612,0.9270218845098123,1.0680537838389697,0.8136934160919643
162.42627341332457,0.6687912318401528,0.9193365363024651,1.0725094313007004,0.8184959635662803
161.3643998522783,0.7353434505375754,0.9438410602695455,1.0560644260386751,0.7984206297009935
161.70484815574312,0.7418467550362512,0.9426248796311308,1.054974741308392,0.8027825398132405
161.25074743754945,0.7758934052986903,0.9582985162658966,1.072459725898457,0.8177690137218266
161.55459677987042,0.7420552698172445,0.9662597984100562,1.0795123017492776,0.8233567385926028
161.53216986048525,0.7718005194333029,0.9637849559189666,1.0820566024564315,0.8239572243746408
161.36484282511086,0.7875815564733184,0.9624759214450738,1.085039736490541,0.8280615817439829
161.07536617999403,0.8077480919425994,0.9584281731217438,1.0833801522045237,0.8310223206817329
160.96842810669227,0.8268130347638543,0.961305710247155,1.0886019953872195,0.8348648955330881
160.52966376365455,0.8304234475256876,0.9681354414162384,1.0872857814287753,0.8292797474584517
161.39408626594889,0.788745326257636,0.9475776434872389,1.081028619176636,0.8321266836089032
160.9171552509745,0.759621472364073,0.9294115466404417,1.0526341629278508,0.806674962182752
160.49314932720793,0.7893295666791278,0.9281759439060929,1.0488563519891847,0.8112954042940458
160.76342785941526,0.8035299070671355,0.9369992223061105,1.0311675918990273,0.7987520765195582
160.69525181101122,0.7823738332196492,0.9439565587565167,1.0411291814626622,0.8064721793982933
160.34907657469648,0.7947520265766728,0.9541294891386087,1.041650874975644,0.8074786659479528
160.85280603569674,0.760731591797343,0.9400497564393103,1.0466721497900624,0.812252317325121
160.6397399606114,0.7571171420168195,0.9405389484416644,1.0539811952486966,0.8130777492675137
161.33498729799962,0.6638659534558634,0.9377565885395164,1.054385086094857,0.8139442773627914
162.3248956442965,0.502242278864557,0.9090554731684537,1.0430088945700466,0.8086875356172506
162.9265993132075,0.4831963756811318,0.9008234028415737,1.0460840601410952,0.8155384978713073
162.01089606522916,0.5605803623206648,0.9035751884463982,1.0418275919160513,0.8138733181949902
161.3292694069515,0.6306458288764549,0.9234581762561975,1.047555708998828,0.8114323345517234
161.24369943846645,0.6689978183605665,0.9341639809688033,1.050537627485538,0.8129708273452367
161.39298788525014,0.6796144632976919,0.9440352734688846,1.0499861568584754,0.8088884668811946
161.369569227151,0.6823156770078599,0.9469888899117883,1.0630193766134994,0.8175237590295804
161.60081318584724,0.6641913507062752,0.9558494824576983,1.0857421819529083,0.8269275505826066
161.2616228436622,0.694683641463362,0.9611187502038487,1.0858531882864892,0.8271409531384715
161.23730683142568,0.7233040962986965,0.9513452597045651,1.0796103600447997,0.8322146736812949
161.174411356988,0.7346803404590638,0.9603320141098676,1.0935560518813454,0.8415637303679112
161.01583993471755,0.7504127703339489,0.9523038747527177,1.0720002227766234,0.8256904186062691
161.47991222127695,0.7041647983530562,0.9552992341235782,1.084178677506165,0.8275617784274676
161.1087716498225,0.7137644190426669,0.932413921367377,1.0587745861174234,0.8066957573493185
161.42591473744784,0.7022003236850454,0.9260536630716297,1.0539538403303084,0.8079030578833928
161.82668025177108,0.6773939404014929,0.921104554657737,1.0686766955609939,0.821088667326709
161.5528965759894,0.6798072017589784,0.9101192093682514,1.0553599441712014,0.8066911083193685
161.88468356987386,0.6530313350040281,0.9081213308076811,1.0555558689902595,0.8095034766578617
161.68788780993444,0.6576926002582852,0.9095709114338734,1.0631210874422392,0.8114418426522335
161.27333677384146,0.6870599974436056,0.9225877174509869,1.0645224959017878,0.8101852638312006
160.3278880733072,0.7274136803306742,0.9331349640467959,1.0734024563222746,0.8080761653691828
160.0045830208418,0.7505105021914603,0.9362670128595236,1.0683613686892828,0.799496543477105
159.79716396364944,0.7675242026164683,0.9462350099095442,1.076242113662789,0.8083675058962417
160.0026492371535,0.771631800770067,0.9283080770260966,1.0673695426479257,0.8131024928497456
159.8465720270572,0.7982305356936363,0.9370211655699101,1.061317296825083,0.8189555139905845
159.90446451995405,0.8058610706146501,0.9350865737732934,1.0510169432924186,0.8131649856743524
159.7375153766384,0.7971494464242396,0.9219296793874072,1.0456619896038104,0.8139001254272301
160.2645919780385,0.7828254498333477,0.9278811125973232,1.0533240542441578,0.828733339813674
160.2597917880081,0.775313353183243,0.9277378621774577,1.0587866461947053,0.8262591295115391
160.42651343567505,0.7802032614029754,0.9356005640332058,1.0727533379386602,0.8375976894720589
160.53095142911067,0.7605926800258865,0.9364185843256843,1.068108410294723,0.8310299833855616
160.82321373608497,0.7444859932038348,0.91709264451784,1.0597363315127906,0.8294341303771396
160.92386778847074,0.7649748849012318,0.9071787655897324,1.059931154180739,0.8370073307979594
160.79471695946407,0.7814775916188303,0.9182252371368521,1.0553114151020866,0.8359868505723347
160.75037919885605,0.7953792582733101,0.9146174636121556,1.058936483368476,0.8379831349323839
161.1578173610577,0.746586222565114,0.9182181935658084,1.0703089731060196,0.8351480021039146
161.02602786994535,0.7885494836180313,0.9378423739572233,1.0740676031826182,0.8367563852753045
161.02267050495647,0.8003459185586399,0.9454296991440093,1.074887011729908,0.8370024631991714
161.2738177800617,0.7951313395763766,0.9510724604486829,1.0801126251181794,0.8384605137678928
162.12264733957142,0.6540208367454599,0.9523135230775485,1.0853117736793474,0.8352295019091528
161.74718049843952,0.6484579482741958,0.9338034832458451,1.067022060712905,0.8198855549138003
161.7573678115066,0.7168833147820136,0.943135530702036,1.0647353340866372,0.8279279798577849
161.60470105179823,0.7341789825144968,0.9374809345156307,1.0623142267739014,0.8296732776176663
161.41949399931136,0.7417457272564512,0.9329220306855023,1.0683368379252398,0.8286915951030909
161.18171350292351,0.7768895746052163,0.9387754682496624,1.067980997144753,0.83114325665356
160.99032492439233,0.7875589022158009,0.9451768530464095,1.0506440742905867,0.8125474699363516
161.33181712917855,0.7732665687238751,0.9453131411325041,1.0583734328960117,0.8235089904871922
162.82008621428872,0.5426597788406186,0.9354444254729902,1.0602248623636157,0.8244582115055749
162.61969738556843,0.5731244834250357,0.9265118947053296,1.064720426412256,0.8211483667083186
162.12151924610026,0.6601075084292688,0.9444908854435594,1.0816549895240055,0.8308871093867901
162.21089750730522,0.6534882405798895,0.9404212928404988,1.0761682019136605,0.8213795411897485
163.6500902370295,0.4270712000144571,0.9238616054838835,1.060680713169911,0.8110120020044543
163.4478937959494,0.42724729008692597,0.9141329921744628,1.0588693683320562,0.8056569219494256
163.3636403345236,0.4420611305556004,0.9097296834569916,1.0565128201546665,0.8022791946556417
162.8902411021204,0.5094590882617654,0.9146806294960629,1.062826925778002,0.8064145318112707
163.46065408937832,0.37451775293702283,0.9023042613941439,1.042017215765865,0.789760647085401
164.06939380412288,0.305325773038256,0.9007077204375521,1.0474683640698312,0.8016164317302127
163.184012828589,0.4141597286531723,0.9159267344544653,1.0558996563091463,0.8028851411120728
162.60668830966364,0.521316610554622,0.9194624517599419,1.0330791646803046,0.7887307795205198
162.37080178039884,0.565322154006022,0.905161431973846,1.026963594893937,0.7942008390459132
161.9355941733522,0.6164318211672483,0.9108917362959977,1.0271989344520809,0.7922842133606532
161.73004799064626,0.67742308537569,0.9236635774798848,1.036013950177647,0.8060152744034534
161.51185576896455,0.6855171044361124,0.9274501314270507,1.0398493089230245,0.80165401335627
161.48490835072658,0.7035276565244033,0.9309609198860608,1.0432519943590421,0.8031193454719845
161.79260600280813,0.6714104993267546,0.9174493930299141,1.046670230828643,0.8079578231224387
161.1341106306444,0.6923292402632581,0.9228842091000157,1.0550375250362884,0.8068009013136247
160.88869086109779,0.7015253464962056,0.937067536966661,1.0604419604374338,0.8097761854424684
161.45172883038146,0.7004254920159756,0.9554777687607747,1.0709492487116536,0.8175425950582379
161.66162628055096,0.6220988036697918,0.941810525719936,1.063400775682568,0.82009592974885
161.79631523160035,0.64799922888452,0.9461927209971492,1.063738419993342,0.8242593962907435
161.63630273317153,0.6932122565042883,0.94082726072957,1.0531846874864823,0.8275389846141737
161.14022533948108,0.7293235613930594,0.9465557839887915,1.045080154791178,0.8205329615643449
172.85245493235902,0.900185138612674,0.5718659913812171,0.5463111154383191,0.5696776559423685
170.08905490958287,0.7298139832076972,0.16460837052949084,0.1308722221938158,0.22723829434460016
166.44950935376667,0.32897049113587024,0.19068292494045755,0.20594470048594538,0.11495573173596915
163.68122961577603,0.2258052997616597,0.38617379000736046,0.4417232855248504,0.28402669908808903
160.2310462016936,0.3603701615616398,0.5168090962350369,0.6050525721558392,0.4358886197075829
158.32484099739486,0.49098807879277906,0.6367891949411171,0.744039423852759,0.5538320172456791
157.21468021068537,0.5764299533825181,0.7094295184452862,0.8258390965982305,0.627218242321856
156.03222328973374,0.6628415724078824,0.7655980829530986,0.8863827456869822,0.6667936737860231
154.76443041053355,0.7287699217091601,0.8033530640987444,0.9219435358507485,0.7114800322467453
154.1728921627238,0.7754394591953689,0.8364971119427206,0.9562606575462709,0.739958663072825
153.4650701086632,0.8146493235575715,0.8709580767401333,0.9720545404761437,0.754453968248857
153.85197763555448,0.8312975474453779,0.8946573407538541,0.9854264353356137,0.7658700044485242
154.380598024656,0.8444579202360916,0.9043134401736398,0.9924933004943397,0.7737491624599907
154.8395026955591,0.8431621269507896,0.9035562027101544,0.9952380942445002,0.777122094291616
155.0131380898759,0.8803403668060577,0.9231237892949904,1.0174297427983803,0.7972835972018057
155.4084174995483,0.902590457286568,0.9393749128103823,1.0356514765152187,0.8097830020015243
155.30541165922125,0.927541169922107,0.95887193043039,1.0534871991025938,0.8244866180054569
154.91893338489606,0.9297213637463636,0.9572015483502124,1.0529046500869959,0.8250527647484894
154.65985273326862,0.935741859750632,0.9582542358668206,1.0491013861718559,0.8213187832931367
153.95078228675936,0.9442201832513043,0.9644221046394411,1.0538053960693872,0.8282624667764578
153.8159128725273,0.9527825043616144,0.9737941013919262,1.0513688017635687,0.8267961057672384
154.01236207163012,0.9603826110652548,0.9860257985130321,1.0623858338536267,0.8358324927223288
153.8134040461802,0.9698606344343911,0.9877535631530353,1.0499726111178405,0.8254994814955146
153.94048929872187,0.9852991234342504,0.9974846677511963,1.0501277912347453,0.8255732296627648
153.30871448803902,0.996992057499296,1.0084837090036167,1.0545508463733635,0.8262681367854923
152.91961246597424,1.0000757020437165,1.0123483359555905,1.0512729435920207,0.8157480460046851
152.71646889421473,1.0127555553925494,1.0194600828827431,1.0515419271701012,0.807306242832166
152.48882464591347,1.0196486830022853,1.0261160851681568,1.0532526084321765,0.8047767323985539
152.20119620678807,1.0263542616676127,1.0331466173972406,1.0613021187726168,0.8063128235470571
152.37697489435848,1.0421387774472148,1.0457992450643037,1.0740146520022626,0.8104054985146246
152.38533686926667,1.0478223492696361,1.0636070115258154,1.1082502182601772,0.8286125526793863
153.13680433689714,1.0465966574925456,1.0800095624018013,1.1468820534312925,0.8530343768267709
154.13402028759168,1.0391503179648534,1.0838616419016611,1.1491470955991203,0.8532067624051843
154.12076586672,1.0407737991940644,1.0898873785239431,1.160297042738377,0.8555051245970497
154.14309505083145,1.0497471370810334,1.1025544042418132,1.1654170229088667,0.8461659531934578
154.5422522737415,1.0508993575278454,1.108943456905703,1.179296623823975,0.8562606043134643
154.5223726258919,1.0693329915847867,1.114652144874031,1.182778995995112,0.8570437033030442
154.11487775947586,1.0816529691329253,1.126897123232256,1.1945276329014554,0.866702650753708
154.03067145546132,1.0835663889235703,1.1248615665757737,1.1880211237994396,0.857430301012262
154.3571269720446,1.0867716009209265,1.1301952439033667,1.1940236310419103,0.8606645574067853
153.77732262464895,1.0701875500946196,1.1173724748639513,1.176201984831895,0.8462466029612
154.0430057987475,1.0782071723888547,1.1162633039524419,1.1750901696579366,0.8510936885474596
153.96947325459718,1.0830852881680013,1.1115474651500494,1.1659875629770293,0.8524924139514107
153.84334490007905,1.087015575608291,1.1134363106321326,1.1672162244881432,0.8563653686340612
153.63931079433243,1.0902191373789674,1.1285546313532646,1.1867035209814523,0.868021428847002
153.515742866126,1.0889789976098891,1.132834675842227,1.1952109534603033,0.872850383451098
152.91792485263977,1.0897458097240091,1.1395182578183987,1.2049632230547727,0.8701436522925883
153.00557550375854,1.0991291170949387,1.1531641767404914,1.2257121285483945,0.884922744916601
153.6007538062534,1.0926383073461337,1.1555248618168317,1.231709595442811,0.8920076833227129
154.036907544383,1.0945694364196163,1.1624131254182164,1.2423762425768288,0.8967793525951877
154.81319494065073,1.095742264959266,1.1600216177119853,1.2334843762105625,0.8871642193304293
154.66312058980418,1.0805776415067787,1.1550781638420555,1.2227334908577525,0.8755349691909209
155.01335731727383,1.0739775827984548,1.1490931668179065,1.2212174752409526,0.8781181287823153
155.11450140372398,1.0813204920686172,1.1439798553742344,1.213186296488047,0.8746164481330206
154.91296716513042,1.0829784014238621,1.1422457051164039,1.2112035819833062,0.8651682332038985
155.22692397491915,1.0810021672055976,1.1405060673131762,1.2072801621243425,0.856705490541609
155.58508820230676,1.0871859460839783,1.1459537891359288,1.2116991807976523,0.8683700265345033
155.36695591113622,1.0802172882302266,1.146291059166186,1.204358728780677,0.8682095547705059
155.2756720086139,1.0783285690058784,1.1499624486646822,1.2071762896778357,0.868650344107313
154.97867977460055,1.0840658146132691,1.1498775669296801,1.2027183564700161,0.8644986574603222
155.02363067358186,1.0808595485379726,1.1444480527423546,1.1945036994427727,0.8591150837871535
155.25046700148613,1.0815532542635296,1.1346042328119246,1.1903393396391904,0.8714157134358528
155.2049744617271,1.0739847168260725,1.1273161665538936,1.1826629344158208,0.8644791353098278
155.39465575394453,1.0775835783012264,1.1266242356083482,1.1793809399809188,0.8688556418850188
155.3020689466484,1.0767192336590203,1.122962311317609,1.17874390702935,0.8660558966398012
155.14191649657172,1.0767198410914645,1.120286091586958,1.1748772702488564,0.8512330232428575
155.38663569020068,1.0740505957630786,1.1215445691054389,1.1777549204140698,0.8491101419208631
155.3828591834907,1.074076132300855,1.1221111249809421,1.1765967633581793,0.839876507893179
155.4374624733382,1.0740089149318643,1.1220657547735426,1.175626890364762,0.838772971334527
155.26929309145984,1.0735655166226195,1.131619010770311,1.1835297184797737,0.8426500410702591
155.4618998928393,1.0740108823982149,1.1330718945020517,1.185211298118973,0.8442444194138193
155.3622188882425,1.0765430285752884,1.1347200853428443,1.1896204737090912,0.8466883906533713
155.38790108093497,1.0723817176313017,1.1373048893497633,1.192893619562145,0.8522781593821623
155.2485116183188,1.069987846436105,1.1346190877734712,1.1950179818398112,0.8501694109588603
155.25459575224139,1.0613462037894426,1.1291524460434907,1.190192625202476,0.8508013522171974
154.68356279709835,1.0522655732472177,1.1269375748137076,1.1920862258165177,0.8563965189820493
153.72973925139166,1.026924418662585,1.1067929966507246,1.1688253815892788,0.8374209273746167
153.87342686527347,1.0269484637422013,1.0979624635226048,1.1578867122331147,0.8396556078851853
153.63443566395281,1.0269556156602613,1.0952249856957617,1.1609565006234661,0.8576466904008652
153.66130781592892,1.032233118872723,1.0951853031714947,1.1633183659717317,0.875192327906192
153.82229271600553,1.0324407355897331,1.08731842099021,1.14654242697308,0.860168355613921
154.09034022235045,1.0378348082471178,1.0953171427266684,1.1603208727368335,0.8735915304501091
154.42724890808756,1.0416891034790694,1.097341489044466,1.1640104428757663,0.8774361575358174
154.46361907644922,1.042581656101587,1.0954277934066499,1.162951819800153,0.8768181840732983
154.49188095061163,1.042428182044077,1.0932069862307778,1.1581069355000608,0.8687233046357085
154.22626739995474,1.0501898963061536,1.0975629239860065,1.1599419409821885,0.8711900648166556
153.77794036527038,1.0553942179087397,1.100425172167497,1.1620273386779016,0.8707152936537093
153.74710739240794,1.060352487931422,1.102412053956677,1.160903589880112,0.8703388577920539
153.89075785265808,1.066964266045496,1.1098684081722756,1.1695134005152132,0.876767587092342
153.4909755306556,1.0759733200017798,1.1153385107111182,1.1734171250320176,0.8741932893280161
153.62967220505155,1.0868361140550675,1.1219722398840666,1.1798544055704374,0.8733679605650889
153.92714289428838,1.0922797196249723,1.1186886021469222,1.1702588049018552,0.8540386393597533
153.98591763009955,1.0802448037217802,1.1094441947318545,1.1675503365523303,0.8572102636046757
154.0786450957067,1.079021721839917,1.1141999694464797,1.1660623148850846,0.8507665326672136
153.10879109287148,1.077028531806969,1.1041816284840165,1.1417024456793965,0.8241216462347625
153.21159192899884,1.0817758581615644,1.1118926790230133,1.1526014418586457,0.8274250962476062
153.49138260218143,1.0815650262376402,1.1149163451642037,1.1564840350767935,0.8258245912690784
153.77934921895275,1.0853638527929201,1.121281716628124,1.1595924930360055,0.8309060828576296
153.70677894609594,1.0875034948878157,1.123509904468823,1.1722937385437489,0.8493765822868056
153.7170386150721,1.081708573092008,1.123645010507615,1.1769810849302833,0.8572169421017287
153.97024892362174,1.0796379102705989,1.1271122336648045,1.1737968539042218,0.8526504442535169
153.23122132612357,1.0778317751019086,1.1175858118756499,1.1474995958116587,0.8302972110070982
151.64963084918952,1.0720164516966948,1.1080517775487246,1.1357532728530502,0.8165376740264169
151.5976260519867,1.0798119125257157,1.1245311873566772,1.157419083757535,0.8311454562053021
151.7704330656741,1.0736138593258002,1.1284307817720451,1.1585487875151663,0.8311248609575665
151.95276048159002,1.0766113450716737,1.137716462429004,1.1767018150668889,0.841778536596371
152.16726498834677,1.076913356787155,1.1364407192572645,1.1850067615926518,0.847941758636918
152.0033428134594,1.0692763346739647,1.129561842405738,1.1777108443649857,0.8346988622006305
152.05023144749515,1.0692896543945785,1.1320269457481942,1.176624897625382,0.8328324909964004
151.96339985556756,1.0676683478259383,1.1264630027535314,1.1601742524962786,0.8230121666681111
151.85326830295918,1.0696048223043184,1.121649411790021,1.144437009410182,0.8188510929399487
151.85120584233104,1.0653135041151325,1.1126295354806002,1.1309483749875129,0.8148595829215769
152.32465997367456,1.0670832684085116,1.1164158733617169,1.1337061703242939,0.8165210978494808
151.73933308705392,1.0700459726333158,1.1175924978180756,1.127696976129002,0.8138863981600364
151.89096986711183,1.0723544483087615,1.1228190780097056,1.1344020964134987,0.8202346426974888
151.50225660947748,1.0699606812222615,1.1230662628964876,1.135755344704955,0.8204752126759549
151.12598566241087,1.0666317581464215,1.1196301066367484,1.1349439416931748,0.823707409497236
151.3027681323882,1.0713426587787558,1.120192317230358,1.1441146760520493,0.8278928765717334
151.52396726571635,1.0706482170656553,1.122769793166642,1.1518598430343117,0.8346600683136752
151.789432497353,1.0661694668973856,1.1167444229428902,1.1465437486073076,0.8339666712938485
152.06527734781523,1.0636745943271066,1.116255007907206,1.1484606770384942,0.828605212711129
152.49958390376085,1.0603918783400275,1.1145794075145183,1.144635790256332,0.8351097959511319
151.91611596922476,1.0617269712545043,1.108739180516965,1.126359137500717,0.8254855640102643
151.14884981297038,1.063485828573865,1.1065571125393563,1.1208586104282,0.8248543824110344
151.10525067375607,1.0628922578087188,1.1049492660086904,1.116247712750551,0.8253337039490786
151.25036424850484,1.0546848604057106,1.0942052957283948,1.1090834689438547,0.8230833526615745
150.97870333978224,1.0509957381615036,1.0886837295035905,1.1006048979551115,0.817649995363605
150.8719618811672,1.06103815009506,1.0926094557249757,1.1057059846896935,0.8172437125303782
150.7773500499201,1.062301878610114,1.0914433707855926,1.107270620229377,0.8131273228610075
150.36564119681378,1.0641815859282913,1.09339586323743,1.1121643380872663,0.81391394726783
150.32994990945403,1.0695575098872634,1.101605224554209,1.1272550491926052,0.8220993593591647
150.24995801557,1.0628328453782854,1.0955913973921096,1.1271302578283384,0.821989505936856
150.01533670444758,1.0637570682370265,1.095768513669959,1.132835991793072,0.8240230704882894
149.77149532017214,1.0631596567958763,1.1003417917426352,1.1461307068499755,0.8349315262036365
150.37828882916386,1.0631988979008784,1.108411125566742,1.1527181861410953,0.8285425173694639
151.0534712588104,1.0621489886720614,1.1060323335878632,1.1476670528601667,0.8218734365818375
151.9071449740939,1.0639278698586396,1.1118881288291678,1.1679516429603334,0.8447982033879942
152.13311660441894,1.0615975217823241,1.1087734332668946,1.1602393062349066,0.8423168021254516
152.1982288480724,1.061656441166274,1.1094866763748878,1.1628566268919256,0.8477981454610953
152.22047508522357,1.0610248887060003,1.106144825735444,1.153748287569147,0.8439854006261187
152.2327334872501,1.0640981673944427,1.0993285034091813,1.1369789389311584,0.8345527999229968
152.1264650261886,1.0640058805530643,1.1030077395643247,1.1454586589328464,0.8400244030729663
152.25994405275492,1.0620085167942053,1.1104095450973825,1.1550919320447894,0.8414750237488653
152.09572753224387,1.059837561331893,1.101760930825005,1.1449347854627927,0.8379358486164246
152.0762653749485,1.0501298812137394,1.0912695602570577,1.1317373825530714,0.8333849880863895
152.41144312589554,1.043067426867614,1.0864431533738115,1.1318577818731648,0.832543154435816
153.14580224682547,1.035556896943498,1.0762810494488912,1.1181575123789036,0.8199402891115267
153.21313803345177,1.024692374702551,1.067611368686881,1.1060724972163072,0.8196729361528632
153.42195990173568,1.014143282831727,1.055992126049952,1.0971033486358819,0.8194910755657175
154.34687218217434,1.0086116223207338,1.0568897092902507,1.0990803282020438,0.8213824724748419
171.1095170538293,1.1531373841632748,1.2796467393105562,1.0827234729410924,0.9339867347207986
170.35347468416404,0.6302793219980044,0.6520886036123543,0.4433266249243117,0.43860471611009716
168.03219915498175,0.19712686678319313,0.14607350264526872,0.05992055049899304,0.12630269071185138
166.32502257532815,0.2644736065783229,0.3021289537507184,0.3607885302094806,0.2673749844516718
164.38948959297807,0.49098865468067543,0.5618393220900294,0.6085859707760812,0.4580902430731176
162.75274094566194,0.6633554855122642,0.7373212400856299,0.7637564531257856,0.5812126236896867
161.7094113183707,0.771834131610397,0.8537985404795011,0.8833687137855933,0.6733932814324662
160.21778897964575,0.8717024727238378,0.9511964691427289,0.9558666967922866,0.7314665760258682
160.24845246742137,0.9158451135155721,0.9995306253238316,1.0001270139629328,0.7653517956024067
169.18255975941972,0.6751543766087944,0.6859028466162621,0.6723838809359577,0.5916971101117751
164.97383808013,0.4632715299939081,0.2220422834666075,0.2140932235257006,0.22383262580613364
161.05156630669825,0.272137537470836,0.17649251233025684,0.23251629873352356,0.1694830564424242
156.75795122084773,0.21505957716606533,0.3876975725033925,0.4353727473865791,0.3043601656314886
153.3976615203587,0.37916416678111176,0.5428436914732901,0.5918854458194455,0.4162746121814587
150.72164353917128,0.5136906247610347,0.6561809480988321,0.7080166141311761,0.5053513423347882
150.2688453309432,0.6037854256421004,0.7375585352223736,0.7886189287031519,0.5712851258518072
149.3817968701106,0.6617029946697676,0.7942124498761827,0.8415289210549858,0.6178475523908155
149.44249453703236,0.6390244603897094,0.8279199329095922,0.8722611200502516,0.6470993522013229
150.06929024295528,0.55650512205406,0.8388859617366347,0.8889040934663169,0.6678856557648414
149.9222405689718,0.5159911652417316,0.8463310616463753,0.9055428100189888,0.683278028305708
149.7054254670048,0.5171641343532974,0.8522349038397807,0.9091382670678664,0.6902244232431024
149.83005321297134,0.43587680845900834,0.8364448532386828,0.9012818999475292,0.6874911715715617
149.6706002215233,0.3464886644971855,0.8324256300113729,0.8969343928961236,0.6871672824816766
149.54147194394656,0.3204525650385546,0.8370748057612221,0.9084291438508555,0.6985018659292782
150.2972655051299,0.25559584932240736,0.8436260703529457,0.9236195317793366,0.7066828365040381
149.93973832053865,0.26172376136437153,0.8489822310004562,0.9336304861298812,0.7134439122983849
149.16016032885707,0.29684966908475174,0.8534133777197438,0.9412274116306061,0.7185936648021254
148.2216452605013,0.35554037967934876,0.8590862456587313,0.9535730330017567,0.7287185148221229
147.29603527531972,0.44200123325091045,0.8689858431022953,0.967908572056605,0.7432282047877392
146.79375569048366,0.5376195107666881,0.880815410864032,0.9823377470714251,0.7570447276667341
146.7775730603286,0.6000873553540901,0.8875256747313301,0.9871483669694331,0.7606919927978042
146.93741212136385,0.6122102746035536,0.8848275283625228,0.980326559003321,0.7546625343435918
147.59234480352495,0.5969525516499312,0.8823345022877918,0.9740912558057069,0.7452192212975091
147.50185532301128,0.5490711499413092,0.8827401654426374,0.9705992298483955,0.7340440292088475
147.8845434841298,0.4742309972442903,0.8865089718869145,0.9653552635781416,0.7284999412783019
147.11074222458197,0.5464289005834673,0.8960099511066411,0.9699176862533313,0.7309351623887096
147.13185068970785,0.5662203911547564,0.8963393240775005,0.9592900904239055,0.7239929269466262
146.94940104906564,0.5641226521566506,0.887383174591387,0.9521826630286432,0.7183189679936502
146.73335458943365,0.5781651825384118,0.8836563471734494,0.9447556653413706,0.7149067473570754
146.23468764883515,0.6069856568741084,0.8816783172930648,0.9407727651962632,0.708761153840215
145.81843496326962,0.6426273210720869,0.8832240654386774,0.9448272603301965,0.7129578428622694
145.5657564182676,0.6681979282981405,0.8834273970452363,0.9475755309485973,0.7154576627622915
145.34799184798595,0.6953851576281447,0.8876070127038937,0.9523999652816965,0.7172746017255566
145.23131394602166,0.7139911927041144,0.8891128944678239,0.9546013016004693,0.7183826513718736
144.99368802905065,0.7424811054699412,0.8951302824360411,0.96202767658471,0.7244217639307481
145.01715513689138,0.7571204551922872,0.901777333727639,0.9660319321324335,0.7273333702225417
145.38880333971298,0.7626605912832719,0.9038608295465239,0.9668031844293601,0.722871345110932
145.64042241047576,0.7789193518016239,0.9149083613803393,0.9741663461676343,0.7290278388243239
145.57855762686341,0.7853965520107059,0.918861955440019,0.9763427465688668,0.7323729080172816
145.88034635887556,0.7551476354505215,0.9138922457538132,0.9703868660749604,0.7304621955005136
145.9469251077879,0.7463726707099086,0.9156297640802258,0.971799223882002,0.7307413483414908
145.93465732879986,0.7365547184737455,0.9169979430371079,0.973583815424103,0.7315431899299997
146.2980340841363,0.7178064314024011,0.9194402087637852,0.9760608303565738,0.7326366351599379
146.20681903819187,0.7209330473998543,0.9266264479671404,0.9817429271249111,0.7358738862972615
146.04432148673567,0.7320169306552331,0.9266121139013874,0.9824332111297566,0.7362493716550353
145.81532360961205,0.7658863992038015,0.9297351541685943,0.9886852136621815,0.7451810736178414
146.02598898086853,0.777313400109373,0.9340612603707572,0.9957326495563279,0.7495220534190978
146.29170111246066,0.7717827680000761,0.9329808771555894,0.9971820794327426,0.7512717149116036
146.57228692286398,0.7775820291230964,0.9314209063575862,0.9976626130441031,0.7535788814773913
146.71627941047313,0.7915126546964797,0.9323620461087926,0.9964247500776474,0.750631727101586
147.3950937779255,0.7289252870136594,0.9283008063431889,0.9962302700202846,0.7469266102354575
147.70354810607475,0.7617946234418439,0.9370932307169367,1.0047524340462852,0.750649326943605
147.86815857724352,0.7668070359206338,0.9420555517610412,1.0176145519410569,0.764522112761162
148.1988999004661,0.7614465079224797,0.9453979178159513,1.024302884612011,0.7713824260747736
147.877628485268,0.7747365854738825,0.9458038412392514,1.0202218535606178,0.7716636934667411
147.4604893264041,0.7259080220702467,0.9447037994085302,1.0210762210085842,0.7688812693126297
147.644389783665,0.7037228293645924,0.9376652496035758,1.0159784877744342,0.770829243878944
147.34248938191192,0.6791281798101699,0.9312713126768583,1.0104478217074593,0.7678018039628836
146.87436392161726,0.7093318336970775,0.9278828878263268,1.0094750796114518,0.7665161766364366
146.14601139927814,0.7418300077350434,0.9230461240399581,1.0075323591813812,0.7616750368208506
145.58727755460734,0.7772597610054263,0.9211584817895525,1.00423847861155,0.753406762909211
145.18566988930874,0.7857523890750452,0.9188803974062417,0.9957635432794559,0.7428137460248253
144.37512317184365,0.7952611354322345,0.9152166712271659,0.981668333503847,0.7344206422092244
144.68309080936828,0.8044519863496754,0.912635741649411,0.9747459660962445,0.7327603652472753
145.30323936613357,0.7708495290508547,0.9092313789829838,0.9724041736422603,0.7326085185971859
146.56831138655636,0.7211764899796764,0.9141479322945801,0.9769386851191566,0.7368422169391596
147.3699361631644,0.6424962815507667,0.9105710624988665,0.9770580492812537,0.7455196365289025
147.36538423067157,0.6265322244688926,0.9038997617531616,0.9720534231536135,0.7474646962987027
147.84282091005295,0.5505829982812781,0.9024880442990059,0.9745517138074637,0.7500020776230226
149.1099471131408,0.43147800300196526,0.9048923731767788,0.9764962527382678,0.750482616159185
149.23081873771358,0.3936833997369768,0.9077973309117662,0.9818277360583847,0.7523038313339276
149.4167256318741,0.3523221153640389,0.9068378754628713,0.9846255037602245,0.7511771766097517
149.14936640122502,0.36752543067553367,0.9098151604590735,0.9889048692555958,0.7502293878068163
148.82190029118132,0.4031032495944703,0.9111951139077711,0.9990553470087317,0.754158018848631
147.77150621014565,0.5307695571351074,0.9257735692078035,1.0124946846550078,0.7585649660597794
147.40966443695265,0.6374298452172302,0.9439561939932217,1.0292189513732852,0.7643648220427463
146.98194975637583,0.715763469643373,0.955098251277928,1.0417114216517218,0.7695915747503164
146.81392120333533,0.7723707167813719,0.9626139300159445,1.0470416992092897,0.7702432797243229
146.6723217709304,0.8056842590427307,0.9613750498479718,1.0438166536970461,0.7666338299123999
146.46586603702627,0.843558530952808,0.9694529874897722,1.0486323573928569,0.7717629240404258
145.80893554557662,0.7695318166981341,0.9437690160072052,1.0141177675677238,0.7479759777367853
144.51417965909684,0.7660676041206613,0.935091605177823,0.9983411311763665,0.7312428810102486
143.09614612471984,0.7636645528619924,0.9304178808353132,0.9958884379348751,0.7341736558420427
141.93791966509264,0.7936303782839776,0.9351089718993495,1.0008402935674852,0.7385408092214751
142.08136904078373,0.7920859620923765,0.9287032741088261,0.9930424742772591,0.7305830448870637
144.1803241979456,0.7675837786170024,0.9233493918012003,0.9858032108609824,0.7227438710717807
146.0825854873969,0.746656010542325,0.9288213760894037,0.9833485615079115,0.7241674363426065
145.7805930341124,0.7565011509174747,0.9257799270187305,0.9805719806016798,0.7154439230355648
145.3767651108281,0.7668398715455917,0.9261803864392374,0.9775247158710058,0.717411300835261
144.03676597018503,0.8006714177389735,0.9356560240403069,0.9863381795904581,0.7290387487350217
143.43584520356018,0.8097812614713114,0.9379435713370597,0.9856363338666956,0.7305108070796351
143.8419833239449,0.8023029043304492,0.9351638799263083,0.9901992484572291,0.7396814236896949
144.39983829326297,0.8117783979776639,0.9404133620645349,1.0013534194322444,0.7508107739596209
145.18567919709795,0.7948105091063341,0.938321470455396,1.0018551683307446,0.7531614530655585
145.8072951579173,0.7926290465859276,0.9395716943504425,1.00432172893916,0.7554630238047256
146.220811257498,0.8041597112237517,0.9459211540734751,1.009864036837539,0.7583075256803509
146.38674502854633,0.8223898780666605,0.9503659412287189,1.0142190946404115,0.7537538256585372
146.13666093592389,0.8396524857507051,0.9555417099971051,1.0170520037917066,0.750832329389157
146.1861999696409,0.860733728798694,0.9580584364420114,1.017159554868594,0.7493631089882307
145.78065538909377,0.8713341939552578,0.959546235159535,1.018218996488573,0.7480714147419519
145.54981567656276,0.8790603401614062,0.9617458604831081,1.022507111473232,0.7532336232142044
145.1608887488509,0.8886321258827753,0.9662872269077833,1.03259868823417,0.7619896206807931
144.54200251113303,0.8878068083885698,0.9644162183491487,1.0322225362805288,0.7633685765672246
144.0255474679227,0.885737730560149,0.9604419641091532,1.029010078319922,0.7597860641153508
144.0574957266645,0.8817942076925785,0.9541388693628732,1.0203799518626737,0.7512956282589044
144.00245355831882,0.8799178892561085,0.9498229182158231,1.0160840768512884,0.7495104656378913
144.25923713511787,0.8790746739742307,0.9503247129695573,1.0142013644823185,0.74844450017623
144.23512306238436,0.8732103528110645,0.9406403351466349,1.0059759836233069,0.741526281861213
144.49417010389362,0.8739433626738989,0.9386038498465542,1.0021254915956033,0.7392471257847043
144.53842991825329,0.870967190298415,0.9353138007694363,1.0002102455966453,0.7324712689448323
144.4935196488301,0.8690157255173383,0.9338249031275573,0.9957434131326751,0.7224075623884123
145.52546427080765,0.743244598760791,0.9115906385714475,0.9842773172194633,0.713725458765788
145.8688836877042,0.678153998382998,0.8889767932883004,0.9654411677300913,0.7026708224241626
145.711195728088,0.6889773219354315,0.886742256096571,0.9624673870936502,0.7008432605900742
144.95834750813458,0.7343596447893861,0.9015960801392687,0.9733260841095281,0.7079380708205684
144.73886969184463,0.7507368241893689,0.9112464552602938,0.9867452931583659,0.7136946252256421
145.23919531864004,0.7090527072656615,0.9096904292081651,0.993419330808772,0.7167192388258936
145.1280486843682,0.7337855697622471,0.9115921415286729,0.998597663850635,0.7312326667673765
145.31232306378175,0.6822253462823097,0.907928404858141,0.9981362592949936,0.729380479863427
145.32939192772264,0.7149191563575773,0.9191903490581221,1.0113174463905799,0.7426513520966848
145.38933330288026,0.7438330489455172,0.930848513888038,1.0234826659699958,0.7472117607055245
145.19450550913044,0.7881332275528798,0.9438411431286375,1.0328532382664615,0.7580354976844412
144.64351236298447,0.8238036748117266,0.9539553448353416,1.0415446309626066,0.7654496203447891
143.10536246079525,0.8231867730699942,0.944452986461147,1.0137712151698903,0.7495528720472809
143.06440464922213,0.7818097979222657,0.9403512390990685,1.001055554475825,0.7430279197837028
144.84915602678262,0.6585428943192565,0.9122746120999535,0.9654938248050707,0.7279615208776817
142.89153595799058,0.701169784947665,0.9043363092776484,0.9554802813893218,0.7267436159405098
141.24374402940555,0.6238998656650395,0.8892249363775396,0.934326789764481,0.7234764680968375
140.44765331142744,0.606169079084752,0.8809671658704369,0.9298947978852171,0.725430495505444
140.7876627868322,0.571128870038912,0.8788620608277163,0.9364439391662007,0.7267110563135585
140.86249821717024,0.6348628509836827,0.887639749221939,0.9475582537325048,0.7313839931237321
142.15566038996315,0.658554362948405,0.8983059125898972,0.9629690185752876,0.7409428925832119
168.39300414650003,0.6736819845729308,0.6962873114329154,0.7266208916364096,0.6838913473467018
161.2416288133529,0.32085622460181334,0.2624629774865963,0.2777177491161795,0.3323909223462093
155.70458968691375,0.298564303274745,0.20531324595038605,0.1729027026029184,0.204321880289775
151.88178801408273,0.46532325689752324,0.4197756387387224,0.39808492276356056,0.3104692883828013
149.53033713064204,0.6133494812083027,0.6047451075606822,0.5810197370131472,0.44119485146479714
149.53297676145505,0.7149308493393572,0.7254576414537734,0.7130985099093307,0.5332442911584482
150.73294659457449,0.7837073860198117,0.8116423845812631,0.8116273919799543,0.6160368925333836
151.5381282230849,0.8348239108774441,0.8735314510655142,0.8782725080004353,0.6740209383019498
151.59131730309082,0.8539015718602344,0.9221916766919591,0.927806095425044,0.7078072314026895
151.094074363165,0.8832335417745163,0.9525487797831761,0.9593206226712513,0.7293094808459821
150.71010289226177,0.8873009409043874,0.9639306244405841,0.9656260491171571,0.7397870874702825
150.16475047956322,0.8903577909041183,0.9753175188505404,0.9725215265598021,0.7417786437867059
150.09716679288243,0.916076744283886,0.9960518437815375,0.9805747531660481,0.753767841468785
151.27291408062047,0.8746918721089468,1.0012595128270085,0.9993729284477789,0.7587054354135775
154.20330187589119,0.591699019307677,0.9754154534325774,0.9873505983491031,0.7619822928961447
155.37784687420415,0.4551725543933211,0.978193659052321,0.9921122407903415,0.7540941703263001
157.71961834159194,0.31148516678023397,0.9668009326005822,1.0000505701307458,0.7583701761884074
158.80412868644942,0.28432411655613987,0.9586525322104587,1.0028391510389616,0.7583401910938754
157.51120010814068,0.4062419831776633,0.9687740820667056,1.0111295832797595,0.7538079621377346
157.73131367169515,0.39177377414811937,0.9421045771248885,1.0040937099335083,0.7542331698940776
157.3159773854502,0.43883274177388604,0.9389928679047848,1.019959461325359,0.7602388567389338
157.60667059070883,0.3829986456961788,0.9453136511395417,1.0132178497291933,0.7461644503405443
157.74841404401883,0.4297150651876554,0.9431910014470599,1.0148488183191817,0.7440283094731192
157.813465108554,0.4738235443727493,0.9573827986189009,1.0256210821956988,0.7573894180194667
158.40159734712873,0.4029621343681369,0.9568901900794342,1.0185118912677456,0.7541032326041992
157.54728905409664,0.500348593908124,0.9626519038421326,1.0272527542511898,0.7551319365292848
156.5672023741444,0.6221943699696424,0.9906637726119232,1.0364864826784204,0.7579101384373232
156.89146052026427,0.654565260494058,1.0169528617280925,1.0442507908795373,0.7601218030692128
157.40183433263252,0.6574049480361512,1.0165770093514142,1.0457954165032863,0.765082276709216
157.16986193644132,0.6764287451757641,1.0101219209302368,1.0382969622777276,0.7526470236281144
155.94638355308248,0.7058959760123386,0.9956750445158051,1.0162142727308245,0.7433829530930304
155.72196639463647,0.7087484918224377,0.9953252520381479,1.0074226335262033,0.7429369588288999
154.8637678877996,0.7030738226725817,0.9924884623094631,1.0036797392785985,0.7399821431614076
154.48758650511476,0.7050969111222277,0.9946724995793256,1.004034116806627,0.7282997197290785
154.20786933940823,0.6608219127191721,0.9687513189048486,0.9778998001631442,0.713554373040079
153.42288903882502,0.6783374995380218,0.9642494815825082,0.9785611891440743,0.7062341975291007
153.95029374631756,0.7003290928426513,0.979127187551959,0.9792284569629145,0.7084633558378292
153.65322537855027,0.6956441691589169,0.9674918017011442,0.967077610544245,0.7002722353419675
152.9573032810168,0.7232686470604875,0.9601872471743731,0.9578815692771818,0.690665421145196
153.21318308086538,0.762565507048922,0.9735433576906887,0.958141670893541,0.6959291574330145
153.47598896362794,0.761843494472014,0.9764603936991083,0.9580382605476718,0.6994841386673648
153.87160748287428,0.7104246231717982,0.9616378692170929,0.9495894242280721,0.6946312717284174
154.45472546854714,0.683825188108098,0.9532016176106324,0.9410068931705774,0.6999461387794339
154.9962434343914,0.682418380449245,0.9533971993206185,0.9473170027045783,0.7024099829814804
154.20485044131317,0.7155810621896828,0.9719798156928977,0.9535344261316907,0.7129815362747758
154.87117371720367,0.7581142948371624,0.9898706490111915,0.9727979789589504,0.723724187553032
154.2659974588476,0.798022079958246,1.0051250510458054,0.9883405362624643,0.7282918292003888
154.20545651563344,0.7949437528249562,0.9912719205967216,0.9822485919166452,0.7301769469164089
154.4089571366517,0.825014021503156,1.0200469370929421,1.0128048500851856,0.7565838626388385
153.28389220427846,0.8397083030685456,1.025358037956264,1.0075382470513854,0.7372079463445274
152.92254771007416,0.8453511864548544,1.027948810733597,1.008490169484928,0.7403663389173694
153.51101577187438,0.8500042993438964,1.0310402150343818,1.0042031934339004,0.7385820057788547
153.69139930079163,0.8418643049354828,1.039462628808007,1.008951958004686,0.7415247832961162
153.50374726881992,0.8264127033070556,1.0247526162114544,0.9947993329914746,0.7309219657239917
153.91985030792029,0.8146919679081253,1.0317041818416028,1.0032307808317382,0.7362349168853402
153.69485426918598,0.8138411728680843,1.0203511185476162,0.9914194522391895,0.7244849506865818
154.00622754630018,0.8176697911306735,1.0179350177691981,1.0017268374251693,0.7299917353324739
153.91741687106486,0.837655579865896,1.0233928914657877,1.0004506479765285,0.7248333721197635
153.84044676742855,0.7708546839003627,1.0143096300352847,0.9861590102246052,0.7207213581051071
153.04838186103623,0.7345278010904667,0.9989386411066509,0.9530279009911844,0.7040471364707674
152.837364151718,0.7052525879442745,0.9657945850129627,0.9380324262023894,0.6967202972679607
153.79567875291934,0.6936736848656301,0.9613529618442448,0.9418704473751756,0.7090629422816854
156.14284688282473,0.5115926424192538,0.9446032987855425,0.9405536957701304,0.7086930843538188
156.6654183038478,0.43476003990146056,0.9212477656985677,0.9260558433925858,0.6966307063931141
156.1676694850125,0.40528888304064326,0.9047983869959736,0.9138135034363225,0.6916725964592556
156.92838614836137,0.3185778115359872,0.8926909616271838,0.9213680895252117,0.6934363605256931
156.0787332788886,0.4249302770869246,0.9038356872206164,0.9205356797882457,0.6930092728160976
156.7350509301204,0.5202854789493856,0.9540319671996916,0.9644618078755907,0.7292535648530541
156.58054949501013,0.5416946100531611,0.9573806408428238,0.9683499721886385,0.7313503451857003
156.33650857741404,0.6002341082680099,0.9682866405422487,0.9866287930723813,0.747709113249184
156.20217129931106,0.6142241222739679,0.9735135310669633,0.9893073215934253,0.7455982513110826
156.81428113930835,0.5381113731727535,0.9516942554489446,0.9978053159105372,0.7532023939259569
155.93432400030855,0.572882270266252,0.9635020676852968,0.984317101826728,0.7360433415375329
155.34832039180355,0.6251609753413994,0.9753730091759576,0.9861402079505653,0.7326041628522445
155.09234292898586,0.6415491784422713,0.9939558743035911,0.9952427358402545,0.7337710652615747
155.83708218933344,0.5155643086515557,0.9683002771257939,0.9636023882832752,0.7101357678519374
154.90269403306777,0.5946677825842298,0.9725126724462975,0.9652886771671304,0.7033093419011466
153.9383820974991,0.6411393469548682,0.9849899460876956,0.9660460624940389,0.7092527279560344
155.7207497915379,0.5365677008260903,0.9857985102564703,0.9588390926280089,0.7133499672317499
155.70399937041216,0.4902957829806191,0.9808725851136376,0.9568939462699004,0.7104866785759962
155.62028209545065,0.525081672139962,0.9781595600123248,0.9655985688599579,0.717486067318688
156.56015082504095,0.49563291489740946,0.9718760335362039,0.9776787041789884,0.7264775903297038
157.13452670974414,0.47466389700444234,0.9702458241681465,0.972325498361773,0.7215466137489651
158.35971371160468,0.3466539644294677,0.9700149583351435,0.9733853959133179,0.7173464638446961
157.7430554717698,0.4444901521519355,0.9849208143387364,0.9780241177510183,0.7217581853608004
158.69485833273052,0.37444603566529244,0.9627290078849133,0.9599859146687433,0.7143144948749774
157.96906954061689,0.4639057818193817,0.976426666948729,0.9695346714215045,0.7160417622483108
157.17909495582091,0.5715654880869209,0.9921955336435732,0.9764313658520223,0.7200427986104528
157.41420055663576,0.5281685287728509,0.9876520053711796,0.9728080499153263,0.7267886164114964
158.70979111834424,0.4048174995785324,0.980391840941236,0.9716362846945599,0.7293652906168799
159.43418928463015,0.33213939097960427,0.9536197185364557,0.9669800516243449,0.7298868312132643
158.22793794963926,0.42806740456829057,0.9586576346372844,0.9734343579779495,0.7253894760613664
157.52417869115277,0.5211759800710025,0.9700481767561395,0.9896813805426043,0.7455106702094892
156.8371526902783,0.5753928697761995,0.9822852667764276,0.9936041937538496,0.7454522864989355
156.48905002042252,0.6085337645197774,0.9807444338599759,0.981330571246817,0.7315398762762942
157.5935875494974,0.5677878344584903,0.9697360792448514,0.97970592356709,0.7290729498576495
156.39143651770996,0.6095106833106413,0.961325917993659,0.9751758714166182,0.7201475963298823
157.29697623879446,0.5465454403045594,0.957674281347214,0.9810522271028287,0.7399239872395313
154.82935241468127,0.6349918749917823,0.9755938026260623,0.9882170378299917,0.7424113838053125
154.44285006147504,0.6958907301259624,0.985040536745805,1.0049790632617517,0.7497911872164683
154.1499809571247,0.7141415116692578,0.9820435289420745,1.0140330038548888,0.7547924393202443
154.68504496950206,0.7260499593413143,0.9835915377213006,1.0247687868304265,0.766946027928489
154.82939934188786,0.7182307296721969,0.9787547122727999,1.0197775908951807,0.7615169314571245
154.66505776407982,0.7254204070059744,0.9667095468787029,0.9956311335597166,0.7418454760157323
153.8443821827823,0.7335782254935204,0.9603575706006856,0.9831433770608292,0.7345772672699294
154.0562337001887,0.7070794666820118,0.947613472227873,0.9713354665241324,0.7232662136669321
153.56731271460006,0.7343840694857832,0.9523500989768283,0.9726366930265408,0.730874362394439
154.20671815378074,0.7409861305910103,0.9615208977684625,0.9848105011712507,0.7391950225038311
154.62462096647894,0.7508343887711035,0.9681833570559895,0.9961803531266973,0.7472793624499482
155.02487767883463,0.7713856444699553,0.9784295042337877,1.0039773585273477,0.7498528381496284
154.57139031398967,0.790460823497998,0.9791573298278669,0.9959046067300138,0.7445126186808059
154.42779641671672,0.79820642909057,0.9800735702592345,0.9945475195521613,0.7518195181425892
154.98297447933953,0.8233415259646774,1.0032258330047692,1.0156746977882516,0.7674373988683783
155.16903423105578,0.8323822471254971,1.018410767060721,1.028207077511999,0.7742688236471472
155.47091491876088,0.8212763418594334,1.028129244615959,1.0365022784317435,0.7777635268560835
155.38877921799937,0.8064807271188,1.0187900198134332,1.0351431833963027,0.7809092271279812
155.76044776389315,0.830564233298238,1.0219179631768631,1.0419531618058453,0.789129072345011
156.1616796793575,0.8470457834377298,1.0451743429008664,1.0639896700437101,0.8012639557793952
156.8040110433942,0.8559218781222603,1.0476792205597336,1.0698106741675364,0.8015124980989045
158.19161671235332,0.7230425553337986,1.038711771655733,1.088148487163991,0.801204403669738
159.73936943701682,0.6250636550092498,1.03525129751556,1.0898975197731513,0.8024630478165087
160.49514099732573,0.5090590275527488,1.0208759905965625,1.0771161366211384,0.7845034244381393
160.76768425717782,0.6052632182310688,1.0322232153881248,1.0867763637531653,0.7920571089791479
161.17943537977135,0.70681981263545,1.0539761049716352,1.0940765116559172,0.7927361370553044
160.98148159042273,0.7571364346126318,1.048823228645777,1.0845235055704094,0.7899809541436501
161.40068209135032,0.7794932631348239,1.047048544586892,1.0900113038805284,0.7926180346169749
161.1998539713032,0.802949680892549,1.0385006497670282,1.0728470810029729,0.7783600818133115
161.19918841352796,0.7877013413844722,1.0328187995007916,1.0646816283716718,0.7777455210441154
161.12202289033252,0.7950840068792799,1.0276170178864208,1.0607169347473846,0.7670263381799667
161.21994454513666,0.8086970980904584,1.0224459145109344,1.0615545819445795,0.7685030181904154
161.0212511638954,0.8076047766831376,1.0162707636531374,1.0542079880071606,0.7673327487493076
160.9161149855128,0.8051709588583277,1.0117619833561262,1.0617764832001,0.7691340249982301
161.22380399403986,0.6763742009497752,0.9952114610344716,1.053751076722945,0.7602074966835779
161.19149750341487,0.640971150151494,1.0032744708316887,1.0604343577736481,0.7671976714299812
161.4608172973836,0.687763775961994,1.0129891054328624,1.076046317981216,0.7845184728523555
161.97003469514942,0.6169159826020658,1.0105922468850992,1.0801848954939086,0.7876271496086487
171.4728077632476,0.7529407325700299,0.7397464506784454,0.7076988037325996,0.6709927921952907
167.1629691152907,0.3581952947134056,0.19207677907880957,0.16266959900282882,0.22412612928056158
162.86680916425084,0.22275936089866505,0.2806773918111919,0.25230193553402114,0.11841232324755933
158.90257959580777,0.4178948254474718,0.5515877500439307,0.5321293556450357,0.32136409844259045
155.71004855517796,0.5964358094108492,0.7567293297368672,0.7403232976555509,0.48200776198594675
153.95134160342664,0.7033789285567437,0.8829191364841251,0.8764503408563762,0.5926523144136833
152.2155298635149,0.7727109850889297,0.9855417732595473,0.9823325000348466,0.6811045317773234
151.99177938119203,0.7567828898106056,1.0653867418860468,1.0528983688285236,0.7320353566337189
151.0687512211577,0.8364785170719382,1.1121679462011094,1.0988710666831198,0.7758472092223951
150.97009881751825,0.8855680214598991,1.1485909149681917,1.137472296244816,0.8022301422564704
150.60921278820373,0.9370822447641186,1.1745889996959145,1.1720798832565318,0.8227849320279639
150.11398671811335,0.9800057717380641,1.1978341042613754,1.2044319835965274,0.8435109858740476
148.9254549811255,1.006287414346846,1.2024958253484523,1.2096110423310664,0.8463161975455085
148.78570412958544,1.0056361208025708,1.199937618277153,1.202249082303517,0.8408185271689511
148.21195825582495,1.0184760937853148,1.1999359925684117,1.1964943018180911,0.8396313827056329
148.5272083993092,1.0172074766757258,1.1962104466031949,1.1975283861472472,0.8480979990583786
150.04853850983153,0.9030339388362801,1.191070785347886,1.1914847785624227,0.856517605845916
150.07938992540565,0.8216302085019062,1.1784173385666517,1.1899934932040226,0.8591998906395704
151.2198236916305,0.7781343326296375,1.1760966449894283,1.191301312078022,0.8539103547710595
151.4465352973043,0.7858838745915371,1.1804851408956067,1.1912110905575817,0.8481112208335956
152.18363195708628,0.7537135517420851,1.2039647074902025,1.1980651170747736,0.8437964009725133
151.3496082034452,0.8319057528376239,1.2016533295712748,1.2048234592273805,0.8502708783935534
151.4028376222172,0.854694302514659,1.191893913086848,1.205154980335044,0.8512321710778491
150.58399789661698,0.8967542359820542,1.1884602785766385,1.2039313559332478,0.8515876239140908
150.56490579405744,0.9267607844455861,1.1924879005455453,1.2071499970342714,0.8533675601872834
149.8664775893589,0.9548179087732653,1.1898496344893097,1.2060374748330516,0.8540570173929413
149.3485067286411,0.9731980405587957,1.1975369981520763,1.21119449850089,0.8578081539636838
149.79215231009692,0.9747120440061602,1.1937943975711431,1.2063337791261666,0.8532916333927385
148.75508776868293,0.981949571259,1.1762565474387343,1.1919179913942577,0.8451306479151725
148.17560064973338,0.9791919522763952,1.1704100789016634,1.186362301202972,0.8461292509418684
148.64406473734667,0.9449311227656434,1.1656542181469403,1.1823558026407845,0.8437144693660432
148.85334739365604,0.9549337278953957,1.1672895004255874,1.184837153808502,0.8478460012871706
149.34587796510834,0.9711834409720809,1.1613858498007261,1.1787945707344272,0.8450670430063424
149.2988090663274,0.9921741240782889,1.1683410724198908,1.1873582130643103,0.857934567279544
149.13481008192403,0.9877113161022368,1.1712897638456126,1.1857179520890613,0.8574072338044068
149.37039549783384,0.9833687496179198,1.1718155713629061,1.1837082114939104,0.8555263473539316
149.23754226303814,0.9775356924106513,1.170865773510092,1.1776510005684682,0.8491281619957872
148.92183358767895,0.9824722468475744,1.1637894390381016,1.1784194238579422,0.8493709800277983
149.20005523477062,0.9522949102713093,1.1701877249398893,1.182636629332992,0.853274118985344
149.35042849289644,0.9512422610175195,1.1682237839433254,1.1751883360049236,0.8486042181076044
149.51069633046788,0.9762601297842236,1.16689191594667,1.1783197466270134,0.8489333023883088
149.5908049198745,0.9815204147805444,1.1649825827422728,1.1789384281690878,0.845347338036362
149.92174748624788,1.0009065836860114,1.173551150284393,1.1930641483272986,0.856657480736856
149.4926153818541,1.0127834496994061,1.1787252558429964,1.2042705800111262,0.8535757476566695
148.7717176418661,0.9901218072288962,1.1490444136762072,1.1745560781922788,0.8345320039904854
149.23906771636365,0.9952491099680106,1.146118793857754,1.1749795304481592,0.837873531667285
149.67911597972653,0.9923523393223348,1.1463105734255459,1.170319521094123,0.837182586154708
150.30158948670424,0.9358306216860997,1.1562862938958827,1.1714757805820721,0.8518961690759965
150.15475016901422,0.9453791933539696,1.1383242096567705,1.1447209765441462,0.8322106653649999
149.90113268167713,0.9662047518242491,1.1481660397385731,1.1516523753995718,0.8400786707563298
150.47189774106704,0.9766875698577091,1.1440565040785335,1.1516881623842081,0.8411226542249682
151.05972432187662,0.9835039320462806,1.1429333810233835,1.151664183314,0.8405385804916486
151.484996425526,0.9799050873913718,1.12872792177021,1.136435399483138,0.8344539407935315
152.0304521600638,0.9919147600089386,1.1305597885539675,1.1431978071318087,0.8423432585828432
152.12560935194026,0.986298999638103,1.1129940596028642,1.1282594628163265,0.8353946525023371
151.6013607277452,0.9761771244372904,1.1095129340378573,1.1287088404140522,0.8351989851157243
150.74108218334973,0.9615324558915456,1.1106158976793228,1.1353431566258458,0.8454147828128595
150.74034233796905,0.9606296526081811,1.105199995491884,1.1487563771870368,0.8507271669163227
150.16840101748033,0.9581617032429689,1.1136230292495468,1.1637142160978495,0.8675320414569299
149.98496702611035,0.9688519673494235,1.1217313914711704,1.1642315666570813,0.8676147630542889
149.70381472385478,0.967305923000068,1.1183676350085785,1.1565672861800915,0.8584549435802583
148.93259516683455,0.9739623475702017,1.1147287799222305,1.1471358058587027,0.8471627422547992
148.6296849752092,0.9695071288715587,1.1059739763840846,1.1397344805694127,0.8459630574908645
147.09168462665227,0.964248587327818,1.0843071273291003,1.1100625334168113,0.8181754381789111
147.50448925069,0.9750184634739817,1.091059061463265,1.1100573435744374,0.8179421052289294
148.95506467542617,0.9694280652198011,1.0983206550887588,1.1160580065568984,0.8184766381616398
148.99458351316895,0.9739649603681225,1.0971079120386058,1.1289888057789077,0.8297976355718996
149.13771029927378,0.9836401997646806,1.1076254241974997,1.143389957868529,0.8319211560354549
149.2486747519009,0.9859211689723887,1.100295635012675,1.1393509359360074,0.8356668963364764
149.57598357104797,0.9896506713396684,1.0977286454293316,1.142590495404442,0.8418612057661601
149.31024307323878,0.9734534700575423,1.079009100931224,1.1360927188487024,0.8473940063859524
149.77575782603543,0.9619779099282962,1.0741973912463023,1.1286914917298574,0.8430830334364855
149.16534576398283,0.9592011212986712,1.0696847911778011,1.1299901345117735,0.8444869219145852
148.95817315423872,0.9583830620487059,1.0670484525843587,1.1313069624174663,0.8414205938868149
148.89132181716022,0.9507088335057717,1.0594312933770451,1.1309568710798803,0.8425476231458803
148.8699015518694,0.9314819479397835,1.0387847222880473,1.1077106336594815,0.8231661162867071
147.6651818052868,0.921264252628918,1.0125849145680221,1.0865198264807128,0.8073793386771231
147.9818143659339,0.9311397365788212,1.0157068165854362,1.0922524759584737,0.8163841337170178
148.79704476194615,0.9290405286016463,1.0153470172329544,1.0896179599195435,0.8108873373284433
148.17984530422225,0.9304318599389225,1.0115577466995023,1.0778215505152535,0.8044803524054037
148.3054902640982,0.9238772056859873,1.0022125479967399,1.075623358288123,0.8049343052346724
148.05445395944287,0.9185975756096119,0.9933687588732613,1.0735844270657866,0.8040225006685797
147.55140740999602,0.8991712151602065,0.9696584825120504,1.0620289209826859,0.7971363373387563
147.4705667530083,0.8956740306744347,0.9617475864304108,1.044414963881197,0.7785939059271766
147.00435101408343,0.8871915187584524,0.9651455063035431,1.0365228728385347,0.769167116675774
146.282286483619,0.8823675399111767,0.9680748760569909,1.0313672136878593,0.7695323225103493
146.14319644317516,0.8769003313969176,0.9826938823020623,1.0370930048522886,0.7860496742736255
147.00555324017228,0.8864090601081436,0.9918587099170404,1.0552249225464467,0.8095997610257348
147.54907306276954,0.881293138581591,0.9801024457427382,1.0528925249089403,0.8057352794749847
147.68749841499692,0.8695929130086536,0.9816181470851484,1.0645314360957532,0.8129570578317679
146.34368176830995,0.8658915116890874,0.9674544079348077,1.0505582080367524,0.7993050904751405
146.04891570403248,0.8778547611989507,0.9696269855676056,1.048774206763847,0.7979464203378862
145.7475026811231,0.874575571113198,0.9689738527828008,1.0534336262226043,0.8027294974763236
146.61871029213577,0.8606206357416949,0.9861001420046519,1.0593950577319704,0.8177879704096415
147.84851393251898,0.8711219081516984,0.9964999965392045,1.0880618090539562,0.8383092196017453
148.41346393023997,0.8753447179279188,0.9950991730598086,1.1028538875491265,0.8437239004683436
148.98229056256127,0.8708161870891816,0.9847323174406791,1.1040302974557072,0.8491154028212765
147.9458744261753,0.8865284076012762,0.9881412387232857,1.1049716011031974,0.8492751932390377
148.5065555230385,0.8894266944968298,0.9927521606725168,1.1094896917048491,0.848082551389214
149.34433222227852,0.9057169759751101,1.0228092269851972,1.131832732134087,0.8598356383819846
149.9077724007286,0.8983712035782159,1.0442612913514429,1.1311455485813038,0.8646003054637174
149.5656278209769,0.8980078361530655,1.0361798823088537,1.1207779202692085,0.8522733552396686
149.61442212656678,0.92188542407126,1.0624347560779877,1.1376762749705562,0.8597849428477071
148.22872283558945,0.921257424387378,1.062204392982673,1.1230289481930713,0.8487669481132454
148.55020025100498,0.9363610720111135,1.0746139311212761,1.129328596666415,0.8575263652889669
149.06791100307123,0.902761027198717,1.0838827599647374,1.1266390459153173,0.8470647708016098
150.16429416508308,0.8381801905913256,1.09610893017244,1.134266296733304,0.8585373089780256
150.89408079587852,0.7726014693343005,1.097908571513043,1.129709566967597,0.8501394508270195
150.80975039008536,0.7911740554782312,1.0974008595014022,1.1311222842187068,0.8455433530887413
150.25040487446665,0.799754816499592,1.0784397140051283,1.1158943708214593,0.8351164271038886
149.63400584511697,0.8278433346433096,1.0669385813275725,1.1110022004952016,0.8253227452065667
149.52958006222698,0.8663791936480569,1.0647982412606833,1.118747622978471,0.8324915870228038
149.7654693501435,0.8948024838309228,1.0641893704742877,1.1259778861172647,0.8361827913320691
149.78943258649232,0.9078803524583529,1.0597874352304624,1.1235534905065634,0.8305560567823683
149.9295951522792,0.9167856371778774,1.0603503823084794,1.1268907685748717,0.833703710046817
149.8001344931668,0.9193484402920842,1.0603242272758377,1.1234335912613687,0.8295944985870639
149.51968825180333,0.9059445653514678,1.043824075275859,1.1102467163675238,0.830027075850326
149.36693302905806,0.8920041785985594,1.0441902393565778,1.1054483150613026,0.8263471448961702
148.96323812405245,0.8808326085008125,1.0443075069163055,1.0999420287208495,0.8243423300638086
148.77236665218928,0.8886448638235094,1.050469226002853,1.1027067342307935,0.821130840629237
148.89842454805014,0.9018611356967711,1.0590200582183376,1.1142100476740733,0.8285369290611783
147.99983776415408,0.9077404366389481,1.0489310507392404,1.0990927047943888,0.8120648141428761
148.79079446308805,0.8258440317337352,1.0676416099427857,1.0973043201463724,0.8043839349404298
148.61322451562268,0.8307806457540371,1.0608469686717423,1.0912174954111797,0.7932132548094154
149.37588784414686,0.8607693090163144,1.0651954756057749,1.0982525744629352,0.7939191467331255
148.87909952701918,0.8853559530193044,1.056392652331298,1.0965133771778701,0.7945749186110602
148.90733849138084,0.8920220803366342,1.0600906736493538,1.095178373428476,0.7945380906040023
148.71119951401232,0.8303319629337663,1.0624334419842847,1.0907322897495795,0.7892701104722037
148.48956235674132,0.8567261915655172,1.0668822066248276,1.0896417858243912,0.7851801164851794
147.0128503303431,0.8813693944708524,1.0584814243362548,1.073624344714704,0.7698273356482233
147.10001172802953,0.8653539182308839,1.066639241061838,1.0759598443435214,0.7713273227442227
146.3127230182092,0.8908331284343721,1.0603085770134808,1.0744479672048863,0.7637987527918765
144.9562547217736,0.9152143566502637,1.0447845523065502,1.0634837071439422,0.7539091085838296
145.99605576577005,0.925708457627503,1.0480654802579268,1.0805316342504943,0.7657502695694735
146.89796451519675,0.9394694091436127,1.050105861404233,1.0890318119606035,0.7743399755851975
169.73466637007024,0.5308596690395344,0.5688032335543454,0.5442885222257952,0.5537634730845021
164.85429556599505,0.24175445774727883,0.1571251322720654,0.11424391283399554,0.1863068099580418
160.63246139258746,0.31691144269914395,0.23801566789612147,0.2673777517890981,0.18114749568117114
157.59258747563285,0.4995876076668856,0.4829314151903224,0.5318652725421465,0.3997133919799414
155.45003007073413,0.6116991828431033,0.6605279985641352,0.717057538291971,0.549781390106671
154.87890459741337,0.45308658730086393,0.7533346416758853,0.8233219290298505,0.6348101499138017
154.80342155033165,0.3518823676433774,0.816340603485684,0.8946241232041832,0.689223754910368
153.46820096048512,0.3720012166589722,0.8383375049903297,0.9439812872381552,0.7363117636025144
151.95359053499683,0.49976283161965723,0.8676418276370549,0.9669151192055926,0.7558035197260216
151.13994135744133,0.6278123782200719,0.9083788702369523,1.0062350920036216,0.7869793824676808
150.1652587936117,0.7061440091948532,0.919051002311279,1.0292248666952215,0.8093867195021542
150.81347419051252,0.7039405280005582,0.9266896461825699,1.0351386817207717,0.8186718802889725
149.97154840408282,0.7797750007295956,0.9479213439239097,1.0555968885401288,0.8308388498655701
148.22435302411793,0.8221580317309621,0.9580232221419557,1.0650779292024195,0.8260168558779537
148.09647676323263,0.8616998827209392,0.9747568085857247,1.0891931943583733,0.8433860764560932
149.2219455382923,0.8888991425411539,0.9906854489848803,1.086270110004275,0.8330151445018319
150.18139388038202,0.9060240787834778,0.9903391592370246,1.086865050176225,0.8291384970527225
151.5920905692656,0.9422840742021822,1.0116726132843437,1.0972170214367876,0.8305591415633402
152.1539760652935,0.9771305662590891,1.0347132591220414,1.114985628911062,0.8435474337479533
153.3020907266596,0.9956338143939214,1.043577932718745,1.1143004322593992,0.8403004225929186
153.84237048531338,1.0067046116686007,1.0552932397445054,1.1296769724991707,0.8503848079263614
153.22288381282178,1.0115172666705325,1.0504348094338136,1.1197211048418627,0.8450307929548762
152.2876404571614,1.0009977266079353,1.0302925186127532,1.0966784821907838,0.8325766358049195
152.4457123687693,0.9984687584424733,1.027412336539441,1.0979641889615854,0.8373265617540016
151.6939757736021,0.9837512263398176,1.0144319892342728,1.0905087019924016,0.8372451306256619
150.61512777718332,0.9650077218440558,0.9906388374757622,1.0625696621644554,0.8231469241374041
150.50099615218352,0.9688509497304453,0.9886880865500447,1.067840248302583,0.8282557425158781
150.41063970286257,0.9640296025648286,0.9929793636099237,1.0716829094380476,0.8278397624286012
149.60828334625813,0.9559876217137564,0.9931219113711067,1.055319804826666,0.8127016898287946
149.9523775491944,0.9611033627044552,1.00123988469835,1.0594426483819914,0.8182897057247911
150.13744249388037,0.9507764907596215,0.9958392698869704,1.0505885104638406,0.8177854788648379
150.58499982488456,0.9447149380080004,0.9866275200662225,1.0458093813120137,0.8223549527270811
150.62025204418674,0.9430641680785053,0.9742484493023393,1.0441140269440385,0.8265352438783082
150.73328352935678,0.9422454166920832,0.9675559901531194,1.049881743602825,0.8337816920063297
150.9261310460164,0.9536595586037556,0.9769901996405418,1.0632663037443193,0.8413825961269173
151.20439375417112,0.9621031237145837,0.9897362348969291,1.073082866427381,0.8438652620046866
151.965334479654,0.9588519018540518,0.9962849966515569,1.077908899956164,0.8431729945569827
152.96370353807544,0.9611844164679018,1.015457783267041,1.0925556957656293,0.8445981830933746
153.30717003359544,0.9621711221365719,1.0300089811436375,1.1136147642675516,0.8637099375477612
154.34600071292286,0.9483392820347443,1.0365398034190367,1.122050343868375,0.8669232228750238
154.3922194088386,0.9596777250847338,1.0516532995259642,1.1434716020548288,0.8681824340755392
154.79152533645964,0.9704296796793082,1.064861465013144,1.1523633076574795,0.8730095860525883
155.01245979279622,0.9716202025632912,1.0622761003269805,1.1541986436628253,0.8766263082323089
154.80045431606916,0.9762843963566246,1.0640087165922731,1.1618471393809808,0.8856064029479576
154.610381610833,0.9918611821560771,1.0791614739407038,1.1690434639940133,0.8912566479617006
154.04151142014553,0.9964124139728603,1.085914444985446,1.175879648483655,0.8974191673120695
153.49178510921047,0.992554923437116,1.0824460290964846,1.164328749403155,0.8949641503674451
153.32404204201944,0.9860037902684443,1.0718956358037832,1.1609250111644283,0.8947988769663358
153.42117202903668,0.9838203229045955,1.0737902199819713,1.1654170627135998,0.8925659819042149
153.0206780864722,0.9820275422294128,1.0667102202608745,1.1600658595747078,0.8903788937898789
153.13819896166714,0.9907595520687636,1.0737302432252351,1.1699937326084537,0.8904870339431532
153.15129633335573,0.9930539208889823,1.0765909142469778,1.1784775894915132,0.8916470188928395
153.43830624948544,0.9930246756920809,1.0840186544138455,1.1713042294206064,0.8822247725259055
153.8189566112124,0.9857743612589704,1.0800156206807274,1.1655157930877444,0.874844127237712
154.08035910951034,0.9822899049561387,1.077425640816458,1.157259544194578,0.8679664454143133
154.1133218192524,0.9852237581581798,1.0831328800659525,1.1595809911893562,0.870160558741379
154.14820904996242,0.992921997549039,1.0822241991912582,1.170507442030521,0.8765248331166499
154.00622289793685,1.0052660494246097,1.0831527976138642,1.1663907521405608,0.8803959146924303
153.89014874891652,1.0067208080697063,1.0758319623097845,1.1632720786134805,0.8774640655705191
153.40818806585665,0.9972024394196305,1.0663687702347646,1.1584667269207978,0.8687187238762865
153.0142048118827,1.002587832777204,1.0613428167754773,1.1558468954449768,0.8766146125979932
152.72921176499275,1.0198301828383114,1.0720822901530374,1.1706390053701543,0.8792464000859265
152.29797279138242,1.0233643808364417,1.074082011842861,1.1717417797297165,0.8752795985890255
152.0002728511712,1.0306811541632634,1.0758146353731701,1.1758908756467117,0.8814211845085481
151.50937327543198,1.040928200396415,1.079940479642864,1.1804679060579164,0.8912626376251803
151.787535677491,1.0480349549785402,1.0884697293068577,1.189698533982266,0.8997429768149451
151.58537354875682,1.0452791496476004,1.0870272519942736,1.191015885945814,0.8993361034664262
151.46487966694255,1.040869300555606,1.0853279980124668,1.1901781434649368,0.8984377828859959
151.42347493444112,1.0398646645412306,1.0852869792454105,1.19069187815088,0.9008824013149951
151.73881893737055,1.0390494095475082,1.0886401681224107,1.196732632513615,0.910106024641264
151.756917138476,1.0419532538483005,1.0906670818589654,1.1981025404532355,0.9085422184314834
151.56263513290358,1.0438825874333613,1.090219430524053,1.2009289303876105,0.9077734540318103
151.5800764014176,1.0423112515168829,1.0924192824474677,1.2073626203351786,0.9134014792200559
151.40444417103504,1.0431475549278075,1.0892762452104061,1.197626246010365,0.9059818925377321
151.15454765863424,1.0407659918796963,1.0870525863843041,1.1924296205299263,0.9050558067856646
151.45351487373384,1.035333725459864,1.0862239072346134,1.1917672182453078,0.9029079193309294
151.67801497264196,1.0331346109531434,1.085039464634486,1.1853602243468384,0.8957843675926508
151.5374006962582,1.0251444592272183,1.0855783609570224,1.1856031450267126,0.8926108567419128
151.47443105235027,1.0259595063168,1.0923348469452272,1.1972070443303855,0.9015879079425503
151.57733592680893,1.0247586232900046,1.0946981173618409,1.1986435241671953,0.9012348480514247
151.35527374697202,1.0148920870939016,1.0780115671578343,1.1785827406895864,0.8895262677956257
151.58142029703924,1.007654663317534,1.0711018591165185,1.1808673275681318,0.8980536889594914
151.6949598867036,1.0061378365804647,1.073605239823714,1.1874900899372491,0.9017197866450386
151.84239617248298,1.0065054863159002,1.071814670605493,1.1808974863751727,0.9013766517803508
151.86310923029524,1.0002878452685562,1.0719205808476715,1.1822031264391337,0.9066004271210114
152.49827401799178,0.998792416564366,1.08094030722505,1.196751180136188,0.9155646117608163
152.70903398197586,1.0109490370523762,1.0942954286106117,1.200942569872094,0.9111724605273741
152.9436286847899,1.0072417061755317,1.0861249406709794,1.1988144353261467,0.9157080448767105
152.715872272376,1.0099674048096372,1.090123341303864,1.2076487392126025,0.9235787477313178
152.6008613358157,1.0089213114451743,1.084003320362837,1.201569746358217,0.921806275350211
152.47990433701767,1.0071957347076994,1.0750763438886723,1.185984948822461,0.9074552594206531
152.48782289585765,0.9985465013076077,1.0705302149045166,1.180445823881895,0.8999079980885114
152.46548974349193,0.9897065593795,1.071149275339646,1.1819362643968587,0.8955589825872406
152.61013547804038,0.9865950185862312,1.076886722759306,1.1832976433605358,0.8950837287499089
152.231416965149,0.9918600781982384,1.0821626688438248,1.1938998425433114,0.9015173292114741
152.3536738327689,0.9934033915440831,1.0834387375721777,1.2018745617231752,0.9143690255088464
152.47066814225997,0.991467097005466,1.0838392488132216,1.2079821771959904,0.9199786474232974
152.2423895224876,0.9894763596419147,1.0838324545747453,1.2068443112214424,0.9138117991650587
152.48215095370702,0.9885438902402697,1.0823355532980534,1.2054325297616248,0.9127328151977061
152.66301111367898,0.9769140219242198,1.0849312631948533,1.2087179486582373,0.9121588961610045
152.61340008574388,0.9724217491856525,1.0851780007292706,1.204260913048464,0.9103399701296268
152.3416155218945,0.9874972963992554,1.0959486391214313,1.213959622220941,0.9209831419925776
153.12345254660906,0.9931537219029182,1.1017766188857556,1.2224114339922705,0.9260554396808116
153.32252177801766,0.9992714489103611,1.1064204203155537,1.2179524552122678,0.916634982744679
153.72903854286224,0.995112647622149,1.1020432068095924,1.2041204487239947,0.9064984687665101
153.91579894102125,1.0026948581912516,1.110228170454045,1.2087339233023437,0.9067559378618121
153.8639465479796,0.9938484088039592,1.1085098768432011,1.2066267259209493,0.9008932201362629
153.76884488116218,0.9856459088128794,1.1057289896135885,1.205518337233212,0.9022758258986278
153.43483313130855,0.9776381048734866,1.095657576989301,1.200323331462165,0.8965757967644228
153.37040721579183,0.9714299492849622,1.0924048479631687,1.199719789940207,0.8961399703460574
153.32661945612242,0.9792583311653918,1.0958567830308372,1.2113020231599054,0.8960872563304416
153.06397989717624,0.995001109953541,1.1014488543964305,1.2182145825442225,0.9059687739269856
153.08239470905644,1.004075409222767,1.1076346840176716,1.2315673183310036,0.916856680884141
153.0112436619577,1.0099731778242023,1.1107692841704746,1.235869999023498,0.9225017141817454
153.0969883766519,1.0029205392665381,1.104076137783021,1.2370385398623682,0.9218511654584659
152.77839409700988,1.0066967121421357,1.108548726607139,1.238446547971546,0.9162345861037445
153.1472097825994,1.014479899609867,1.1166028776858195,1.2414736438824974,0.9170511808722586
153.55844693129168,1.0064947809939004,1.1135328886352724,1.2330718298420047,0.9092880138926498
153.29085146301188,1.0122253536697765,1.1168729512121933,1.2344251959567876,0.9110565450428181
153.17063146013186,0.9925791598764725,1.1088224353339762,1.2271184613972683,0.9137512472313295
153.0604468001254,0.9830422988894402,1.1069483981624868,1.229005086353819,0.9168592413931689
152.5041244465001,0.9849185210031308,1.1049014854373025,1.2240499583822375,0.9105241313638479
152.25442882537237,0.9838638184316256,1.0996681558461932,1.222341424476066,0.9088395910988177
151.59824624325705,0.9885737490952483,1.0936148064620725,1.2166027882166677,0.9063315292494966
151.2529842949337,0.9853335420952813,1.0813365709007303,1.2070934719000552,0.9107836228697188
151.34982458855924,0.9784992848634148,1.075410191397376,1.2075513352921758,0.9115048954679656
151.39915429914305,0.9734658046807717,1.072965648960584,1.215876885529105,0.9186894710628248
151.41342035471837,0.9795105822033247,1.0814403617124109,1.2271050412110664,0.9237714088490135
152.2208600547897,0.9712478033113413,1.0835024398764321,1.228198815720802,0.9215579276142136
153.19239434213415,0.9664809157231881,1.088430453856872,1.2299033020628038,0.9142576270457894
153.21747395120553,0.9734427272223782,1.097329832312152,1.2354921860188453,0.9190939449329807
152.80289300162679,0.983102727277898,1.09835892309781,1.2325060399933394,0.9256085224783694
152.61583780545283,0.9866469876211077,1.0939026344439506,1.2220549323688878,0.920571148754331
152.60133501514085,0.9826141451117296,1.0859110244099537,1.2208693596569804,0.9210993653649163
152.3829565322545,0.9755007717264824,1.083732157014408,1.211495737198463,0.9068975144289362
152.35023768952206,0.9676251404958418,1.0823362923712871,1.2076402814743903,0.899959742818393
152.47281907364174,0.970151959352913,1.0851403946601845,1.2024329107596394,0.8918648177422185
152.43702235477727,0.9677215508350199,1.0833419409638323,1.2041534548184516,0.8905366177853756
152.27213870543596,0.9693696114520857,1.0899144922124553,1.2192268588058885,0.8949106158989343
152.213095133095,0.9696319035618003,1.094555091666173,1.2199630892859017,0.8932737727357976
168.7014975547189,0.5328379024764099,0.49601140048499864,0.48080742420312267,0.46709331240846197
166.4716254214459,0.25001628429886313,0.17660129929697427,0.11381071540956271,0.07511172933924212
164.0334787671999,0.36993000958568467,0.37340304835173643,0.3529103095455533,0.1472929745690138
161.18780531472635,0.538853186225044,0.5660158317348891,0.5572027684689731,0.30820615983458177
158.4283689780786,0.6530256325755008,0.6881675671535554,0.6955237931773051,0.43747466056257955
156.84290473694185,0.7161722541025006,0.7718335032947204,0.7939648396310494,0.5257959748116843
154.09011242279658,0.7830374544957923,0.81769627776396,0.8475870418670745,0.5840198090318444
151.93806277516788,0.7615761899152623,0.8385267782628608,0.8691556293733587,0.6182600430936074
148.28689895410037,0.7944127460670504,0.8514125962683086,0.8875191053160305,0.6432576494207061
145.63930038301737,0.8215721102566673,0.8554716078718323,0.877131273848196,0.642793001621887
146.27656921661801,0.826699436815078,0.8561645786328989,0.8715469626428328,0.6479896955300727
146.56430329233817,0.8318138163715432,0.8486239645228374,0.8588621506890803,0.6495748453157731
147.01939564293423,0.8390626488654827,0.8448509426269285,0.8462041312796644,0.6426676823873505
146.09539511473355,0.8287661035231955,0.8342297056997483,0.8332473247244626,0.6322863079502686
146.35920056839802,0.8251409278918344,0.8381153471962076,0.8311989007896665,0.6264187929834193
147.8065337385412,0.8345990037370942,0.8457198748272203,0.8348639024551787,0.6285250236557515
148.5934773466491,0.83813256957993,0.8521075690182471,0.8341269071138254,0.6296680355058999
149.55221304552123,0.8445996425605257,0.8603482153707608,0.8383748465854718,0.6310416204140726
150.47494195121453,0.8488678905168449,0.8618007911149825,0.8372380343771673,0.6312527439774869
151.82494780276014,0.8560326305350413,0.8643397624419101,0.8385916568656572,0.6312344133989557
152.82618506588068,0.8629735849207337,0.8699588162587384,0.8458803936816893,0.6370214716680707
152.7636561099239,0.8667224221825297,0.8680860514584633,0.8453235658668848,0.6371875282961247
152.73167777531313,0.8729653320735413,0.8650278197638231,0.8370452274716685,0.6316495798148303
153.12577177610717,0.8821864795925959,0.8744016229168083,0.8443696947737835,0.6377797636801974
153.4091720539448,0.8909205343004899,0.8813078279230729,0.8482667208838868,0.6359020295157646
153.34369439291956,0.9002598731627918,0.88471468981924,0.8464481984646447,0.6333681869370754
153.4875447922982,0.9034547387813088,0.8911880155148134,0.8574758262487424,0.6353985141815038
152.72350075988268,0.8997250703778334,0.8846209365392498,0.8576955438074285,0.627135067906205
151.00715196305964,0.8908009423225902,0.8812366261632175,0.8553689587267237,0.6277101714795329
148.41487151468345,0.8940386531847844,0.8936774563947205,0.8653162380730463,0.6365148647226284
147.62777267418366,0.9035092524959513,0.9028999299637365,0.8725194547187657,0.6475100037731045
146.90448594723338,0.9008813340164827,0.8936896097224296,0.8689985890116331,0.6443614103796284
147.56624117244203,0.9057450089605786,0.9045550557260785,0.882899254772515,0.6573654597510208
148.0139672987988,0.9102640985023663,0.9047025175696278,0.8831069812239544,0.6601982089732717
149.25688274806808,0.9224686813710389,0.9125445661221433,0.8875853410375764,0.666027606363277
149.71312999430833,0.9250278180997251,0.9083516729794455,0.8777326204349395,0.6651206553887752
149.9482162966195,0.9193956672660526,0.8962322056003723,0.8673433222525998,0.6569740939721694
150.6444821238264,0.9169824969519519,0.8866422443063358,0.8622868531727479,0.6552940662872178
151.51953786170068,0.9165914642028323,0.8856778679666139,0.8551539374092004,0.6504644750542352
151.23080414659668,0.9130430646358431,0.8759624273693097,0.8521643690330178,0.6492321252484207
151.23441506017647,0.9172725514767823,0.8695016589220897,0.8441592700508,0.6458128627982463
151.02881891921382,0.9206665829715008,0.8716573246773633,0.8479249323978724,0.6420248951568973
151.1877002555513,0.9101288928547835,0.8569846313583329,0.8383368877744367,0.6348276472605537
151.3939851491213,0.9086954083385995,0.8538173838208778,0.8342621451054937,0.6279296440631408
152.29632183221761,0.9196093825406666,0.8614858871138585,0.8486902140420277,0.6372817482115083
151.7094174391085,0.916915912640906,0.8619338921834265,0.8539949337924099,0.6387365203662035
152.35240588472755,0.9208066382778696,0.8605415297573875,0.847801192285332,0.6365427378795085
153.18217890445774,0.9142714677245481,0.8606425871818515,0.8396243957872391,0.6329428834956697
153.928047377877,0.9149124404412682,0.8662968356232993,0.8543117657489433,0.643483473024491
154.58508530492279,0.9080744161163286,0.8647193952123836,0.8600002917232218,0.6526302893048497
155.20297776646453,0.9099326569115008,0.8638113525826604,0.8607259480212595,0.6501595754749403
154.95393354267875,0.9042639639617379,0.8616543300833464,0.8563358187458393,0.6426588602213028
154.19603162089797,0.898736397662059,0.8540931500298835,0.8504065937128997,0.6323750593483923
154.04798624704216,0.8895592143035435,0.8511354102625877,0.8496868059793555,0.6251428896817817
154.66028331030287,0.8736161091940793,0.8499832088148371,0.8561342298766235,0.6289134401902325
153.5250125331443,0.8708865055984308,0.8551803720322313,0.8542021883052431,0.6275948358421203
152.5334388326835,0.8807583680617276,0.868443369042956,0.8686228040343106,0.6392157765624428
150.10156207276356,0.8800367589507567,0.8686042122110643,0.8586482539761321,0.6288726842232095
150.6534343383794,0.8665262755458638,0.868973972900678,0.8647254796267155,0.637883468720457
150.9924668497158,0.8738061818297486,0.8970317121095862,0.8765621662004071,0.642869212215264
149.79067131036126,0.8669243539425576,0.8951090498255362,0.8749489546661982,0.6388824823806396
149.8788526272951,0.8699172664991394,0.8959278173118989,0.8705929446438756,0.6348953777207558
149.21837073309567,0.8788096662144668,0.8918003426684532,0.870792394762573,0.6379399195945464
148.46118934446548,0.8710675038656658,0.88683476640113,0.8642461275327248,0.6321022108149212
147.02929416276785,0.8700943199943448,0.8744414195216195,0.8597658682275622,0.6308276252012867
144.907401807884,0.8648587443793968,0.8692730001287508,0.8559155203264668,0.6279861415517637
143.24407140056945,0.8715342489801221,0.8628945467233745,0.8505748914193638,0.6266007464430483
142.86787539882977,0.8758896948275198,0.8546759558632855,0.8413907288381373,0.6222336565784359
143.57792791325878,0.8806985909760698,0.8553499588129116,0.8395120642883301,0.624312158429632
143.3028852178141,0.8785036401914869,0.8516190333738497,0.8336281964886445,0.6216786334910034
142.8132213921012,0.884871626858888,0.8576161733198119,0.8340417207762909,0.6248961909831454
141.5723196941748,0.8827800232914,0.8487975760153484,0.8208326636358061,0.613471480038612
138.76326087499936,0.876619066902546,0.8359434103080258,0.8139572898283469,0.6054598013354389
138.3600893208081,0.8685093809590981,0.8430635007321496,0.8142565606504426,0.610815877005159
140.34655700217564,0.880548888188123,0.8566334478997979,0.830829916810018,0.61896733798487
140.66941772928294,0.8783887740785659,0.860591624344747,0.8338321486890138,0.6188028133821042
140.80713941056698,0.8803231516786652,0.8609411851508632,0.8340186662560355,0.6213398684285301
142.02135642470475,0.8888057926228334,0.8716861712823687,0.8441777182260333,0.6311074675155749
143.98725493969474,0.887329394332381,0.8738805957349385,0.8538180802928524,0.6390653021511717
144.16237445065025,0.8878047601806179,0.8738468408251983,0.8520238295282874,0.6417981648206621
144.21018322017625,0.8857201250143266,0.8717825574902199,0.8505447201356607,0.6412083999049603
143.79178019168103,0.88971947122778,0.8768285873082975,0.8489708319006292,0.6408112670390502
143.2771959888804,0.8870931000520484,0.8746871098808411,0.8484124850092172,0.6400389268041796
143.28676780332452,0.8889569668927105,0.873786556860754,0.8445055301010667,0.636463562343283
143.86840301026405,0.8907644410378652,0.8706573841324393,0.8423126829135523,0.638836091741996
143.76016870507607,0.8935411454403422,0.8793686215724209,0.8493625887129996,0.6434845341935752
143.3570464322585,0.8903788248475258,0.8806996921955091,0.8535024996181786,0.6456107357059224
144.41111442938526,0.8885114906526449,0.8771030881737695,0.8530820826718489,0.648640502529723
144.64104913427187,0.8931978308871021,0.8853569419436049,0.8521575275771821,0.6440436050659809
145.62063939850958,0.8905554597608645,0.8884395143286479,0.8606581331734184,0.6400181540464782
146.38034756087225,0.8946793838983942,0.9033204597109066,0.8707080018149556,0.6457488567218228
148.32241634590852,0.896781961400286,0.9101996793869457,0.8849595827228947,0.653076734488973
149.4493906910758,0.8985841994188899,0.9182565976356886,0.8937533062164945,0.6594858873147875
149.31728754365238,0.9008761251678609,0.9281842197055802,0.9096569558217076,0.6688591607639773
149.89476185060175,0.9010093959383328,0.9299935310858793,0.9159699539629956,0.6687646723994535
150.8205473722638,0.8969890045622179,0.9237050398416325,0.9191934753839076,0.6752972778619752
150.15270916050653,0.8919114462038545,0.9142132707167778,0.911571340717773,0.6769784757716659
147.38015940814722,0.8915580103523786,0.9077766647820753,0.9002901640570931,0.6689749541826884
145.77894616594298,0.880721513298357,0.8959712744663071,0.8784103917132458,0.6520910546843159
143.95858475149072,0.8739273984597997,0.8850635505880329,0.8719346458109737,0.6521551163316388
143.83388969615416,0.8678893799407759,0.8865334921090825,0.8697315373065493,0.653470320560605
143.46037438268658,0.8766291748810562,0.8940456944743455,0.8871929901389255,0.6734793538414898
146.95359307624207,0.8904980802555714,0.9102943062298509,0.9060842648470032,0.6894652853381508
149.6788933334932,0.9063923458392339,0.9319621441428328,0.9383292312355657,0.7167019725261425
152.7340738669454,0.9270947043324567,0.9561269405435132,0.9734816997708615,0.7428675163155565
154.68001467770173,0.9373307408255072,0.9711984536668512,0.9993787653220426,0.7587555637419084
155.9449289953438,0.9511246751261058,0.9808749251060062,1.016547041584425,0.7693255316089759
156.7255850254092,0.9621429716709822,0.9899778120596996,1.0301662931031252,0.7843328105665693
157.04978717669928,0.9687576301309788,0.9891648849848652,1.0244150135738923,0.7803100902984719
157.62017819778086,0.9727755515015271,0.990141099037186,1.0320414554373287,0.7868666358989116
158.00476127046284,0.9834259545613356,1.002006808693347,1.047821327302541,0.8017846507094888
158.286682963333,0.9800862792492753,1.0034591457604896,1.0516391634066775,0.8085269195998495
158.53066201953303,0.9826891811196558,1.007896925543748,1.051088476179465,0.8114042309584923
158.9713263741262,0.9802731317786941,1.0047594270530154,1.0511409976347073,0.8107769516959537
159.39386198039014,0.9907026214484833,1.008367280186483,1.0547203197244983,0.8154669694733144
159.24962457012856,0.9916637016710091,1.0034926642235173,1.0497905496760747,0.8104982422962779
158.34894908938946,0.9889212986031106,1.0024242055789603,1.037597627821452,0.8004533432226996
157.98946142213694,0.9706811616419874,1.0012363840782734,1.0367956400012415,0.793364874028216
157.30667850730114,0.9282847007042505,1.0015084197049753,1.023737538736265,0.7838970179277749
157.7658513863142,0.9304085448666934,0.9900392301078275,1.0261161964308385,0.7920239512601799
158.5031329711209,0.886536567090244,0.9878024823180092,1.0319646977842654,0.805547001197424
158.94289000304477,0.8210423798810438,0.9727457222425887,1.0254630148815334,0.8082792622140682
159.34296202803824,0.7832037111512096,0.9652319349231359,1.0305576208111877,0.8193960561708186
159.99839971338903,0.7659635797288468,0.95702661192228,1.0362808900999816,0.8220132540979244
160.12862416113666,0.7216542866454823,0.9418681648279243,1.0203986873010895,0.8090299999402955
159.7134345152534,0.7744101608228892,0.9384117189047602,1.016484537930612,0.8060948678720908
159.3523113796772,0.804756085736947,0.9303972186872542,1.0074693757907491,0.7982499646756899
158.95041774718868,0.8355460889044869,0.9262351953599093,0.9982814278371949,0.790540313596466
158.7287346740869,0.8767505140615599,0.9393698645449197,1.0049969104154663,0.7879265986018565
158.82314511970594,0.9038732310494654,0.9481955881965014,1.0065518581922954,0.7862503615104951
157.8821857837886,0.9339693363127328,0.9625310124248407,1.0102273404842885,0.7869534868001992
157.3119561827557,0.9528776229991089,0.9700343490316939,1.0120042251554657,0.7861521948730619
156.87338760042024,0.9733824338409562,0.978396336741799,1.014409207287441,0.7838350130105238
157.13007887576177,0.9798449238571604,0.9757290941226896,1.0203539529934684,0.7853315498759887
168.17899423395093,0.58089274085354,0.6542964840347245,0.628868195947562,0.5332135649788867
163.58913340597118,0.24647792358007098,0.1779101436593693,0.1558710781356334,0.15476760676328427
159.79073441446658,0.2718915106722465,0.21221201173403254,0.2379292528360641,0.21626314856069054
156.91022016017615,0.4619871719555066,0.46560655927589734,0.4822881296210494,0.4068634448084578
154.67689752710737,0.5941663491722999,0.6349494626659399,0.64459728948706,0.5370473877702651
154.16966835006303,0.698376880820417,0.7575017717506594,0.7801304769260319,0.647006941071322
154.8362412504655,0.5941466648649325,0.8347085927505905,0.8799375936250567,0.7131433867963056
154.80463697879455,0.6668099349489691,0.8936872032423199,0.9584760437240618,0.7595594715154962
154.79291714598816,0.6835658471998307,0.9333213035611404,1.0072174520731847,0.7878202261325618
154.22082310666727,0.7081421437730644,0.9610356850887483,1.0405127533350347,0.8095594596988921
153.92342699126723,0.7028308582405902,0.9863200075838908,1.0767263199250077,0.839897737828606
153.13733575713837,0.7891166882056793,1.0146590890270502,1.101482172695406,0.8577859993167489
152.91391023564793,0.8072737663476132,1.0285515492312134,1.116023029959939,0.8577240520260817
152.41456094435281,0.8683603051306233,1.0494227318930631,1.1334399294703332,0.8599000332750704
152.885160649106,0.9204585779793759,1.0705924180978181,1.1505061081667591,0.8626773868851768
153.35568359803085,0.9550874843965065,1.0867597868980747,1.1575474818541804,0.8612302052688181
153.82410852049713,0.9805243955077588,1.099917819338061,1.1623604822573284,0.8673258096268304
153.9530659031948,0.997200844188569,1.1037036899142518,1.1530287056891797,0.8599229785080035
153.8761984063029,1.0178088057610633,1.1186604286069155,1.1607495823464942,0.8626067041976867
153.86143602951418,1.0342513284718173,1.130818534376686,1.1773558646630569,0.8793743060095338
153.58461414222882,1.0441768203754553,1.1327133136005398,1.1756732856541783,0.8803873997088418
153.4105286956295,1.0465697611146576,1.1353324211442413,1.1744787289937146,0.8787871996054674
153.0790904315172,1.0460486324382603,1.127193606512889,1.1624137774481766,0.8775719819260824
152.86527599812285,1.0310250585518363,1.1103037360107875,1.1426212291867168,0.8671678110527427
152.90424989347932,1.0241517618585343,1.105885409735694,1.1348362363541271,0.8658338906917606
152.82561301023583,1.0195400891505584,1.0987369580815793,1.1284988448610422,0.8658359645797992
152.8879557176292,1.0102761913728278,1.096859151451993,1.1311918281316005,0.8677076012838362
152.75430665626948,1.0073865998378035,1.097265582373755,1.1333946070936438,0.867538770855333
152.7893961143919,1.0060365839227334,1.0973777743337987,1.1325422594404497,0.8650924831671818
152.7572955047212,1.0064034203608359,1.0910920972636322,1.122950861283866,0.8637132431808335
152.4808099791578,1.0039460796009594,1.09057485370445,1.123833757895817,0.8646338371498998
152.91641819701854,1.01055748290424,1.097276562766438,1.1286577504814201,0.8671367855195011
152.80748807988434,1.0076908403323854,1.1001872794283605,1.1226733119046364,0.8562488434150036
152.36050600827014,1.0174789862549194,1.1091907382207276,1.1321366107100208,0.8556255740797939
152.32376798254506,1.0179830391278237,1.108785079245063,1.1384963188293629,0.8576704324537243
152.2872893602065,1.0242551616301805,1.1146125058870646,1.1446465687409666,0.8597062958343903
152.2733261789859,1.0297088115619373,1.1216565042466868,1.1561098420325038,0.868341589585065
152.0809459249716,1.0345201889064624,1.1259110875215093,1.1571254651918046,0.8666572023930278
152.06717512479887,1.036593529750845,1.1266907887185507,1.1586469513443602,0.8680894229425722
151.9376543590871,1.0371556074715318,1.1267599297361373,1.1569903863792326,0.8623724557898673
151.87640866261856,1.0386376375050443,1.127551768859529,1.1591041405859246,0.8630868791414607
151.83368434638527,1.0411779069050302,1.1329992039466374,1.1654127824510851,0.866682283344803
151.84533079020548,1.0402367633817546,1.1316644158013824,1.1704550032144707,0.8743846601411452
151.75405240617357,1.0365064121036793,1.1288003642043616,1.1758087575572742,0.8817155329478427
152.07449125903332,1.0306489543984623,1.1243991543259206,1.175674608369155,0.8817993581951422
152.32427523338836,1.0322118347635088,1.125255260516699,1.1801822808589861,0.8883223351098073
152.35666009041532,1.035076897043703,1.1273302693544311,1.178939579335609,0.8859736982857694
152.1901608923657,1.0370946264101415,1.1283225312817227,1.1781181013902036,0.8859175464383402
152.2142041415019,1.0360898728828143,1.1280413456857046,1.1763156404405952,0.8837801507708224
152.3623240457027,1.0380463420244352,1.1338668829525163,1.1815921068230069,0.8881426623203723
152.5537327372534,1.0398212240904465,1.1380451485925682,1.184861013068936,0.896643912516358
152.48504036350877,1.039607065706892,1.1411157667234295,1.1876123736114936,0.8969307065052646
152.43571434812677,1.0333530101291557,1.1393035806593408,1.1851655551285252,0.8997937749421326
152.48681244361518,1.0315115400916464,1.1424034699904644,1.1901225720747761,0.906702642968284
152.58750692338927,1.03106652392078,1.1414828321612556,1.19479450726017,0.9139546447438335
152.73756214345707,1.0337666630762308,1.1480728691619115,1.205292675094672,0.9228048866756682
152.9592710741583,1.033950674727738,1.154203908291825,1.2103196931524411,0.925887686173443
152.98968657835124,1.0293878940424106,1.152151266653836,1.2062828419119185,0.9236833266364828
152.81476389273615,1.0318701882137529,1.153600140686393,1.2061071623447643,0.9231635648635163
152.79241887824318,1.0336908893448105,1.1538986286087003,1.2076036627637419,0.9244872399844977
152.76718513488177,1.037237861381552,1.1539563982967997,1.208177063594195,0.9259124501134928
152.76394431968635,1.0445686755873012,1.1535132910671502,1.2068309674649869,0.9267889650912847
152.91603122618645,1.0465186886176612,1.1525874259237432,1.2053383153519475,0.9271078569357173
152.81214114708604,1.0496051942339475,1.1553542734311306,1.2037325338516733,0.9316825373065987
152.44786272118841,1.0575046025452732,1.1597554846472202,1.206798035468442,0.9337611167354416
152.28698749988718,1.0607980656611717,1.1545499557149959,1.201305525777262,0.9310120950092603
152.47807598975874,1.0643098352112002,1.1553106357601863,1.2021514354339364,0.9328067738986017
152.3903745836631,1.0634687549421329,1.1534632348822658,1.2000347696453217,0.9310252735321369
152.22085879516243,1.0673095433760953,1.154318442074006,1.2016910206616545,0.9346592813997063
152.45387677714473,1.0658960498897492,1.151801596585779,1.2021105662691882,0.935843132194716
152.6055962266934,1.0647762355155752,1.1509858842442213,1.1980698748259755,0.930733679705129
152.55303602107566,1.0611842958920483,1.1451988769612802,1.1932332841360174,0.9280073482302252
152.55629741917156,1.0608522094205404,1.1450402291943191,1.1935939516687888,0.9277660777782162
152.27061101600697,1.0568241954697284,1.1400891540787326,1.1880023221886775,0.9251034505934765
152.42384341097534,1.055984466453567,1.141713257952979,1.1942489053477954,0.9317094704478965
152.3200676307222,1.0483764716003359,1.1368390991914512,1.1886690847442873,0.9291323569608738
151.96842684332444,1.047506629428769,1.1371561004444237,1.1927590453549466,0.92957168996028
152.04072371354923,1.0443800878792628,1.1339702492546928,1.1917270545581506,0.9312808481677085
151.95596519031895,1.0387922065846271,1.128182021971243,1.1856438005065515,0.9265642897969941
151.9799466095409,1.0407930439353126,1.1274629473978364,1.18772396728728,0.9298130812655061
152.17416592394636,1.0445243222992011,1.1264302747413808,1.1884448931547318,0.929017523828395
151.99066288277447,1.047757899940094,1.1305141451035838,1.192440446950296,0.9306671316722398
152.55590126225246,1.0487044785432886,1.1300435276226781,1.1845869350227298,0.9283259488805781
152.971151918306,1.0409754424785962,1.1222490932852707,1.1691981529851787,0.9211239710479573
153.21958190455473,1.0290141994068638,1.1196527410073147,1.1756568029566654,0.9251544915105151
153.41943962735195,1.0306898948591394,1.117797821147226,1.1829957379724982,0.9283036253988407
153.6754939968343,1.033648203301415,1.1187071278597687,1.1836762485210044,0.9312514217075568
153.90081200006492,1.0378219763407557,1.1204659627509415,1.1918036328571713,0.9405972810807924
154.1648706439799,1.0407331759172913,1.1226167900247639,1.1967092738885263,0.9466034457879425
153.94620285077806,1.0472008989871506,1.1298477095838886,1.1992216120604913,0.9467332913526821
154.04335246416218,1.0493287443129595,1.1270490857404483,1.1937305171095463,0.94408495045332
153.98496830863238,1.0484125775319166,1.1249757146228885,1.1937981391067163,0.9420654847028026
153.9030892993077,1.045098582991308,1.1209151497248642,1.1902897308686604,0.9368603298125445
153.99458762797198,1.0425314209990528,1.1207442689574216,1.190589432128955,0.9318462892234282
154.18071909737057,1.0438131350993196,1.1262143535425462,1.195293810247929,0.9375116532680645
154.32372721029304,1.0462217205455606,1.1321800239718192,1.198292980807093,0.941446481479969
154.21597228169057,1.048504912836558,1.1381339734886564,1.2011042636932059,0.9465849352882881
154.14472815363573,1.036824617764453,1.1311012021805567,1.204423420789165,0.9449471475107027
154.06617279526282,1.0352332779260984,1.128068063651414,1.1967988065318138,0.9419525695893206
153.91062928916423,1.0319805457920737,1.124240887452832,1.200933789341879,0.9430982458191738
153.85999961106347,1.0374065585577124,1.1299506825756744,1.2042101039193491,0.9483700897500822
153.83739289522563,1.0385980327386324,1.130559509928254,1.2071306963485302,0.949227342736554
153.83500947604705,1.0374978135013653,1.1279247596995954,1.2044401301659076,0.9490179231208433
153.58071330189026,1.0360410212463103,1.1233981230919194,1.204333627175923,0.9513841026874378
153.6328743952215,1.0390605133627184,1.124164302140516,1.202306130110812,0.9529252080988316
153.40390084438354,1.0416128117710635,1.126580843348965,1.2042494180604804,0.9520017852653877
153.53110697790973,1.031573713281259,1.120233887502031,1.1909054919783444,0.9436081444306035
153.68703388232316,1.025695212219787,1.1177967257893413,1.1849244712334586,0.9383346879357378
153.82437722680174,1.027059512372442,1.1188047563277974,1.1835312230879957,0.9360760214067946
153.83635677549626,1.0276269023862923,1.1181021232532142,1.1872010996331075,0.9351878131739029
153.9274755888935,1.0345588996732167,1.120904677539275,1.1926416721794117,0.9398758527217531
153.8048718751145,1.0360435669558126,1.119595234005617,1.1851724411761757,0.9359302359273759
153.90178396708032,1.0325680658325,1.1139482912648426,1.1842823690261637,0.9321155895559986
153.76092539854395,1.035900899679974,1.1166640773529313,1.1868476510033796,0.936456368625845
153.7824091062513,1.037062539626751,1.115896911804223,1.1887349184537495,0.9363518498964255
153.63145838714064,1.0357992855657414,1.11541653030161,1.190206025522203,0.9403106100266239
153.76033526077046,1.037183470992023,1.1163448242420277,1.1930076511609482,0.9429642074394842
153.68116092927266,1.0409861756546226,1.1217352561060512,1.1923183386098053,0.9427589670490103
153.9179380027303,1.049535764102029,1.127347516559486,1.1982611943188992,0.9448224327503668
153.98518866020362,1.0504626075008578,1.125238813186645,1.199908761053899,0.9471030030870984
153.8102470284948,1.0483747742977245,1.1218855253273319,1.2054629486523356,0.9509036468129534
153.88842575282885,1.0495498898941444,1.1192953681066748,1.2076094132369801,0.9516855253731761
153.73637303949087,1.0487539395397762,1.1191399223976866,1.2040627504262151,0.9535967793860437
153.8224484514745,1.0480866865695204,1.116553451294219,1.203612099071646,0.956125173041232
153.90855601001996,1.048380119857776,1.1141080503784788,1.203071385935515,0.9576830655072824
153.9147066094563,1.0448171949458904,1.1080907752474691,1.1972246081763602,0.954551739259779
153.98320083459427,1.0411002704070462,1.1049456682408378,1.1929427266071309,0.9498410622064017
154.1031686874712,1.0415919321940978,1.1058719116423545,1.1914838099407967,0.947286735679359
153.9115813702887,1.0399022585780102,1.1061577830018416,1.1888380301851273,0.9430516707182511
153.56798126298833,1.0347267749607438,1.105253388014321,1.1875263943179133,0.9374567671426541
153.5944794885302,1.0366549729613836,1.1104733161438267,1.186513677024308,0.9380284915233353
153.48096941070037,1.036505747124638,1.1110476017429762,1.1899111629492878,0.9382699831358529
153.76369382719156,1.0347011051257362,1.1130851117500138,1.1850951052243406,0.9355743829786417
153.81382337669243,1.0397848575284911,1.1194017224573496,1.1942315221770798,0.9411854378493943
153.83100390777346,1.0422296509862827,1.121887396237668,1.2039734380290419,0.9477969124717969
153.65708987931723,1.0366556587690887,1.1130629241427015,1.1914860158590097,0.9420774725111061
153.88597849850706,1.0375915801530438,1.1099681971446151,1.1932196565794861,0.94132269403052
153.82640684721494,1.0360372973443757,1.1096111589092625,1.1874655832303727,0.9405068327450415
153.78625702250687,1.0365706534290846,1.1094126425370099,1.1888300415449298,0.9441565600813551
170.63984844515122,0.6201542056008889,0.6095016313985533,0.5750377274104187,0.5805862334110117
165.39249763169863,0.3387881240769514,0.20453373419882337,0.08401932385431646,0.15824287213641988
160.37078511977484,0.3607004822522998,0.3208181147431901,0.32107505477112025,0.19833647426061862
155.42644952411956,0.5364733475868483,0.5622676023384646,0.5776630703289374,0.3878270073005123
152.03492901947405,0.6712148277677258,0.7352805491163937,0.7387656751145911,0.5164974823139257
150.17995602208194,0.7700143342877906,0.853609407492582,0.854583676294269,0.6247538565457613
149.51037024227224,0.8470571698074972,0.9329357822607414,0.9379056279970375,0.709165344814118
150.89702540036333,0.8984647392906672,0.9966102977846413,1.00443641480605,0.7796271988478369
150.62939491661902,0.9281082291898333,1.0340752216210423,1.0516616483377166,0.8241510583885429
150.56855067639327,0.9484653678812913,1.0551554621375934,1.0766606906666634,0.8522058622972674
150.44245740617572,0.957836620867238,1.0641491956015678,1.087857697026651,0.8697089037181595
150.809646971916,0.9631425259474443,1.0705546933067553,1.0969646814458218,0.8802348198140434
150.77302543402746,0.9748426411102125,1.0696073053420396,1.1068381706339718,0.8854540646136557
151.594139860214,0.977202452168159,1.0722808335859035,1.1168437387056098,0.8765994864144302
152.2653809063719,0.9871107135012439,1.0799323201819073,1.1287806189196223,0.8819562474744254
152.4499737488336,0.9863892018369266,1.06958497596595,1.1171040208962026,0.8722297753247654
152.39278906055893,0.9877399772750406,1.0645930769146161,1.109530054471812,0.8661271622147085
152.70086010334813,0.9862506163962436,1.070230408772185,1.119876029732324,0.8787058279324478
152.95396840326308,0.9924284575674772,1.0785950573944192,1.139314899713208,0.8943531694444392
153.39702835369198,0.9965979509436729,1.0757551706228,1.1387804834834574,0.8958267359738545
154.14482402640704,0.9994827048717267,1.0801026828028653,1.1475263498851593,0.906011641862798
154.5829874860881,1.0069865053829519,1.0882297404161778,1.1579385005913685,0.9103561569509216
154.7512682457716,1.0096821632748065,1.0944159003701197,1.166324624468753,0.9176619337422428
154.82733391418813,1.0158354727125853,1.1035253652108556,1.170520312979723,0.915366955147122
155.30103513019705,1.030394583897559,1.1138724853988602,1.1690853413644209,0.901161276027918
155.25569038189576,1.0483491075140798,1.1275316260915953,1.1758897622625706,0.9010138067453026
154.7934917634891,1.0616328069048302,1.136206402737532,1.1802644679702836,0.896167859669512
154.68486680082,1.0702744957505104,1.13963533624014,1.1827477319707151,0.8906836390705883
155.03685468895654,1.078024204039943,1.14856842346295,1.1968761350115256,0.9018200965652952
155.2890784218158,1.0597428943156826,1.1341106762732063,1.1947629048716497,0.9019616318250474
155.2160067590737,1.0553866960405118,1.1301539386228623,1.185640465012089,0.8923320100014276
154.95115853050262,1.0552945815910408,1.1319468751544925,1.1807418219412134,0.8864087182170394
154.74414477737625,1.0565237003149186,1.1322472284655805,1.1808414996449141,0.8855969573254122
154.43382099620723,1.0552061124788905,1.1287745367655309,1.1720154691249933,0.8806618772014608
154.66980072986115,1.0613394559604086,1.1364495057888673,1.1785311335164521,0.8804653073332899
154.68482130527593,1.0654371509229374,1.1413770230051135,1.1812632674693468,0.88647749996749
154.9812766311965,1.073951492342256,1.148434684933118,1.1869724339032004,0.8835692755843131
155.3071413714379,1.0797604484135073,1.1525504837240748,1.2003072751759585,0.8955671618993055
155.17229884191008,1.0862024927556473,1.1582748536689929,1.2117114800298965,0.9053390281052495
155.67237094811574,1.0854702913930871,1.161844993987766,1.2153277807305627,0.9032242512144633
155.58415124885295,1.0839029686079313,1.1635131054250238,1.2155332856727452,0.897234769539427
155.6841342252561,1.0796062557980959,1.1622857725529074,1.2122712916326122,0.897219371444535
156.0875012645597,1.0823695979921533,1.161711750528922,1.217185618641452,0.9034190465982663
155.90448185985605,1.0866822026716612,1.160943678688947,1.2209040757205105,0.9099305339958261
155.824096964215,1.0975964266713005,1.1639156708669995,1.2220085132688392,0.9068473442329602
155.04931913446998,1.0926461473066444,1.150481954142227,1.2052179263055411,0.899817107294409
154.35799435446057,1.0923257287081376,1.1477518679634569,1.1979457325981566,0.890723859951096
154.17577504939007,1.101031164169454,1.151762060098445,1.1991161078559736,0.8904906406819773
153.98400120116688,1.1052428583452594,1.1507644335011362,1.1990998524746896,0.8912433738322157
153.9417205628893,1.104983896730145,1.1506920998480537,1.1992041319353919,0.8918141961164141
154.2225943891538,1.0986572636869436,1.1482571964693293,1.1937122373526035,0.8875515573205657
153.9835299928002,1.1002417133066653,1.1424664757026695,1.188830243212974,0.8864377541907664
153.87620013689406,1.1007867748443019,1.1392341486043183,1.1905486971060355,0.8895027443086381
153.6226136541148,1.0894709316116573,1.1348927283011419,1.1849571115791118,0.8866391340113027
153.52294966946667,1.0990421661730234,1.13891170513464,1.1946144042191382,0.8934807354127685
153.98635151482873,1.1012781736811148,1.1403250625545183,1.2005538362607182,0.8965122563559325
154.26187343277394,1.1071881499828191,1.1458465097701833,1.208353424432207,0.9018803784795617
154.7864288616384,1.110535107136202,1.151578112357113,1.206899090952959,0.9009248604857005
154.93323597029885,1.1127978007837913,1.1488128443780994,1.1961496015689326,0.8958824890205103
155.20006188371224,1.1154575474543966,1.1499070568375034,1.2004572646331475,0.8993792447446464
155.09935804077958,1.1145908483542741,1.1464574935307124,1.1991630181378623,0.8992125359963647
155.02009145314756,1.1139140077584642,1.1510523390002219,1.2047683637033255,0.9019528751595897
154.5641961596067,1.1177782194781962,1.1537873579209357,1.2076481744276806,0.9010761915613363
154.4738168433996,1.1192488057831054,1.1561410400427206,1.2127235704784216,0.9021750270884445
154.6151776422905,1.1195933025789884,1.156072122892635,1.2174190248125731,0.9046942897774084
155.1794126550201,1.1230585370637298,1.1630366520819517,1.2280511110458334,0.9098153231803713
155.0851732714121,1.1238948154054473,1.1618849078100386,1.2302450009920793,0.9104535760034514
154.92337027148423,1.1234299723192247,1.1592639120564538,1.2222040553803948,0.9065617846735253
154.8944780581095,1.1279028097568404,1.1608472941302503,1.2135998652044624,0.8999807860041165
155.2799565913768,1.1301347854378474,1.166407958107035,1.2167808866096272,0.9007736417369671
155.38195767673886,1.1311863481333901,1.1679617807892266,1.2237546998904683,0.9071842472056064
155.23737880680164,1.1329323989967826,1.168108217603051,1.2245269985668283,0.9082549240497574
155.38727515063252,1.1357376283342335,1.1687641324842228,1.228856615042866,0.9095391932595954
155.38442739851982,1.1353697112418841,1.1676333638398355,1.2262368282175957,0.9048718635672154
155.50995767019492,1.1359362276359615,1.1656897973003528,1.2252854597471339,0.9030837894379349
155.50122033491937,1.137957545726149,1.1699179593082223,1.2257839251774854,0.9020313428951933
155.4532840126013,1.1435548510953044,1.1741770035015102,1.2309022010263189,0.905318974409216
155.5255406222084,1.1440617127142751,1.1748068711859392,1.2308496307589587,0.9055637864867476
155.2290133465314,1.1432221105623634,1.1762823158982303,1.2344157832226557,0.9082199999135622
155.45716100263542,1.1376518654821106,1.1765669743711185,1.2306687163272965,0.9027864875020093
155.35377572848554,1.1342892406574472,1.1701111579744237,1.2241391803330732,0.8983436187781964
155.54647851989728,1.1327204370685817,1.1706910896818428,1.2227888281351558,0.8950064312722267
155.41633787599898,1.124599125663238,1.162577334422587,1.2147399194802082,0.8925888905211795
155.5905008998261,1.120258551612666,1.1582295716167903,1.2101403821183356,0.8916474118797284
155.58287328429657,1.1151730788532899,1.1582141284525473,1.214374683359183,0.8973087158900449
154.92261404348974,1.1064216032242191,1.1522306289205,1.2061160805500193,0.8959366944761123
154.58384224934792,1.0981608223520718,1.1508545301081776,1.2059603463758315,0.89301882067078
154.63479257511867,1.1064886183369196,1.1597294842655521,1.2163271483005076,0.8944002237275019
154.2871451508643,1.1057700452338712,1.1575427716507585,1.2148635262041172,0.891043936375452
154.19118688108261,1.1073934851698477,1.1602400949107983,1.2168003105478933,0.8910825571903921
154.1664333775091,1.1113558701710855,1.1661020085244234,1.2162940911032243,0.8900653194941519
154.28997250937664,1.110358725207632,1.1679571920926743,1.2181622107255818,0.8920459998810902
154.4032702594017,1.1188286428772787,1.1738519106200727,1.226139529846744,0.8990806995227617
154.21340784403853,1.1237820693646718,1.1792343988378633,1.2281043372943625,0.9019448072882532
154.28810749275814,1.1233911111096875,1.1813747976511246,1.2266492333581636,0.9014715676586273
154.4831759361774,1.1216814300128402,1.1695141290431668,1.2170107736348068,0.8975747976934992
154.63813290145583,1.1216493152936466,1.1654963140510262,1.2131921384703839,0.8998563448489659
154.62915418038511,1.1164540839071806,1.1629508538753215,1.2113544189232688,0.8988696182230355
154.32679261413733,1.1178991126339601,1.1654713752307995,1.2137652760745585,0.9011467035724227
154.32595907307277,1.1203861869059615,1.1687392273563733,1.2168616461732042,0.9053085529980731
154.31755762139693,1.1178190951473261,1.1649389420340408,1.2160023485976352,0.906186134731198
154.1706298266043,1.1109682878303235,1.1561762937539706,1.2037693226142903,0.8986748780508568
154.14872626071005,1.1055547521755957,1.153323292564749,1.2006301170552927,0.8950941957396858
154.35975433951677,1.1047443113148094,1.150647212194334,1.196457797099445,0.8915383416251744
154.71593339545427,1.1058968387008319,1.152173061893053,1.1914846366523018,0.8902832413131682
154.97009566992793,1.1103394158112607,1.160996743779351,1.204609291360597,0.8950203340671181
155.32369081505757,1.1147811572088662,1.1669227607175894,1.2105918008314325,0.9001653360569085
154.87619753495014,1.116303661553313,1.1681710826257008,1.2188935737080455,0.9057476465094728
154.81616322129517,1.1103936734221926,1.162539848770625,1.2080032251181165,0.9019063529133244
154.369359008152,1.1124549564391535,1.157631736670626,1.1992299522128993,0.8979093877523343
154.83630018689743,1.1024301957268963,1.1490679685510319,1.184758859142117,0.8866939619133734
155.53919544793317,1.0934708971682248,1.1417155044292011,1.179183557363019,0.8832129925405936
155.8973172063315,1.1010547800799206,1.1476270361757654,1.1877082928713116,0.8849882016743065
156.40678955388145,1.1066190659132344,1.155493800778798,1.1997862945462103,0.893236549841227
156.54293652972316,1.1111175281001682,1.1644867367957834,1.2090961921098833,0.9021044409774774
156.6083654685696,1.109664663527654,1.1643608554095048,1.2095900911278106,0.9086957345345118
156.55078691085973,1.1094575736269687,1.168507548556478,1.2217888208299477,0.9104959068115324
156.26589216293578,1.1120839612004774,1.1706403965885082,1.2255361889865446,0.9085058063121221
156.37279567197672,1.1039811348546718,1.1681719096172989,1.2268356182387494,0.9061415576846045
156.06812586789374,1.1038470032984422,1.1724656118514463,1.2296584766986165,0.9047168349089513
155.7753744938763,1.1013739811696426,1.1711232560733993,1.227932212023275,0.903008259119074
155.58513318655667,1.0961897432112393,1.1665506161913184,1.2234123604670342,0.9000632467569682
155.3444204738479,1.0888118259036923,1.1596440815907256,1.2129798307679331,0.8907267628785172
155.39622039824766,1.0832147773379488,1.156837439398921,1.2091661908521825,0.8863680273003178
155.38799047012284,1.0794960561934206,1.1541455576351205,1.2072009935395636,0.8849266013710736
155.42704051393846,1.076945381537404,1.153796794604087,1.2070214311916345,0.8833806730427725
155.2652731762905,1.0728077557544586,1.1517079598409434,1.2045361233874783,0.8836639997502175
155.15238883890635,1.070550624243442,1.1512947333800108,1.203203451133205,0.8827539620273458
155.38299319199533,1.0643870495005512,1.1495171171247764,1.2069320110589759,0.8860929166877524
155.39965300105226,1.0701317154198409,1.156664285517599,1.2204730471056058,0.8953762336133406
155.4819627804095,1.070869696400024,1.1571671619706643,1.221438804952689,0.8993415991355662
155.21644464222098,1.0750091672895477,1.1583824707970682,1.220764062645049,0.9032639859440095
155.41554561247912,1.0768673970962983,1.155814170051557,1.214850249630675,0.9009069309520182
155.59736922959573,1.0822662874825935,1.1595023667197686,1.2190920868640098,0.9054633705385153
155.682259580237,1.0845610568741386,1.1594764901151553,1.2225193798293363,0.9092304448288115
155.62185571816082,1.0927183631891328,1.1651491347995395,1.2308733560819136,0.9130102012782298
155.59178575302704,1.0920397393064258,1.1614511408920876,1.2213876638440542,0.9087916780177299
155.62032388427218,1.0954195573084697,1.1637355454619522,1.2212347031049162,0.9074845823305634
155.7615672404284,1.097624185154678,1.1646286095064349,1.2175904617854199,0.9071259400403348
155.67707977770914,1.103619340927662,1.164258263123791,1.2170287981051802,0.9073943800345385
155.66168319961074,1.1011489226069613,1.161565343965355,1.2154884824600591,0.9089969571459968
155.71654912413248,1.1020635269571906,1.1610640439216642,1.21535226580828,0.9101251734192901
168.05893290707974,0.46740651603009237,0.5198020801407952,0.4713128680019877,0.5069608256846196
162.38436104823234,0.23955615675532493,0.1399186190476212,0.044239999454811246,0.14623398257699996
159.14715923349107,0.37293582621147087,0.3319361120195638,0.3403801860011365,0.15077203586592958
156.6874713440799,0.5129183587206879,0.49671876162217443,0.5262860127997702,0.3221677205923574
152.13540284667204,0.6156201766937005,0.6209172418577256,0.6599751283941089,0.4110645777945928
149.58345196988827,0.7034956686336029,0.7077015400864067,0.7419244096968808,0.47484484029925944
147.91629090219718,0.7615290229724226,0.7589124810985682,0.7875826070231389,0.5292435264618505
145.11532519112654,0.7927180608768795,0.7726671324152875,0.8149960919709398,0.5663791597705472
144.56499440196077,0.8162298527562106,0.7881850491843416,0.834703473478196,0.5964619497407344
144.9026024130491,0.8347815473835308,0.8074080501749968,0.8564211866110267,0.621458708285267
144.52892188624295,0.8384885540943453,0.8130566517184488,0.8595675081088158,0.6258324645463393
146.51230664572284,0.8554847522457597,0.8356133235164631,0.8714921797779389,0.6381140154970073
148.7369823970608,0.8734597369987884,0.8617906115280302,0.8901201024076678,0.6592457380713936
151.7153501276936,0.8855418652735884,0.8831333692376434,0.9138847165055045,0.681243754597693
153.11026868014687,0.8945356144891153,0.8925107396116913,0.9206252988548695,0.6918971534684741
154.70469463529923,0.9050059576449577,0.8950014352254556,0.92496393402606,0.6962489906242184
155.66291029038533,0.9057224156738363,0.8974741796406979,0.9291053071095269,0.7002166015697562
154.36958796609173,0.9063479680335552,0.9034400399041322,0.9318058235719792,0.6947203307646777
153.77085765262,0.9160402920077827,0.9191389729114653,0.9381362129829474,0.6979439010730526
153.08842705626262,0.9053973194712187,0.9221309851041819,0.9439985703096196,0.6993276518263576
152.37758547298188,0.9004264412470862,0.9202267983552264,0.935982819388572,0.688944389532841
152.17058911303923,0.9124453662535981,0.9308843904268113,0.9371036632034225,0.6879642282114672
150.26130397636294,0.9034127741280922,0.9376315439621493,0.9435775443332629,0.689044602374522
148.93561284757357,0.9175466372307065,0.9428870045791001,0.9474616630848668,0.6817310146387503
150.01083579292896,0.9442823557932175,0.9525929609772519,0.947392591833991,0.6866371337425969
148.94163699546348,0.9701057052134868,0.9565789348341401,0.9378883203480822,0.6725957128896111
147.6553205475252,0.9648852813919542,0.9570060021058592,0.9499836520746937,0.6699608098324781
148.78995824133733,0.9686984388369793,0.961934414374646,0.9600317728010908,0.6733822584254039
150.9224550082358,0.9242075950914311,0.9448308985942538,0.954755595787305,0.6707667073156667
151.98493457093102,0.925742428755794,0.9363665188390072,0.9610503696760553,0.6800913835106102
154.31725862788247,0.9160222518326978,0.9263145641573683,0.9564065247059487,0.6878215994529795
156.18296927329715,0.9025644927966184,0.9204253419373949,0.957501197782804,0.6871008542411071
156.78979290647524,0.912542643928069,0.9273684571508586,0.9651432055594961,0.6952254880478916
157.26638643192794,0.928792844991261,0.9299344206570774,0.9643466887627443,0.6946468737228874
157.3904506776193,0.9203995982354659,0.9171259029756179,0.9430348473913639,0.6843222407051689
157.41234150842558,0.918040660411396,0.9075725339006864,0.9271751375021158,0.6761832450830897
157.65864986895977,0.9019279662343239,0.9047345506750506,0.9269652573940949,0.6801421502269613
158.1013975078189,0.9251141434340959,0.9155470006601024,0.9301629873449762,0.6916350621014714
158.65035708178937,0.9487683826296495,0.9238116651830199,0.9465483148713046,0.7061933127819903
158.91225654897448,0.9608497644646562,0.9336093271845053,0.9664330255566056,0.7227903908833797
158.75697345601455,0.9717167276999829,0.9536192207473176,0.9818964737354194,0.732844109739269
158.43855956176097,0.975080426318528,0.9673698025193146,0.9892870646936398,0.7363076645907486
157.90606661752258,0.9801976287366537,0.9705018570615114,0.9898223907395094,0.7281076812192918
157.7501309960485,0.9976337279186992,0.9807384257749125,1.0025704872831633,0.7354153709816794
158.02042610623593,1.007941667664937,0.988775290408823,1.0125435019045395,0.7432925675522319
157.2163365165948,1.0056261677491427,0.9868418950074095,0.9995147340809702,0.7334131026422068
157.83706649010063,1.0217382885362294,1.0108269578919034,1.02636614164063,0.7510985359976815
157.03451237710402,1.0197598044340257,1.0074796910662274,1.0143188808710335,0.7408814372991285
156.8753439373921,1.0238566649270355,1.0149812442568753,1.0285281684391878,0.7465641651528044
156.81445374839882,1.0241584709183187,1.010114901652846,1.0138237506466328,0.738196112288538
156.3510508592679,1.0260618668842625,1.0133489960328026,1.0117133413477064,0.7319203867493759
156.6286013940004,1.0185664288863534,1.0051447869344987,1.0120309081071395,0.7371417118156894
157.07502998813246,1.0177027909780159,1.002466585056389,1.0113037696104699,0.7411941682816815
157.19040766911135,1.0095329543229001,0.98895486413808,1.0109983569411252,0.7401183127799834
157.57026728788665,1.0068497437468593,0.9841391464081717,1.020540669466603,0.7469184241340813
157.58868214249785,1.009825466617144,0.9873601447136928,1.0116496594267417,0.7431959151480576
157.57058970874274,1.0085599822729898,0.9858130218951172,1.018213544162478,0.746517139744746
157.05470688924603,1.015005479086467,0.9902175103784264,1.027580207672219,0.7496505794703233
156.80392385756662,1.0202464869252232,0.9967711096597892,1.0292340025823017,0.7479968575255371
157.09125489894288,1.0213162705405148,1.0079656974576436,1.0338774640694492,0.75060627258927
156.80818068420893,1.0159369131079665,1.0085686397594067,1.02874319389069,0.7511628372289976
157.65626987636287,1.0108778297365821,0.998271600130887,1.028269185275483,0.7559662067885791
158.02557064523285,1.0044753144224574,0.9823900577139656,1.024398068819706,0.7604005696045602
158.41297131014176,1.006636898475236,0.9718836457993072,1.0207009971023602,0.7604018082130819
158.23527537816548,0.9743807352161513,0.9652242258657775,1.0264147067753293,0.7605306105764216
158.27959534322252,0.9472229367407973,0.9568488305075027,1.0283234020046637,0.7658357117377563
158.7015217551295,0.9146609278309622,0.9637434922293313,1.0332943057818254,0.7680456244598445
157.9675208058029,0.9127409029771094,0.9672613428125626,1.0141678467691548,0.7495872118788148
157.7714575852624,0.9183837720190625,0.9568905188456268,0.9976394305888647,0.7390721590572755
157.15566201025436,0.938331864770258,0.9734753579123095,0.9991935000380969,0.7385550944015535
156.0766555258164,0.9249942272339723,0.9554064474804448,0.9774373192748104,0.7289154568334932
155.51565230907028,0.9369790656236399,0.9616188914021584,0.9752355078072653,0.7259467413891046
153.97425535034623,0.9275033821165761,0.948781108470318,0.9702788959015912,0.7234594277791094
152.19056412179992,0.9197340943890816,0.9428064153943148,0.9611795236058633,0.7174541953524262
151.59636028299573,0.9194408068830816,0.9523563535540426,0.9748179985772122,0.7216681771792102
150.27091504483582,0.9105636512843156,0.9456921345115205,0.9744957360641512,0.7225614186580602
149.77748199480789,0.9087948541208765,0.9481441923497396,0.9695883581006134,0.7124357093511988
150.01346103953313,0.9050440220796317,0.9434964793288103,0.9629218928149708,0.7087348134650554
149.08563195506343,0.9048725871454428,0.9427249170024469,0.9519628641754786,0.7015646002746025
148.00849240976328,0.9049732890984764,0.9404584342279375,0.939201646426948,0.6929728188803749
148.73529519423127,0.8965463283301411,0.9340787284660647,0.9380221283398583,0.6908340100313622
149.8385189213532,0.8987558294004263,0.9413190388997263,0.9471675203970731,0.6929902283120796
149.5835667823103,0.8949652087601369,0.9426298700124424,0.9523023394496474,0.694014586585833
151.4825962460288,0.8900885799068086,0.9504839890705905,0.9784740127625792,0.7121573754944267
150.75377161941194,0.8899764976662078,0.9562691829999428,0.9782408120567622,0.7120721152351133
150.9843570754641,0.8852209987636285,0.958686187323998,0.9782184180629879,0.7157948406753777
151.27783052530134,0.8875251637422777,0.9717514814239704,0.9867012730048603,0.7237286703302613
151.01835426788145,0.8816000846207156,0.9629106841271808,0.9803233881015517,0.7186118171324315
151.41260008362394,0.8840367231402362,0.9646694615654077,0.9811347475873463,0.7171032563977855
152.03936194774622,0.8868988969286143,0.9643548883983355,0.9849295994233833,0.7201540975787057
151.97771823032625,0.8905898180029287,0.9601016746297866,0.9763486887632612,0.714366914895762
152.3107475331576,0.8992608612231994,0.9690953463057503,0.9793244981214957,0.7145391158008955
153.57798862189762,0.9011791871734339,0.9713461048523937,0.991853607100553,0.7201801169180843
154.55146762146708,0.90354850284371,0.9762679499152728,0.9993542304038276,0.7241268302449807
154.8180202966214,0.8970681477268219,0.9724094636576589,1.0007832418547604,0.7244722889891378
155.6812489970866,0.8993358539393516,0.9825373640954332,1.0137983470442087,0.7368288271844858
156.15601289102418,0.9045165349016181,0.9833536207502466,1.0162619913463031,0.7441817115103333
154.98839370747706,0.8996117038874936,0.9894626149532089,1.0126094776100523,0.7422600517521075
155.64755103667045,0.9096537670033001,0.9970246899340555,1.0157835253241854,0.744640862017619
155.47874560300625,0.9076501570139346,0.9945106203400792,1.011542914750396,0.7357057228510511
155.5883380145482,0.9159071694065328,0.9957928469052464,1.0054921963076942,0.7303117968815488
155.2927461617781,0.9209570449196286,1.0057925816196147,1.0110814590735364,0.7264156763695366
156.4869587799166,0.9241634446513026,1.005903636078509,1.02197601051808,0.7424321424578347
156.40350322257444,0.9016388805428796,1.016004107079467,1.0277854559440984,0.7458684723205239
156.75778254519292,0.810005839925999,0.9958996120481941,1.013112216190513,0.7326241766749934
157.56739972876497,0.8080759070667104,1.0139024056248647,1.0207530338933652,0.7271944005048292
158.20271375353934,0.8616708339854231,1.024313577763828,1.0202279241721524,0.734654930931117
159.1015594073606,0.9151633476225604,1.038155371858516,1.0384345398028456,0.7567975821939716
159.30235998808422,0.9466802233802221,1.0297843929698427,1.025538604879591,0.7513390876770907
159.5041192778948,0.9771975591974875,1.029857688077869,1.0236077878658234,0.7466500695461828
159.6578518976076,0.9944885013890631,1.0294900813644738,1.02486092724121,0.745196315984873
159.69646602134955,0.9785175575617715,1.016627932925307,1.0305946398911479,0.7552005675203973
159.16333111546322,0.9560323555763126,0.9845385182085872,1.013318178618657,0.7487294953106024
158.05189899370987,0.930215407536112,0.9633866963360151,1.001946641867323,0.7354437914071239
157.66996315673921,0.879590419695307,0.9312594192927997,0.9908609374617503,0.737721576718564
156.84841854034667,0.8704726105479278,0.9101748514445271,0.9720736436218913,0.7279865461803626
156.27476568052978,0.8604126814794876,0.8898905226749537,0.9429582962909405,0.7064619410806227
156.83448415464693,0.8510008551036711,0.875312138522487,0.9164529340532593,0.6907089634140892
158.20664311286208,0.8641680116518231,0.8762669164088809,0.9139120229699893,0.696590151171944
158.95299981338354,0.8690550054604016,0.8810134458768194,0.913898849794188,0.6951205122710296
159.65240097441742,0.8755919952365377,0.8958846524423688,0.9246805893453254,0.7024526677674159
160.01957195523013,0.8730406291594052,0.9035122203788406,0.9323435513863659,0.7109923282654996
160.3721915600201,0.8764756104524054,0.9142725595960427,0.9454238463255424,0.7209549512629746
160.2060687136628,0.8687208908525653,0.9075108957912938,0.9454042297671293,0.721390703179123
159.689139697895,0.8641493010303569,0.8945797000580679,0.9331719438625111,0.719060468738662
158.9143731839139,0.870465723989178,0.8974784466474485,0.9347243786004577,0.7239404040166362
157.61130359205242,0.8576366211479015,0.888452222261171,0.9286179717289638,0.7185247258414554
157.50966488593855,0.8643147963444451,0.8958561090216439,0.9396632356990701,0.7242137750605657
157.31739767574587,0.8672842488674549,0.8896870085140858,0.9371372840207114,0.7212695146429062
157.22071438024273,0.8730408381136844,0.8873083447089757,0.9456847396132715,0.7314055862698849
157.1920763057469,0.8806978325324141,0.8888939181382859,0.9480985049869821,0.734539674778214
156.74397913225104,0.8693571361690893,0.8727061028563847,0.9323956474387329,0.7229670617486927
157.03069926430425,0.8691623665472837,0.8714377374509407,0.9362164954387424,0.7250650490477079
157.16044514755265,0.8713415833419061,0.8798720448391624,0.9421301528541687,0.7270914293745326
157.27489456063913,0.8549711030109172,0.8939619610966364,0.96369872215924,0.7433467082832083
156.84887102227552,0.8410032832659341,0.8755071459582738,0.944436568465315,0.7344427336969778
170.5154958604688,0.7409155475959837,0.7181617290865253,0.6705905434441265,0.5976008464277172
166.40194402347495,0.3370446855120969,0.2606989189363717,0.22892445964955477,0.22254368444722059
161.55397131605483,0.2332764291063921,0.14706327587868478,0.17231818930790507,0.13893256089648498
158.68576199250532,0.23580210328525747,0.3930575201816391,0.408951024716585,0.31653111047504834
153.6384021416305,0.4210235869998488,0.5991949220037027,0.6216249170340461,0.4774638910509769
150.57849678367637,0.5925607886660293,0.7385883519864576,0.7632852549153127,0.5879433839546491
150.37941552762015,0.7004075199083136,0.8405242311803193,0.8675900384848976,0.6730140049772382
152.96660674672745,0.6591510410462392,0.9032722744639881,0.9470149859951711,0.7435636120948265
153.46627470907444,0.7462069789811142,0.9495246938824055,0.9987296306918004,0.7927624198678477
152.58668217565366,0.8395588246598062,0.9762431428361666,1.0219787638877853,0.8211180666077632
152.9777715776656,0.9137973618839236,0.9991528196699833,1.0364530720264709,0.8313327243346378
152.28652656147307,0.9389746582713969,1.007458325877816,1.0445850405380375,0.8487987044547264
152.15555307908798,0.9562702152296028,1.0141352267509416,1.053659119647363,0.8511325939628784
151.31193622546667,0.9700864482337868,1.0248376423833907,1.0623497460139724,0.8636769021138795
151.5902312555705,0.9811899919013273,1.0269585642274897,1.058359555733555,0.8531527212283603
152.1690286714549,0.9867512142495232,1.027628968034149,1.055438293187721,0.8427531238759824
151.59102797230534,0.9854182689655335,1.0221277723357376,1.05290522910999,0.8434680158342998
152.23969549181635,0.9800489169563881,1.0162884541313573,1.0515989893008588,0.8475574579223397
152.46890523287766,0.9785406723029298,1.0155846771736017,1.0561884295679422,0.8474114263472782
151.88435188153304,0.9884695720047387,1.0198980156296706,1.0760722473493594,0.8573291018034876
151.86341234969493,0.9912113018216775,1.022332664257055,1.0827033472560061,0.8619223665166214
151.17335984639047,0.9920342261312736,1.0178283787284848,1.0899066860474562,0.8591931137545815
150.3050916031312,0.9970637127574552,1.0097898831295862,1.0692532449146686,0.8383325014448005
149.1766982535275,0.987730132102149,0.9980574515304014,1.0646364924401417,0.8363157355064024
148.8942347167935,0.9858610959412037,0.9991299591800032,1.0710186043136332,0.841463694101893
147.86224435487628,0.986722454978745,1.0016651179612006,1.0675590038302263,0.8404224231305423
147.519131934165,0.981845459215997,0.9980292015162774,1.0703804836255166,0.8456363980747965
146.28394133771556,0.9892635667758546,0.9961291603210737,1.063621270359268,0.8403139159465917
146.42261434326795,0.9855108060118148,0.9975345759906454,1.064946979342324,0.8382379318881581
147.00901916488692,0.9788271492298101,0.9909536482835175,1.065835831192505,0.846000851758857
147.06068360529076,0.9749912924057744,0.9885170718229934,1.062031553400678,0.8417656096334015
148.2271393039937,0.9730756707729776,0.9826655565018922,1.0586408345031997,0.8382919199544011
148.49836519290236,0.9665077259070973,0.9721011497918814,1.0575427229500753,0.8382605578179528
149.68635171747596,0.9708355122994616,0.9765941318517565,1.05767327566892,0.840514336863509
150.21244458922493,0.972749855337789,0.9823074650289276,1.0573999913176706,0.8397620288913357
150.7025979069284,0.970491995553167,0.9876628698193376,1.0638056835907839,0.8390326861291129
149.68973129486176,0.9636356710489375,0.9855326909033405,1.049368492926406,0.8262406081824522
148.51398701641557,0.9626606580566683,0.9787299292923312,1.0328201192438617,0.8088151683206709
147.5313730548931,0.9644790332870838,0.9745713460404086,1.0283168044111775,0.8040020829702752
147.83697713506072,0.9581105409141608,0.968190123891445,1.0283498525593848,0.8055265100230494
148.73585928054047,0.9661044151086823,0.9733995627136448,1.036165783718567,0.8164361585809848
149.2610080461745,0.9804865803804961,0.9835866077038263,1.0437047513226643,0.8276092400543162
150.2348709018533,0.9978937995723335,1.002233778448169,1.0634469985594444,0.8447115439621709
150.4388900653999,1.009920515217039,1.0132528613678309,1.0746039628609791,0.8549358610741588
150.88725937137818,1.0244970478583801,1.0286384442779004,1.0913283741871775,0.8659456461428259
150.67123873181382,1.038097722842792,1.038862344474032,1.1005556976679434,0.8680166486991988
150.20717500638415,1.0388414952346732,1.0392020045958958,1.1007354756740133,0.8687987481235914
149.56284836123433,1.0347713970773311,1.0354690593260487,1.0998686028167757,0.8719740642916306
149.338991053355,1.0296746624732416,1.0314676374548135,1.0915020469245187,0.866595188889128
149.26596845720044,1.0288487107165942,1.0326900279419606,1.0942854294781954,0.8639334465199244
148.81426514112835,1.0270778532203666,1.0388231947686821,1.100680400764617,0.8693766794083014
148.94105861405427,1.0310560143085685,1.0431234451700448,1.0929434713854207,0.8635913945625411
149.24886046270228,1.032836833763859,1.0514118665307894,1.0959484940272632,0.8655236270720361
149.35492605448894,1.0417466379213667,1.0551995624113653,1.093739930263701,0.861872761680338
149.23692371767606,1.046908426564918,1.0538046712900528,1.097181173140473,0.8630382802867951
149.5224296892,1.044245417134393,1.0546465015087503,1.1049492278272415,0.8634672186604629
149.9863647129456,1.043119957695586,1.0597966088754045,1.1146760378005485,0.8620582534980148
150.8283946873278,1.044859276750918,1.063852788622044,1.1205395048460238,0.8635752748943336
151.17310871848326,1.0507814775083382,1.0697606286258377,1.127564825364484,0.8678143655216795
150.48749126766444,1.049840693599395,1.0641252409131539,1.1288432904691155,0.8722614357217126
150.72061886110276,1.0535132621068362,1.0703837907751854,1.1436807108924132,0.879503474983526
149.94647884461148,1.0470175956237244,1.0622098280164651,1.140613245951547,0.8828485017371385
150.12480107910426,1.0560832639231477,1.0804780072026,1.1571788026696286,0.8869645014566779
149.3621151877462,1.0482762175603804,1.0692314507206468,1.1517338795553231,0.8867585354853208
149.45196838785557,1.0455324715125542,1.071437043551157,1.1547621769707155,0.8842580373620564
149.82053654921273,1.0477439063708966,1.0698071390916208,1.1558091235768082,0.8861939516071277
149.8910932420211,1.0449616528545767,1.0647392746882642,1.149666278111271,0.8850072971200171
150.30185807545317,1.0501174999049494,1.0717711591944734,1.1461769125828785,0.8763554756059617
150.3987615503096,1.0507447039618492,1.0788930458042234,1.145696897206842,0.8697824551871643
150.94883203152173,1.051366601666217,1.0812620939628068,1.1429942943216418,0.8690695300765553
150.6985101240276,1.0480702143058136,1.0759193884129055,1.1401100787123837,0.8714742662223876
151.02026637468754,1.046165195908761,1.084179659454023,1.1508822268426195,0.8793453939720758
150.95977780469622,1.0418987780883857,1.0773306186124414,1.1391809168810745,0.8705977148098951
151.3162718939619,1.0388211028944188,1.0804318600897622,1.1388142207634362,0.867942831797442
151.1628300086154,1.0311760333089823,1.07080665434554,1.1269438265626286,0.8606086342483887
151.1694902752818,1.026839421479078,1.0643264660915628,1.1176677061025933,0.8584190578600915
151.24609968407242,1.0334742376606065,1.0716111658874372,1.122311309725638,0.8675569835990553
151.07104849082464,1.0349926383586978,1.0737604700691834,1.1284961491288594,0.8743650671267049
151.03786751277104,1.0330099758543958,1.0740590758810487,1.1297181781726,0.8746135701667642
151.3618385435961,1.0325960119456925,1.0767859779056996,1.1348394140074054,0.873945011775575
151.4537439609181,1.0378693999453033,1.0841848535196905,1.1377514631629788,0.874792831161334
151.10056454375174,1.038951822778104,1.0847603024446744,1.1351188116094235,0.8746333654433616
151.18147814854092,1.0423081776696768,1.0942377407794552,1.1372243412203302,0.8718456950098543
151.06068285258877,1.0377730456572802,1.082508500636773,1.1323015695492178,0.8738342371291646
151.2784465486626,1.0398218956287175,1.0802461817826707,1.1394496618027163,0.87914642280988
151.32207482595106,1.042162749347204,1.0813064661076437,1.1450686347467962,0.8898338354257236
150.80587970843104,1.043215615988101,1.0767781922225432,1.144063206179602,0.8968177039918519
150.6735522456389,1.0359335567956833,1.0689669069219285,1.1413316184135076,0.8943850698461323
150.81474924178795,1.0345886795558632,1.0668119711714064,1.1364912299163459,0.8906839887236779
151.04274369981215,1.0325700109887972,1.0614291038814725,1.1238346001916033,0.8784023142087145
150.94911698502338,1.03140667030848,1.0616422310994131,1.1227902820881839,0.8729027322787695
150.87497820144608,1.0287460343203438,1.056658032403711,1.122282422896683,0.872058849444367
150.59614266824153,1.0323372151631778,1.0583074220986128,1.1263932622672463,0.8758927950119715
150.51045056545527,1.0330557755734888,1.062776203735199,1.1357100449891597,0.8815642981408434
150.26894279195238,1.0334993790476852,1.0657150075190551,1.1356016554739352,0.8744178830537648
150.1955710456801,1.031757341190594,1.0633400936939035,1.1306804541154079,0.8662765862618275
150.04543174418518,1.0308603050255674,1.0641000082046492,1.1280980460877157,0.8673397183749468
150.67444673641887,1.037365077374648,1.0795121936014072,1.1472566802106976,0.8810846434122279
150.65149653098675,1.0377636212920405,1.0797114390880698,1.147227998019483,0.8796761053853209
150.8758370395701,1.040460691434994,1.0858955122705052,1.1539197594847364,0.8833622575658849
151.1268092645748,1.0380102190906801,1.0916765887937756,1.1557456357078426,0.8812572427616174
151.15626972790878,1.036770677370522,1.094715708691493,1.1572729984902523,0.8801692630079505
151.04488470861855,1.036547268977578,1.0948031575210815,1.1566306204031847,0.8774431208637122
150.67457412471595,1.0342773635387674,1.0866661041564802,1.147640657177725,0.8788045848337673
150.52053399272728,1.0292622229005308,1.0791248460905256,1.1359460137644022,0.8731618476930025
150.73662555370336,1.0293592543975805,1.0813401672357839,1.1364144455745346,0.8716241560707811
151.22555982415872,1.0329005739907893,1.083304558635793,1.1359659776951077,0.8693250665991775
151.52482375441056,1.0297034501069404,1.0838208739456023,1.1376695614195351,0.8650252931829626
151.8741024352734,1.0309266540513962,1.0877599454787534,1.1451074099424559,0.8642765444613553
151.81947308582534,1.0348241126147801,1.0942968961290116,1.1547603446444594,0.8671134595145994
152.11727112075613,1.0344957330506073,1.093933984049791,1.1592160540249556,0.8729403520785671
151.6916833571144,1.0414368678957178,1.1014434973807394,1.1681055268578198,0.8807122800200519
151.43235019319104,1.0409739166735466,1.0992747237334937,1.1666520634237536,0.8827873861121494
151.69154764513834,1.0380267933956215,1.0888010408365396,1.154194652046228,0.8773703832762225
152.10305394461642,1.0359484706757485,1.0881605779547954,1.1510811413995878,0.8773836382023209
152.16881461467713,1.028175705827498,1.0765761086212031,1.135887627790943,0.8692091981959853
152.45676903858603,1.0268511013067465,1.0759091201063524,1.1351741762203054,0.8701205537103516
151.89842851086306,1.0325598855348987,1.0758197197094512,1.131728185470423,0.8700088724208691
151.91731353124513,1.0416521678742876,1.0835101231039255,1.1440776352061035,0.8768959970232252
151.7660709013343,1.046161470883963,1.0870899862723657,1.1549389141469053,0.8854786543816985
151.84959462907838,1.0501026529489967,1.0923619817310142,1.1663958388270264,0.893497348881236
150.81090430376287,1.044454243847938,1.0882931910875044,1.1679599626344537,0.8957648835893349
150.36062893250548,1.034371333001298,1.0840778339316781,1.1758130791686316,0.8935764073798625
150.2622312936523,1.0334457946062066,1.087786959480655,1.1816403653324927,0.8939173554222954
149.9588291667598,1.0298108979195904,1.0838558148259156,1.178978785191185,0.8951523209453731
149.3710879155499,1.0341478601219039,1.0766415187795102,1.1696600254210856,0.8958791137124816
149.62027367335432,1.0343702617878228,1.0651046041375616,1.1659346821842085,0.8963427655005245
149.8407272670188,1.0295505778356502,1.0587704000002864,1.1608780562020187,0.890382659754916
150.21944612314485,1.0247135102305098,1.0550614243475704,1.1595478091606841,0.8888577866701824
150.50574852145607,1.0236311752962712,1.0618542653311256,1.171800905253134,0.8935084234545844
150.5006230819456,1.0259800183346865,1.0697150646281957,1.1789703883755769,0.8904218779013872
150.9560695054672,1.0267353102608923,1.0786050541693464,1.1891058793622211,0.8880119247887261
151.115215496892,1.034411575980692,1.0923776569146177,1.1987131615170594,0.8869953872033401
151.4152766103119,1.0331227991159317,1.099891893630062,1.210052721744737,0.8877040870973018
151.30647644048673,1.032677029835888,1.1037929865630411,1.2172527743668444,0.8911421117562357
150.96908416792766,1.0346935669986048,1.1006883294951664,1.2184102418040554,0.8973341204207862
151.1356521732622,1.0282940038874693,1.0949497655344083,1.216398522539289,0.8975079212022761
151.1487644500348,1.0282243752060132,1.0957481210707327,1.2150704422946215,0.8975625676284102
151.28434653143663,1.0324568260584963,1.095900885427519,1.2128887546537013,0.8987634953690917
151.57428137730216,1.0316497488521272,1.091506982467033,1.2080866883471426,0.8989112724798717
172.03769264356754,0.6195584487489311,0.7061383941193363,0.7315230545993533,0.7552039290426648
169.29740800403968,0.41352579439542597,0.37527827787009105,0.3814280659477054,0.6499618926186547
166.8437388676169,0.3507379203261801,0.2875791370915342,0.19221462557228736,0.2602484063657285
164.29211541000552,0.5166994601488509,0.4992130839194991,0.44549728334963945,0.09694794339062573
162.71356314568195,0.6469606485784821,0.6390610292441082,0.6494399963098882,0.3270388242376021
161.7016369378713,0.7569672496493117,0.7560335855643562,0.7939651434206135,0.4830744915655057
161.34731140873953,0.8479175823833603,0.8455494724539123,0.8877958820225523,0.5900038315296742
161.82932417359083,0.9031095639063663,0.9047826585951007,0.9476070799511634,0.6672725806785208
161.8890265656105,0.9486114972551271,0.9550551335841243,0.9881510579903522,0.7131360924735541
162.01508965378412,0.9711884449578595,0.9951834614381084,1.019994718475737,0.7466215867384289
161.64327181312532,0.9922737207392326,1.025549478690979,1.0605294801072942,0.7802136080043738
161.08915894860547,1.0080870843350849,1.0608793522255138,1.094774133692092,0.8032311577391215
160.8740770059549,1.01356986907081,1.0740100750560935,1.1086354981522848,0.8135708240688178
160.290285974174,1.0229817827291512,1.097943891597919,1.131646227304767,0.8246117113558885
160.0154551247091,1.0257667252486746,1.105179274312361,1.143072609520689,0.8334791275249692
160.0228506850723,1.0259293823361717,1.1014414213223744,1.1383976243345653,0.8324569275368577
159.22898720720858,1.0248817309940588,1.0982197995111798,1.1314706511685833,0.8206851918093012
159.54640247538214,1.0337582539977501,1.0979487945575686,1.1278955969891922,0.8128736619394107
159.4607993635254,1.0448242596060664,1.1077256154425112,1.1324767916927347,0.8124935049903543
159.83393927930254,1.0593458719257116,1.1261872727680067,1.148173405395132,0.8253787197578837
160.17235412957072,1.0575614316871333,1.1269106138172085,1.1538693819313128,0.8281278495648454
160.43507612291768,1.0636228148221314,1.133721408593539,1.15579485839315,0.8274638661648459
160.67493031365808,1.0561848081965088,1.1174900750794867,1.1411747428662251,0.8136113742933111
160.34841566091603,1.0504623152421502,1.1183976474625303,1.141783707596937,0.813996014833211
160.27740654036242,1.047822490018112,1.1155174647945842,1.1348137285546065,0.8078228679748012
160.19073129439622,1.0432365528330472,1.1075475205403744,1.1329678440312974,0.8129797511725448
160.30413057815713,1.036834502208278,1.0951410517911597,1.12984255451629,0.8154292300461123
160.34197195235956,1.0315132443966577,1.0880739689097947,1.1316157914219032,0.8185890135472355
160.67524408569386,1.0291219510937046,1.0814471621600348,1.1292046637150093,0.8215295624816926
160.9248112855352,1.0352379583675442,1.0872238463957609,1.1364448371983047,0.830926331533096
161.21032934033602,1.0430264873132553,1.099664693864872,1.1503052943203351,0.8422339719815845
161.23536436470457,1.0437436092806545,1.1047423501006945,1.1585699320973026,0.8489281279694725
161.41226842471963,1.0527379765268554,1.1101808222377985,1.1543656190320586,0.8424083179118314
161.5317589831511,1.0558060961033282,1.1117269004386832,1.1543982869171867,0.8449829974215202
161.39175741027722,1.059350636073041,1.1157649357367903,1.1591362104089,0.8470755590747172
161.4881427558376,1.0653788523191436,1.1229280975701441,1.1624262890936725,0.8499469882114358
161.3783655171771,1.0702311996076666,1.140646963717349,1.178942667496888,0.859054796646903
161.12028232288836,1.0709268002126713,1.1401273456804017,1.1758796146311725,0.8515027908823077
161.19893722460765,1.064383323117152,1.12397257195834,1.155667856191649,0.8332588673234859
160.86216585345832,1.0554353259074787,1.1047942944729348,1.1351160563726899,0.8118125270269381
160.67092014828148,1.0504168355579804,1.0872048808099828,1.1186573078946358,0.8020793792804878
160.42628946228697,1.0467030037724734,1.0867972073115102,1.1230423646346404,0.8081234934319731
160.55600421705444,1.0456302757223817,1.0880585295615788,1.1262489557327862,0.812154762580213
160.69473861105155,1.0416292997142238,1.0848772709778935,1.1277307055249768,0.8156994714782819
160.804882945383,1.0409083432790969,1.090914854825786,1.1363187267808819,0.8199751311207918
160.88734211638106,1.0401605442792934,1.0881651047393228,1.131260295957586,0.8160351561716801
161.12634186380149,1.0404039177234925,1.0866602919489583,1.127634139597007,0.8145706427270988
161.10645881513142,1.038826345537474,1.0860158275044058,1.1272505221624347,0.8106345362770488
161.0733500784431,1.036848748697298,1.0872929172062602,1.1294464886971556,0.8111244386884805
160.88333697159203,1.0339392597921486,1.0888617289299263,1.1318369091664382,0.8109529661583269
160.3920502033108,1.030996974954748,1.0910852254485057,1.1388995385617804,0.8161581855113837
160.09449237285665,1.026773678352218,1.0815090569198136,1.1341997872062684,0.8131390576198531
159.83341587482215,1.021438272843349,1.0737465321179367,1.131496286989532,0.8085094624411451
159.7165371235386,1.0185113488914972,1.0703535388917818,1.1301988678245003,0.8066546698304665
159.71239348216898,1.019995444701292,1.0727222121964248,1.1339616663055359,0.8094841062108793
159.9868533091183,1.0222354412876697,1.072298991951492,1.131667739801642,0.8102845113855202
160.16803897237256,1.0251052264421683,1.0808171695261712,1.1425292185316986,0.81829022347747
160.2128248245617,1.027011544302227,1.0892398825351153,1.1506615851000404,0.8231797388652669
160.21997177441207,1.026513138759001,1.0835283446085509,1.14687312505238,0.8202898526125573
159.97391256871336,1.022872370344698,1.0781203261564363,1.137126416504008,0.8083149139109072
159.7913554014591,1.0189596034039512,1.080615630985255,1.1385556256275626,0.8075522097147472
159.90228418323503,1.0174496402654463,1.0842748234359911,1.1441468350561161,0.8136224932361976
160.1656613394001,1.0127466361175521,1.0807389367523201,1.1437629605818898,0.8191423221062579
160.42289081581768,1.0073593460973553,1.0684523068748355,1.1358628239105506,0.8171783563949636
160.55793756408278,1.0066818667722373,1.0609552629808843,1.128966024195689,0.8108042251308882
160.73902520931523,1.00235451358113,1.048867168800126,1.1231893706229175,0.8083125241744842
160.7061643546109,0.9997078648287525,1.0447570791931522,1.1234574370071684,0.8097892501518765
160.86058073592827,0.9994535068189807,1.043074080271846,1.1247568911568826,0.8132591445772696
160.85695805633566,1.0008076499198248,1.0480338717889341,1.1318789680271026,0.8176271894222836
160.7594278557832,0.9979403103140972,1.038507046359802,1.1193948632715798,0.8141863596370303
160.64109287631638,0.9966236323410997,1.040675147508994,1.120155988775573,0.8187093400133536
160.59201623151804,0.9940996088827382,1.0314600380510293,1.1086077597966115,0.8141837289360028
160.50947473021245,0.9884482024110285,1.0254477880410147,1.103439385464761,0.808847521106812
160.74444889544264,0.9855771114086764,1.0169314679582029,1.0909998336556321,0.8043276558236887
160.71589290148864,0.9863628804551606,1.0207240133932587,1.0934118493199154,0.8079623076825103
160.79062979988544,0.9860202027852115,1.0212123247050362,1.093021646223038,0.8077994978989462
160.9034063177786,0.9861988960603593,1.024090228225208,1.09465912744096,0.8083289564739831
160.92648621602098,0.986575202780221,1.0278553811846034,1.0998603788581316,0.8114250672475944
160.95920885567,0.9861912579024548,1.0295227360781276,1.1026666856525753,0.8110950376434933
160.93975782839777,0.9870343872244884,1.030737700755443,1.1069066070748363,0.8135588402360452
160.92850725615546,0.9873090292079482,1.0325991858995067,1.113293716934462,0.8192214623240489
160.81747476737917,0.9905570970351294,1.0429888385600403,1.1265246405967446,0.8270818475627019
160.61365151093608,0.9948148098699615,1.0510113203054159,1.1338204324130443,0.8301036481357852
160.48272187073678,0.9969045784059088,1.0567780795724917,1.1402383409821253,0.8337375257594365
160.30758767263168,1.0016013600011955,1.0643653921663718,1.1449974687391293,0.8350731100810089
160.10078748339106,1.0034803737071945,1.0590143584395122,1.1334818833385099,0.8251889655024286
160.12203915538447,1.0020483562609694,1.0579682432159407,1.128542680879163,0.8203514946051461
160.11358017877245,1.0025963511423694,1.0656127566674125,1.1377714495132922,0.8295765948164961
160.11766641999225,1.0036534614115786,1.062175754413204,1.1319002597005596,0.8299184581468716
160.07891844655867,1.0058352819095575,1.063063361703595,1.1292102258765568,0.8291500100091482
159.72756404666984,1.0042514374318112,1.0639373622526238,1.1264689123796452,0.8267319366705206
159.52285581147123,1.0047984610300955,1.061352088091956,1.1209551372113762,0.8226678904989385
159.36938393154622,1.0051272219828127,1.0606608580128887,1.1226044542457236,0.8249825892452242
159.19704066087726,1.0024591030803784,1.0625208269274184,1.1245292523594268,0.8252630976464148
159.21112600654547,1.002846391540405,1.0548028534184575,1.1134363903741458,0.8174922364051252
159.253995157653,1.002661249158471,1.051953603055275,1.114605148298094,0.8149076806824438
159.17494836671898,1.0001633854496788,1.0492887430358109,1.1139687866114774,0.8137484192671849
159.30748148082304,0.9994230161534047,1.044540929818992,1.110624959068947,0.8125476972753252
159.4327295101079,1.0005901483833817,1.0423531006246582,1.1092334057006623,0.8120345505221049
159.58573254938474,1.001827872960388,1.0453330277341126,1.1157233926788082,0.819351570309674
159.6557943656667,1.0027996340090122,1.0484817189860751,1.1215492404616776,0.8249770949622441
159.835707029539,1.0039308739397834,1.0585643542470708,1.138217225439577,0.8372611262491696
160.21177408538645,1.0100337564832629,1.0697315849151299,1.1521466672197884,0.8492481563891049
160.06202764769697,1.0140399156801043,1.0765405034850277,1.1604769347102961,0.8549777191767882
160.18421951207293,1.016043265530242,1.071488777937631,1.153445526925032,0.8514192603569948
160.06905142538835,1.0117310931404786,1.0620534984049481,1.140192008290593,0.8426831034463632
160.15965203487625,1.0056211935680328,1.0453053271244082,1.121043966533294,0.8291406469935906
160.326357416656,1.0003885537821446,1.031848837063871,1.1057155084217833,0.8197200789264
160.52327138935098,0.9982590546908808,1.0222488000832757,1.0955345481456706,0.812638787526387
160.65025418178197,1.0018968136827446,1.0248513718796464,1.0953063390886166,0.8141902326087788
160.80941172022526,1.0069925886625941,1.03409421848271,1.1024440651799907,0.8205667254371922
160.73771549165835,1.0057749024189115,1.0389385605190418,1.1063694855928472,0.8229227615832112
160.67597473017872,1.00763105715145,1.0442595425481338,1.1119964992305593,0.8259545906616375
160.7324562335721,1.0085339510723206,1.0457521957074234,1.1155249845869442,0.8279052830667256
160.6528552520061,1.011676974884513,1.0504412346540462,1.1221304655890065,0.8297464133535851
160.67947750544818,1.01014279992692,1.0482275284443745,1.1203871732997235,0.8291503489556795
160.7538852135741,1.010469028778534,1.044443080164912,1.114598589545395,0.8251916211473675
160.8399185053766,1.0105962465701694,1.0416071148275736,1.1109043181214053,0.819961777893947
160.85282698331494,1.0122338220955327,1.043428505340109,1.1125930951074228,0.8213755668941215
160.98940282493066,1.0139602940808974,1.0438293891918191,1.113011410113083,0.8194422872291883
160.87743952743145,1.0134397409683322,1.0424064149560452,1.1132101946569415,0.818857912193906
160.80209255446616,1.0132647348871846,1.045272452454758,1.1164205270453709,0.8185238211109277
160.69038463192064,1.0135576852680162,1.0456377016558507,1.1181487252134625,0.8218155079775569
160.63084725221174,1.0145932614947792,1.0482095271174114,1.1231074918190576,0.8232361225502043
160.82060086521508,1.0168042320262445,1.0461088068195186,1.1227898401329233,0.823058572021251
160.86687139421792,1.0150072032226576,1.0512262222061963,1.1300086235293816,0.829153315878027
160.88208204498278,1.0191706841636254,1.0527739890350274,1.1318376435010347,0.8303607963013225
160.7168081079629,1.0207233585403084,1.054549534741218,1.1339039942880869,0.8299210797890825
160.67085708048333,1.0235154997632352,1.055973848090894,1.132573108855921,0.8239710887762142
160.55745719027306,1.0240376478913864,1.0587941287894669,1.1350790597161777,0.8222979256600845
160.39842494992192,1.030123047259063,1.0632710221720991,1.1404702753697145,0.8245122145739865
160.28047185723577,1.031809619208003,1.0672295879569924,1.1422357355772939,0.8285180740756937
160.10672730264898,1.030360905716483,1.0649176997426795,1.1390469818490403,0.8226757406918334
160.13288918999527,1.0366153992674674,1.0736469152370098,1.1422406736719646,0.8170418317601337
160.09162524692914,1.0358647336622646,1.073417902867199,1.1404851741595328,0.8171264184536228
160.27530960796173,1.0370600269580688,1.073252480963206,1.1384376393564033,0.814275128508304
160.4328158160277,1.0395761520199627,1.0767222023437737,1.1404005913240178,0.8147925106281748
160.61304257011997,1.0390252652990566,1.0748057674318858,1.1375978849725654,0.8121976676144623
169.54935399333903,0.5755070552133084,0.5217278296104991,0.44277832518726407,0.45089802819442537
166.04189999007932,0.3017301664539779,0.1963479836452942,0.14019015539993857,0.12642940712191422
164.07023484042585,0.4742137548876814,0.41820859068963356,0.4656104430820184,0.33261884469462305
162.64539321793822,0.6405717394095735,0.6207720056498675,0.6687355544157103,0.49561071608154855
161.42845435230345,0.7686727872936465,0.7709494084075813,0.8063841433098634,0.6118473367962676
161.00477568230562,0.8709555474422648,0.8897664590636032,0.9301847025901825,0.7212092896519549
160.6605558442795,0.9437790464516405,0.9775079357176796,1.010159692999724,0.7913093448590744
160.4755601540889,0.9846857193582838,1.0242105887451178,1.0504800466768422,0.8210858421305326
160.1325108525396,1.0062658582563107,1.053948568260796,1.0868847451451362,0.8460255643467967
160.5635997879322,1.0316266027175118,1.093590580372712,1.121467719456578,0.8713048643995474
159.99794119441978,1.0707088873094457,1.1422217651694042,1.16187453643228,0.8954605663430696
159.50156307342937,1.1047200387607676,1.17475034951434,1.196885045897994,0.9124893842980516
159.3006190921137,1.1215483053018591,1.1896497711851606,1.212926670591407,0.9184688511428077
159.34048884866743,1.1282505889338812,1.1943202851881087,1.2237009185819918,0.927893783129845
159.23560789442575,1.1102465406350108,1.1789360172061525,1.2012838364211618,0.9104020676580681
157.9070096213545,1.0991782057907564,1.1756112581653775,1.1982769442232386,0.9114117457481571
156.6502496583194,1.0837952937715762,1.1518764210463923,1.1848406282095114,0.909851743585563
156.101385504479,1.0701017756617532,1.1311563973421614,1.1679838541161047,0.9053375826419691
156.08284914335457,1.0646138551813553,1.1184184497416643,1.1512180608017426,0.8919883735487873
156.70960155474668,1.0686326326000959,1.120900617872121,1.1507081030196271,0.8916771529150668
156.52278608419098,1.0699943576148616,1.1247041190908136,1.151864441922902,0.894996386734618
155.1570258431092,1.0703851215373887,1.1291461096505626,1.1461726610484309,0.8882665727056122
154.411649985066,1.0708464471303814,1.1291674973844674,1.1434584656997564,0.8869989530038714
154.92104780163936,1.070054452205625,1.1306065298194512,1.1394327482870572,0.882734882631445
155.74741155829093,1.0744469648877697,1.1398993663992742,1.1501868444629093,0.8972826264242764
155.09556363832394,1.0675115147947427,1.1369551237871953,1.1405042760409674,0.8877105136018273
154.51027259747843,1.0649428791418043,1.1326780618352728,1.1341170300083987,0.882298918479068
154.11853393670665,1.0527612010938359,1.1227281469455777,1.1269143876861054,0.8769640823496607
153.92109388930967,1.044077298656963,1.1141079014098427,1.1196117920237287,0.8724126590541592
153.54238485357456,1.043583111171706,1.1156968387608808,1.1173277069508472,0.8703810058999866
152.9757857534717,1.0548826084385785,1.120549077773492,1.1175154018103644,0.8679830196432005
153.55439022361304,1.0615013534297646,1.1226977397547269,1.1156777055024973,0.8661973712006414
153.6671307394817,1.0605577149237801,1.1184745723334504,1.1134866538375177,0.8626789929247898
153.48948428450313,1.0650929195414496,1.122190867220319,1.1180268770329624,0.8663286840872128
153.34524760901016,1.068425048925198,1.1249944457049985,1.1255038069555399,0.8701506192270921
153.275052272968,1.0625752457115636,1.1231367471042242,1.1264171276830515,0.8688409789454596
153.27993628640797,1.0599162161858298,1.1158018570014323,1.1264660425587303,0.8775610620855446
152.92820608860413,1.058557296675232,1.1114730743569163,1.1275781504966802,0.8790157099589386
153.798529023245,1.0703710640419455,1.1206204693262476,1.1348457660586428,0.885515061804527
155.08954288796846,1.0814157033944243,1.135924991212654,1.1426184048985606,0.8889537077292421
155.2269348420599,1.0905754766546374,1.1477282874132577,1.1542805112201158,0.9009756684853089
155.45680287540523,1.095797170340075,1.1532655486574526,1.1576931610107037,0.90302953181075
154.97173285971584,1.091766711843385,1.1445899610574433,1.1504916155965739,0.9008387727200257
154.11213287440845,1.0740708274843591,1.1256723640029878,1.1364562415943584,0.8882369506497962
153.9099332827574,1.079375552691691,1.1273014513928465,1.1345655913796353,0.8865156454115038
152.50900534730428,1.0758681431126917,1.12216448378243,1.1224556258121825,0.8721540851450281
152.18037082529816,1.0783356079438213,1.1224571096550833,1.1168270729476626,0.8665231239271007
151.77559985700913,1.08686640283395,1.1304454405533302,1.1180610903753323,0.8655708907877941
152.33875445888305,1.0860062478888692,1.1193188056074928,1.1157577291765166,0.8644586643259407
151.256873917098,1.0866552420982303,1.1243920968317418,1.115337676939069,0.8594504209951049
150.89744627247634,1.0793614605386581,1.1083960960669932,1.1070005489796961,0.8535021353607326
151.15455224619325,1.0948844245534315,1.1266570640116202,1.1189589258784354,0.8577027856876378
151.25918850229021,1.0944813238755449,1.1225117370951703,1.1147732036770532,0.8545127741836036
150.84644720035735,1.0955610079417057,1.1212703786623408,1.1128553384769293,0.8492886607314635
151.9177073609099,1.099160172310988,1.1228151876741574,1.1170326638793517,0.8596639973429853
152.5048061054857,1.0937900062502577,1.1182478257868225,1.1133532934404635,0.8577357003366247
152.6626297574579,1.0767726477004305,1.1095792393121828,1.1094387201691744,0.8581862312077273
152.19560124925403,1.0674283998018732,1.1047157120390985,1.1071883942264682,0.855800660557793
152.02040716318743,1.0554253799911295,1.0937098097249975,1.0976559947588225,0.846519588078395
151.86546534208483,1.0565406045045156,1.0945298267255434,1.0960286258290373,0.847533163984588
152.2535563659421,1.063480292524394,1.1048570523253185,1.104803929646913,0.8579082852766778
152.5578652316322,1.0587785051863297,1.1016483940916317,1.104167846753867,0.8596641456859889
152.97991089671473,1.071295507670044,1.1121381567777635,1.1171552523741426,0.8679884382266667
153.5963513902169,1.0774184895662435,1.1165503049248802,1.1252126037903114,0.8732482898779249
154.10204101435153,1.0794038736031635,1.1178332146245158,1.1285239327892624,0.8736114431197741
154.54312720848978,1.076341586982815,1.113366781818837,1.126762416135012,0.8707561823739972
155.06590094325145,1.0678291679072967,1.1041550899824804,1.1203025258539006,0.8650787803449765
155.44756154282905,1.0611314850035825,1.0975320517612448,1.11627156169014,0.8655573214375155
155.70879165436216,1.058146694417267,1.0955746215646434,1.1145968243813222,0.8639313421499772
156.22704104474462,1.057804112938499,1.096154377819183,1.1131604297247364,0.8634851132480568
156.69544880328388,1.064590751775993,1.1036625430141078,1.119853454775669,0.869875142877204
155.46932556838283,1.0604817061570402,1.1008805893748241,1.1256649218144048,0.8790711261518701
156.4302917596468,1.0719566251698787,1.1081078803721347,1.1274748505184593,0.8763826470279821
156.91051827213948,1.0882885085656686,1.1200934604617256,1.1370148555920812,0.881699035218462
156.76654851276646,1.0956799009569296,1.1284510450335552,1.140818617151293,0.8791212508009149
157.19651283239426,1.103045896379273,1.1330582837901995,1.1453954000867308,0.8804513106171555
157.31964633690419,1.10793768896516,1.1378399067554952,1.1479906509729132,0.880859743176316
157.5644776985042,1.1132981145320178,1.1396832412832085,1.1477526580786162,0.8816186497042878
157.88288931369686,1.1128265009341543,1.1383699435795624,1.1469211600566058,0.8843421131912006
158.0260549714841,1.1099213313383394,1.1340236658500393,1.1416835790039708,0.8832983048971772
158.22649362423843,1.1112538218781811,1.134540884552408,1.1423394801175963,0.8827568268589012
158.2336202023085,1.1185648331793507,1.1415342382046414,1.150562792222556,0.8879987071156478
158.37922978869435,1.1144995915531748,1.138879202968537,1.14765388491092,0.8856244954284226
158.7374664733953,1.1066849672933134,1.1290184175294449,1.1395381946872334,0.881676309376072
158.5815507337004,1.0908751468259525,1.1137298551212147,1.122785075919857,0.8733204830910888
158.591227029109,1.0820538647326203,1.1030088236065438,1.1134717402540302,0.8661757141183699
158.33873597827636,1.084453123517024,1.1093887057507519,1.1208603339350491,0.8738473471900068
158.2933218877515,1.0762780444541091,1.103086342713822,1.1148762410911746,0.8692371273318591
158.37916651376653,1.0756796624702705,1.099687349321716,1.1098842474766284,0.8701176220839338
158.15168801125446,1.0846384527192172,1.1122548551106892,1.1180141971871536,0.8763969511413651
158.71790879541248,1.0948659614479248,1.1225113116418746,1.126438068585372,0.8828079047814098
158.70120413140194,1.1046150055939914,1.1311098081981172,1.1352630989929149,0.8886247811064081
158.59579381685072,1.1085621875071687,1.1328013697798978,1.1345447367325132,0.884929463017587
158.85822924210882,1.1077936742091652,1.1342608152855262,1.1370878841390764,0.8864136981256164
159.1825262212203,1.1128447951502138,1.139996592576981,1.1384271493334102,0.883428399930796
159.1344936263327,1.1131887926178314,1.1412228581651631,1.1389790094557992,0.8851192985140297
159.3129194889682,1.1166857025538641,1.1422793341146251,1.1362672741758013,0.8832948338702522
159.42387474014564,1.1186433391552328,1.1421805033448542,1.1381849891663236,0.8850093051281728
159.3707889822825,1.1138634202755486,1.1389968739065812,1.1351234627070281,0.8823057897136999
159.0613675229544,1.108527968631423,1.1396458137318155,1.1358448053434922,0.8813994000984032
158.97884586482147,1.1057979136367364,1.1378484603586212,1.1369053349991762,0.8818508485850451
158.9021447485993,1.1050434207174031,1.1368505210011082,1.1353498344555752,0.8814478527542855
158.7983798948838,1.1048244470074078,1.1363953629736943,1.134871558773525,0.883912778521375
159.00252481897232,1.1107423584221165,1.1402837401416566,1.1393799522346035,0.8870303725127242
159.48149237318813,1.1147085277462496,1.1449102732106808,1.145520343932596,0.891594545698525
159.37499881469228,1.1190837296090825,1.1505220915012857,1.1511724696405783,0.8946202591654494
159.1581284839961,1.123421027724579,1.1576654225176297,1.1554869089588216,0.897268187489364
159.29181265230227,1.1288856227335382,1.1665358361461466,1.164465832017612,0.9038147084647687
158.98127985644945,1.1348993235447904,1.1707020108905115,1.1683164513094182,0.9049776888528481
158.8082883420176,1.1362783455519463,1.1706546580429322,1.1657168723382263,0.8994688344737501
158.9722025813969,1.1413894881737476,1.1731707436151033,1.166161010425961,0.8985533515622081
158.97951594407525,1.1372159514822369,1.1711243903860018,1.1654730102871824,0.8988484500887238
159.29951167455147,1.1372605472093735,1.167283030196444,1.1640887530687427,0.9009002621855458
159.54229178874544,1.1239583282790844,1.1505765402687507,1.1481089751143287,0.8903314356599196
159.59767361380594,1.1210737444160102,1.149327979773936,1.1392283855766225,0.8832077645023915
159.56370508667132,1.1165794809641425,1.1435371086875343,1.1324463023269797,0.8759812148892229
159.63856600430717,1.1139078063025238,1.1403924334884055,1.127138109128077,0.8731203510769101
159.50008527421383,1.110912609919428,1.1400133394963061,1.1251254280060834,0.8719054742624208
159.5400078206672,1.1112288229718323,1.1401146586770823,1.1293883446102277,0.8738940922717643
159.1104108043416,1.1055649238309337,1.1328428088173137,1.126362437654805,0.8699633744799714
159.0985185633854,1.098787565636141,1.1287574581556143,1.124769703057381,0.8668267021042265
159.21402188383755,1.093438470562046,1.1203982408572004,1.1231137623404996,0.8649680483386883
159.46259893905048,1.0925443983790601,1.1120373001039339,1.1136630277924764,0.8577666370351927
159.79834319856283,1.0833270991997184,1.106059740520084,1.1072663097492224,0.8505979986205822
160.115146729254,1.0821016500422345,1.1036005232522466,1.1085799341217104,0.8530386507986538
160.0645346044081,1.0823184605712428,1.1017628937660895,1.1111302804990555,0.8579380652490224
160.2382120752888,1.0773635497746812,1.0953034176058132,1.1081356454375086,0.857332788734177
160.6063831298438,1.0750228105660664,1.0887051938230428,1.1039888711790176,0.8574586334579654
161.01003956421454,1.072794861901886,1.0851421291691972,1.1029984461623286,0.8638705491469683
161.21246001274753,1.067558895546636,1.077205998888924,1.093877383353397,0.8608120357297778
161.40898755759386,1.0623937764419433,1.0727503918592667,1.0892240523465078,0.854195549786094
161.89882483128352,1.0664016316966967,1.0830209384631089,1.0938711668020258,0.854892744198822
161.85603324144222,1.0821616655024038,1.0999074724716096,1.1070433059392997,0.8587723893592304
