118.48667114982756,0.34587847332298943,0.2518049021107506,0.20164761031864276,0.17954336982562066
125.41075035519378,0.30503537650590445,0.21116923952087138,0.1729937731620193,0.15985510366454367
130.2457987288715,0.2850871563969411,0.1992920042797616,0.13231023230349306,0.13536870287164796
132.08411470072087,0.2618498923377216,0.18627126043726577,0.1325649076959806,0.14863809213431037
132.58102604616641,0.2563488592446123,0.18658939192454807,0.14666504914525552,0.15958977169289304
132.68032861198796,0.2556982249761823,0.18916250923148267,0.14398393964457204,0.15684316340310953
132.99138423848325,0.2608701733824488,0.1946471694393891,0.14900217758318246,0.14873123501151542
131.63502502384844,0.26183146191133333,0.20243533504568617,0.15694225505011214,0.14823583192777923
131.6678522916155,0.25697500495039677,0.20044833789264857,0.15839223688384588,0.1464999835743131
132.4265953802213,0.24723018015279577,0.19201096668077244,0.153506260873081,0.14495033956611117
130.27091556883957,0.23135322826535706,0.18362768311188987,0.15042115800446376,0.13596821990768776
127.67953639701143,0.2223579816271479,0.18397432623969595,0.16844014577574365,0.14938477664513453
126.36526425244895,0.21652838026823126,0.1964574338678853,0.1910183745191341,0.1619743633765845
124.23977101210698,0.21350244468062038,0.2133450790204756,0.21496720686207807,0.17448349712886377
124.07536676843758,0.21093868209067063,0.22335090782671377,0.2262604675089558,0.1825727582290542
123.22714000242435,0.21621302799281228,0.23516473676705202,0.23541356997159363,0.18834849941007006
122.45316845839979,0.21308468676229408,0.23509714633753584,0.23752990389195255,0.1837861005185187
124.05932076915374,0.20280738702869586,0.22501854660201967,0.22405997129367555,0.1763394323870292
125.10564319628962,0.20906881955146778,0.21840663761008863,0.21596203547721943,0.17253312704008542
127.02585301578601,0.22967305631798918,0.22235172441573892,0.21220237360159216,0.1708121800590774
126.05891744152856,0.2157144009872829,0.21608681907634392,0.20114875862324536,0.16541642371744875
128.1492780269797,0.211890467169121,0.21157206430133232,0.19770077545232048,0.1685549198606937
128.33738155962203,0.21687548625316125,0.2059890402239762,0.1911253507249411,0.16885030492405273
124.7843114416526,0.21208350920720767,0.20012159821424438,0.19917048654118918,0.1767966661083748
124.72910944366136,0.21290541300777602,0.1998478050874128,0.20557127284571647,0.18129500024734058
124.31086035529343,0.2042389292283035,0.1968338388206194,0.20803685595911695,0.18319018066178233
119.75005885918655,0.21581727185547747,0.1969102680475351,0.1977363978383967,0.17577407818006774
113.81443859005498,0.22736897244422277,0.20143970719973076,0.1966080732236068,0.17710364254094765
107.55917970776389,0.23812816321532004,0.20210624623810555,0.19111078396641706,0.17606883934383943
104.01574518506804,0.25936713212413925,0.2058517663217206,0.18912878372830239,0.1764036317549591
97.66312288171348,0.27287827320577657,0.2078859015639117,0.18617446266590845,0.17625512101701532
94.83411478529123,0.28933771760669524,0.21125952707628168,0.18703435869063587,0.17744890880339212
92.82147357234786,0.3042092351930814,0.21846573172280198,0.19048026044117247,0.18015604651679665
91.64227189473009,0.3210236884910792,0.22422167085716208,0.194419380490842,0.18536261859217332
91.59330890289245,0.33526390918384114,0.23002721557472725,0.19900655212745166,0.18627473802329148
91.09707346331327,0.34204417514334545,0.2335753471458917,0.20289388386136378,0.18973555405269021
91.30974571826144,0.3421110583960929,0.2355488828013915,0.20603206765282314,0.1945503980916785
91.33248944139939,0.3481055661844828,0.2389270413011257,0.20998688386814127,0.1999577545573124
91.78482354315017,0.3494676839493023,0.24314556553665626,0.21472473540905535,0.20204339000941485
91.50315379538763,0.3612143898337654,0.2488304848085718,0.21496273880795583,0.20436688541483033
93.08919398243783,0.3596535640596053,0.25144372533884435,0.21651451309016867,0.2050050565705457
92.22692478746244,0.36599078835035126,0.2541390666213703,0.21838681928399373,0.20738269721729435
89.29484125496288,0.3641320050097965,0.26175123634336506,0.2223973882914085,0.2123076522969244
89.7205056459367,0.3733216636375274,0.2730621232369136,0.22858403414007797,0.21704826442530298
88.61303667558775,0.37311238185879897,0.27696983880779136,0.2302048828323685,0.21788696898685364
85.81167052242525,0.3722180624163083,0.2823522022316419,0.23593403661104925,0.22552913776007186
84.97327528046863,0.37308400706670675,0.28533245295353915,0.23656276908069188,0.22365681198892465
83.10283503381585,0.376514561503375,0.28952445526949083,0.23775114592074206,0.22494789994216485
83.04101795445347,0.3672856149349515,0.2887534395166511,0.23750889116461704,0.22540589447126186
82.84615873093679,0.35813828564329186,0.2855016603888688,0.23442614565396258,0.22362041558175783
82.7540739227332,0.34068555445987786,0.277459394253918,0.22835720212325875,0.2207185249795429
84.58253321289966,0.33950375501626184,0.272221056035901,0.22371603640133417,0.21903873790230877
85.91821444369124,0.33116586419878313,0.26525490544957636,0.21789761518246956,0.21762915001230326
86.56118780900759,0.32913492388145,0.2622978994260754,0.2162945731167489,0.2163804148122348
89.99921731298362,0.3164917464748044,0.25982888589453357,0.21476831536576516,0.21518471706455916
91.3535400619445,0.3151014196112949,0.26028323966281053,0.21514830739324717,0.21413812722642803
91.47660773048719,0.30906612441858233,0.26020019136474415,0.2161900562876906,0.2139061431245647
93.9585140052609,0.30019819050720287,0.25846751746581537,0.21569291055927267,0.2108985811474724
96.52067677696522,0.2946395859596068,0.25970112164864484,0.2173846614434943,0.21156538456988305
97.28965050699908,0.2954563484575009,0.25849374776015244,0.2173171721296914,0.21192760931211427
97.37482550706629,0.29454379327986624,0.25902617602865224,0.21913150752385616,0.21439200062052127
97.36482092907984,0.2916399088510832,0.25843996840087496,0.2193701200283641,0.21565220032321583
97.88539300567234,0.2957810402983117,0.2622699842797648,0.22071556215403237,0.2181792090136752
98.66263067900829,0.3001800103227812,0.26283487598008437,0.22102054764144285,0.21987752702459668
99.88178487794471,0.30193875298675693,0.2672527247127826,0.2225783503637993,0.2232100647781518
102.71730514715956,0.3044607585302076,0.27042541946115495,0.22150903038116007,0.22444195801326441
104.8267304021839,0.3125803579207317,0.2715838666111409,0.22043476608607984,0.2257686232329959
106.2653347976223,0.3222664345448563,0.27350195738306754,0.22251432982439062,0.22928324081962767
108.13781993399772,0.33280470719396354,0.2761180614893892,0.2247991710918897,0.2316215224294554
108.72260082288066,0.34108640401150975,0.278348941222162,0.22682776569971197,0.23249254223503202
109.46260438158252,0.3500586763628331,0.2801275586160666,0.22762686226093534,0.2342297032402394
109.75859092616543,0.35167055242254747,0.2831382797613544,0.2278525229566948,0.23434971080061728
110.35092546147892,0.35432429169869073,0.2828732905405897,0.22701239769919018,0.23473390787879364
111.2138249861992,0.34177626815396545,0.28706260308239806,0.23179141769163686,0.2395024399068203
110.02721660915581,0.3389825779803009,0.2867911165708416,0.23397375623521516,0.24301359024846442
107.7470312989434,0.33712918919108253,0.28856229409405304,0.23792737489138188,0.24754359425599806
104.83987047346183,0.3377321624826453,0.28822165122784915,0.2414645394435672,0.24867761731090707
100.7528261714137,0.34157098542188435,0.2867809928743545,0.2411759001004628,0.24066833376274432
96.35936652949404,0.34957469158641746,0.28623875638426255,0.2412318050816741,0.24125744574950939
92.71870568063107,0.35489956072494827,0.2856494638355796,0.2409728899366946,0.24131719238978672
91.01788766233497,0.3568925103298695,0.2821590604230851,0.23695619737864962,0.23806119273696905
89.07112463086006,0.35766152301473797,0.27644204040474396,0.23235546051508918,0.23482510872815984
86.5288140163518,0.3646858639504012,0.2812616782522417,0.23659016639362415,0.2363571566440177
85.66194437169221,0.37406642381688143,0.2793254248253562,0.23764777283757718,0.23224245373628347
83.4810398643084,0.3822933848014783,0.27833636500950587,0.24477502816385605,0.23948486468729435
82.09286577877435,0.3966438493999602,0.28436923305987966,0.2552488182528297,0.2518964207485474
80.6949263544619,0.39667141212665,0.28273980316599556,0.254514400368393,0.2503126495139813
80.30792883577925,0.39594425127308563,0.28379832356651225,0.25718128039690447,0.25231427194544626
79.04150321730579,0.4011061049028005,0.28845893892347224,0.26252901240379684,0.25432545663313316
78.0239891674838,0.41022696873647757,0.3095770732840614,0.2864167485582106,0.2741022388813848
78.40648725613501,0.40897802673218836,0.31390145832614585,0.290658041464477,0.27622457011918794
78.57431345814784,0.40453838971599504,0.31376424404305014,0.28957432430647473,0.2749336026436008
79.05980981610384,0.3999402034721658,0.3143872020888783,0.2919833229999034,0.2767036906041435
79.79545703524069,0.396897553036324,0.3180897766648748,0.2983071973387431,0.2817035850201963
80.80112361967,0.40158865272578204,0.32239015478811206,0.30156290820104426,0.2836425803485191
80.22893425604595,0.406859553246741,0.3302359514491142,0.3094471667388048,0.2900611546923005
80.53276411713969,0.41386021399348066,0.3325462570283271,0.31361043492103247,0.29048624656161987
81.02809077524424,0.42105129925881474,0.3366831650672294,0.3212315312853787,0.29641222548632257
81.61479740999357,0.4308375242097717,0.3462375637377888,0.3321603634429417,0.30561156897502045
81.96371660982469,0.4438925255626806,0.35956358320637816,0.3498185377283186,0.3200897943663321
82.46278520427789,0.4446554915546143,0.35659659086930984,0.34567964669393775,0.3184685256984267
83.25895008178183,0.44603314824939033,0.3578438506863792,0.34664589553264225,0.3169805761211982
83.60471211460916,0.4512329622813503,0.36089683256880495,0.35232976645202574,0.3204244839878961
83.51993408834642,0.4609188650702427,0.3714647679244623,0.36707635747029105,0.33260308762368473
83.2863337746744,0.46721312535209236,0.3799805288231782,0.37832654440401475,0.34088698239018994
82.78379215683124,0.4746909708470811,0.3891138503846763,0.3916431045387566,0.35250890498015325
82.93666387220176,0.48442627826166323,0.40106010677337245,0.4093217094536337,0.36435200965418546
83.45369593191727,0.4911215748232716,0.41090855756252476,0.4242478087625479,0.37331516941341825
84.27160979672604,0.4937506365746492,0.41347437107867735,0.4277982498967638,0.37373341984167124
84.93493404014637,0.49497560059104934,0.41686085443156573,0.43612891143640287,0.37996633505301664
85.14332608710768,0.49253803692282955,0.419401983210279,0.44255598415666086,0.3837369866095217
85.98392727498727,0.4854860454340023,0.4194586533659916,0.4467090282766256,0.385154860095186
86.41491429010618,0.4808527186279892,0.42328924910891946,0.4550019565611398,0.38599659490989735
86.39458705688487,0.48116292474846784,0.44472417625056393,0.4819853606726579,0.3988924565066076
86.04098950187428,0.48999412741213116,0.4613324092893546,0.5064366507768164,0.41069519482187267
86.47294050796717,0.49457101398826797,0.4710977664496964,0.5186268532292079,0.4133728852004204
86.51552516769337,0.5081301632279361,0.4867320044566982,0.5387464858067667,0.42214778010049
86.88892027582878,0.5119714105367446,0.4931857561952639,0.5523255286686598,0.4248933589083619
87.0461236369934,0.5118609954275235,0.49529308039775927,0.559684520220104,0.43098436980719307
87.1573506083967,0.5094574891514763,0.48832887174852246,0.5591824176922768,0.43462735470695507
88.25219011524139,0.5077238431477532,0.49018692784570406,0.5592465581269781,0.43237730923774637
88.18944314264087,0.5063071987133718,0.49630116731043333,0.5662248616753557,0.43420925407198124
88.9347499318443,0.5051418241232969,0.5051137393192991,0.5759725296301033,0.4402913591172686
88.89957433073252,0.5052724190038798,0.5138079650352548,0.5826433281225949,0.4473011108799715
89.43015532977226,0.5033875627314297,0.5130832455639567,0.5809948120873232,0.4461866943997169
89.13165927859991,0.5023065645641829,0.5165226804609073,0.5850310619831225,0.4518057055962989
89.52870406843121,0.5005995472234398,0.5199342696796595,0.5834987742872582,0.44345767897980953
90.4834459475391,0.4831589450111061,0.5231003056576394,0.5882043849268243,0.44684387126318514
91.07870440662774,0.47518556109598004,0.5261943279144627,0.592348833341472,0.45100624623107527
90.67621914288577,0.4746373262709191,0.5287718249408302,0.5925727512319555,0.45158575101264176
91.6463842839172,0.4806690921331998,0.5355796407315887,0.6003751998153336,0.45741308247074547
91.3463817375801,0.4917125501337541,0.546981609786982,0.6147280591390076,0.47152664785658727
92.3951620530133,0.501018076341049,0.5619093994048885,0.6345193169992139,0.4873899189999096
92.26364837581589,0.5141120293364161,0.5784012563211247,0.6519619683736447,0.49702739931534673
91.84251679480028,0.5254801017382874,0.5776884442834604,0.6540908320926686,0.49615187870184463
91.62092035753743,0.5307112813408886,0.571282710503833,0.6492769900524833,0.4894746428544575
92.68646098769057,0.5278920932786915,0.5764979787736246,0.6566444475120732,0.49506160558811213
93.6972287861149,0.5273427871515717,0.5812470131230595,0.6626645592605294,0.4949957359404103
94.1084811652087,0.5309516683387538,0.5884403689272046,0.6714894903308352,0.5031835753313754
94.71705175337613,0.5392454910472526,0.6006810869362166,0.6786445582693258,0.5106639741405605
95.02976810878037,0.5425984377962385,0.6069643094304139,0.6799920856088134,0.512867480852106
96.10107403172576,0.5446251569706373,0.6141305481289547,0.6877569689460981,0.5178223261229093
97.61231138880721,0.5401174880500312,0.6233378079118364,0.7004125289445375,0.5288563013070097
98.31303012902703,0.5409266409374727,0.6358756426852604,0.7142270886560703,0.5408901396343383
98.26581460697675,0.5486821847555713,0.635668783170072,0.7156471528470894,0.5447009177096596
97.47302222963944,0.547886499813638,0.6284386376915196,0.7080368972766611,0.5376384187154357
96.73108100211017,0.5486307336372054,0.6171571103030236,0.6957200399749929,0.526512560616116
95.40643439857608,0.541657395574222,0.5942693932458294,0.6738952526429117,0.5004238819576944
93.57055014517785,0.5475576390906148,0.5733944156641396,0.6488863543213916,0.485499173903137
91.11291395676805,0.5492487669403253,0.5619422678107201,0.6390917802981597,0.47929201147721
131.05218221103976,0.39184912965431823,0.1465552234388261,0.15668162321950516,0.16182110322045504
144.20564064478177,0.4029145209647839,0.23781121728094748,0.14284582039062305,0.13438719344561884
150.3003181403486,0.4419980313368995,0.30443937172333546,0.17397004229481172,0.11749344579061594
153.06193606470302,0.46543286616768337,0.3441050889322275,0.2222120175443519,0.14348642550123475
157.76268269219673,0.5463985366800117,0.4278763991472435,0.3232069780558111,0.23484357583855928
159.93716375391952,0.6604648007933095,0.5597122791328906,0.46140341855569794,0.35474022254739923
161.9868764904187,0.7746151741320034,0.7073200084905757,0.6143182742753305,0.4870903087247514
161.64745705327425,0.8595296691310162,0.8138968999855659,0.7330529530903382,0.6110693510890246
161.44622111648653,0.9873930221406279,0.9649714284603064,0.884773155059646,0.7433696648407752
163.3247314329687,1.2847409393676699,1.2670282570807727,1.1760701022219706,1.0148603059484382
166.22063505333844,1.5170382218115765,1.4759390613839043,1.4074184788711224,1.2374285159748764
168.2540728677824,1.6184858507482196,1.6190675864725756,1.595372404715948,1.4198122018681427
169.31598799509547,1.5648891158229143,1.6052969539860618,1.5701786715271235,1.3789579146332975
169.59848268971987,1.494860665786086,1.5534329448469302,1.5030203726753577,1.3009629319957523
168.92994555505712,1.2947568904195843,1.3499971034445675,1.287794087032622,1.097392665610017
166.35512116616013,0.8523492305305262,0.9162543907755285,0.8523927745226026,0.7258934810936432
163.04953954143,0.7369257452082374,0.8042811788550115,0.7573249599320934,0.636835117091616
159.1797517245801,0.6350866562920128,0.7120219696513451,0.6786226037361889,0.5639523711645891
157.1689413348502,0.649846818950166,0.7618383781079929,0.7405340952964372,0.5988848196390656
156.81527162674658,0.8223509806447556,0.9285843792366949,0.8942612851330233,0.6912737601900063
158.103260136983,0.9639207497780836,1.0763671716711702,1.033659463369075,0.7907763788124699
158.6125223591933,1.0511844937817612,1.1632603575078542,1.1225580029722444,0.8557906769114628
158.6486420786614,1.1350290778619445,1.1986695770968083,1.16230106723846,0.897280033885928
159.03090378973457,1.3235361116265025,1.3394230802644769,1.2652250171201995,0.9685339295644809
159.29095838958253,1.3667822753398797,1.3593789042018438,1.269033449896658,0.9892705457751012
160.0342357807469,1.299137437876647,1.2794631474075873,1.1821184660551713,0.9555428716395767
160.7496235196825,1.2453898311245182,1.2250608797229572,1.118794355980369,0.9383040385073905
160.72901490843387,1.1264660059630465,1.105490408150052,0.9946828004164198,0.8542805125446761
161.26524484476397,1.0768286478532478,1.0649590220171625,0.9445536437552184,0.833152506266513
161.20869759223675,1.03560405921578,1.0216777368001313,0.9000000005240206,0.8222929320344997
159.8194379852225,0.9530300879183585,0.9547373384714549,0.8729464937244078,0.7886718211309515
159.18021233285424,0.8796051733555502,0.9046508808615131,0.8395412377919854,0.7755497166381105
159.8156307810043,0.8352770315568591,0.8704542011142072,0.8275915627191156,0.7689266931222146
159.8026676093097,0.7713084824490073,0.8256498551315049,0.7958373968918453,0.7460100051008474
160.350503245161,0.727894502865872,0.7829944026114264,0.7737504766138639,0.7237216136819999
160.5356896605649,0.6810709121453928,0.7442822768090577,0.7546827592953075,0.7088831338982773
160.63886391831278,0.6339441514577793,0.7078498705244305,0.7377295323041136,0.6882614831219616
160.64535801646855,0.5834268310507436,0.6647828144105246,0.7216494626074038,0.671710895994336
160.70786105035418,0.5554206336866045,0.6234689338785181,0.707062841875059,0.6766031017215772
160.87194100100538,0.5398457253967015,0.60307385592317,0.6973639304436436,0.67124631105514
160.70693595568795,0.5331989172747129,0.5829760622015847,0.6798837920509998,0.6588583883489004
160.72997636079515,0.5180822424669548,0.5675092455617267,0.6645563812653605,0.6536719731305317
160.32491409375564,0.5024156873440077,0.542380120486128,0.6489080537973244,0.6508978814052108
160.31364710809595,0.4924850805878622,0.5230843641860692,0.6310421872587542,0.6483589695955154
160.06687939922134,0.4813077323643448,0.507326031757735,0.6148940579032327,0.6420987423010384
159.99838334449527,0.47727085441996336,0.5067380718049849,0.6195571710405259,0.6448079194595374
159.95230659119534,0.48408968866952024,0.5245330935077628,0.6402533027912661,0.6345595259771395
160.5909992688204,0.504440017380241,0.5460620787085849,0.6660816862496706,0.629237860759791
161.49721385086312,0.5330303341480996,0.5714643405781381,0.6832698424421519,0.6248540515125839
162.34867248071185,0.5656739907007416,0.591241720193544,0.6922598419744367,0.6150392158484622
162.94188327634018,0.5762837484907904,0.5908759227204214,0.6882328637627252,0.6208938870628635
163.3041251489256,0.5878463356675214,0.5743291127176164,0.6855760807889263,0.6210550756802902
162.8658218633269,0.5839445574934823,0.5462853875281171,0.6668194782904889,0.6220182817440852
162.61801743813504,0.5638192566170576,0.5137152884918375,0.6164887613675375,0.5716344022243448
162.73919027654082,0.5406966188690935,0.4912057210875001,0.5668558891292337,0.5429412518651467
162.4425036175682,0.5181036828644907,0.4985559420018029,0.5391447182722047,0.5325310492440338
162.1072307207921,0.48476249851988634,0.481281710435722,0.5145219001666571,0.5334784948109563
161.35240272205053,0.4961100889646886,0.47135775671103314,0.4976371970729448,0.5162089502606331
161.3604301803325,0.49859247805336615,0.46027073512158057,0.514825998415107,0.5488324483090267
161.03390060072704,0.49359947845874536,0.4643962145377196,0.5295251832490961,0.5646917197748528
160.4770646752789,0.4699119782916166,0.4554863110137167,0.49377927328624227,0.5318574500651904
160.21897114724902,0.4663203353560178,0.4680303233491956,0.5133615360408964,0.5425390384404875
160.30748988215785,0.47929673299645487,0.48272201017497246,0.52438645153433,0.5316796165698275
160.30436666975322,0.500045692183183,0.4942263821819155,0.5250983140160597,0.5240523462036921
160.62840548602776,0.5312283784488802,0.49271413427708777,0.523821860566898,0.5053102418913218
160.77996596512702,0.5342876254875724,0.48262224667870524,0.5251303250397429,0.49259173313439447
160.64040544473008,0.5317858990314629,0.4847593806407275,0.5105077388266214,0.48053077300908403
160.79734257680636,0.5462991169569249,0.49332997924268523,0.525437237000906,0.4861691393330089
160.4657194179652,0.5121369532820835,0.48320976423829837,0.5202794870534614,0.4893205683994013
160.06920304308326,0.48016859248595134,0.4573941251986242,0.5016577784126837,0.4801933623658552
159.81445761866982,0.437755253121214,0.4537689349877775,0.49204483904851337,0.48055097331133406
160.0420169302564,0.4120624867484361,0.44209360154222443,0.46641658883266185,0.4696161563038972
160.21139071789997,0.4047189763553619,0.4430822903211258,0.4643606956913204,0.4603757124188823
160.79006804752132,0.40198370013112045,0.44360229176874777,0.46283688223768066,0.45680337249803515
161.97229344570215,0.4026314347990512,0.4553236577534599,0.46366451859806734,0.46117014673705287
162.63334953837594,0.3936074567418123,0.46537495011250857,0.4638833868027026,0.46403703390039824
162.29720539992474,0.3900019446511385,0.4779088793072887,0.46555239280450966,0.4667449264548336
161.19438956292802,0.38948443615096345,0.47289993517739853,0.47995287906329226,0.47407895160562075
159.92763760479104,0.3649698682304116,0.4835114497101974,0.4928684086502675,0.47815783131351147
158.98755914644698,0.359682471793117,0.49449465332118525,0.5170776414137905,0.4939052450366865
158.24007124364348,0.37279677372886194,0.498757644929568,0.5203597310265604,0.49626018331270155
157.9210994069365,0.37660912240643174,0.4935477996525934,0.5197181417025479,0.4975684022704934
158.0409543522676,0.38684244674049617,0.4933885117524576,0.5292623797999867,0.5085077846127879
158.30243199196434,0.386683494161488,0.4834895172996255,0.5185515343050788,0.5100027989845016
158.20891357489882,0.37463106874163166,0.4828552924183843,0.5214127886477786,0.5158596537031757
158.17489674307592,0.3722823168334947,0.48273089289731147,0.5158338557813782,0.5175423859581496
157.73266007714517,0.37827143712059713,0.4777993796523003,0.5108017715491918,0.5173458500927882
157.36738909391318,0.37314037404432837,0.4713252557739534,0.49728472239757004,0.5103118008511549
157.40321816490254,0.37537153748954566,0.45971336045264716,0.4859303491032136,0.5005726620351443
157.5851073908665,0.38935558457821207,0.46730225518735347,0.4909519559912719,0.5051155354215584
157.59063637918598,0.3948427444137056,0.45760938518420113,0.4794109539671209,0.496643989134816
157.58672612842855,0.39106121490180706,0.4504918734551478,0.4670547535213095,0.4869773125684822
157.21667049873113,0.3965832852011744,0.45444250214574694,0.45575382144526627,0.47153283518308686
156.73714839468158,0.38381443491729006,0.42024043934594585,0.4095733517545692,0.43496887330093265
155.85622788965364,0.3538069989473105,0.34313173454831325,0.3354032283986855,0.3894845717346144
155.3648754553007,0.3572009308352996,0.32260122515739265,0.3011128799453662,0.36167386822902525
155.13476075617024,0.3554583058899798,0.2866486374939971,0.25536046323518974,0.33517194534118816
155.02577614562378,0.35943318130837587,0.28531170143254375,0.247246040909175,0.33340662887643596
155.13085510805098,0.37498147005883053,0.3259746919892673,0.2914435362403475,0.3578718213583306
155.3025273739108,0.3994485146591954,0.37667675490242875,0.3541407604740892,0.39502679377869143
155.41866610182115,0.3860022210048823,0.40446892658922845,0.40928636332399754,0.43084966411147657
155.26250616613916,0.3807497051158322,0.42321385601485073,0.4430694781749955,0.4612901600931454
155.28092531647937,0.37910113390144984,0.4374884195242682,0.4693309566978167,0.4831178610609065
155.71921964049838,0.3761659427221676,0.4401384417686993,0.47735009109003995,0.48794219761795843
155.10340266930032,0.3584267643122175,0.43810472862997235,0.48193334285546796,0.49029840668524444
154.9867377615223,0.37004172024875986,0.4482423409222172,0.4853920555327064,0.48742001392532236
155.0765543821299,0.3795131185584116,0.4409606473866935,0.48559299383493854,0.47911647274483876
155.35817133569586,0.38967938411047837,0.43564424464664264,0.47358333785089163,0.4524913484933832
155.59778341326765,0.40175278956535065,0.4405729580132135,0.4726040041937249,0.4416022290561378
155.99593980873738,0.40623775523488165,0.44355472899883513,0.4763035101538711,0.4508604169522356
156.44243041169386,0.4088873092416697,0.45948465197693866,0.48952627561141876,0.4633173806414503
157.25231481426667,0.41985065939292904,0.47183518353791676,0.4928638269216541,0.46859020258467377
158.06323205885923,0.4331801359166834,0.49952243882963726,0.5120065431705899,0.4752583886601864
159.58062001742113,0.44120269636729637,0.5080745052318864,0.5389268373388358,0.48191014289566114
160.39297615146938,0.44796578142369103,0.5291402778203759,0.5418539695674363,0.4545429919999935
161.12651784813468,0.4657211175653492,0.5456393168617969,0.5480529593706737,0.45562123400085625
161.61575871374842,0.4831732268102472,0.5554317449144444,0.4891677190251378,0.4082371972999144
161.68224203353128,0.49108678089125696,0.5654051438431661,0.4974668634460992,0.3936556552432695
161.26927314474173,0.4914853090262256,0.555442564808501,0.4983766876458943,0.38960153347695925
161.6374327054831,0.47834643660524406,0.5441684377033588,0.4928781653140229,0.39278931153114743
161.18461674311948,0.4715346040118452,0.5270637689523533,0.49229768527211915,0.41039051125856835
161.0689531338614,0.45553145548154483,0.49596279868908466,0.48640259558073495,0.42675599017252447
160.3843838749813,0.4492754686032164,0.473563139972438,0.4731988931180641,0.43679867570570313
159.5350563216208,0.4300492251135242,0.43503857409066,0.45020183765495586,0.4323440653076533
159.3194908750408,0.41216377243289315,0.40233508860005357,0.42408770488547126,0.4224602917329145
131.7539042724316,0.21161569006331746,0.3830500870441701,0.3623216172087806,0.2801963122507426
151.11221258514982,0.15083036602221134,0.503271678486647,0.46707984083631543,0.3552242774082953
137.72018503615934,0.2996844454901183,0.6220636591876201,0.5728077557244973,0.4230184010453599
128.53942508981655,0.4291312198635261,0.696749710494163,0.6352160353406424,0.45914973048512225
126.4476601565953,0.5551726502087644,0.7717937470793028,0.7083644562475038,0.5034842565815735
128.0567079855088,0.6321863894863508,0.7893022974390946,0.7290270929682637,0.5147738728980183
130.7690802588349,0.6967969065149109,0.8195280045013016,0.7570146805175362,0.5443883003887161
134.41983648971532,0.7941624968602351,0.900815322503139,0.8327345740246759,0.5986240810105925
137.80648928904336,0.8631631432913724,0.9682875795891822,0.8986858090974535,0.6482989905493178
141.09459911460567,0.8999445405209164,1.0139991435238458,0.9418603544871261,0.6789738525915014
143.45574906454388,0.8796218231330276,1.0160376979814416,0.9813493897941451,0.7058848065133841
145.29513506942746,0.8890875447060934,1.0327077153955682,1.0191179537779145,0.7302371145562894
147.31157464051373,0.9031947290709579,1.0588189342874659,1.0445076661541737,0.7443085958663861
149.12997013251484,0.9361103619326149,1.0807021699663732,1.0712642025155372,0.7714371906670148
149.29632549261459,0.9747342554209071,1.0975734966017991,1.0883597983104567,0.7873227947838338
149.93988040289855,0.9780785798507209,1.08648871927648,1.0680766522321172,0.7704414145336569
150.48185142359577,0.9727273727480652,1.0869616668922397,1.060446151521089,0.7575767051153792
151.25140767999167,0.9749640892971432,1.0824391265121598,1.0541450045113618,0.7562819960506239
152.3347802254641,0.9647322760341602,1.081168296275219,1.051763664683017,0.7582876189071386
153.20545593060544,0.9813673265878703,1.1004391169020993,1.0610573802134637,0.762900147154471
154.01694331149227,0.9498739293421065,1.0868283897312847,1.0592389838310943,0.7674525395843649
155.36924942770702,0.9300420125954006,1.074458500337253,1.046717045407512,0.7575152520125857
157.3577121673248,0.896017874480182,1.1036899894782695,1.067065257861337,0.7666734347717684
158.18202173579525,0.8535198637264901,1.1091950014669878,1.07257170305003,0.7714304815190509
158.44082956443333,0.8346605099683936,1.126622136865381,1.090293483721662,0.7809964313115746
158.1134427048798,0.853037747141565,1.1649991114284959,1.1183840069584416,0.7944632351883323
157.88479443833347,0.8612291705089301,1.188291993934235,1.137489376719351,0.8094857716255383
158.00854797612493,0.8506419740053135,1.2006223818146258,1.146986588165486,0.81407587457093
157.74911865546824,0.8569377924506001,1.2018660624145092,1.1536854713842972,0.823790759451415
157.56532133597517,0.868667549254935,1.1988405744511625,1.1510031686897182,0.8219634629944759
157.10500090979022,0.8908733333559271,1.204618411608406,1.1620322846536522,0.8331815708416906
155.46264575254372,0.918152850975345,1.2069406726951508,1.1544594858859678,0.83148342160254
154.2435766394795,0.9329926331283247,1.1959046298239915,1.1392615569771716,0.8269361196590006
151.86000995992268,0.9545564784505968,1.2043734411511982,1.143838825095753,0.8222159484319658
148.34836642822842,1.0113291257031518,1.2392704298625117,1.181105316850805,0.8364373624605953
146.3979761758817,1.0684800079521262,1.2702308475052189,1.2343848040937098,0.8815514092680102
144.45620217462678,1.12765543781354,1.3084683457810005,1.2923607867562552,0.9240663973312512
140.05956126990876,1.189509606042861,1.3629000001592755,1.3609364843389171,0.9978182643858489
137.54053034142794,1.2483829599568286,1.425011541339786,1.4414231212845932,1.081978976390545
135.51086259681645,1.2766628572707561,1.4706667175753818,1.5205069729715357,1.1658866851470675
133.5947113145946,1.2762422087133147,1.5055280155068194,1.5949542536246557,1.2581529679021715
134.24504678922327,1.2727379822675196,1.5379445328608095,1.6739668375009422,1.3251440866218964
140.51722246544452,1.274312345755647,1.6110340962767633,1.7804098631991658,1.3914066734250212
145.67745343073986,1.2801647469888404,1.6568197944430822,1.8674213867849387,1.4370452818961208
146.89409467588396,1.145437855483388,1.523928492104312,1.7708768696467705,1.3635812210319158
149.51348084197392,1.0206053899634369,1.3783130761433182,1.6189954940798614,1.2720727726450058
150.36931802886866,0.937858913959641,1.248893832645531,1.4545713958810182,1.1466445656462536
152.1359618491735,0.8874186101348799,1.1855020727401433,1.3649040016350336,1.068725144890609
153.8338936601674,0.7505510122051928,1.0612522486582774,1.2317597399348217,0.9718216879177396
155.12711659489457,0.6719264505277742,0.9599454800247638,1.089635930674737,0.8628891691254645
157.40643567630397,0.610982680316896,0.8300802769618288,0.92777891953012,0.7637911630776724
158.79167387509938,0.587463361932088,0.7305644590477243,0.7755279120532973,0.6821683365399378
158.8798630170641,0.6135737588416035,0.712547740430996,0.702169982164717,0.6403242726486791
159.4119067949743,0.6427662667657947,0.7456436653976025,0.7022817638460631,0.6455494677949881
161.31285174740955,0.6225568021830699,0.7086734173644412,0.65831825462154,0.5861539490022113
162.47516715302382,0.5987318388790841,0.6852698942647044,0.6262609984754113,0.5614572536417203
163.29523554126763,0.6043727215123992,0.7024576411387966,0.6427553024178518,0.5714355785266955
164.22581828386066,0.6284069501877428,0.7277767329046595,0.6737932585270002,0.6057565926724684
164.96883930476517,0.6822356397632854,0.7716846899846047,0.7317058046528727,0.6625047087937913
165.365879031966,0.7233426812269831,0.8064287857670679,0.7780912307633849,0.7152318592415003
166.07273265619656,0.7007668556437079,0.8912653377649654,0.7508095439362871,0.6812987393455701
165.8895025923401,0.7533906594525438,0.9222037508763006,0.7931013120579298,0.7195486597591062
165.80205896883766,0.8024894713268244,0.9936437847872089,0.8541006620328497,0.7477904051478462
166.6052388564758,0.9037026088392583,1.0952541940237253,0.9539559034417658,0.8032417563107707
167.0923283114039,0.9356950108630024,1.1019890691150953,0.9849780479686885,0.8192300911699941
167.90603724758978,0.8977595069791933,1.0797095250185786,1.0124172967385683,0.8312260221051188
168.6616700196628,0.6701870418982906,0.8938959362081783,0.889577528922975,0.7128809343123
168.96705562009384,0.6296463515862167,0.8590415117952453,0.8873062435979511,0.70402179292101
168.5682563183403,0.6443437200642844,0.8628710778014762,0.9028371058575099,0.7061181706152989
168.10173428373687,0.6721111554351152,0.8784602290387932,0.9232202431702907,0.7317560886044006
170.38419200858368,0.49457372130774974,0.567003099134697,0.5654466862732094,0.7003760839049111
169.62775713953954,0.46077782442021614,0.6505768953916414,0.7037623402874394,0.7515391505847409
169.45046729303,0.38368796978680875,0.685345188614761,0.8121486322036638,0.7556001486668732
168.77794214224792,0.46016932732652294,0.8072546841627952,0.932360673874973,0.8479012722347576
170.25987550385807,0.5263217379297515,0.8407888408216273,0.9691537759780717,0.85019895626513
171.05867358938335,0.6584082551900328,0.9444506335738805,1.061146980839734,0.9220119264059765
172.05430362501534,0.7127502786589165,0.9753454200694768,1.0895644294462208,0.9449591062642133
172.24537429224696,0.7754713562295241,1.010163063042912,1.0895020219159843,0.9449830106541108
171.86224848809948,0.7667121410839219,0.9673627035464086,1.0543385669513308,0.9064412499460529
171.17662672415392,0.7967567235099292,0.9717538316785161,1.0552437556063803,0.9121897872212444
170.99542108491673,0.8199580212098011,0.968305570214205,1.0357382173409813,0.8912155439895885
173.89901622223098,0.9089605818260139,1.028562833606159,1.0884647064795119,0.955047356315509
168.1534618371227,0.8498498475078129,0.9643578886967913,1.0236014146226755,0.9053474209779413
161.71041330014688,0.7478786214833405,0.8121378100674328,0.8489290123279429,0.7643527716859883
158.28071855038039,0.5476689441168591,0.5855755147996556,0.6249496910189495,0.5918540373694628
155.38954493053782,0.5592347773910717,0.5273163221426445,0.5697936767658737,0.5388576841394026
153.22950639529734,0.5747260102408878,0.4760709048850166,0.5067719372672647,0.4732614006963464
153.10697300939364,0.6394954867123593,0.49420219592495074,0.5142717325662813,0.4904586002391142
152.75270121825974,0.6351521938013609,0.5135443279864722,0.4775874592053024,0.3936122746541431
142.7151066131182,0.2827560182072341,0.3412214152532437,0.3194875430782767,0.20319990827450807
165.51607294400085,0.14374784405111066,0.4571830484718167,0.4366793551842294,0.296483969360363
169.28460372712647,0.13831372913665543,0.6129995487776416,0.5853355900072897,0.3974874296904331
162.72673089954174,0.35824765852738577,0.8058796380889419,0.7671041365907932,0.5284195863292099
159.61786463601402,0.589857069493534,0.9698433486789927,0.935942032147649,0.6686082626763865
157.68109999622246,0.7721996811832584,1.0685902945220722,1.0351725198766173,0.749428313433877
156.03299719163496,0.9061187996613809,1.1315802465158664,1.0966712538210461,0.8167115730517674
154.56058137348967,0.9856848231812332,1.1489251548915012,1.1274472158515385,0.8672833857339669
153.80211877709843,0.9931769675524573,1.1098358473926437,1.1008357798093573,0.8588900993128092
152.8507559895629,0.98601736264764,1.073512217885004,1.0700146162735944,0.8532029564246623
152.2326400667842,0.9619308164074769,1.0223300328464686,1.0246838552398467,0.8405146325261806
152.16942824669152,0.9130382114349682,0.9537571331860113,0.9589563257870304,0.8095288108815026
153.15610099147588,0.8969705512032934,0.9134914794036662,0.9184369872243033,0.8040048739841588
154.64530509513673,0.8607436986567057,0.8554647272899203,0.852228762802137,0.7690885033456968
156.6645973007593,0.8564154480164606,0.8172943158062603,0.8096255363870142,0.7620441053525083
158.36509923897594,0.8617234459233581,0.7950664514275474,0.7877277315890421,0.7679809044210385
160.23293282398214,0.8814560721503358,0.7945606381078862,0.7876140194259938,0.7784156374067295
161.2565317130566,0.9379317034886714,0.8337713474828422,0.8092965288538913,0.7888419963259035
161.95718172579254,0.9371716782138205,0.8229994907026074,0.7815891956051232,0.7479204407776204
162.34987414930126,0.8795912235040716,0.787632680347517,0.7474779692751408,0.7176701807156732
162.88071181280912,0.8480772170745341,0.7482042588289384,0.7179600315397984,0.6803321940712279
162.9004262730866,0.7758297428246773,0.6906803052905222,0.6918242646360275,0.629229330465689
163.10028896725305,0.7338179706203849,0.6435507392068528,0.657803150346622,0.5735921201940545
162.99517829105906,0.69187647166705,0.6164540994352554,0.624320121700006,0.5539142414841983
162.0901804712083,0.6583968800314871,0.5964730305575773,0.6002138827430095,0.5261353440549085
162.11435387640952,0.5840867757892442,0.5427878640343422,0.5792491725176979,0.46000541968351144
160.13338116987143,0.5937109819773659,0.5327863936845165,0.554690817642005,0.4891075409610013
160.2514926707003,0.5638757294456893,0.5190127366237748,0.5650440047760874,0.47632912775412806
161.03480343844535,0.5593086740251341,0.5220278852898322,0.5722961205404206,0.4963344407425573
157.48035940989615,0.5657701030718114,0.5402211745172757,0.5786380257381231,0.511571762574174
156.88188719586128,0.5554336382559886,0.5250559859334636,0.5703660790308104,0.4893813340103049
154.7575430149075,0.5271102031709483,0.5058551502028655,0.5744274645199361,0.47012101965136605
152.62815802818136,0.50719502434224,0.4992515753406257,0.6036124173076424,0.4714661749347398
153.12847845559872,0.5168706402749444,0.510543936209635,0.6214772218553674,0.4637304966897884
153.47004885586495,0.5027659610344593,0.5019205994725366,0.615198366527132,0.4426258970963337
152.91696019641063,0.49840651274615033,0.4930782966258007,0.6074770491144516,0.4388695321495995
153.1329731583312,0.47761380229541656,0.47342619244846684,0.5623760885369918,0.40556575119712485
155.96204127801838,0.46105955732416476,0.4376410613488337,0.5273750537551511,0.4090962944183032
157.12069660753093,0.46543990783846917,0.443705151395504,0.5201238195999554,0.4229027254269841
157.01310289283003,0.48183355356683333,0.4685885671790956,0.529701030987297,0.4463197049813162
157.59300847869142,0.5065202676968967,0.5076388003614534,0.5309263965481701,0.4585721507369012
158.6658822921837,0.5526187372875522,0.5510836174307845,0.5125041309583047,0.452903890945305
160.50416504758175,0.6142355337099848,0.6090865183461922,0.4995896538758664,0.4548000107640141
161.84670411139018,0.6635965089202668,0.6288262340324652,0.4981844506985088,0.4444806518065776
162.20115110520425,0.7897942316335935,0.7866923111591674,0.6232310659461315,0.5589610994085653
164.05738941515003,0.7450801821175693,0.7371257796043962,0.585939084645862,0.5069506484909911
163.0566069911851,0.5405743661906902,0.578326943450741,0.42165086126068724,0.3754066174080129
162.78204632200516,0.5082239527460845,0.5409768067378772,0.4076074505948991,0.3728331450680659
156.374334750058,0.3241822780640394,0.3168577202236727,0.40720349376178727,0.3206400078893386
159.94334036245718,0.36236539649912186,0.3000947192188132,0.31538237353513443,0.3016258487125261
159.74857750501343,0.5420909450559909,0.4857326034713129,0.41375435588641285,0.38986108517972734
160.11948519127498,0.7734030831404719,0.7425435945221575,0.6486138373340734,0.5665296874521949
161.29749626169374,0.8873058513111152,0.8757221900944379,0.7863510957170841,0.6468623534051521
162.55522244856513,0.9598988790592631,0.9755382610500041,0.8981022998161622,0.7676898527119828
163.13254141836507,1.0379685147026827,1.06182460277355,0.9881802733342822,0.8586410067603742
162.27931599239932,1.0648992162099125,1.0942924237742777,1.0247359659996593,0.8450603002353146
161.0823724871236,1.0573951660194818,1.0672650169466171,0.9550011973513273,0.7392829048034253
160.56409543852524,1.0417268559441493,1.0629096864684644,0.9410779728943496,0.673526971535549
160.7024414054959,0.9846658006517104,1.0062171533665916,0.8464666887246352,0.5317380184715272
160.2967646929304,0.9927036828894152,1.0394927426949618,0.8836373423665341,0.5679776895383974
160.83597774172605,1.0143918751083498,1.0757519700994989,0.9188850268904338,0.5850984119417519
161.03432255203867,0.9496077728894484,0.9985025394973847,0.8054441667152423,0.486620790821809
161.17533788930365,0.9161450907551976,0.9461589305145428,0.7302781073557264,0.4065641417417381
161.92822051477847,0.8565063224797343,0.8834552752735495,0.6774679727907896,0.3716832951929171
162.36201044649667,0.8760671909516644,0.9115764540062611,0.7116796223500137,0.44275240938173144
162.3217059216831,0.8962326939232717,0.8551908441476603,0.6740185126131147,0.45607721017289454
161.21327022399515,0.9118725005011689,0.8113695359960171,0.6444798053029881,0.4200975034735931
159.59965554780604,0.8722742657872014,0.7545489415403455,0.6003671511820555,0.3960488481917357
159.67042378214114,0.9019109766745733,0.7985132397611966,0.6445198584606574,0.407062785354484
161.40430999077816,0.8354697098368347,0.6915126183231858,0.5867887279224141,0.4099137794508299
163.50837488872725,0.7224312467457263,0.6399767910542307,0.5221967250509685,0.38125888820936144
165.53238560564566,0.6016949608495902,0.51127142947931,0.4456647562781268,0.3727894086012961
166.21152304711055,0.5136159146878118,0.4281004600529333,0.41643097130435286,0.37094603708034524
164.54591010563558,0.4397895096280372,0.375515646982399,0.41439237493653835,0.36084995134128145
161.26169195801765,0.3915258675022375,0.38975598108442766,0.44310570839783975,0.3600141367168215
160.40457709110314,0.41873845701699197,0.39166299015400163,0.4011638111575632,0.32284581145194224
159.62390244796413,0.43427237383250367,0.3976832158480741,0.3957017518520483,0.3222969222088613
159.91671499400096,0.4447041939035288,0.4053864645493579,0.3814672820705765,0.323326142218152
160.1282232022492,0.44476419459238203,0.41984861622966013,0.4182615662053441,0.34514654995161387
161.59519183255043,0.439635485259296,0.41736681590402486,0.43072479059561586,0.3526291833001973
162.91949024346093,0.4648614689484822,0.4301821323031951,0.4285531116426919,0.36359523762509904
163.23336884890045,0.4530118198557776,0.4272918740643043,0.430344564516849,0.35975668563352475
162.6228209926375,0.4610174350031381,0.4380106582530803,0.46669691284338494,0.3894535358427081
163.95636445000216,0.4441007859240154,0.4244401887936361,0.46527945571730056,0.3958259311365858
163.7282744165528,0.4657697173201641,0.4637907170282816,0.5349818153910854,0.44627317063524446
163.16353944820435,0.49997270356973805,0.5467497105205177,0.6603012999071045,0.5408915461803057
163.34376934679946,0.5281566554885628,0.5584140398091961,0.6512353784702061,0.5204707958733672
162.70387018627932,0.532489468955873,0.5698285900317641,0.6749508755977985,0.5432220267331752
161.2228851507053,0.5799239591052906,0.6238270391818709,0.7226714399303702,0.5625640343150221
160.3911494396347,0.6295674818249222,0.6712725599488701,0.7584085645772637,0.5949407376513659
159.07640357489805,0.6657366645170014,0.6984747775538614,0.7836695107883247,0.6195519366138371
158.8303790501292,0.7232704852369372,0.7508616218030633,0.8316000413867967,0.6736781563192471
158.33723534082512,0.7814919832159692,0.8218287339809164,0.9121661127825489,0.7367104490516121
157.120930415322,0.779593614504871,0.8461747183253661,0.9358985495876285,0.7459879977939706
156.81838279341903,0.8317439475951376,0.9238699458285525,1.010971821015024,0.8025382157067679
157.2478317901882,0.8610925138022929,0.9573974532812328,1.0356204126550632,0.8183269044321926
157.52510776480418,0.8623531466426736,0.958454221175249,1.0229290127095025,0.8035320294739102
157.27486797326893,0.8813934479059915,0.9700960075125464,1.0144915271017134,0.7925188531729085
155.96546671554398,1.0005454312579858,1.112858700476539,1.1380499847576546,0.873832317748307
157.0410935167477,1.1093832361830218,1.2244986858175357,1.2441152388092462,0.9628599197210502
158.02191626351575,1.2903352512873436,1.385513829581637,1.3708098187168336,1.0918341977017352
159.11878374470177,1.3883813481330713,1.4979204365861154,1.4582755616585057,1.1727844151529763
158.25699177206855,1.297952693926464,1.4033735541401064,1.3686539248886493,1.0949308551197274
158.07822342607466,1.1266726919823165,1.2295131346932904,1.221954939472544,0.9837287723367378
156.73705638817458,1.084758920997278,1.2001474114293802,1.2048458475141806,0.97498743694085
155.45367225245687,1.1202359884308353,1.2288442756832965,1.249313300795743,1.0249934633889843
171.5201667046619,0.9278038965619492,0.9924135048629082,1.0331581162942116,0.7759869313588696
166.68828172035808,0.7610734811903127,0.7372256497569886,0.9245525369669046,0.7154501321861038
161.33595584080334,0.5956906225226507,0.5334692287864595,0.8080300628080958,0.6256334339169236
157.03161080603687,0.48945706518507953,0.4356049345934044,0.7303483603516617,0.5617005515915332
153.85457074853306,0.45154592838558366,0.4268206860031355,0.6823402869170357,0.5155685513599051
151.29303067262958,0.456688164094986,0.46147461987565286,0.648956826379537,0.4830470708866873
149.10757299536002,0.4815142227144202,0.5115275028632116,0.6386220552556883,0.4713714725828067
146.2441691584893,0.5386700851884787,0.578206395692556,0.6486494576118831,0.47298931511569814
143.9588008146486,0.5774097248116278,0.6143196244623069,0.6442828617816488,0.47000381566394694
141.9553555843628,0.5907054342572093,0.6194594483447557,0.6147431651917874,0.45215746368227416
140.44856913729745,0.599075373721205,0.6200142856836526,0.5939132631061446,0.4450547239319234
138.91900213742304,0.6044611841455279,0.6276451184213387,0.5815147337872275,0.43626349854452917
138.08591515407701,0.6112342883132872,0.6341628441711862,0.5752536669487575,0.4354368983582144
137.7397517300906,0.6084692790582836,0.6330286738056791,0.5610856372088953,0.43106930980720926
138.02939168569765,0.618052801683456,0.6410472883678691,0.5550313629848981,0.42867458534903957
137.75617667351645,0.628783974223115,0.6506389802042088,0.5555595358950186,0.4298924441218286
137.66014464574928,0.6530243897543169,0.6700803038627205,0.5724593154994742,0.44660680293008254
137.32296183491107,0.6681123921465316,0.6863583332911248,0.5864080320369108,0.4550483103582828
137.48177536778627,0.6784908243205575,0.7014937790705822,0.6042821391782839,0.4631203461008514
137.24667861813097,0.6865637191475519,0.7122835436491707,0.6161965752598288,0.4699000678573224
137.36703767656232,0.6784404531818041,0.710256734263465,0.6194874611363006,0.4708935572519981
137.04458547600913,0.6798471821284559,0.7133076805474553,0.6245105612118791,0.47651912340180774
135.24247796927708,0.6733384337140067,0.7142057059581293,0.6310635147742647,0.4803498373771297
131.58921807872522,0.6639953324362151,0.7145862009119405,0.6332319674916546,0.4881166316232188
127.26079637343115,0.6704944826391088,0.7202726185919166,0.6362183163123921,0.4921467086531291
125.09633718624562,0.6801980273728776,0.7225204192574552,0.6366392719653526,0.4871291630384364
123.83854251787155,0.6798693659170545,0.7195349704080367,0.6297427306564976,0.4807664650066486
123.73464798530495,0.6781500532161906,0.7119829449063656,0.6222575853143985,0.4753913711524396
124.56353551205454,0.6864503522440369,0.7167839227443281,0.6253173336491669,0.4758829633752983
124.8148987743954,0.6864569690685361,0.7132395469308282,0.6227706809172244,0.47516904383482395
126.9818576278083,0.6921657429181851,0.7126272163276584,0.6259962480717949,0.47827512416349627
129.8939808857021,0.6912231026814928,0.7070436779712066,0.6204653083110916,0.47543857129954054
130.78715763465954,0.6995947992674756,0.7170461528428341,0.6279493925902255,0.47880230859362677
129.0152248503267,0.6945437178515361,0.7116091787424853,0.6272129435673542,0.4772778910259374
129.44897549766048,0.6884615115324194,0.7020975339977497,0.6203488349764678,0.47251650517785065
131.775030749338,0.683944580918249,0.6966504301779957,0.6198134195997866,0.4736115699541825
131.65292894399207,0.6808296150934582,0.7015741206471939,0.6285526171289373,0.47526567271320236
128.56944823684657,0.6766074482526214,0.70139645302187,0.6375511249629006,0.4809202451413283
131.04410246448606,0.6972439722261977,0.7199585496568739,0.6515549652577088,0.48740809334249974
134.18561481253,0.7498091374800756,0.7746204743148508,0.6835144894264504,0.49468649354917527
137.7584872880852,0.7311116755206474,0.7626480974211775,0.6721960459457627,0.4921052167643559
142.05419576121054,0.6759275602322521,0.7255391233427181,0.6497720270098182,0.48489062647111497
144.35031416446103,0.6297485213639656,0.6973608548689151,0.632102035979533,0.47043171418948676
147.3635779178183,0.6020287539561333,0.6744676340426317,0.6163781628402456,0.4584212853536443
148.21881061067845,0.5810603561177518,0.641046281158684,0.5944381172287998,0.4430952988411786
148.71149378598253,0.5785690295413934,0.6355686160759626,0.587401586538364,0.43839898475742617
148.3731584612016,0.5834689435186412,0.6338607466673681,0.5829852662538928,0.43119695684034226
148.0358653005183,0.5963927785268579,0.6406044760450357,0.5845468752154583,0.4287132064184113
150.09397934077364,0.5744497660364064,0.639259524449406,0.5800999660871613,0.4234755470825177
152.80241860834934,0.530673429777708,0.6316483952116322,0.5732254949538962,0.41406664690757883
154.90040481125988,0.48190464913767267,0.6049387318756064,0.5563622083545857,0.39853313404007895
156.85436207868295,0.46334446052882283,0.5861595725532965,0.5440573104933197,0.3884966883590989
158.0073926085493,0.4229611015887834,0.5737203187403053,0.5380586383319726,0.3840615015458812
158.11645758376415,0.4223789078626559,0.5675472348974518,0.5329429449821456,0.3798575150992344
159.61114800487883,0.4003665068718421,0.5626534747529266,0.536109112178609,0.38255714711027966
161.9241694449985,0.3761403197752854,0.5781968658173323,0.5562646897688127,0.383226345626647
161.97351137424587,0.3792026767574653,0.5921966378559671,0.5669427872907354,0.38461306714785115
161.70026777101984,0.4043561604858619,0.6284192020646343,0.5997170843839348,0.392882461182698
160.1267798606424,0.42969653945506897,0.6365827180233978,0.6030782541402703,0.3937935206107324
155.96652475028836,0.4646465624624528,0.6367177169666297,0.6030476950765814,0.3979382575016653
156.1977852238385,0.4931154520061824,0.6358171998093328,0.5918863499759489,0.40743930012028373
158.08874868325935,0.47660001911059424,0.6106849294323531,0.5646738136103364,0.4031026023883767
160.6416003297095,0.42847668210998646,0.5745525678205385,0.5354319323751203,0.3896891858618902
162.06208505543447,0.4035091749958507,0.5188937307982793,0.5173427001586519,0.3907067679057096
163.91088773761038,0.3929715545311399,0.49321295864364345,0.49736358033660966,0.38364839260056344
164.1534032134194,0.39439761129591283,0.49800629836836724,0.4982410916789597,0.38062647702429997
129.440886781176,0.3898473228056343,0.1653810239970691,0.15958321283038623,0.1676182769726044
144.53201930147034,0.4861971854354978,0.09048122178815948,0.17530712910845728,0.1837890247575896
154.59501521717715,0.6169589901844902,0.2731027923375866,0.33781066158597745,0.3143757015895618
159.297424138025,0.7614134877856286,0.5039257232264303,0.5394811341203257,0.48324338747742357
161.4182045162636,0.9397823289751813,0.7506822258241417,0.7641954070332236,0.6615634191549292
161.89793677870827,1.0966824026854836,0.9726223174230174,0.9684904668526274,0.8332929466429058
161.47244667321172,1.2118333461115218,1.1268581454927549,1.1133744268252255,0.9615884822506899
160.71747598649176,1.3422489364457946,1.281948704498112,1.2695144959128561,1.065832599138704
159.7201541577999,1.4182324337367864,1.3949183669173524,1.3775892455341132,1.1434547054668622
159.04107733259195,1.4928320142236484,1.5053028843595002,1.474453617931366,1.2076509436594767
158.60538195001274,1.510506461802967,1.5331727087304194,1.481532830240903,1.2219346218623264
157.68469030755742,1.4575484094696889,1.4902992741725658,1.4289731577284173,1.1761838302263732
157.32328539099174,1.3857554057617258,1.4220964101053035,1.3566141559659193,1.1243740287931248
156.10821089719724,1.2731978086147058,1.3110435082733192,1.2540198712843131,1.0493875297580781
155.82491562493198,1.210029659520202,1.2489965830400518,1.1926501934138207,1.0003880555770333
155.3955848198895,1.184508406741881,1.2232243004291325,1.166567343574796,0.9672743626274781
155.78595981217785,1.2437748889132971,1.2977170683531736,1.226103987846489,1.005946996979399
155.9850487030089,1.3005155121448329,1.3630465889764967,1.2777992878889035,1.0408663520525667
157.49979476343293,1.3732668895107085,1.4457933574063018,1.3474425651437487,1.0768164333576276
157.99063652160592,1.369831247912943,1.4611476606173184,1.3828773747764838,1.0822303855040933
159.06252204266545,1.3962290700929323,1.483766596009553,1.4135907289402738,1.0973578421194148
159.97722719302334,1.378607329176493,1.485221237717935,1.4186195810504725,1.107946039906632
161.0363492475744,1.3675907817986985,1.4894807904501968,1.420993683630773,1.1080520330735453
162.29185751490272,1.342198129491314,1.4683282311086863,1.401398075965845,1.0820194485550974
163.05134748065416,1.3356082481076976,1.4615275675395893,1.3960639088895124,1.07146831137895
163.12904323662391,1.3361399978684871,1.4480128921572728,1.3971636697085872,1.066199042960108
162.41847081543682,1.285883423451099,1.3854383645469102,1.3508698833617367,1.0299204310957606
160.84318130018727,1.2529870420352567,1.3426650054195963,1.306116222229754,1.0041673042790267
159.32955046682466,1.2329927885102057,1.3157023724469423,1.272398087010882,0.9923272898843635
157.96256456570316,1.224549787899781,1.3161185280655898,1.262933828382667,0.9991700094372968
156.3172056642421,1.2150333447077841,1.3011101257019522,1.2396582162292467,1.0011770901893433
155.19751125074464,1.2282258025829167,1.300691489907184,1.2300959596950924,0.9991882211645113
154.38665449552803,1.2100477575199842,1.2792166858569354,1.2052915244595246,0.9847138521000409
153.79306471555918,1.1868697243753714,1.249094148305402,1.1780154616969658,0.96891398808362
153.21669328216,1.146763228901269,1.1999025833256591,1.1310879156961533,0.9389511995906947
152.28626994687008,1.1029655616184466,1.1665338150814064,1.0906480811319548,0.912829017852814
151.63890532346963,1.0560949935804318,1.1271872642867609,1.0500769513406154,0.8692366272004612
151.0315959937626,1.0346738713644204,1.107211627345214,1.0330210661218628,0.8482493592318078
150.83159320759265,1.0252316747660895,1.09949432200633,1.0314468293818453,0.8464552854855093
150.9672581434552,1.0077666822944942,1.089282177211117,1.0355262106148222,0.8418296310411431
151.6720385066699,1.0185633500168112,1.1047004000880543,1.0507092669047344,0.8440027887865801
152.39320843532047,1.0296660993234834,1.1114477989942582,1.0639505642111138,0.8633802379703991
152.91265780359612,1.0446150479051857,1.1245966488471126,1.0738126523434715,0.8803801758888685
153.78697357736348,1.0279928997082115,1.1141206229637552,1.0704457008933645,0.8821294297992182
155.00434290741586,1.0037387016321444,1.105015601125635,1.0542866943666118,0.8857280465336228
156.09987029241267,1.0065956926741353,1.1070320962535638,1.052036847754431,0.8878022770211835
156.9159193292197,0.9990007384638759,1.0964941349003636,1.0466840442952563,0.8850136225825322
157.52539833488396,1.0016935648429555,1.097468272250286,1.044588507424729,0.8954564924290688
157.72151584238551,1.0143199427055465,1.1105664520192127,1.0638341080272538,0.9084130844374443
157.76627139488045,1.0198462994319972,1.1106754796559695,1.0696455223839794,0.9241154122911521
157.04402815208687,1.0383261430513706,1.123115377982431,1.086366891936421,0.9333322074626514
156.33937297540479,1.060394042087023,1.1451697066065591,1.11460092678409,0.9424672463345333
155.65153151859937,1.1146126241844223,1.1789614626219374,1.1441879107553277,0.9722574374189801
154.5816002757577,1.1312606123278315,1.1894466892177464,1.1430212597791096,0.979833435022995
153.7327104017035,1.1293023607034491,1.2018684436041338,1.143040885246863,0.9770842171384931
153.0688480096589,1.1107945430140367,1.197501715165458,1.1453108542206014,0.9723966659902908
152.26761708960476,1.1014391081568737,1.1785080684072813,1.1261361905352318,0.9614936293061662
151.5289861004151,1.0619741664668825,1.1363487181372627,1.0835875654675153,0.9342307691247889
150.94133119344326,1.0249102937814076,1.083648984578719,1.028211872093452,0.9014854038315595
150.37787331541162,1.0049416555987705,1.0612500891140701,1.006121918321255,0.8800183737399282
149.59582710381474,0.9518733082641374,1.0196226479603712,0.9819739864149946,0.8590950817180257
149.4602683966302,0.9306047166514587,1.0128596021428973,0.9840984380604454,0.8477992647461495
149.38789717657957,0.9133880492694628,1.0131963048770414,0.973458149138294,0.8208050728363144
149.74232546319496,0.8845274789684597,1.0085019696685011,0.976175054061966,0.824470769798756
149.71551686662914,0.8734337337273471,1.0081494710726142,0.9776651214330397,0.8236593972158754
150.33883271365295,0.870825486773439,1.0109534428105518,0.9832396794195959,0.8284185389615883
150.88047674842466,0.8681575428966043,1.0159769062061657,0.9908170568300885,0.8354170001096419
151.61216299245413,0.8766896999853626,1.0285302472378772,1.0050823824206383,0.84665557780009
152.13771510175556,0.8814846331246393,1.025198877461201,1.0087646314979493,0.845624424701523
152.27801252865694,0.878453977676398,1.0075624359114799,0.9981732986862348,0.8441548650079412
152.57817105877953,0.8762345803589692,0.9994013935302422,0.996383744577421,0.8475925449174543
153.26055701773484,0.8814198383406304,0.9944577410894424,0.9985791041289064,0.8395550586264391
154.36155793039163,0.9058826927925756,1.0098509435020466,1.0105304815438736,0.8401500144437997
155.32056338625435,0.9057806464831626,1.0084308204081862,1.007791366855826,0.83945438955073
155.79909274046437,0.9061243309409347,1.0111676132447656,1.0053193404573793,0.848893509052283
156.3594495728419,0.9142451975881276,1.0259950412963916,1.0164737090856295,0.8553614518026224
156.97230145617405,0.9247401640783527,1.0481524027643319,1.02916899617156,0.8735907552049105
157.2830210085889,0.9387345868315473,1.0737077080670046,1.052136958218605,0.8840659610524193
157.20931973932244,0.9438189653860035,1.0739848525282234,1.0479902154869327,0.884241067616608
156.82084122424098,0.9559647845401428,1.0819758299109075,1.053836359982162,0.8852856409276325
156.50394315377082,0.9646320167445827,1.0773440989715817,1.0415104841081326,0.875001942069326
156.41559905088707,0.9821400098896371,1.0838015111096386,1.038988425577828,0.8769350280923153
156.20756417203384,0.9870244856283592,1.0892986261331692,1.0401157475564984,0.8829279567143904
155.6221924860981,0.9695969722952936,1.0747890874865993,1.027796308693995,0.8809936121546575
155.30604919056805,0.9685366977847063,1.0906736838954714,1.0452657799245404,0.8870358809502105
154.8126231711558,0.9554559780827814,1.092568925925434,1.046976441476742,0.889137845492421
154.89645440102365,0.9591897006270409,1.0953727400395818,1.054436235322635,0.8893314685858787
155.11751888632952,0.9542376702999814,1.0781288418002406,1.0446903034070116,0.8810744944291671
154.79802682274945,0.9351970880738564,1.0600458679048386,1.0264942698182402,0.8715237495677627
154.8133202224274,0.9230848333033903,1.0450413652118509,1.0146694233998592,0.8681361979209645
154.67827298869528,0.9008429258321548,1.0107333851078781,0.999590089243184,0.8567670783426764
154.66202986809856,0.8741235603612021,0.9806307186895947,0.9837400537756721,0.8533994971250256
154.4943310607884,0.8525956527188445,0.9610020052125754,0.9705591889353221,0.8400116451831993
154.18898932372477,0.8501834376365184,0.9561389861146927,0.9712810266498453,0.8474497110378479
153.8419182557323,0.8360332866713518,0.9489432313070392,0.9716916212072925,0.8541611736092336
153.68610039984765,0.8244197762352703,0.9367658994308635,0.9667672805758354,0.8555931585725898
153.83942066536005,0.7973440839082966,0.9146040543742938,0.9552722260525424,0.8510750613847455
153.62507596179213,0.7956549539021092,0.9000848914506953,0.9473916594909093,0.8520764798781596
153.37531381400578,0.7701988161300617,0.8721429476339757,0.9304438784421908,0.8413673219689373
153.3936325350378,0.7585796438271853,0.8508058764649316,0.9214362480934718,0.8373924795871392
153.49392678817617,0.7534953068958262,0.8398498391423748,0.9103174006929646,0.8320067621997541
153.68302179985636,0.7488319131316118,0.8384303368868602,0.9094267769312446,0.8269536863620246
153.49972220541702,0.7380055836353131,0.8282169435104745,0.9003221764413197,0.8144398230561208
153.46857968370688,0.7410819412206868,0.8275306460476238,0.8905384044233855,0.814335374266635
153.49294057319938,0.7295362188150448,0.8106713624321599,0.8733081044591303,0.8116802666656433
153.16366515179527,0.7271358671383358,0.805881858322367,0.8632946539678199,0.8128243359690855
152.76529423121636,0.7356678088887703,0.8185661411827501,0.8609270293233868,0.8153062672180825
152.36119640263934,0.7374487041646209,0.8400408205913139,0.8714852094500882,0.8234517660442955
152.22799851483947,0.7374218070464849,0.8314472490522239,0.8678099898046487,0.8271624304107621
152.2288367149955,0.728782974934277,0.818865542225241,0.8550560101342246,0.8189029374427842
152.44712043454376,0.7206116599420549,0.8098134255999466,0.839893983497611,0.8083566369923244
152.23457289608214,0.7179876108425365,0.7996497465428716,0.8319688312389949,0.8064732323636907
151.93849873626496,0.7042377066018406,0.7947159141647453,0.814009310523373,0.7873196026973197
151.9765317118782,0.6977112898798373,0.7882476130739979,0.8019430774698321,0.786349185235719
151.75075930021825,0.7014238545605953,0.7937109230411117,0.7985405391554992,0.7871362928887636
151.6447700955735,0.703290727040415,0.7947880082498642,0.794274207718031,0.7858179143709657
151.44325055081828,0.7121480085111341,0.7969363550941899,0.7928119308168767,0.7854429105774384
151.84718717018478,0.7135550879826958,0.7955877344610779,0.796118368338181,0.7849223942637532
151.90913288366306,0.7168581078271278,0.8020462936574635,0.8093517192668653,0.8015566095821404
152.01397874000006,0.7145087400003897,0.8068686145855495,0.8135343154434407,0.8052512252025139
152.18992001739005,0.7251481349848887,0.8234471236726787,0.8327735133210826,0.8188150781355619
152.3892510327856,0.7318666552869703,0.8325283298810182,0.8363036713648961,0.8270644667710488
152.68136521260968,0.7344202536073343,0.8363298864565821,0.838142315548635,0.8332669145772714
153.32655620648836,0.7279727468219923,0.8244999560526219,0.8289695411789948,0.8353516339641059
153.78186394016572,0.7297976718666424,0.8270133208532029,0.8311535285150755,0.8381365308022067
154.65111559103465,0.7165124634054675,0.8266461531457142,0.8410986226604411,0.8508367892814378
155.43673622624027,0.7132130607319436,0.8338098227612377,0.8566013484518347,0.8555084690878977
156.21702337867762,0.7177854459433163,0.8488729997661071,0.8741751566349624,0.8620579468304099
157.09760074138939,0.7283268098117727,0.8698399790372956,0.8990154517747798,0.8762351373683691
157.4927790147165,0.7366449300749981,0.8846705859090227,0.913029665472207,0.8869526471013863
157.81774668403668,0.7432362257616448,0.8891630287331947,0.9192147115183904,0.8923531898998256
158.2983803601366,0.7466487768277679,0.8921478275891657,0.9292406160673672,0.8991874533471568
158.87538301706496,0.7591085232147495,0.8969399077901802,0.9423079209354259,0.9029475069637561
159.21295208092667,0.7689719697589217,0.8998160895220425,0.9521359593907633,0.9057296672286411
159.31393454902224,0.7829693720401385,0.90938044415766,0.9628963811648383,0.9093873090631164
159.74405101088578,0.797833641384445,0.9259523816966415,0.9789865627305154,0.91915929510448
159.92070356677715,0.7878599476880089,0.9221205734986379,0.9819703510014157,0.9247593104004609
159.96810998654345,0.7888432508654994,0.9245720926259542,0.9824022838249925,0.9243281734734142
160.24162662121884,0.801831154051634,0.9354181277029485,0.9914828200086772,0.9346215463493576
136.0862833928363,0.44443043272944277,0.17314581488283012,0.20567114790275262,0.17060837375161836
151.12381729830497,0.5591074505430965,0.2785926442553148,0.3209854918486004,0.27939589958818034
159.97314992379972,0.6923672662858962,0.4874977831559729,0.5133334717406729,0.45539596732849186
165.0109637541277,0.843214548663145,0.689282438478215,0.7019744656611526,0.6285460381863786
168.3594162554879,1.0366458574759951,0.927933757814943,0.9168445659700593,0.8167806820342924
170.70478809857423,1.2500637124120466,1.1675477541210004,1.1460484588394786,1.0130190914095827
171.86049906148838,1.4139050869779788,1.346171344465557,1.3292247316525914,1.170234797413028
172.7926090258935,1.5360329034686098,1.496639608951268,1.475389511306353,1.3022875065827524
172.88236000158764,1.5942611437903003,1.5788938051443497,1.5496906505204406,1.3715749493735865
173.476475429226,1.7252745761204962,1.7563367281669735,1.712149818752101,1.501883725187351
173.8744152259817,1.8447901868833307,1.9089282979529334,1.84753599576912,1.6021548152125864
174.25732711526626,1.922497385727611,1.99537561672296,1.9300071815183628,1.648666631341844
174.51779426466868,2.0448088949912866,2.1126083165013867,2.040854372736609,1.7187349968332226
174.68164534162753,2.162747881336929,2.2286065754337105,2.155663447271185,1.8020429330164165
174.64066850762458,2.254469758620616,2.2986905755142475,2.2415309549459073,1.870981854320099
173.83203523084023,2.257685621429479,2.28209725779381,2.2671294673712943,1.8918331535262267
172.95378910982004,2.2282116034893473,2.25735160248965,2.2580743390259985,1.8912199214754197
171.97815579671718,2.1972064386445194,2.2206115129884743,2.2445365646678526,1.891251873943058
171.31986082619457,2.1733875368375393,2.1919854882395535,2.2257616712082604,1.8927069094678075
170.67599023688072,2.094854404616616,2.1353171505626616,2.172151039855777,1.8614669794316858
170.00881685990663,2.012727509026518,2.061390768758589,2.0983991905700123,1.8301863978392245
169.4130770832776,1.9316807477014752,2.000900741732507,2.032664050013702,1.7721600751708784
168.02169425835254,1.8638900333844164,1.9451272491393183,1.9841011429380357,1.736446771897476
167.30288750767718,1.8009255235502608,1.896412275888465,1.9211426660035302,1.679598904834609
166.02635635157048,1.8133209418072538,1.9189836388331845,1.9329137565568766,1.6768033060745955
165.19146843242586,1.838383670380739,1.9403250896383284,1.9536461316148852,1.6935561130579069
165.07982838406267,1.8598306820710884,1.9659584139703394,1.9686655817680379,1.6947444084439505
165.11549043237602,1.8556950940610184,1.971120236049369,1.9747997694614077,1.6919263210952866
164.62939326793145,1.8447860826214466,1.9717456629026284,1.9771242563608822,1.6822117463565163
164.62240194879686,1.8436626406629626,1.9722496762084143,1.9857563911173415,1.696358717659055
164.65231376006793,1.8742995243807257,1.9999320314061768,2.0099728426906682,1.7133208948169798
164.74244352037638,1.8604908267785512,1.9658618054823558,1.9831088104752213,1.6848956363916308
166.01863925301134,1.8933497820222103,1.9701062365162267,1.9671750746808634,1.6718127680148462
165.9505627486587,1.8917446816480226,1.963542245356412,1.9485170597759673,1.6256694285655362
166.27122811543944,1.8973046998681795,1.9500790777551877,1.926495340224589,1.6037036831496894
165.88131223653878,1.9279383841775444,1.9679568643066845,1.9404064115987614,1.610609371774117
166.42789908481944,1.9386987542138332,1.9717501023062214,1.9522919688160174,1.5841742367344211
167.06606658510356,1.9517603094024476,1.991965563141776,1.959149149477562,1.5710684886407014
167.20915712322244,1.975957054662458,2.0121842288061886,1.990049884214834,1.5803973639649658
167.12481578957932,1.950514389107304,2.001107224906787,1.9866132521158972,1.5796117267576009
168.074819992788,1.9513174874970145,2.016191267980555,2.009619530948645,1.5909838083611612
168.86571306758893,1.9618477766506561,2.0285592665687195,2.0380809327454155,1.6237026170894178
168.62469231314034,1.9223850409689769,2.012192577611403,2.035105930016634,1.6125821668505353
168.04179293566617,1.901235916690392,1.9839378586587653,2.0151152206040703,1.6010963014273163
167.25582387749932,1.8943742959235363,1.9715659485919905,2.007095676334411,1.5999856991653056
167.72189944023594,1.905592897273756,1.9719794876006909,2.0141988587108903,1.6021983469465317
167.65794998995455,1.8919113568895216,1.9517394628672704,2.000439012488136,1.5899806716839515
167.15981039710903,1.8850479536459093,1.943906737630055,1.990829267422321,1.5893979963763132
166.63646781940213,1.8696929380501695,1.9224160419558616,1.973045057109508,1.5741694036971339
167.1520505912481,1.892329417417686,1.9376478294738444,1.990029019769329,1.5928805497381568
167.1204369705398,1.87610117019683,1.9246665312475486,1.9846537237908544,1.594673066104379
167.35180166559508,1.8838012029792945,1.933562954806093,1.9935004227843443,1.6013612197634752
167.24787899400638,1.8744074851291537,1.9165723987260255,1.9786693504170199,1.5747308787409957
167.8320943129282,1.8860599704506413,1.9213163321127171,1.9762303941345811,1.5787627567675702
168.07113762159432,1.9074344988523584,1.9466264978142733,1.996344210334915,1.602168446646058
167.2012873989218,1.9035472694944762,1.9430793770625305,1.9814700213094962,1.595148312717247
167.97108771748051,1.916530152210626,1.9609185635641682,2.0022435945780903,1.6092347487991887
167.9847182838156,1.92914051786818,1.9824895655357406,2.0193708229764247,1.6193035409878587
167.66159032656273,1.9211889851302504,1.9899806462249516,2.030422087223385,1.6300918390436254
166.98944235211115,1.8992150997593937,1.9548272345746882,1.9998400178760516,1.6015508384234156
166.59599976245565,1.901619395612612,1.945707888829733,1.9926152346812014,1.6014590711779544
166.9464542699377,1.882864087147285,1.9217706160118968,1.9714684163042435,1.5838070567917553
166.83860105708087,1.8734586363208976,1.9115972437162614,1.9593641457751754,1.569802434906279
167.18845996445893,1.8798452694350472,1.9210238119161547,1.9765179551903187,1.5776762912260733
167.5292017089302,1.8790975974877404,1.9270400499292588,1.9883218804432905,1.5714840097890777
167.6124850974745,1.8833722611973656,1.9370319944039907,1.99317135324779,1.5863226873963923
167.35590930441523,1.8787136959096422,1.936633486064948,1.986475860625325,1.5905690677663795
167.06675243170918,1.8598988826939138,1.91953245517188,1.968790778814001,1.5823089649963158
166.5882682895049,1.8824359712802974,1.9382375306749895,1.97929088146114,1.5940381728250734
166.10076979550203,1.8936525256812091,1.9495952640303067,1.9844286632666612,1.6037217804144752
165.87480057624126,1.9064428670060063,1.9727043630488215,2.0063288042620058,1.6232701761027761
166.16972370637706,1.9120932196990443,1.9875272149208303,2.024694314235567,1.6339049706283524
166.3227096071951,1.954395356490158,2.029394664279443,2.061545948522371,1.6645391159413172
165.59039013338472,1.9372118859549599,2.0002043643302048,2.0245548532989113,1.6413799227986303
166.62578933782794,1.964004435478782,2.0191601500184926,2.0461093351299575,1.658632748438083
167.2915936809051,1.9465300209410188,2.0055666705077795,2.0307673912258415,1.64624392245717
167.8799675984249,1.9207534008330847,1.9925903095397528,2.0211758792110084,1.6331157910270413
167.80633562149404,1.9090566512158529,1.9625110878910352,2.001590651562616,1.6233139003356565
167.7891703057332,1.8806365265640048,1.9274143361316907,1.9785432478007177,1.6006342684959936
168.3816473441127,1.854268411100473,1.9039884463337,1.961999748697073,1.5844442812019004
168.18919267430368,1.8643718077380578,1.9086395771235989,1.9687398214024028,1.590223677703984
169.09208921787504,1.8747913220334058,1.906460718924078,1.9783844391600849,1.594302433039162
169.52322995750094,1.8983735248836144,1.9479658081379807,2.0114976674567573,1.6146283261549832
169.03656159771822,1.916540358600885,1.9672590328777952,2.023251460156914,1.6255117933777854
168.97671693418155,1.928213330127376,1.979843645891099,2.0243367096251865,1.6315966643951698
169.19057473324253,1.9201478629735804,1.9713955051038954,2.0198982434781487,1.628969106672773
169.04529611901597,1.9244984786373311,1.984488174490722,2.029112374269566,1.637451261746176
168.76317984191877,1.9308046095552418,1.9881712671099383,2.028114933274714,1.6459269875273608
168.32834984115655,1.9231652608334378,1.9776644246134767,2.0225047250002057,1.637950890304968
167.9683424429132,1.9464875002347133,2.0347432097966145,2.0514331469620966,1.6460518504306676
167.8433290032188,1.935383594023211,2.0575146052854434,2.052801748869316,1.6345470085637435
168.09335970098027,1.9519051021471234,2.111333594796531,2.0861798509044687,1.6535510353585983
167.78436139337697,1.9441689742282524,2.106566985271838,2.0754321460789673,1.649681224570722
168.41816160650885,1.9454145770388598,2.1182428968655316,2.0797764735482995,1.650663387407717
168.73689441327997,1.95220170850979,2.108059936512721,2.0692332289150923,1.6540811596453635
169.44177340065247,1.9085911228132264,2.069144149003166,2.028952774693435,1.625019867794715
169.95217802795798,1.9188922130695862,2.0978178512837906,2.0361502892746253,1.6362721087250935
170.09845378305255,1.908417779673048,2.093704044059212,2.0155703148099713,1.6185279981218943
170.51700480542493,1.8958807959926778,2.0947256317048666,2.015377167733566,1.6146410233352848
170.8380305871237,1.8925399974027486,2.0985624143820765,2.0171619888780143,1.616244647689285
170.82815157984226,1.8847734184536749,2.0917270198731446,2.00275981715764,1.6049926651234008
171.26557058616893,1.8675793053661989,2.085588292586273,1.9992113073261053,1.596296477058254
171.1860646345961,1.8456863819608145,2.054690050910871,1.9811525102668197,1.5880464087573563
171.06245727666797,1.7951479401662527,1.988686012229184,1.9232521062179464,1.55159110032572
171.37057196948524,1.7858386838401121,1.9712320012386018,1.9058485763977007,1.5521648148245102
171.27054072623804,1.7466807687459316,1.9079921119703231,1.844927599929441,1.5127367494156427
171.48961179551623,1.7016010043647978,1.8544622486477276,1.8098451073641921,1.4912190209964098
171.58893957164318,1.652472297033681,1.7973663264761883,1.762183335675966,1.4632813782251655
171.6828103312126,1.6354620653999872,1.774934176035112,1.742376080877158,1.4531249270970235
171.92494428362005,1.6236154874072892,1.7508342147637486,1.7326420013881665,1.443648345220098
171.56275433301167,1.6390122443491255,1.7722962023798543,1.7321561662283926,1.4350189385979182
171.36781214644833,1.6335386871843098,1.7744195150046314,1.7267148743136858,1.4257962275110894
171.51655566596037,1.6183291058800122,1.7697584532472803,1.7178828431708077,1.413188578929843
171.56382363491966,1.6060673668878926,1.7665993708595529,1.7139461240827034,1.4063129356003337
171.43486315682918,1.5911284265724575,1.7608264412587196,1.7020962812732432,1.395118382668406
171.2757183803897,1.576199001382913,1.7519939314661614,1.690111090719992,1.3828363785286268
171.30627833537767,1.5494455389940303,1.7352182294497467,1.6754494393876396,1.3716447412740782
171.01938240859087,1.5236048875885286,1.7023885810038362,1.6434712813086103,1.3527461699884316
170.79480543290867,1.5319837142846051,1.7100515956071816,1.6543652085526057,1.3595244305240706
170.84597677031812,1.526536573506121,1.7028466818608268,1.638803489895975,1.3431171824103807
170.6750304701777,1.5371851027840875,1.7218439230186546,1.6470983171281173,1.3436587515214002
170.66181087961257,1.500359130494664,1.6759483450653792,1.605919821530485,1.3105675071227028
171.0575315736002,1.5057619754735931,1.6901459379614745,1.6202620287431055,1.3161347758232105
171.12566652523688,1.4854192180859123,1.6648598431300703,1.5990218504358817,1.2989903652705266
171.0029842217993,1.4649192183866762,1.635931663354735,1.5787861678519115,1.275816909860683
171.38829999311375,1.476719909441317,1.659337534337515,1.5973342388044083,1.2945957196512794
171.57436459561677,1.4717855211172475,1.6483883317321528,1.5755524112706234,1.290216133065557
171.01545998578823,1.4936034459038146,1.6312854342011007,1.5892846808041357,1.3041813988491047
170.92696015273103,1.50125235854432,1.6505310106968618,1.5930118085897014,1.3011812100458264
170.9771394025634,1.48963402670428,1.6391462434004067,1.5673318342366085,1.271435486857469
171.0489622309014,1.4931579423926453,1.6486949297795932,1.5719387824299653,1.2763723670988
171.3412433265633,1.5083416708465558,1.6652744885784148,1.5938941457381277,1.294351049272847
171.36924108314727,1.4934229747583858,1.6586396002161181,1.5735691031879286,1.2777387591227278
171.91773213152302,1.4792958725233227,1.6258887550166752,1.5729135427714123,1.280969298851753
171.49806700389271,1.4651405295474278,1.6242077632485963,1.562110605374851,1.2711167873539047
171.02926566144137,1.4668980419864954,1.6301478485604246,1.5565012683687052,1.2577048771256807
170.90056274599692,1.4731886539349601,1.6527470252987833,1.5630505807950432,1.258107916557513
170.53970937537395,1.4599835020282343,1.6385638599469607,1.5543799121177475,1.2518446958468805
170.2991494795535,1.4559470529328424,1.615147157559518,1.5558248560276484,1.2526071077545118
170.51943063257127,1.4487033367284414,1.6087402624745901,1.5572028101001607,1.2535983405913873
170.65828526005734,1.432310965306867,1.589594810721681,1.5415800740099161,1.2401640822513602
170.87353749852923,1.4188529664384644,1.5716757377086752,1.5389964918207735,1.2375999851436725
170.59246964082732,1.4157731156619109,1.5653528748818146,1.5306813760480116,1.221404190294425
170.0758205218386,1.4496072576525043,1.5518408800776509,1.536375049984909,1.240762486759767
169.53345323244713,1.4256735337596818,1.5552353759700135,1.5345366542321395,1.2193790211254827
169.4030226745712,1.4330135229268333,1.549821522047017,1.5357151209044981,1.2274719773160871
169.0891560036718,1.399746553080458,1.5207671226723354,1.5031111659106409,1.202973893317645
168.34610880470635,1.398993544525071,1.4961803912480498,1.4783681988550454,1.1912838032539492
168.85708229315657,1.389592665634699,1.481287744186324,1.4728125467663937,1.188891554155313
169.27340345294954,1.3776712617370126,1.4830521493232633,1.460766391209191,1.1797914857641247
133.2655282636977,0.3603743368191748,0.21494491640200247,0.22622860307371934,0.2044165618062178
143.00022910391942,0.3417348257803465,0.15117412827173143,0.21853118400242746,0.18518858829193344
151.18530825881513,0.34094501395323557,0.10525149361965352,0.21414038020769682,0.16923495708080263
156.85676704021492,0.34849776262827764,0.09904508709726675,0.22151445496078143,0.16390996630798402
160.87644637611862,0.3590936712051917,0.09338487195269977,0.20517304735516265,0.15065972793281823
163.65303924223696,0.3642163610282267,0.08749494673481409,0.17765025146709332,0.13483483639379054
165.64886939463648,0.3638302971505426,0.07772043267360995,0.1568139109110546,0.12572121690545335
166.6430070227497,0.3482201924927459,0.069010683480229,0.14092487279511717,0.12316214889548538
167.1118278595307,0.33650628957633616,0.07518898861608903,0.10140865908279456,0.10960541291104159
167.25893366996863,0.309845574212522,0.08882210108358898,0.12720678106400857,0.11739193735394389
165.96029145635475,0.30641197956191873,0.09239090830331008,0.15836305054409877,0.12692112874314743
165.14734796825607,0.27349406453407293,0.09463747749425533,0.16164323051391943,0.1294407691864417
164.33847354656277,0.2575239584751255,0.09165672677151551,0.18265948939567203,0.1458259317259214
163.8493215258143,0.24326245101021265,0.10703286622359685,0.20278037022241055,0.15985563429855054
163.0885187568052,0.22367552871317173,0.11806990774865819,0.24393924695803818,0.19271921370333026
162.90492990445378,0.18932855559073616,0.15128502952583522,0.26784377902366807,0.21516199840321293
162.18071729628159,0.18149707543594062,0.188248423162488,0.29565705817616994,0.24104304187965203
161.01506761071218,0.18554325996805662,0.22271502597873885,0.32052355021559314,0.26543747941243845
160.11383522201618,0.1980180776380726,0.25087342890625136,0.33469021209047317,0.27886421615054124
159.43316393389048,0.20302550149551937,0.26312176573885604,0.3407612095080704,0.28580989188391714
159.36208538427783,0.20957063228702105,0.2818376404347179,0.35060837577140314,0.29680180435776987
159.2991557108929,0.20563529226627994,0.28089702693404195,0.3477411950433054,0.2984505801154865
159.59562965367522,0.20980877724240107,0.28922811821576283,0.34499723780389474,0.2984406576022373
160.80130899534987,0.21536740074651067,0.29019069889382726,0.34301491748868207,0.3018316063185654
162.36037476046982,0.2270328246156839,0.29940704816819713,0.34551218625709534,0.3058081614483192
163.68282984508235,0.25431484919163655,0.31522247942635745,0.3486936104986356,0.30837110803029044
165.26905812108959,0.2822046458712568,0.3308224230899213,0.35143049351680405,0.3093943655534689
166.67392189167097,0.3028115661430944,0.3432719543497691,0.3601197412931743,0.3139831164052887
167.67930659806945,0.30840680700661743,0.351000968941494,0.36607621338342367,0.3166096458094355
168.5563240104931,0.3180840985226666,0.35888105043979657,0.36962888955371637,0.31543054318768915
169.36833122226193,0.30868221473206264,0.36184421722576554,0.3756131426067952,0.31738843144105994
169.9404468870835,0.3046511313722282,0.3662448020157168,0.3867473415280481,0.32695879691503044
170.3659163846093,0.2914067013267351,0.3598673486445543,0.3852051505301718,0.3241468996803031
170.6120106000765,0.2539039647856682,0.354955850829233,0.3828598976519503,0.31940527252171275
170.8530888203224,0.21631118248706152,0.35451916043606013,0.3838984818341275,0.31455795342052567
170.9205991236119,0.18085586632693798,0.35879983360537787,0.3933168000785505,0.31559340269242103
170.9554344262181,0.16721342756191926,0.35326990435384154,0.3915799881009494,0.3101553667450523
171.190262514551,0.16937968467941214,0.35240949712488345,0.400884684156295,0.3132186326436819
171.21423630796423,0.1716625345881089,0.3496073148924995,0.4012412678091725,0.3113518657546907
171.37267210050254,0.1744196494145306,0.3439810807977597,0.39309388147687996,0.30367445342034527
171.36265873724253,0.18708785717750376,0.35045207514290727,0.4023976038783942,0.31048605116191913
171.2719126324775,0.19622402050406584,0.35484161252391805,0.40883469608969814,0.3148106328277848
170.99816344742888,0.2013083055026371,0.34952063771447506,0.4058950906717937,0.3096460732738418
170.8511187634992,0.20725275072060356,0.3475387208952469,0.3999968429396868,0.30615604758798043
171.34146418293136,0.2187661179764588,0.34003836815363914,0.39535318586630924,0.303075335853777
171.84845531765208,0.24777461930421357,0.3400048009195007,0.4020283513538524,0.3064884164901387
172.1595453535061,0.25589377425098275,0.336680275821655,0.39632951462559535,0.3029323480190926
172.074956802931,0.24442752684989286,0.3372624545219032,0.3949551291194182,0.30329948237283316
171.9262913011194,0.23100526900845583,0.334701765189553,0.39014358980547675,0.2996875494082498
171.87764503717324,0.22102561033799334,0.3298177768389675,0.38163869308655485,0.2963633520366301
172.0366356617006,0.20918138277812595,0.32629222098305655,0.3693522037656307,0.28719389937674483
172.19303259468913,0.1946547129560451,0.32556924158690537,0.3579191535992005,0.27826176236138844
172.08882181734754,0.17805082323522775,0.3238962302312698,0.34709108764272173,0.2709356792197779
172.12746358880486,0.1765999116293476,0.3278713524961693,0.34444009773749223,0.26946841632732177
172.08186466361994,0.17527834676924944,0.33074682715928977,0.3463100653700871,0.2724465728615655
171.75249531596657,0.17826292284549297,0.33389509889962377,0.3517978533675704,0.2773757239282284
171.74894364977982,0.17821154153433072,0.33418598976385033,0.3524763338448671,0.27811389882583365
171.5275264659113,0.1945094684730021,0.34350547969033907,0.3628699263829062,0.28536743295449
171.53404365236378,0.20218037909783856,0.35158293252335165,0.3695676601382594,0.2946923139051538
171.72420582022266,0.18399075738360993,0.34576123192905034,0.3648722468944053,0.29100433649095786
171.88851011108335,0.18293624880942685,0.3649547277314025,0.37804132417526576,0.29815007291171375
171.73671391773965,0.18739910376031443,0.3623881093120351,0.38449190105677733,0.3025039208100382
171.31873567939405,0.19484234423453342,0.36549191698207983,0.39127474237792054,0.3080940149247351
171.08631613014146,0.1845272728353814,0.359311600248063,0.3855696161302328,0.3039676186520508
171.81351963286016,0.17955224201880501,0.3479491475504255,0.38346826150167046,0.29728012499106166
172.48252594995594,0.1963180267222059,0.3367158850184526,0.3698739234674237,0.28526404190011895
173.2715689613866,0.22408416589180719,0.326383508058485,0.3655372294992072,0.28047879079519195
173.49155581773624,0.25802942536324236,0.2843016788529617,0.3721039090259619,0.28561689106508853
173.15882874655148,0.2796541360810669,0.23738402850933665,0.3666710044570718,0.28122059606498867
172.03012616875475,0.3047409438912459,0.10872698283551901,0.3655433968856837,0.28052591161027995
171.5913195931461,0.3205268905559205,0.09815520957044864,0.35951683493057995,0.26852426081008446
171.78420384806327,0.3175272349074484,0.10279882295715032,0.34852003757286065,0.2490617794220101
171.71589705662439,0.3241170632128997,0.10424153245318427,0.33384695565252465,0.23293570129186547
171.73420596159116,0.3181383393446849,0.10327032349329257,0.2973665752335666,0.20746797649714982
171.04567668273242,0.31060103026462815,0.11406188617183656,0.2750983082513063,0.194959705667007
169.89610176000403,0.3149029653880086,0.12612541864436164,0.2468011906291372,0.19086243318136903
168.75057800099444,0.3208751559386421,0.12749961224277678,0.19627459292501823,0.17900102890276798
167.1116483517343,0.3029830469644982,0.1224219120713992,0.16969735386612766,0.1658801887507016
166.0931409359897,0.3017698509241869,0.1428858847147292,0.10218437973722932,0.14376632425828728
165.41868062722128,0.3006829868035751,0.15109509756407397,0.08246972314987822,0.13674682861434573
165.02512257511142,0.28884355959225017,0.13715239189336617,0.08429272384464039,0.13451850223959175
164.42299393981617,0.27685231864824883,0.14170895017708057,0.08154087203023669,0.1304274997193395
164.17024276146896,0.26603263984662634,0.14918486223242905,0.1121379014489723,0.1556989521618219
163.7465512684625,0.2521404670692338,0.1657696017695309,0.12660971812809574,0.16561156468973437
163.20228776992877,0.25253170971350325,0.1811913468124967,0.151819624593314,0.18135080119325714
163.57144604659047,0.24671692531893225,0.19037686572070472,0.16922797362973593,0.20961584139107306
163.50536088618378,0.2507282028600741,0.193264134732806,0.1798149496964762,0.2179760345682111
164.15773252526876,0.24499683444704512,0.1935266390632288,0.1812714437978921,0.2262345572598337
164.36218291648248,0.24575425110192275,0.2018478811372088,0.2148995814690672,0.24932518824724287
164.70143734382305,0.24762298226121218,0.20802735068950887,0.2487868565794208,0.27039171946847407
164.85352908750681,0.25111513003143976,0.21200821104772452,0.2692061225985962,0.28607604976117834
164.9202655393849,0.24187555349547488,0.21103280552971382,0.27630393926907837,0.303996659786297
165.36955280852612,0.23865576469581953,0.21829221706175697,0.2854160097800861,0.3248160375583949
165.61918490424313,0.2305822829793805,0.21742789243628352,0.2885996529591147,0.3371021119712793
166.263859757118,0.23146576241514616,0.21907975504711885,0.28957460460623313,0.3576489527997022
166.5797379973737,0.22793280017303003,0.21860792052444197,0.2918787769104259,0.36956115257455074
167.01045332833883,0.22880221609281004,0.22205428658613788,0.30236480993069237,0.38991719834777716
167.59017753083413,0.22968838695687732,0.22530349557312593,0.3091566834151001,0.411481076839354
167.45108532655726,0.22568841211292004,0.2213978728816133,0.3057489578388886,0.414425989987491
167.67081124603783,0.23115247267266684,0.223387200863823,0.30118059151537374,0.4228338342543538
168.11400543226432,0.2317010772440089,0.22376671856057043,0.29922963281849285,0.4308236732296976
168.55642889967402,0.22975832364793272,0.21984440707009292,0.3005871511666443,0.43859783915989403
168.80361028053997,0.22568835849554428,0.21228894541887786,0.29420432598922563,0.4392083280090784
168.98912025048057,0.22137940225712266,0.2111463812645693,0.2959581584340079,0.4498305503442966
169.32822109726243,0.2139182850581244,0.20522595848015035,0.2910494460529401,0.4604181459104486
169.41293958406044,0.2021585977584855,0.19631648112323094,0.28898469894078016,0.46344606500743823
169.04162925423546,0.17402417627419636,0.18122317091456883,0.28750155249368864,0.46207603935535
169.03713240327792,0.16817328368173354,0.1782633018621663,0.2858187590325567,0.46116313691899036
168.91032307216182,0.15689432081008012,0.1730686450928124,0.2920221525765508,0.45972385700415147
168.78447014962944,0.14323246769116327,0.1645006033431991,0.2923263853953378,0.45755517508991883
168.8714825117377,0.1375238022872903,0.16139920410846265,0.28798477467686595,0.4507212338911923
168.89341602953817,0.12425617208027619,0.153449961646653,0.28161346820986727,0.4343026128271154
168.8546984509537,0.12208651452354381,0.14694577561683914,0.2690163238864058,0.41925741051438
169.11910487287946,0.1311043011347316,0.1499940518851003,0.27891852939289535,0.4249564748366512
169.15587857141296,0.13024907711221365,0.14932296764156994,0.28421609551842225,0.4190787583110419
168.91329694569743,0.15007619450062712,0.15807538373562843,0.25715380260657744,0.39695165643542274
168.71756826915419,0.14596704920721937,0.1575188165531101,0.24893749620930158,0.3852391575849436
168.13126119665813,0.15850318554342227,0.16955976839700532,0.24058947501426559,0.36632644496755784
167.5035709899871,0.1633561984676068,0.16991810083343029,0.22907608239529734,0.34373372427717175
166.96207741112826,0.15776221573780858,0.16379529482322908,0.22275965181194612,0.3304499879865052
167.12137227009788,0.1479726163091846,0.1573388499364628,0.21415044448550616,0.31746096951696545
167.417182639274,0.1542211420732023,0.1549087248181778,0.19973834950794947,0.30178917274120837
167.991244621502,0.15202610787578397,0.15238752714451262,0.2019204222870033,0.297418528055328
168.82047503957995,0.15256491884506904,0.14232214510167718,0.1988734518721767,0.2885462827953569
169.80936624212646,0.14988694714881592,0.1255121259702986,0.19713152324931366,0.2929092019293519
170.5356277599819,0.16537937151754126,0.12154447508554435,0.20173118798175507,0.301846498665051
170.7365673071641,0.16576353042433015,0.12133579112260343,0.196241815507313,0.2871010928099106
170.880727349543,0.17607522079788634,0.12819649707108932,0.19567681830404968,0.276026981205475
170.8616205944814,0.17115218644963237,0.13541773182643776,0.2022082461444071,0.27990981917900465
171.29670636711126,0.15144915182888816,0.14423239251263195,0.21042868327639408,0.28298208803292696
171.57746467344901,0.13646679099379108,0.1405016500890142,0.21103538029852012,0.28998157171895805
171.4035881463363,0.11575742858285816,0.14046389134270298,0.21463928279151204,0.29423182793449437
171.94515043675187,0.09283796247136393,0.1439193730523349,0.22303312123525307,0.29851654964127106
172.14549717511073,0.08792623398784534,0.15601663352801584,0.23462022677913255,0.2992567055809037
171.9264662928628,0.1030282647949363,0.16540856883773386,0.2398045497107282,0.2982486390174751
171.892706070203,0.1264250424049145,0.1777985165322821,0.24663326111703576,0.3023090683343467
171.7398035162586,0.13172509203843322,0.17378853424675872,0.24077783476808154,0.29061383688211656
171.57407240980805,0.14526806890594615,0.17404998536069444,0.240532410453737,0.28660545274835086
171.22095465201838,0.1620503226952826,0.17215408040999206,0.23375491131089773,0.28246845831164347
171.20838794578853,0.17025111142594088,0.17420721584934662,0.23997252092995366,0.27734013387073864
171.15267580871162,0.1821971437707907,0.17611507494044362,0.23979579759068093,0.27861760865828766
171.18628429568972,0.20189316619979886,0.1813462619557641,0.24579727281828784,0.2788097466432631
170.9793514596359,0.22245210405992555,0.19310637896997426,0.25148957440867864,0.2865720356318237
170.74105345297244,0.23722434267887135,0.20191460375802897,0.25535456762807174,0.2877151085637007
170.61567269312363,0.25127133987984607,0.2089954879604247,0.2617639972320022,0.29149200211103377
170.54425585091286,0.2655986112621454,0.21872568144117896,0.2711895165049504,0.2975107268937333
170.58336208117956,0.27143656663024496,0.22662917440364672,0.27308220858380267,0.29635003187111825
170.8685502206072,0.2785698981823669,0.22803521155637266,0.2755434048680709,0.2915083967682599
171.3722214799158,0.2804461380407295,0.2295923915713996,0.27879287716455575,0.28934633965971596
171.79566085530604,0.27883983775021487,0.2269589119981192,0.2802834257605545,0.2920208082915557
144.8173593502244,0.42397726000072805,0.16189795824461045,0.15318941459709406,0.14088992090492786
157.41819035686868,0.48677756347052886,0.19275550675531955,0.18534951509981923,0.18021598649168694
163.95322664679648,0.5281122132593273,0.2970361730190198,0.2638852886619388,0.2633400532603167
167.31916994595767,0.5589371739946412,0.3743289808929965,0.3321139261283465,0.33478197801045734
169.18599547263355,0.5965751917051607,0.4608271233223675,0.3928633367019311,0.38980031186025205
170.08174162153531,0.6478768851431047,0.5422289705709611,0.4511884619185125,0.4358333355478634
170.7037450617269,0.6809929442025536,0.591398419450806,0.4911530853313553,0.4700929861810877
170.39776914525095,0.7116073496716857,0.6353990503126916,0.5259831397135767,0.5049491092462464
170.15290533295467,0.7355713650505821,0.6765678330833889,0.5663475076508849,0.5340425307191612
170.13060992917528,0.7600306636631702,0.710177394293837,0.5987553984595089,0.5575470942908748
169.7268133272029,0.7856872992310194,0.7471592076675411,0.6383374325524596,0.5783137470589805
169.25832844625472,0.8054577805799057,0.7643246599038908,0.6635514573061745,0.5931512317953683
168.66042418939512,0.8215320590527696,0.7685518338641507,0.6733614528410338,0.6005772606388317
168.13089493506064,0.8205223546881404,0.7695411045079676,0.678673231869292,0.5962306066435922
167.61133448467675,0.8237852467985274,0.7588546929424554,0.6792131753357994,0.5921385161808376
167.2008058058717,0.820997600150507,0.7449042107460427,0.6745609511608353,0.5905775386269264
166.68854684135357,0.8114056084475847,0.7257713566145644,0.6685499766709355,0.5862904665359907
166.18494832136818,0.7965439130693684,0.7219755424251488,0.6721163594112617,0.5860438472959736
165.97432627797636,0.790962915615503,0.7225567066173626,0.6711533425377169,0.5793125408076591
165.88245036429797,0.8005570013062739,0.7324026600179061,0.670973861624471,0.5701347346902289
165.89573647618118,0.7891427029747267,0.7260214778765188,0.6658428112984859,0.5626435236959991
165.5711248940632,0.7696842539272387,0.7065926588676827,0.6525352844023642,0.5575153110092725
165.59757507633702,0.7705998322354075,0.7110748028052895,0.6535128568599334,0.5541151276882085
165.63878370720857,0.7729204835032503,0.7019534708428884,0.6343616512010076,0.55282140796637
165.8663842568409,0.780158203436169,0.7075171119858981,0.6421093577321078,0.5519146502217397
165.9132037882151,0.788168562587656,0.6966184440794984,0.6317228501803559,0.5524701898317692
166.05275471616355,0.7914107509954297,0.6901073258854198,0.6240488829822458,0.5530642529447601
165.91401369021804,0.784768861959086,0.6849739417728397,0.6184250264375922,0.5528900359716292
165.95992804626127,0.7844985248665012,0.6924161292670062,0.6065387933091783,0.5493148576268797
166.1353141826263,0.789317840852484,0.6993813754451631,0.6068035410937775,0.553169137616994
166.24680808383297,0.7876403586965399,0.6979725054897034,0.6042612135290479,0.55658463464447
166.1459050942494,0.781663656241986,0.6798640750235039,0.5934602064224943,0.5565117346244811
166.27937079315868,0.7880271999117093,0.6761735445365922,0.5897798182238356,0.5533789823360431
166.32859288435685,0.7855444113945561,0.6726828054488716,0.591281966965416,0.5530379896187764
166.38096851372123,0.7957987950878775,0.6656864823460044,0.5968543048087795,0.5371142842193324
166.5376526992575,0.7941092376550859,0.648321402229276,0.603535207774844,0.5369207455229855
166.5254266741283,0.791841830047244,0.6441309352208751,0.6080638094498514,0.5414288498260424
166.82657324377692,0.7847639644901447,0.651948301452723,0.6068864429032652,0.536072834120823
167.98329434762013,0.7529039552476433,0.65145509860062,0.6103689798999585,0.5408122624584867
168.22853782087384,0.7273376575380286,0.6443399207056754,0.602514894600343,0.5345566258350211
168.32070423711085,0.7029008064297381,0.6408089648482148,0.6077648749989919,0.5334219454134895
168.25477814502656,0.7012716215810725,0.6368137405317607,0.6099845687419021,0.5366079444913135
168.42182607227082,0.6914103420933919,0.633244519061821,0.622779314436533,0.5435232843374942
168.66606882820278,0.6974448549999501,0.642513186417808,0.6276796850859208,0.5497395704131767
168.8352402677981,0.6965348566174457,0.6490223003077797,0.6370271173404728,0.5619456945247084
168.7929010705218,0.6960034622364205,0.6472092841347784,0.6449957832595266,0.5747797253595118
168.75786063059425,0.7016699921686513,0.6509940370035135,0.653855142154766,0.585707419519988
168.92743339572917,0.7033447206225532,0.6476844993991712,0.6636736476375945,0.594281560972646
168.90551045334655,0.7031911803182536,0.6427594502430324,0.6667478448626117,0.6036067161232431
168.95572829323717,0.7126295677010168,0.6434700136814172,0.6675347837382233,0.6116055720437679
168.9261427911016,0.7194036306622555,0.6406704018356546,0.6625527944407553,0.6180639442529529
168.8844084491241,0.7231604335721628,0.6395539348514843,0.6628408387747553,0.6251643723766293
168.77488526449983,0.7277586375029016,0.6384961839265442,0.6570505264778136,0.6238395114502248
168.67813657561925,0.7312006439651748,0.6378348108021604,0.648232317033219,0.6173048478762113
168.55848902187893,0.7302051619148888,0.6394656016313436,0.647510429521268,0.6213790203296634
168.462146997785,0.7332530318605025,0.6406203117566629,0.6500736081039431,0.6269704661908991
168.40276114234644,0.7348329734205334,0.641318224478837,0.6493692132089374,0.6220037166055756
168.335871183865,0.7367065943749481,0.6399024676139106,0.6507751425792621,0.6288678383508486
168.26711392661517,0.7408870322613004,0.6416533950946409,0.6529922814997069,0.6261848245703349
168.23833927778776,0.7452306515435194,0.644539980415761,0.6562453918822062,0.6208277424747017
168.23367002318724,0.7468192528313263,0.6411403351046863,0.6538212736935665,0.6196984021663502
168.10996174735743,0.7430480650584411,0.6364804853611412,0.6617746722968854,0.6153100350104197
168.06235360466167,0.7463656301067818,0.6387215465521445,0.6636078062099696,0.6161039603888928
167.97926907324407,0.7512743298610558,0.6486155857560728,0.6624343082086047,0.6126173357911123
168.01933770087516,0.7534997503434469,0.6434067558312415,0.6591393882626623,0.6098946047992774
168.12322134625268,0.751280755268722,0.6517129219651596,0.6637670929576346,0.6074410490311369
168.19074728069808,0.7559394118085747,0.6630484943352193,0.6681137909260362,0.6077858072094782
168.322758725227,0.75982442442308,0.6729383072438798,0.6713907587188702,0.6077539470592102
168.1816920335286,0.7629253739007751,0.6759944968760505,0.6669111541572884,0.6051882685230378
168.1175197990204,0.7710091491656088,0.6815372375608955,0.6693399356173123,0.6068430269559102
168.13545222204263,0.7804743994921495,0.6868237550453647,0.6756888854592605,0.611883135980028
168.30363881199293,0.7769003600054245,0.6802558868760398,0.6698940032639337,0.6102254687268445
168.24989636575748,0.7787934234265119,0.6822682864356331,0.6697413819084891,0.6080076394628818
168.2805632828166,0.7783331949725558,0.6835262663103343,0.668687315911454,0.6092506293577802
168.52363914669615,0.7719017991252427,0.6807314150014072,0.6660216006566029,0.6106919224381144
168.7644392874375,0.7672216109793479,0.6749268364585393,0.6704584696484546,0.612948963850658
168.91510262707547,0.7709180299656283,0.6726128005441028,0.6645899382175582,0.6182544351508493
168.9257484633234,0.7626439846161192,0.6691440354083522,0.6739956122796922,0.6173358052894063
169.04632973459093,0.7644439325352647,0.6705797380256855,0.6811609647708284,0.6180843845345384
169.09226291575726,0.7557392474705763,0.6585146602751477,0.677058422103652,0.6205500188600963
169.25717076920364,0.7583153634648985,0.659976323610641,0.6775854453758015,0.6203815818314357
169.24231636466334,0.7567451780713981,0.6496919237010805,0.6780838647132603,0.6247896972521607
169.21620703314537,0.7600834094996513,0.6505029543468533,0.6789029791238742,0.6230628534165794
169.27118714153224,0.7627647607426696,0.651532724799905,0.6809692467063336,0.6291977671773905
169.09724617427705,0.7671750676160716,0.6555041952546373,0.6847089913578588,0.6342977666876393
169.18803679806626,0.7702606322198349,0.6631442575995001,0.6868430033891235,0.6352301696705175
169.35654133911746,0.7673528245643946,0.649549195439826,0.6860913821254779,0.6325357019267895
169.4705408768459,0.771298328299095,0.6543630645134142,0.6850538159698586,0.6326654907574327
169.4345785003595,0.7708499156048743,0.6594096607578378,0.6819767300646007,0.6371136458076995
169.47320344253188,0.7713043442568819,0.6605947101924138,0.6758471389305039,0.6308777690001162
169.44182535257505,0.7598663011402922,0.6541117970564602,0.6670370406130293,0.6237177263802427
169.39895538712835,0.7481707444789912,0.6555503222862867,0.6634617225082061,0.6238847615523699
169.51342105681948,0.7376867502966235,0.6466104448653556,0.6589503839309522,0.6173598851672918
169.53256744741267,0.7230994323651977,0.6510396216369553,0.6518064875916575,0.6089980498652383
169.76035915480122,0.7086723337686313,0.6464807792545704,0.6405810116864358,0.5969358946915708
170.10099325683146,0.6996955815532154,0.6556571898535393,0.6366974622186782,0.5971053796174636
170.40151125833566,0.7131549931617134,0.6705455391004091,0.6371915803236251,0.5955704626049619
170.57273036353516,0.7236903495747514,0.67976999516826,0.6385389272201359,0.6023353991102155
170.61529026949756,0.7167126373936873,0.6747529188809337,0.6436369511289153,0.6014614258766572
170.70599725330973,0.7140144059393949,0.6711858792584274,0.6393709083834019,0.6058610482626794
170.67538992427927,0.7179991915311941,0.6715005278540023,0.64634048168881,0.6132349599905683
170.58389820886265,0.7171418120600896,0.6800343190100295,0.6534322660804419,0.6233834275570473
170.51312926342067,0.7193914633209226,0.6765774843392289,0.6488413185573748,0.6181460311131584
170.44520619523962,0.7110702755976414,0.6707272563568638,0.6495111326184105,0.6132913156203965
170.42525365665054,0.7108237620862876,0.6665252874463536,0.651529837944666,0.6143001303651822
170.58102983246653,0.7080629847369745,0.6655948504156439,0.6519305990950669,0.6137280764935904
170.62571734068567,0.7022314255292181,0.6683108995155198,0.6541921090080822,0.6131049607675214
170.76054472410928,0.6993737452783623,0.6669393092587576,0.6522551389651514,0.613445004926626
170.74569435226414,0.690513659783033,0.667068567020043,0.6528395680323749,0.611089730766905
170.79465974646646,0.6872327117434923,0.6652284596533007,0.6565015338063692,0.6136437293462081
170.8075160197621,0.6826166363107236,0.6680578744265109,0.6582618689155995,0.6162233335303781
170.72723781515455,0.6905833089374316,0.6683541703506624,0.6562630057238894,0.6173741693175419
170.7117174985661,0.6877493642033381,0.6688853671903028,0.6536601193986955,0.6129911508161496
170.63863286670565,0.6850323737851985,0.6660264104480098,0.6468345829473054,0.6073504563643658
170.68857905979888,0.682506914619188,0.6606659843637468,0.6408211084832759,0.6034628610601644
170.7735562258539,0.682949187503938,0.6545474937907971,0.6402789854937961,0.601616601330563
170.92929820086664,0.684908073003301,0.6454748502397738,0.6384414691723174,0.5992956545805842
171.0170392923002,0.6909692349673616,0.6511111510640063,0.6409002115764508,0.6007778661376053
171.0083183392153,0.6908362751019967,0.6505080152874816,0.638744022118924,0.5997369584879078
171.02704336453036,0.6933317198815142,0.6566875473908889,0.6433615780823376,0.6024276651514465
171.14722697680378,0.6906749698143934,0.6658834042963374,0.6486947747515401,0.6045554837639258
171.05763428577217,0.6827665418658485,0.6625825378844464,0.6504110173129677,0.6031171455085524
171.13060310829465,0.6873396727105379,0.6650656189017101,0.6516580574243286,0.6048598667826578
171.17226326247385,0.6912740944844679,0.6630152234053649,0.650820338496239,0.6065469233586573
171.12096698197763,0.6946118377599193,0.6621495907977176,0.6466152198145986,0.6047713362129978
171.13211048037127,0.6978656388799911,0.6637334196893583,0.6438208306199784,0.6056131534146488
171.3175580445415,0.7016621211977476,0.6685463815669536,0.6504513085770012,0.6104566979237269
171.61286830153458,0.7028953210028127,0.6733645269247189,0.6532327291726604,0.6078302088392461
171.74036595548978,0.7019799125238614,0.6709333666996701,0.6563973140161236,0.6055455175913286
171.83392973046588,0.70288038374932,0.6731389080541571,0.6592744647765129,0.6058036328541347
171.90022745807414,0.7021398745970115,0.6756337081822971,0.6605757799747176,0.6061052865369995
171.95071494298438,0.7046977818408616,0.6797719811576339,0.6644774590230639,0.6100462870024659
171.93699911841443,0.7113525667117456,0.6778452316581498,0.6678766447227099,0.6120761250893497
171.90093041422583,0.7145632454926624,0.6787459302755459,0.6714054479001842,0.6121967526564089
171.88184322713317,0.7099406287194827,0.6771028116229116,0.6730906406780032,0.6157549613647991
171.77373232342794,0.7075155880597386,0.6746261262761738,0.6705722369532013,0.6182397162380824
171.72159512833275,0.706215400339731,0.6740425789887038,0.6701510324622069,0.6192523740875142
171.75011720921097,0.7056311037719731,0.6732133913203641,0.6738600413498748,0.6247588019731058
171.77599099933582,0.7018735175467954,0.6681275596344514,0.6695579680242267,0.6259482593330281
171.83943352666236,0.6997105762673593,0.6669438920090954,0.6604784669073315,0.6247829245355994
171.97011890146652,0.7009362197647396,0.66677738205595,0.6615641222542763,0.6249515513489285
172.05646477393267,0.700414421142512,0.6685175692158412,0.6685695081872898,0.6254742195770591
172.01155455762924,0.7006959929405204,0.6714665994275044,0.676450899130293,0.6286635545430141
171.93658336225408,0.7021659781525521,0.6732699498558181,0.6722972898834148,0.6304631534205828
171.9206005031814,0.6953050591688842,0.6663275199597399,0.6565303627328245,0.6274953419597714
171.92287850440192,0.6910393953078191,0.6629681687515371,0.6469024788759948,0.6272897484488853
171.936048771877,0.6853727234157446,0.6681034449160352,0.6546763472450415,0.628068949763921
172.0431717156968,0.6835633391100517,0.666776257686716,0.6527226079181693,0.6257086349245108
172.03863220971516,0.6893163303492749,0.6659740141354196,0.6538306061917126,0.6215861529784021
172.09975967869553,0.6912737892879067,0.6567297366140133,0.6506376632254901,0.6166549915103795
172.10606791835124,0.6899030550975265,0.6512368370735884,0.6524065509324485,0.6130402785927457
122.52050758169567,0.38167987655482105,0.18883079121132282,0.18562916890189465,0.16487973886806725
132.88922516047,0.38935069089818736,0.1895842856044413,0.16165451451216922,0.11272396476058572
139.17874547757896,0.38671723795541857,0.21839550142412736,0.16453289088702167,0.10234767690968748
143.89296063150215,0.3750295343760308,0.26366231774732507,0.21224167431395102,0.12701987092184272
147.60987998107422,0.3891912320915172,0.33981693597641166,0.2929748866671395,0.1667750068106916
150.6948370211449,0.40311633804972336,0.3984372245065992,0.3586325085370722,0.2089248479351565
152.55846184948328,0.41871397136648686,0.45297600233250807,0.4069223127722268,0.24465689002948457
153.8950878869057,0.42832983894468324,0.49362184054290925,0.44985425391545864,0.27615090914497636
155.4171145489379,0.4321946846538806,0.51889015370352,0.47444927111454616,0.2947367109812168
157.08219302059743,0.45908953589393003,0.5518643744252621,0.5053896179618425,0.31790159361001863
158.04006784674013,0.46871038811972915,0.5579618242908114,0.5150426221839277,0.33551414818212305
158.16231919542926,0.47901958384104915,0.5826111450244399,0.5497409940032841,0.3666131414997525
158.80613658668463,0.5158065131211891,0.6257886959995946,0.5923296236922145,0.4106660061901503
159.00411471954277,0.5425775197938079,0.6560830170147357,0.6157501481269272,0.43548587415856993
158.82861492898715,0.5529842148787836,0.6694706223745867,0.6310388711539867,0.4526145029328893
159.1189419964152,0.5597317154016358,0.6766493969813436,0.6358204704596656,0.45806160478648944
159.0606275279322,0.5531075904770129,0.6613037554901051,0.6244850037933979,0.44276987444192567
159.4775779701561,0.5495013137180098,0.654265294914847,0.6127927659367134,0.43215277312884015
160.03737425644215,0.4985900297385944,0.6293251066160441,0.5872428085267579,0.4067572110576761
160.148292321699,0.4727963881073063,0.5991399792117084,0.5522155823342,0.37937075253911573
158.8741015966571,0.46333662338675174,0.5728249892343635,0.5378158147165916,0.37188696755959194
157.38747917081642,0.44761178867366147,0.5428603242757208,0.5077313968854337,0.34476984544251305
156.74563542648485,0.44688736036843474,0.5248387412677584,0.49618654516578653,0.34489886320037444
156.17195063782935,0.4548354438542868,0.5289723279354402,0.5093180212336579,0.3562901904019333
155.53181403410636,0.4635984820605987,0.5427090090769067,0.530827971522905,0.3744354324138557
155.56441800843407,0.4683879463391965,0.5481651329493507,0.5403622942510768,0.3863726105070984
155.39490803598247,0.4742478681327129,0.5525044719525894,0.5518609500618507,0.4046967233452456
155.41148523684316,0.48124968097194165,0.5561370670213833,0.5585848301880109,0.41320508674944617
155.1946986388788,0.48033273004505567,0.5548331693484523,0.5560396028379067,0.4127876558104863
155.28874711539362,0.4856761793276345,0.5617671438162339,0.5641748662179761,0.41934403085383065
155.35067917801916,0.4850055506315839,0.5673724742819825,0.5660827293379225,0.4175665023680468
155.30296728590102,0.4838111796510699,0.5681138475034831,0.5621290803319486,0.41193204861128924
155.4449852601452,0.48479162049134067,0.5627447298718262,0.5509184670638769,0.40702039784467503
155.51146696548267,0.4852100488939673,0.5543241500221913,0.5383866251084327,0.40279507492283845
155.624039097622,0.4782441403511425,0.5359669321796486,0.5137748271179445,0.38418966222878415
155.43357981969794,0.48102897200953587,0.5293962060270724,0.5021206987352771,0.3749458075483753
155.55989094353856,0.4770127427441155,0.5275982691841388,0.5040890962008777,0.3737060121754527
155.49746433006942,0.47969966950197496,0.5254080639776348,0.5046012311650897,0.375011563889364
155.4920703923837,0.486946524358364,0.5364373530927754,0.5233245596347345,0.3954919710897681
155.3615692474631,0.49207358297124604,0.5454850037384814,0.532548111698566,0.40302264528582793
155.40265814522658,0.4946319134024647,0.559417350208282,0.5540019209337835,0.4170877632239581
155.21494863985416,0.5021402639888519,0.5711165548595427,0.5653773528624166,0.4258352644860014
155.03669567953114,0.507245290945135,0.5805736609223802,0.5747398053841931,0.42470581267742147
154.5240354385987,0.516629642798085,0.5959707224818238,0.5869696542125682,0.42378466679819093
154.76039339439265,0.5100214993796557,0.5962319897363436,0.5843308676861305,0.4053875343451548
154.59765736811974,0.5044508221991586,0.6007132922636865,0.5837774902151744,0.3921501068297913
154.57792645378788,0.5031446173525297,0.6038858209408428,0.5833835893999019,0.3866525085477549
154.17854975558313,0.5038229719320949,0.6063867051344519,0.5850944488659279,0.3829185167039465
154.0200642872478,0.5012800850453523,0.6057301677942123,0.5810005989392288,0.37297819791352926
154.07327051996296,0.4953724467125457,0.6014675431881068,0.5779615655247432,0.3675828586297809
154.22904682152998,0.4987969769860274,0.6071044651790987,0.5816202313249625,0.3719890866799953
154.3217345648802,0.49962911347074795,0.6095192009309933,0.5855413501264777,0.3782757029035039
154.64259783213146,0.4956454378342387,0.6067611535019832,0.5799782682322623,0.3750105094207187
154.5720357858367,0.4918425855804772,0.6040740468366852,0.5773330199995329,0.3748382211604733
154.74676939879268,0.4879501843334162,0.6051612515956454,0.5757772414828282,0.3740836758023555
154.66611610806527,0.4856848513569875,0.6015198801906223,0.5703344069537393,0.3757480622925555
154.61543688634208,0.4840990447424859,0.5970081371285547,0.5654028064081688,0.3771837008686836
154.71788314524943,0.4824914286004914,0.5897519637167921,0.5580321312790897,0.375586329774565
154.63437404510879,0.48341028531746183,0.5849893245075366,0.5519789387743957,0.37413921374069614
154.70051575940016,0.47718375729401197,0.5814504288108139,0.548331415652685,0.3788946308737137
154.72813175176287,0.4771993706489792,0.5805089701192488,0.5475151445597203,0.38299143207445
154.6382859902536,0.4791699495484841,0.5843722579169303,0.5520188895535292,0.38716218632504446
154.6209570058299,0.4769814777258981,0.5865160254105366,0.5560964966296598,0.3885803045029936
154.57732331340137,0.47823761661649244,0.5875327257854248,0.5560123075423401,0.3875188706284927
154.55202600265403,0.48201452194652405,0.5955063452401035,0.565742786649179,0.39549943007735994
154.67429983093612,0.48225138283425095,0.598166567957981,0.5665659061462966,0.3933714522235118
154.92328352251408,0.4836261932767301,0.5981608360074738,0.5636662266058723,0.3864117352532637
155.00850238796124,0.48630543084192995,0.6017873108267249,0.5655200628016701,0.38244213851804987
154.98579278149225,0.4880342126439529,0.607150401368273,0.5729208704085407,0.3820173256454578
155.1426046690075,0.48755765175970056,0.6100786611738841,0.5765021200335239,0.3814752107223661
155.10757428966733,0.48712039091654796,0.6070534161797115,0.5744762429964031,0.37763876862135826
155.0757235546406,0.48597971755720504,0.6065412409654993,0.5767005229675843,0.3767436909955875
155.13478732363203,0.4846108991008784,0.6048264831157689,0.577580269866293,0.378334568548857
154.96135221386209,0.48688479426853093,0.6065661105130089,0.5795515828096034,0.3788628802306607
154.69896781715678,0.48610798220935725,0.603982992148535,0.5772114624246114,0.3747491551564555
154.38976154669993,0.4852932569279389,0.6006063472895207,0.5723000365150502,0.3715271116438292
154.2768734442154,0.4846455963922446,0.597289064112388,0.567393584941586,0.36767380575184816
153.62784466005004,0.4828521024658786,0.5896644520060631,0.5609022698255142,0.36198510234350906
153.2505229568964,0.47591733698871963,0.581594093819837,0.5586948313718744,0.3603925693172714
153.5594727431672,0.4749543682612334,0.5777069379274122,0.5519644540358845,0.35354906260890556
153.83184213859008,0.4729298430121822,0.5734859189955444,0.5481845059172298,0.34687235494710583
153.75540216638223,0.47312799463792915,0.5627346950380628,0.5341089407024866,0.3408914839765379
153.3521907482577,0.480010174914342,0.5623633823273152,0.5320205420091446,0.338007106033601
153.7964898574386,0.48033325087216033,0.5663811858297998,0.5301178303075704,0.3351541772473897
154.11773645995146,0.4796448340895497,0.5576366473518104,0.5206605805460587,0.3275930468168613
154.1274618135533,0.48181210124905904,0.5548957133157428,0.517816197646814,0.3281385444017183
154.9101460411147,0.4847648452536721,0.5622040906704194,0.5234650049958564,0.3294503976243717
154.94677134439522,0.4837845455609652,0.5693357867315881,0.5255938044067081,0.3302266393686516
155.07424781370585,0.48545534425014364,0.5763370430381095,0.5322171460469453,0.336460541149618
154.57547637841435,0.4881396108623493,0.57531650952652,0.5300719227670461,0.3370180211035628
154.38069658485762,0.4791097826291679,0.5759746063409213,0.5316483596877535,0.3434798620022723
154.88683021985727,0.47524546492667363,0.5779219188674555,0.5352022093203678,0.3468581639274543
155.08541767992563,0.4755703125987421,0.5802664076701608,0.5372970327959761,0.3441978905960109
155.24902802232637,0.47859641709521084,0.586727908866971,0.5446727812196357,0.34914260654090495
155.1460469413305,0.4807195456253564,0.5910996045662618,0.552385416405124,0.3529435991869683
155.07612424637813,0.4825242206552052,0.5964293716844411,0.5575912703643898,0.36024927300123577
154.6304395163647,0.4831299842501499,0.5998554277960202,0.5565333981957097,0.36066172063096774
154.28949970230508,0.4923072388915695,0.6075385106923218,0.5672747440066167,0.36611468864737096
154.1175176688164,0.49808625001469675,0.6106767313975374,0.567804044615038,0.3674001660897913
154.04823868960102,0.501675892923336,0.612064238276814,0.5711177786206534,0.37206674804536405
154.19047215531816,0.5055848630803137,0.6190296875142676,0.5793956715175527,0.3779660133983422
154.16852102135726,0.5074499478854823,0.6216854531367025,0.5841208096806287,0.38379888786493127
154.360697295437,0.5062827024421644,0.6146657082718271,0.5807475576009699,0.385505419189993
154.27436325315114,0.5079623329560563,0.6093065453620911,0.577177028075435,0.3842160041175969
154.67965885220045,0.5002489726411677,0.6025284378151587,0.5759337830164627,0.3838745793980212
154.7834960714127,0.498238046007233,0.5960056801298226,0.5716991677848559,0.3870340952588483
154.56611883169234,0.5002092511046061,0.5961793552211342,0.5726363293561993,0.38861158876170515
154.81670006101257,0.5016718340632248,0.6004798846016588,0.578642380210483,0.39702503468849054
154.69490225069316,0.5028923542712836,0.5995051383453788,0.5769454793699988,0.3944725424490548
154.8478139029634,0.5034125957902289,0.6003218918387915,0.5703519104226739,0.3924229024074721
155.22399715586442,0.5017889085190558,0.5976136020348576,0.5661050578203801,0.390435271013831
155.3024087655062,0.5019994547881822,0.5940453449077931,0.560999856110114,0.38690746773176715
155.10995109593293,0.5005282012536527,0.5971489283037672,0.5622423109916853,0.3827535497036143
154.74213495173746,0.49975456961555037,0.6025649351779502,0.5661303135929187,0.3801380299392904
154.4065632456063,0.5018316731690169,0.6040007691210268,0.5653525228421157,0.37385554459272263
154.37838888925413,0.49806206331208824,0.6027590372059957,0.5681423104163089,0.3726561895517932
154.38576259305617,0.5006686904326665,0.6092680483368733,0.5743224895373771,0.3734220663029054
154.25848893427064,0.4959405048867337,0.6088265354712926,0.5775189298871647,0.37525640233580093
154.37542776319742,0.49366267579287615,0.6098371185925798,0.5751239891280305,0.37455361051680114
154.43215976452822,0.4948133660038324,0.6044913058184462,0.5746237463288233,0.3816692705928555
154.66405182809083,0.4921942983591133,0.6021185621418979,0.5716081004240742,0.3843107205617728
154.74613441071372,0.4916069451941181,0.6015291629024823,0.5744403517476985,0.38758194720374417
154.92307574544057,0.4885712988662451,0.5987761537719892,0.5759412648452816,0.3899200741967546
154.8851133513048,0.4869850698731292,0.5961775014934314,0.5744378833292978,0.3912350858521952
154.81699745066285,0.48708999678045317,0.5962085830789092,0.5766217102682756,0.3936928901876402
154.97693931052876,0.4855507908632992,0.5927289843593687,0.5691112896014544,0.3922759008083774
155.1819415775362,0.4857914953090346,0.5926185287154883,0.5656417749762691,0.3933581342433537
155.19179957847922,0.48514896548786884,0.5908392664733391,0.5625805369308031,0.39136976229167975
155.4105738618804,0.48289277893603205,0.589200180776256,0.5569900103296935,0.386389287972062
155.39343841833997,0.4812906252792676,0.5913851844098514,0.5554568585496378,0.37882694613937073
155.39977577337066,0.4801565646777977,0.5913190037724214,0.5548456661953752,0.373198545402246
155.1960000458994,0.47980723183281754,0.5899275192431455,0.5517821424657301,0.3627918585290945
154.87037388197825,0.47837321130825505,0.5898164939548964,0.5523101805478926,0.3563855453330581
154.48846785606443,0.48029020424964536,0.5833725118866653,0.544578377457707,0.35169599572620786
153.9614278936218,0.4802263035606365,0.5770247730445364,0.5392513074882933,0.3453217738037567
153.69992285165108,0.47996492252980916,0.5768421155047221,0.5383334224183939,0.3445728716522151
153.52898927590445,0.48011650230092423,0.5770962475923446,0.536975713621272,0.3447966885403971
153.49884502225154,0.4785010276181735,0.5767102995380492,0.5374632387356842,0.3463087166260816
153.4942109519873,0.47818479937443586,0.5773269122842991,0.5387409704063137,0.3512777832211373
153.54314080920014,0.48055563620307296,0.5805615055909439,0.5425670562900649,0.3555586515436447
153.63414136999353,0.4822463984421313,0.5854408597037221,0.548049937769568,0.3597175565421882
153.69780997858456,0.4863470968047471,0.589434846140793,0.5511803823310012,0.36174092761310267
153.77402625626013,0.4884529316773935,0.5903787319833467,0.5506009104636017,0.3594266628214925
153.67744738893188,0.4884057080525326,0.5895052405006557,0.5517123120043028,0.3563352875785904
153.75263042514243,0.4867308635883802,0.5877759476145369,0.5501527745394238,0.3517950264936875
153.84358176076051,0.4871694994213447,0.5859714379797077,0.5477754504253034,0.3500030185278927
153.72570444693315,0.48938531441820576,0.5863029704642935,0.550648361696394,0.35397871813208764
153.6779167195221,0.4901671883141394,0.5867416330400759,0.550974069039315,0.3567273926979339
153.71657068399557,0.4893699323612384,0.5855303054576737,0.5492236499282559,0.3575846446693505
153.79427887339102,0.4888292937413377,0.586185640005682,0.5511361026966909,0.3601558346652765
