170.50663367771094,0.8538177834824535,1.0074131773958894,0.9047226167480454,0.7494830182586177
170.49709511692652,0.929064384355783,1.0929029336339244,1.0061119488702193,0.84896551496168
170.7808787486514,0.9938965134588337,1.1736852029270375,1.092244814971021,0.9482331753493235
171.06782768166653,1.0439177884845,1.2376796010403526,1.1644592559637448,1.02918564043608
171.03930248403805,1.0819107055013233,1.2795233424688124,1.2172391329380132,1.0893982840996024
171.21929980874802,1.1047875122973072,1.3120887411466893,1.2535195384825653,1.1431331206115696
171.26878202262762,1.1205523927302785,1.3286095947324301,1.274081758274136,1.1707518753601878
171.62143838575363,1.1413309477404099,1.3509679228561042,1.2950587360718586,1.1958152483016153
171.79063312260098,1.1505315669172522,1.3666484442050475,1.2996393459775089,1.204320553492816
171.73689334382357,1.1607941010366418,1.3803310329759138,1.3084017853613745,1.2091640725337984
171.588317315983,1.1594733099752463,1.3817373399605701,1.3107760417512833,1.20046669048489
171.58246894472342,1.1660972185731096,1.3880104361605312,1.3239581342904296,1.198960874125933
171.44999565605815,1.168591370692202,1.389198088479023,1.3247863724006412,1.2056887767643627
171.27822004551882,1.184029283158351,1.3951401984920682,1.32359586882687,1.2128050854378545
171.06313053200836,1.1910196935004436,1.3906901935779166,1.322312393627232,1.2126813467114677
170.99278319066863,1.187456987968657,1.3732754330705699,1.3138869624871008,1.2094850622521975
171.0865290629687,1.1822489217012138,1.362237738402123,1.310095534881605,1.206073851936792
171.06321198976036,1.1822581287439062,1.3571860844432013,1.3067347169461174,1.204560558135954
171.15420779581157,1.1866763294082383,1.3566391713199517,1.3134902036091058,1.2114459428144677
171.08515939408332,1.186012942612274,1.3516813814963424,1.3141828677727234,1.2106182698859882
171.32739252977674,1.1874126372014238,1.3515325359529655,1.3180938704228082,1.2086635197566833
171.44910707132973,1.188582290193063,1.355635353291775,1.3224655436075248,1.2129455772497069
171.68274011492673,1.1895330742286976,1.3595922117639794,1.3284247505180764,1.2200454854385376
171.77103176045333,1.1907141335392162,1.3655662617230766,1.334761364781334,1.2276334908893805
171.88140624539585,1.1968718054702754,1.377328227900771,1.3481940356530768,1.2357888228781997
171.8965361435188,1.198066246131209,1.3826824206687784,1.3543379794100512,1.2428662098284156
171.94098349757724,1.2006737060137278,1.3857756060918422,1.360185537308602,1.2465754838566607
171.9019866867858,1.2009881001584248,1.3873335010365488,1.365338765134745,1.2522942913863304
171.8956020356259,1.198148152697456,1.3785503196012294,1.3578904559772442,1.2482224334770589
172.0006515665525,1.1986794384311106,1.378553321216519,1.3551987409330097,1.2448592654986694
172.1224896447188,1.2019538102865317,1.382863260103358,1.3527497178663428,1.2387104859483868
172.25283698639612,1.2028101466302286,1.376855881608944,1.3446368334937246,1.232237992091868
172.26284528467062,1.1994475062298853,1.3724317363629595,1.3272922050145948,1.218396388546244
172.04400754931282,1.1974614831455397,1.3728648309155713,1.3200751734973692,1.2108260814771739
171.83826849064116,1.1920509293287118,1.3673061928718053,1.3119267764787539,1.2080397918908776
171.72466743998058,1.1880381715217248,1.3604857788953342,1.3059713565377946,1.203205971930764
171.5209739420677,1.1817141799756121,1.3483158124728176,1.2914123578065393,1.197255976359629
171.44200573874423,1.1755082661009317,1.3361140082219014,1.2831115977691554,1.1952288089037375
171.29325471916246,1.1719589159001613,1.3266396462628525,1.2752455814990182,1.1896835468379425
171.23427286660657,1.170480051629222,1.3208078226910869,1.2674743344178079,1.1841150240252967
171.21353618411118,1.1713346955636323,1.3198257116358136,1.266767942395091,1.1847630539627807
171.25604034339412,1.170043268694566,1.3177681654572637,1.2643153809934142,1.1860605989511657
171.2632793036907,1.1691640753512436,1.3186591671106171,1.265662508150897,1.1865302428667683
171.39479766156722,1.1666323861165055,1.317547500529573,1.2682127829266063,1.187114077109859
171.5123969315623,1.1655683769128007,1.3151649832615495,1.2706621071605386,1.1878122325424052
171.58221390689678,1.167100889367838,1.3160939058934815,1.269942564604173,1.1862347925265333
171.68690563239565,1.1709645613437865,1.3212725641517749,1.2719759813309155,1.1864164483095065
171.76671302078836,1.1748184606386132,1.3247984396483599,1.2756178534820668,1.1899727153351884
171.76144464024708,1.183817659093255,1.330317480760686,1.2790942808990688,1.196634448357663
171.77622042522043,1.1874759979119553,1.336549432622302,1.2884931417128245,1.202258863899897
171.80961612826732,1.1903243553557676,1.3411675156073384,1.2930575734675251,1.2050578308782227
171.97382532755702,1.195710533935332,1.3493499420906347,1.2992044865860826,1.2083640247429461
172.13757972636776,1.1973621537083088,1.3492867663605572,1.2961595645345743,1.208157980020731
172.28394988129418,1.194587584424401,1.3431180082047776,1.2921049686544426,1.2084143257453541
172.24810813025425,1.1925738238313592,1.341387026312529,1.2934392719701304,1.2056067498548435
172.24655505284588,1.1900473538829237,1.3385757649659504,1.2902762182525498,1.2025489238040665
172.28792151561495,1.1911793797693029,1.338143789000883,1.285561513198893,1.201164686922361
172.28025989390176,1.1941172497933983,1.3436077533265103,1.287312088258246,1.2041595782352148
172.34995712642234,1.1954878837486604,1.3433348926111182,1.287499661090446,1.2051467211603881
172.47721849676537,1.193503756671602,1.3394787257959384,1.2806187702475467,1.1999619608721048
172.4066921835474,1.1937973154932875,1.3403774243249515,1.2831495472638945,1.199132468421909
172.5168434369686,1.1941839474555478,1.3406086700095923,1.2817284093829378,1.2001715518598939
172.47689154012724,1.1970053520929858,1.3469023360162122,1.2865175209877595,1.203063514664394
172.42422384208106,1.198048820498861,1.3496554690508067,1.2894648980206203,1.2070227127168582
172.31727773698086,1.1983087308724911,1.3445877264734567,1.2864545999809311,1.2089741653952462
172.22076531969626,1.200902613470868,1.3465654935878222,1.2934034928541567,1.2148716717012573
172.10918301247148,1.2000577277343798,1.3414350401157316,1.290160857036374,1.2170531880766053
172.00409150834642,1.2015978893845716,1.3418092441749903,1.2944973548182432,1.220739138979064
172.03744690513838,1.1968352092405858,1.3370489505346106,1.2923574414812014,1.2174024288765724
172.19765253788296,1.194567907442477,1.336693450926577,1.2945758219066736,1.2191924899618944
172.42003948221702,1.1964613600855618,1.341075820395764,1.2979289132774419,1.224124176423235
172.4381465623206,1.1919505692112653,1.3371479133936306,1.2924271495811732,1.2224188120319937
172.6704784919003,1.189518257547522,1.3369907816708095,1.2956352800053732,1.2224356513978356
172.79916908772287,1.1898615792980962,1.3371655213799292,1.2922160101101263,1.2242472414501284
172.8022221383801,1.1910224276921701,1.335388070896094,1.2868035901170483,1.2227075045115932
172.7332643830703,1.190352017596071,1.3313478713246605,1.281348766442524,1.2204624705566787
172.7259947646088,1.1886417629911414,1.3295949574768964,1.2790445210895176,1.2178650815756618
172.62912282868908,1.1866597130833403,1.3242289896117718,1.27298496436349,1.2157131136881052
172.77830086446295,1.183438578176079,1.3215065936906194,1.2776393622659965,1.213194287248702
172.84606965406192,1.1808198907665521,1.3187702252743947,1.2719785742558145,1.2079599971786437
172.81517717871972,1.182261456553886,1.3190981664566876,1.2753692860417951,1.2057759822403222
172.76504618747063,1.1765701125902737,1.3153823579770474,1.2749276527202607,1.1981243099649697
172.80812299092025,1.1761310564051763,1.3152080050676063,1.2768265084028216,1.197519485262439
172.81103318356793,1.1821709910166711,1.3212150024316318,1.278691775397096,1.2005273641938363
172.87626985642453,1.1872661323448181,1.3262180485211876,1.2831333296404548,1.2039823365782554
172.87401693871527,1.1896450927575615,1.328048077462884,1.2871305018466617,1.208165014139518
172.70624874732414,1.1913979094047453,1.3297807979235683,1.2891563255014307,1.2085923753083727
172.75275895332095,1.193422017922832,1.3336922112619938,1.2959258686754678,1.2114950502206856
172.4882991618897,1.1879805995762343,1.327694309131241,1.2887593901513688,1.2070948387550646
172.47868600468826,1.1835308732597838,1.3267599460794484,1.2854352241460676,1.2041443911445577
172.5040285375473,1.181242803554683,1.3261728918590545,1.2831197476500897,1.2067506592168553
172.61557827445904,1.1795242597754054,1.3262769261517615,1.28151536626751,1.2070133343998644
172.64151324936074,1.1789889476136117,1.3241751007345477,1.2811736664916902,1.2063951375310267
172.61291102109047,1.1770301053286905,1.3232145666103483,1.2792413558387885,1.201821350217743
172.74404571166247,1.1785776693089798,1.3249504918805195,1.2817644461649365,1.2016570704349885
172.76406813570313,1.179936240656208,1.3231184914892442,1.2823809085061135,1.2008649765921822
172.7540377955675,1.1815265067514102,1.320586045604361,1.2824680168260996,1.199962947849029
172.6858020389251,1.185475701159796,1.3208226531667127,1.284438828919437,1.201339501656461
172.66453440059084,1.1884757747110637,1.3196132180439728,1.2830732318029605,1.2001342425276527
172.67004250976638,1.192434582644702,1.3222135999502185,1.2859131602637681,1.1995205820776207
172.70826773387452,1.1921825449157517,1.3222610517313187,1.2868920635461163,1.1957942920019276
172.67575431195192,1.189478624507331,1.3180540746498592,1.284386117785211,1.191848774358758
172.71277973404318,1.186450367080435,1.3186523015446612,1.2859371828102621,1.1873547896230812
172.78438679391547,1.1827618211910675,1.3191810618592243,1.2854800502822206,1.1867951945839712
172.95437237836595,1.1800013412331938,1.3223296242333975,1.285971409647541,1.190282997189706
172.91152776800828,1.1796551016638026,1.323580312464627,1.2857992380172811,1.1924073985001702
172.87450675712068,1.1804180506239372,1.325283082633927,1.2880737204556594,1.191812871617846
172.8847213868712,1.1811045476493962,1.3270457005597518,1.289209853957832,1.195681041502953
173.02770993076612,1.1841271330500123,1.3312983575873412,1.2918395108423513,1.196432513183395
173.1287557698653,1.178532178881934,1.32844695231711,1.286462397739408,1.1967539706858805
173.3166780754312,1.1738371623334112,1.3236337785353338,1.2838595958836827,1.1951677830365246
173.40986155452552,1.1719850142405552,1.3227352267813615,1.2824101935347214,1.1981200819351965
173.40966021856207,1.1728812882918191,1.322483523791417,1.2830067357053148,1.1996097104534056
173.40574714663987,1.1790557543593079,1.325614336314256,1.2832835875275055,1.2026867170813174
173.39471667635357,1.1824512691372648,1.3251875017196468,1.2858909481053293,1.2014414074357698
173.44113485780264,1.1828161649318425,1.3269745454688642,1.2865688823767722,1.2006477290922164
173.46538986755607,1.182195351984999,1.326589013034363,1.290396563487146,1.1981422955955499
173.5333807537713,1.18249728276183,1.3242070129412462,1.292508581428871,1.1938084775415092
173.71102393332455,1.18212603214039,1.3268409177558644,1.2969152043852326,1.1960570041221972
173.7233544825946,1.1782781627239811,1.3253789809947971,1.300240821029615,1.1974293980380657
173.75325099409216,1.1780367064676949,1.3261685648427333,1.3001010408447995,1.1965319845281719
173.73956526511947,1.1758731458298153,1.325694507809304,1.2996622088043421,1.19662505480282
173.80271199085496,1.1730294340183731,1.3221316674443149,1.2998444237325506,1.1965798565703805
173.82373676564768,1.169122709652261,1.3190633199981783,1.2984533575714474,1.1942272526874322
173.8478022483096,1.1646788552725065,1.3149434303592897,1.294400023486902,1.1919077685562594
173.89348787354962,1.1617475024359045,1.3137940029159,1.291571281147174,1.1917275900577473
173.93412399448687,1.1628563898962438,1.3152115362559096,1.2913002500029844,1.1898086297101014
173.92905063817497,1.162376556120733,1.3162224550665336,1.2896164917203117,1.1892003258506532
173.85331827741413,1.1614421601548577,1.316950005759573,1.2896690344220902,1.1875688353696823
173.70965487173416,1.1610652055285267,1.314772613968542,1.2869855501969847,1.1886402769331323
173.59574735217493,1.16128729504274,1.3161194710670576,1.283559889480556,1.1914215985175622
173.55240958741422,1.1616889048840993,1.3161756361471375,1.2855475557260083,1.1922561962441358
173.59050486253858,1.1616967489842076,1.3172274439318632,1.2860919061601939,1.190796247951844
173.53508478761265,1.1603538426258992,1.3161567925999413,1.283433394245784,1.1873000551821606
173.54963474256454,1.1598078057801755,1.315926647986824,1.2819737586990343,1.1873608404619305
173.4939677071928,1.159126729456693,1.3127199765469761,1.2797197669918254,1.1842372272076298
173.5315492606438,1.1589921344764453,1.310614901569208,1.276558080909214,1.1823973505221859
173.6195535251291,1.1619401158977376,1.312347152021958,1.2811611942053933,1.1851626870770642
179.5770442893466,0.6461792391400164,0.4546954344779478,0.41369256870817794,0.4032984082448789
179.31860326243722,0.7254205808023982,0.6154842331199057,0.5171153024029587,0.44406433332541656
177.61128825877702,0.8192177266741952,0.7838331384344535,0.6721961691417462,0.5492035004113676
176.21723507342588,0.9111851769158238,0.9286304863488493,0.8127343099252103,0.6776172120075066
175.31750986684196,0.9821402763029959,1.0262155556860497,0.9305604905933504,0.7890653501493152
174.53825572545114,1.0359044505229063,1.1041355492426699,1.0201132513339812,0.8728859513817292
173.9226131264689,1.0671118187275086,1.1528701257935168,1.0804791747072768,0.9331937049702916
173.49946971564356,1.0840460530818194,1.189192083820017,1.114428238603368,0.9717245949286449
173.42907274197384,1.0890756281826934,1.2018852975860126,1.1276444010271816,0.9923089565579891
173.4694701269977,1.0868882106088615,1.2148626464285994,1.1476441400409594,1.0038544254894657
173.5596287934619,1.0845500763865694,1.2175738659760704,1.1526284259779902,1.015492820836462
173.71131130583322,1.0842360741947317,1.2215303572210863,1.1635319968749112,1.025341807059042
173.8108030076986,1.0835513482888597,1.2243772589043,1.1694992830220776,1.0351480213343296
173.98794298545386,1.0838451249005685,1.2284299375376133,1.1772063101594865,1.0469349778651202
174.05207047144117,1.0867257509101544,1.2308917009819524,1.1852161543483761,1.0535806518584214
174.0461487315793,1.0939747934971107,1.2405584483580685,1.193480680849742,1.0584538005531554
174.0616876141399,1.0984081338824383,1.2419540811572263,1.1924972544198862,1.0578420440996572
174.0317630250833,1.1043048258298371,1.2454784545968647,1.195465192314897,1.0595189185996041
174.10629897036483,1.1098811669570896,1.2531944317791726,1.1994056375640259,1.0637284401546958
174.17191420314515,1.1116676067974909,1.2552144665018414,1.19608527618827,1.0645426056952783
174.19694639455327,1.1073901763225433,1.2519810863724503,1.190045984860569,1.0606548190586882
174.29844875248963,1.100584764823948,1.2448424043768591,1.186630663452585,1.056687726814995
174.36037110819632,1.0936860125343337,1.2377599481594803,1.177899417946809,1.0510934368377236
174.44444142808487,1.0872793306806627,1.2323494092169764,1.1743861295186098,1.0519676030176732
174.55821745613613,1.0790065424144888,1.2240801964545174,1.1705473011974035,1.0520518154138208
174.65688242062424,1.077984201966933,1.2175135806651416,1.1672412831383459,1.0510855297702089
174.68091735597284,1.0772074424678784,1.219319425026018,1.1635163380606688,1.0465622799599243
174.66215582520022,1.0761398372646298,1.2186471632744773,1.1672104530856533,1.0468127637418319
174.58541474919542,1.0747812322832706,1.2149775872755226,1.1677427555915314,1.0479188729891062
174.60045651247773,1.070575346371952,1.2119682803668306,1.1620707126966854,1.0424888259559209
174.3687944137554,1.0746445379434415,1.215179377194949,1.1650976020393815,1.0388622805138292
174.40293985042865,1.0819086419373931,1.22033344137316,1.1690750736033488,1.0388568633199917
174.40254317611806,1.089461168444413,1.2292040179467234,1.1786293889788926,1.044291623631189
174.46229644197808,1.0918092133749762,1.2270640016973249,1.183990013820019,1.0442120366917407
174.59175351146,1.097064786238048,1.2313899489867155,1.1947682957423793,1.0475850762084067
174.7285707016168,1.099011369872538,1.2332062580452927,1.19732080839241,1.0431088284914747
174.788382003714,1.1031257149981621,1.2359296054892825,1.2005402907724712,1.040047913076622
174.86366055167917,1.1048467825425023,1.2365797406087367,1.2032269571248098,1.0366645760006956
174.9408982343884,1.1017628789180887,1.240781421042831,1.2061657281239166,1.0346653246809387
174.87341836263946,1.099065940710339,1.2403737303932607,1.2092560949228124,1.0353957230673922
174.90360866040172,1.0968407276230245,1.2371581012476283,1.205384822810235,1.0315835149281651
174.99412582180986,1.0922954475460074,1.2326637337370743,1.2002397901838253,1.0282661704115428
175.05926521059888,1.0905366790480642,1.2316198504246478,1.1960668659020095,1.0261393506497858
175.00648892824674,1.092381731466649,1.2363440537483905,1.1928902692963825,1.0288126616970432
174.9909513564834,1.0912326065156652,1.2406160087723375,1.1904988709492426,1.0299900064471768
174.94472293294461,1.094407465110991,1.2416400043224753,1.1857986193914845,1.0267804779003598
174.8002478918093,1.0951047206163806,1.2450900000518088,1.1890985824911293,1.0285592183421306
174.623057120233,1.100676239483761,1.2497780622867976,1.1886253023364912,1.027586666422218
174.4611510542234,1.099207473629057,1.251628742441259,1.1932215135840079,1.0285869587963044
174.42386405972218,1.0984137402873568,1.2528749125104421,1.1953652323539312,1.0280615895055738
174.31900445762378,1.0993331020223538,1.258029218743367,1.198490136719752,1.0318879043060114
174.2813296599869,1.0988533011447936,1.2578127570105573,1.1993527269995174,1.037129399640197
174.1757414335296,1.0989869192187232,1.2568763454412248,1.2029690770092467,1.0387253767622961
174.0712972423508,1.098024912978795,1.2543587798532974,1.199482105235914,1.0354723466772182
174.04719043636135,1.0988638253015126,1.2554073571362472,1.2019973900238528,1.0392493063621944
173.95290019227602,1.0992802673481774,1.2552482215447842,1.20165728251428,1.0391357968175177
173.93374938778518,1.0993794634936744,1.2577726947592378,1.2027846472721833,1.0438015599384527
174.0851167685214,1.1013334215381014,1.2615158638576953,1.2106786539964822,1.0428699201302793
174.04751299942706,1.1035800402815479,1.2664615820897618,1.2133114407635484,1.0472819051712465
174.03067077627585,1.1045264056536979,1.2693827675190288,1.2148776858268742,1.0491061385707747
174.08763331284302,1.1040826077672612,1.26637611590074,1.2151049483787182,1.0467964426332113
174.14045158340767,1.1047603454044885,1.2616228530075422,1.2139503833493839,1.0449833571026805
174.29815604200135,1.1037098713147546,1.254542186793887,1.2128799507984378,1.0415166508953266
174.49885749789007,1.1028448868917946,1.2531070961509028,1.212826984505576,1.0412307902120677
174.62895854224436,1.1046934675119235,1.2555728758410891,1.2091014707317147,1.0385712704268995
174.51506106761457,1.1058001550287093,1.2593103780731798,1.2060701110387748,1.0377999694340825
174.49186712879978,1.1035967491711072,1.257873936715597,1.2037763427827999,1.0404749912197375
174.47446327077193,1.1036634878042118,1.258202425226559,1.2061135645939816,1.0423848003401457
174.47396545383208,1.102066020941489,1.2575124803778268,1.2065984672198005,1.0459441040139412
174.4754979460345,1.1022115034337834,1.2553522948055944,1.2056069221531933,1.0435898077178352
174.5915221913056,1.0962256091695868,1.2481280642471066,1.1997287835454893,1.0395209995827759
174.5985689915958,1.0959189833723613,1.2451559365496006,1.196561239132373,1.034624998419621
174.69747906923516,1.0963868571512116,1.2455637652183265,1.199162513339981,1.0358142349363928
174.82779536612188,1.0992053480063089,1.2496004932664828,1.2024770478696114,1.0392944253722056
174.86452577455194,1.0991835617828078,1.2502479923412797,1.205376204765803,1.0384404643081913
174.9307888714087,1.0983129607241835,1.2495924080915206,1.2061136129536454,1.0349088305551597
174.97566493513187,1.0974114726511612,1.2496344455448132,1.2093342017327722,1.036785043540254
174.99162076823885,1.097479066769163,1.2471429025777452,1.2103781678546837,1.0349518930720072
174.94328126734354,1.1002730506554361,1.2482229781321925,1.2132313391252627,1.0372273283312665
174.82523754624987,1.1048376074243826,1.252619058345226,1.2152691263027842,1.0408318125754472
174.7028298589754,1.105738253755138,1.251675640353634,1.2121527408578654,1.0405031083914091
174.63044344362126,1.110221515153184,1.2572795521989715,1.218048412909242,1.0459264923586822
174.54466861383946,1.114770887805011,1.2636188495419294,1.2247518726216517,1.0508759166621173
174.44930943690443,1.1143604695788394,1.265798181427729,1.2256185600203615,1.0555153351769915
174.4471646076644,1.1141731649132243,1.2680195924729825,1.2269214373255588,1.0577523343714932
174.4430897245086,1.1158632840808747,1.270198941468247,1.2267950669565604,1.0602260178100722
174.48563366677058,1.1159039117353355,1.2719282057710621,1.2279875040773576,1.063173581271785
174.53910815760503,1.11419982493021,1.2706158626221589,1.2256798274935343,1.0603034989194493
174.57994762434373,1.1147708562221468,1.270450497650245,1.228379109401078,1.0602836094339219
174.62179080947863,1.1166961017585235,1.272364517288809,1.22544308306648,1.0557091352573669
174.64104318857372,1.1238618029045135,1.2762700953753414,1.2265613876371562,1.0545669465307541
174.52882762005493,1.1315322038530444,1.278444439066709,1.2322546380517514,1.0585966178499542
174.51196831208313,1.1341496608590305,1.2765612528178247,1.2344214353288916,1.0578946852413518
174.50374810136032,1.1346795487261938,1.2751134922823826,1.2340820904854328,1.057808119319683
174.48107396104575,1.135193259954897,1.2721260983052216,1.2356014294120992,1.0578894740466436
174.4556535929383,1.1349531712315304,1.2704239536515671,1.2355355854400039,1.0577888404990414
174.42374852739073,1.1334926572479966,1.2685157105992024,1.2348218684050751,1.0577162417123938
174.36217630059312,1.1288892424243366,1.2670942392033853,1.2336777292783194,1.0555560175576175
174.32125468333498,1.128362254281584,1.2647944366300246,1.227675424701797,1.0519243887086693
174.36250989569265,1.1235885901786817,1.260286345230623,1.225068703749203,1.0487443606437565
174.37972657039384,1.1232548540652096,1.2592979615630713,1.2222613900098211,1.0450261160658385
174.3468691215107,1.125417090911959,1.260333895156408,1.2223334864633113,1.0435160026765493
174.42043469971443,1.1278206321913262,1.2626344637575857,1.2256576583985888,1.0459714264430064
174.50572846841033,1.1269312959082782,1.2630406294787397,1.225823849133685,1.0495063921103573
174.46475953706135,1.1290376423457165,1.2642616168764995,1.2223958483672914,1.0498675028881426
174.4696265080322,1.1313934500902754,1.2653306457905116,1.2219799888572982,1.0481943717617968
174.32367481140489,1.1329129811875063,1.2688240586298412,1.2210356722654023,1.0444865286057277
174.3241567710253,1.1318127708402101,1.2706410397765717,1.2194008812717079,1.0466001224966974
174.31647576974123,1.1312653588694312,1.270240632839698,1.2172791148978472,1.0459222958375929
174.34835127483856,1.1342541389494978,1.2719693500317382,1.215808194518683,1.0467742129426638
174.53951998565032,1.132425377562336,1.2720479762666383,1.2141107378653127,1.0464068149706818
174.72358113955002,1.1300221667937371,1.2723670585203422,1.215865262005918,1.0460563014143442
174.89139881546592,1.127382162685614,1.273690283036902,1.2193955476582616,1.0474477922501142
174.96888857798777,1.1280124526383195,1.273492764891038,1.2223065469943246,1.0489884330257069
175.02691520452146,1.127093001741927,1.272126138513561,1.2254392242038052,1.0477827135255833
175.06896157098052,1.124203065841562,1.2691342839344923,1.22364041423556,1.0459310537068178
175.06728778498237,1.1230683294296742,1.2672482439799895,1.2218093132215215,1.0457841596221535
175.05668705759464,1.1210629313001137,1.2640300514681,1.2192347986951613,1.0441168088393447
175.02818658790935,1.1203426301020736,1.2650115387478629,1.2184354700496707,1.0437060756035998
175.09743217274217,1.1201129345932337,1.264186981851387,1.2189490231938376,1.0453284383853978
175.10690941898216,1.11997918271776,1.2616236638327125,1.2147114366463247,1.0431644965348317
175.11177925821704,1.1177150505195292,1.264331026486027,1.2127490112254502,1.0434456249706439
175.09616321865587,1.119275401442203,1.2639600603852408,1.2123895858815699,1.0442734900325774
175.07404848242118,1.1186206451561826,1.2634890841403668,1.210376073168537,1.040968868633944
175.0678427296366,1.1177101154999938,1.2628912449086416,1.2139958114611051,1.0409866812617032
175.0494269621765,1.1170402987954653,1.265515778724522,1.2160537300304841,1.0429713879326574
175.05690265075822,1.114373828807748,1.2649588477076523,1.2148567190284207,1.0417938907574587
175.0344117816984,1.115843835603043,1.2671470598887673,1.2175647229345123,1.0409843575019349
175.03117653929596,1.114936926154424,1.268224615878806,1.2199797986960963,1.0426460191964395
174.99155377335154,1.1198332553005528,1.2739634354800593,1.2257491951396557,1.0447490801819757
174.9670788868032,1.1215174072189162,1.2773350073754608,1.2276256764194555,1.0466797946063005
174.95331223266044,1.1226975566043003,1.279538587183747,1.2271295956597092,1.047857654586953
174.95943016159254,1.1219410883813647,1.2778711713656596,1.2231848769345668,1.0472327887523432
175.0119863811502,1.1174090285315956,1.272783894678052,1.2179502859071212,1.0439292057378131
175.01232816708662,1.1175772154134964,1.270663799603679,1.2154894981854192,1.0406432401424832
175.04882154909933,1.1213930846173974,1.2726257834862102,1.220328935719237,1.0419523439227096
175.00389486986273,1.1202059170967131,1.2732499829641033,1.2227279251820546,1.0444612586274211
175.0548701100737,1.1168114359022665,1.2695318587806246,1.2195340792473732,1.0423005768608729
175.15611696548305,1.117613297577343,1.2696522057691946,1.2216370488723785,1.045495326811704
175.20994847821189,1.1186650634456878,1.2685894059650413,1.220039173906075,1.0454573764536834
172.8606408604666,0.9619434958830135,1.1679949362397724,1.1408695163292708,0.9774248810716255
172.48561627831876,1.0218968757348488,1.2329303908130194,1.2021406803920631,1.0372519267749367
172.11667959865952,1.0600586315546723,1.2834861858765505,1.2404823168452936,1.0707629652124822
172.16086011655517,1.101646816101657,1.3210010240038401,1.280688060430697,1.1094831196059862
172.13492561538328,1.1428716305393332,1.3423331917041914,1.3127808013084505,1.1458312751736028
171.99112607873576,1.1613548483490752,1.3392074827011347,1.3266741112489049,1.1623049972527317
171.82854344362244,1.1780052960215173,1.3476818043619039,1.3400884875366117,1.1782473025472664
171.61670217021717,1.1892587436447912,1.3595642087454325,1.3417395756968333,1.1935943477421822
171.6548575110873,1.2041117145513922,1.369022270174791,1.3448218212794387,1.213132830873264
171.52677601405523,1.2179665117156055,1.3782192282490084,1.3482571180403238,1.2218529949541022
171.01559468017496,1.2057374402876553,1.3518226963848936,1.3172109505721226,1.2026742360078488
170.2982773846215,1.1660605288829837,1.3029763616546617,1.2752672378238339,1.1645615130603089
170.0780743968801,1.1664699157697789,1.293690412332671,1.2723510522212447,1.1584140634427034
169.92816046299032,1.159004144327261,1.2793671166433143,1.2677561349521191,1.14659441095321
169.74818150255345,1.1481214009577676,1.2617584872148195,1.2560825090722783,1.1378971937261229
170.20951000159008,1.1710207792959508,1.279879674034011,1.2788714517040913,1.1635351700556327
170.40101686303768,1.178899023258704,1.2983505605323387,1.2894494779001255,1.1737195463504158
170.82076844021054,1.1958759839857944,1.3194310419160473,1.307052071389967,1.1866579546561256
171.0452112596514,1.1966489589180027,1.328912334809169,1.3156427972816467,1.1904269369760436
171.2140532865366,1.2014146942883053,1.329643138177984,1.3210523960504787,1.1934237157074445
171.456597267937,1.1989532229333613,1.3337585700901315,1.3286776206798816,1.1948676222520043
171.6333489552746,1.2084321370483526,1.3478898888676865,1.336049996598378,1.2083917710752392
171.76628467359518,1.2163907886190632,1.358234484847106,1.3406841040461877,1.2179802620167546
171.8784824704522,1.2261896832675971,1.3698190320101353,1.3433022208214933,1.2267881438857593
171.79152129672914,1.220390465893498,1.3688335072982623,1.3385717280866016,1.2224796534221671
171.69254322617073,1.210438018007897,1.36298530141317,1.3280048345497804,1.2064918116831986
172.00516202961717,1.2121174870321252,1.362302940700156,1.3313711117840903,1.2071745030491656
171.96327634483026,1.2053433354202903,1.3539672986747784,1.3277751956054835,1.1971096680975346
171.98159650082508,1.210256790495625,1.3564062602141065,1.3275669850282512,1.2000201264311439
172.21393369657753,1.224542232279468,1.3714786653252606,1.3370810875308732,1.2120220074865398
172.3811968581686,1.2335370632596472,1.3808515926659768,1.3411566188302946,1.2213903103380979
172.50775863268422,1.2356672232549835,1.3796891914085363,1.3360555012692847,1.2254238102240635
172.44666556932532,1.2380823814843893,1.3707809886930544,1.322929875109985,1.2155510998945942
172.5615723436425,1.2425350178041954,1.3800539189511478,1.3250697746559108,1.2213472330052144
172.61099229458395,1.2505788106592335,1.3895810185777853,1.3242773871515816,1.2310865484305136
172.70322857895363,1.2590214313014434,1.4009613010987363,1.3259563797896803,1.2358803769415778
172.7856917278724,1.2563101983052931,1.4034386578266544,1.3252167201973923,1.2399324485310101
172.80422044833907,1.2546440007562543,1.40731576695609,1.3274121370045884,1.2424269862840054
172.87616997444823,1.2535907602774896,1.4108838709588676,1.3297450825034436,1.2406037945682284
172.983454487352,1.253325902170507,1.4117932563798297,1.3320679175843064,1.2356672224450276
172.92661071527286,1.2518495329529853,1.41406914737234,1.3347778639955208,1.237936160772714
172.883019251874,1.2466706635418174,1.4143270900795755,1.3393046344737864,1.2391988528030633
172.8285289953505,1.240258965869416,1.4172561614417079,1.3396782796405928,1.2410608123892968
172.7987193711565,1.235109587147784,1.4166061573708348,1.3363204362242178,1.2414459177328636
172.7787515654433,1.2415005083481137,1.4185957964408027,1.3330977468434932,1.238420576230627
172.76416918834758,1.2335017250572973,1.4183303850182611,1.3398999942921614,1.2365378307307826
172.65524936818,1.223679441864203,1.412973429006809,1.3362823700108297,1.2311547382830366
172.73654425426716,1.2145805898003943,1.405445342751272,1.342839652114912,1.2324038845120042
172.71698673571214,1.2170046347953232,1.4084241910802018,1.3434057819730278,1.2350227482591702
172.82379546524322,1.2203077004708334,1.4136864630850086,1.356526114336814,1.2437630595733906
172.8214299952018,1.2276307227041843,1.4195496091415147,1.3519089956272259,1.2479101141494107
172.86044261860482,1.2274502222642791,1.4188810993429415,1.3526626625767164,1.2526372505924928
172.68139673428425,1.2339661717950254,1.4215993381265228,1.3518141284817888,1.2538003630133372
172.57527125842785,1.2301003312831362,1.4221918753251181,1.3638019380934947,1.2559617768232691
172.47041570019817,1.2346339807134143,1.4243172370808659,1.3646862913039357,1.2545999560240506
172.6614303625154,1.248357073632301,1.4336652486560362,1.37317714716168,1.2637351080536194
172.82354131900277,1.2560629718485177,1.4369570325644232,1.3756687391771218,1.2725407750417979
173.0331354195805,1.2622264300075277,1.4443358383061564,1.3787939086472052,1.2764199998716408
173.08606031329685,1.2617340283728282,1.4482266948719962,1.380826574194647,1.2798595453975485
173.08616916266064,1.2558867547431147,1.4461821413857454,1.3806763911151902,1.2780666214426346
172.99656691660084,1.2462026702885594,1.4416058067097268,1.3807695903787378,1.2761613089060657
172.93222615174076,1.2389482292471388,1.445655792967711,1.3838153635928756,1.274535335214242
172.8304949437248,1.235844839070775,1.4492506686286546,1.3908874034891032,1.2753526647333695
172.70019433070186,1.230377052114025,1.447114016169308,1.3896896156850436,1.272802356007452
172.627516603443,1.2290659249402855,1.4513310720261245,1.3969309492821236,1.2773153267160402
172.67251253331426,1.2255582990961076,1.4498124842476128,1.3941633277287926,1.276213307846858
172.66911186024788,1.2229207317252926,1.4498528807713236,1.3917495554842618,1.2789627047518055
172.78023542274966,1.2309556034886362,1.455734100337217,1.3938967354956555,1.280795221839505
172.75590029243187,1.2410052827618814,1.4580426385771303,1.3896237201430246,1.277778097240915
172.84339912812254,1.2449823999339642,1.457723409579761,1.398151690592919,1.2783428316675414
172.9019994371322,1.2538444299133316,1.4626561733014056,1.4005996957027733,1.2815805402428495
173.0188091050396,1.25927259331621,1.4683577834188861,1.4064269903607454,1.2837502599577477
172.89098196621833,1.2495037153737123,1.45325153364292,1.4009977924870003,1.2694796081464843
172.78362535358602,1.244591718436274,1.4488287683509045,1.401673127657498,1.2678867571711814
172.7764154723463,1.243146496766357,1.4478411779825953,1.3991585432599492,1.2666296226295795
172.7934905570405,1.2396499869595652,1.4439317452535116,1.4009471158723088,1.2678846794902852
172.830097884047,1.2424074247457875,1.4490882564116256,1.4075088423598974,1.270161011083272
172.88721445860912,1.242033258267005,1.4493010558889807,1.4118496371256606,1.2719303976937597
172.98320969225728,1.2444966527031698,1.4509012415175815,1.415262678556052,1.2774915649656784
173.08206670763713,1.2503543673088635,1.4548207331963094,1.4160973990776105,1.2796990953012917
172.978378522385,1.2535304135758794,1.4512836304306338,1.4062588502324667,1.2769333607449287
172.8956389568093,1.248835962130688,1.4484225467080343,1.4134977717628359,1.278731738201671
172.8219466050262,1.254786069718152,1.4567270495089932,1.4117646857275108,1.2823440844252445
172.75450075024747,1.2529619352976447,1.448504546580128,1.4064759917539285,1.2754829916755506
172.5400292936641,1.2435956936406243,1.4362256758468925,1.392895701195498,1.2605821439504301
172.38921841001036,1.246650172111929,1.4274200167648208,1.3955533445034938,1.252253501651722
172.05383465659912,1.227080935867189,1.3963144700907095,1.3670062286855174,1.223610386505137
172.10003389713225,1.2264383589285275,1.3887404160862906,1.364817566605283,1.2255213360241373
171.9165348281129,1.221518284284253,1.3830296811325582,1.3581047985915633,1.214339586184471
171.9143328301538,1.2244757883688275,1.3839048260353415,1.361176386276048,1.2142695781124635
171.82725750519344,1.223095411666959,1.3819824514041483,1.353649344089033,1.208698175755387
171.65524902142877,1.2162515228068684,1.3747957451566277,1.3474394808075811,1.2017775942804092
171.7390858807281,1.2167778084654153,1.3701861771147643,1.3392881662528011,1.1993330749144666
171.98756250586678,1.2236075122670194,1.3746909803698204,1.3433516990140408,1.2057684256184564
172.08723561570608,1.2326746960081294,1.3874492497920239,1.3564461624143191,1.2136109587516466
172.12202919058697,1.235947428001838,1.3934197900115537,1.3631198833790432,1.2196882215687679
172.18451363615588,1.2433568641216173,1.400634094351642,1.3691346695688915,1.2236476587294152
172.1455197937343,1.2458375961597472,1.4064174014305517,1.3727695618943165,1.225659450374715
172.15406977596052,1.2454546558256507,1.4067819098622618,1.371019654077511,1.2252048449243576
172.09949270851604,1.2474644379771145,1.4117982619116922,1.3735827764793063,1.22446562436184
172.1200046183197,1.2502787064586967,1.416787145039387,1.3767593718518165,1.2264612600963876
172.0585346807117,1.2507535431390073,1.4147654983260687,1.375290295218761,1.2232865027668023
172.00532288552785,1.2434446685819949,1.4069358142818018,1.3690021933807586,1.216852404394914
172.07453916013583,1.2401701510459773,1.402965891139507,1.3687356110595374,1.2160584421076979
171.92520773257502,1.2408079948755233,1.4049272601679221,1.3710169020972147,1.2148610549249987
171.97050767417943,1.2336409875997218,1.392931955818758,1.3630609424378708,1.2132269519489205
172.0588251773056,1.2411547405607357,1.3982804073671964,1.3704969854792741,1.2132651561156178
172.1045298676449,1.238708326164771,1.3922324713653769,1.3648227630808227,1.2100060577825003
172.20515089551947,1.2421478339178569,1.3933880250420096,1.3663959902741356,1.2123708819252772
172.24994692689876,1.2452630680445824,1.395590909613145,1.3708189713169372,1.2139009426661727
172.25491937376893,1.2469418093146967,1.3975729996001625,1.3736390890163503,1.2138780624276353
172.2950785140423,1.2561632444898911,1.4065418102347793,1.381982867459488,1.2197235547423757
172.2476723789657,1.2644631659322492,1.4128366638987644,1.386689434529408,1.2223772132349078
172.20389060175748,1.2655320927479867,1.415452621026248,1.3858190987660446,1.224943588153418
172.13079041810602,1.2662586249067822,1.4186495790122098,1.3845429769555992,1.224615952088772
172.16048920247198,1.2619906999904655,1.415536657883292,1.3836797866302553,1.2250588739500246
172.09884676062595,1.2595619341077953,1.4101272611297107,1.3802100736581708,1.2218481233681249
172.20916876211834,1.259008630296346,1.4061748649315826,1.37739426744681,1.22266650806206
171.95148218620935,1.2561031412853056,1.3990162244715607,1.3725397618760566,1.2148983876522959
171.82383948827174,1.2537875951776585,1.3964134268378587,1.3686373111750143,1.2140415803349283
172.066982724759,1.2605536809718139,1.3989617595060315,1.3684175640145617,1.217249942289637
171.929282020016,1.2681266087280856,1.4037503052073395,1.3733176820701054,1.2194948188990598
171.81818060982363,1.2662750698934138,1.4033589993202367,1.36834417585171,1.2162542685133608
171.75529217488887,1.2617382393361263,1.4011730337085677,1.3667827031739548,1.218624103403199
171.78572930018265,1.2582249750489896,1.3960050459599047,1.3644617122909772,1.2189265982096726
171.71402780248656,1.2566171088769729,1.3924920246857349,1.3613217763107468,1.2172317569882742
171.7400487024205,1.2495261099717203,1.3908711360323256,1.362298987916549,1.2200053818186745
171.959211867105,1.2525549333129469,1.3942986582213166,1.3685660183910928,1.2265725842839446
172.0024619086113,1.2571364816740866,1.3959451015023008,1.3699403051878674,1.224941706101117
171.91109804668216,1.2475248350777588,1.3906235038910586,1.366579335926471,1.2213172433786461
171.82163583682495,1.2434539233711586,1.385712052446885,1.36394806530079,1.2166080684057026
171.8129999559133,1.2410961325563723,1.3829321501165825,1.3621168371200825,1.2172780134219383
171.6684922210667,1.2434246180423756,1.3798088546024982,1.362013448255177,1.2164443227716752
171.81021554178264,1.240940620612729,1.3785257105982918,1.359478771319165,1.2200310261313676
171.70257461053146,1.2388408637453496,1.3731712268143224,1.359067026736305,1.2157101488638022
171.7430570696367,1.2405925357794205,1.3771152893083418,1.3656097925721016,1.2148600545869321
171.89600978041594,1.2571728482708533,1.4485184197236427,1.3247089581253382,1.19856408972937
171.8538039405415,1.246855459006473,1.4272732816079499,1.310516665811213,1.1975258311717656
171.69369805852915,1.2283581713507312,1.4011303376152904,1.300812693251725,1.1942814801513253
171.60302127800514,1.2117996704337524,1.3748472085359247,1.285855009526643,1.1889247703617185
171.59714466383798,1.2051301028222883,1.358632007144685,1.2760014916755298,1.1798322102949341
171.65948429581616,1.207604598833168,1.346074927770788,1.2713492651598228,1.179566852053095
171.83849958834406,1.2091272644082491,1.328990150333443,1.2568503640068003,1.1770201172814516
171.9018184748728,1.1966245743520618,1.3135490993397931,1.2443689670035185,1.1623968355434453
171.98589795633677,1.1979046320316913,1.307939994917749,1.246030387639158,1.1557976191468136
172.0675161196102,1.1900279489430532,1.301130796831004,1.240689274073947,1.1501703061994688
172.00179546951165,1.1909782048335957,1.3069272359474629,1.2437508332803453,1.1462025645463387
172.1196263483071,1.1920460594031237,1.309389493513655,1.249049061337438,1.1471959689947184
172.00955747608296,1.189601952568139,1.3161991186394413,1.259650752624167,1.1474678509907028
171.62988311363125,1.1776056732493696,1.3064998525404314,1.2584344899530227,1.1355943732513165
171.499807110149,1.1789552104616712,1.3042374387410045,1.2635007188865444,1.138464842140015
171.32412605502802,1.1896025986693652,1.3066387717032868,1.2657807778630388,1.1461385291834696
171.4362121357308,1.1805614382807004,1.3009255468289918,1.2656715278216621,1.15131581988564
171.61143630705905,1.167103815819297,1.2941737156676056,1.2696200558816586,1.1505934601322747
171.52118874100745,1.1560260033239278,1.2885995835812591,1.2711611642622194,1.1423602457228506
171.84089085362962,1.162060301778172,1.2934502274149375,1.2797731420600318,1.1450598679320936
171.94239856027852,1.1651948385478292,1.3017991330903682,1.2886657177652772,1.152822566585014
172.0910827755464,1.167706089483729,1.3045029680169569,1.2897157593317976,1.154575653749289
172.03005302430117,1.1638747665637086,1.308367423899719,1.2884090719205077,1.1561959526288892
172.14773608201693,1.170007241594357,1.315663119354115,1.2924223355978604,1.1573568491491397
172.13807604434695,1.1679372539321256,1.3134433025209795,1.291091917246435,1.1542092071771344
172.0524381581504,1.1700249769658908,1.3086574127312653,1.2915624635166358,1.153350688206393
172.16093014566056,1.1785927101754374,1.3096534333282497,1.2940336779303323,1.1595393560164517
172.1041984403099,1.1922541675206766,1.3187858680215612,1.2988083194536006,1.1686597333158313
171.994805769537,1.1927403773413547,1.3141358848337819,1.2899961927241763,1.1660228061421416
172.0539343548523,1.1879329716338303,1.3069338337626346,1.2849635256807126,1.1618771179155098
171.92515800331347,1.1847065403342687,1.300312012932218,1.277124624205396,1.1588163800457405
172.13433663331276,1.1759331446961043,1.2996805629674464,1.2730192326253855,1.1569677520684813
172.36701836648788,1.1648837392604943,1.291569243820877,1.2653321249249114,1.1545657763043553
172.61309234011034,1.160561767009031,1.290729374173737,1.2730550981159694,1.1537995451081684
172.65052816216598,1.1599829180895702,1.2906556825062918,1.2693620399162113,1.1487182812019403
172.65650812860414,1.1585145771255967,1.289444132983835,1.2725669413770762,1.1450457712242978
172.69735302481766,1.159356235142268,1.291640305213877,1.2748000276790972,1.1476232189327338
172.73155592416137,1.1554786751206325,1.2903847104823063,1.2781357704661591,1.1482854886466276
172.66983772170684,1.1495256840792003,1.2902403372414684,1.2769591834720033,1.1498360437815587
172.59765737648794,1.149835080321867,1.2988693061216396,1.2827971251801675,1.1551668040252736
172.5446049716711,1.1516716528169884,1.3045611660783958,1.2887930529193619,1.1586339974529196
172.64181992045226,1.1565393134538537,1.3092907308868453,1.292678818280941,1.1606736971961622
172.5500050823628,1.1597370424429667,1.3123113865103153,1.292139023788283,1.1626209498510227
172.68935136601118,1.1645022657862851,1.315602800100265,1.2969665602684333,1.1639241041315653
172.61376270240146,1.165291779763381,1.3193186655737297,1.2985936738177066,1.165896354526983
172.62648352593467,1.1680021316133509,1.3232655005265266,1.3045912017212318,1.1703633742949262
172.53613983557702,1.1653906945258075,1.315210883271736,1.2988751974785424,1.1657277579071013
172.6057394336628,1.1678316521999523,1.312860087162894,1.2985576591324772,1.1663006850529287
172.45595374246327,1.1562661185652325,1.3021762151291054,1.2934350743469938,1.163554445710884
172.41697634623048,1.15259380361861,1.2991655182664528,1.2890421152829685,1.1617087533757537
172.3818517616961,1.154520812842637,1.298395381257597,1.2831845794639647,1.161649779036278
172.3787581494916,1.1575354073783575,1.295906800156977,1.277641728354244,1.1614770581438731
172.37535042152967,1.1604070729772578,1.3024012743609268,1.2781004825311315,1.1651415039502537
172.2544258303686,1.1588372163900342,1.3010505088468118,1.2756921766659286,1.167173829040648
172.1462601094277,1.1577280955056384,1.30285348779614,1.2718550590504247,1.166005974811675
172.15400631976655,1.1674892568582018,1.308791664649977,1.269715519657742,1.1583280408067906
172.27161397961018,1.1802081544408334,1.3207717446782956,1.2818351110840691,1.1635618553809535
172.52279028850003,1.179917904067775,1.3265321713706792,1.2876690224823797,1.1652815927569817
172.60802415957758,1.186328524258156,1.3301155273943148,1.2891043788785341,1.1669774033461804
172.59857656082252,1.1862404531266604,1.3181674559465004,1.2791714400553889,1.164358490725429
172.63199841790703,1.1803391446783034,1.3099071852923847,1.271099089474887,1.1586986358061357
172.63245493158723,1.1712341612812012,1.3023630051566022,1.2691867451843935,1.1563177235850488
172.7891140054597,1.1773871047661364,1.304091557211452,1.2727002177743296,1.157626369928507
172.6413927233738,1.1820856863390354,1.3046976254728775,1.2691871390386469,1.1537712393306212
172.67174174522776,1.1849989905912206,1.3073695105569239,1.272720626844828,1.1557833017890606
173.0632412750685,1.1959666576824484,1.3167727331960073,1.2751435334507268,1.1574428419839213
173.22003693782858,1.2035099644164313,1.3198226782105347,1.2696266477309839,1.1584026306565014
173.08891793479793,1.2093519554654932,1.3220508046623503,1.2677938331909886,1.1614569060053939
173.00304903595315,1.2178701434663937,1.3232613169146794,1.2602470576141227,1.1618015705791573
172.81836535518676,1.2160357898210308,1.3235018924656738,1.2606727773883548,1.1669857441277525
172.66288818863953,1.211561554721693,1.319672637613029,1.250069897071388,1.1672276924681546
172.48164712577335,1.2066474975008725,1.3171245006165315,1.2446445127805317,1.1680600135286672
172.51328323218354,1.2033697158616854,1.3177793573055891,1.2420385235275822,1.1698636560827795
172.55797515935814,1.204332312479169,1.3218626506268445,1.246008221501427,1.1707283798311547
172.49437077718656,1.2134529820167905,1.3210218945024899,1.241342252206778,1.1687060199654455
172.38802442576605,1.219555958099189,1.3245197451136557,1.2489599463576766,1.1725395700526995
172.31802189560239,1.2238483564038645,1.3248312623562717,1.2406114208851562,1.173016581939414
172.31309303340257,1.228134228653047,1.3258354904378469,1.236432656265523,1.1734551532310094
172.37194406303692,1.2368885088543466,1.328598730203869,1.248917591373804,1.174956022585294
172.2670904746267,1.2381561897017992,1.328768390160923,1.2471885507170302,1.1732069423879974
172.26634031602518,1.238151950670275,1.3216676121292732,1.2461862951118152,1.171665803611785
171.97003527647064,1.2376191725343118,1.319977058228647,1.2347624136405562,1.1689322724311528
171.89272338765963,1.2366649017625568,1.321446866055007,1.2410673676316195,1.1719460662413914
171.7302472569913,1.2370608821837963,1.3161686896610185,1.2281531288990835,1.164519544758033
171.64965840553558,1.2337133978997905,1.3125359317292753,1.2324053476645922,1.1653704448399045
171.5927675228523,1.231358882430818,1.3076467963011802,1.2289853683361505,1.1663665391646059
171.56287382554137,1.231841180790117,1.3081481175140919,1.228278378348898,1.161302581223009
171.62123221945635,1.230649406687933,1.3045150025622347,1.224691818739546,1.1590716417005111
171.65059571005474,1.2293945624263636,1.2999025393616364,1.2268729244128111,1.1632745337205554
171.62850931413846,1.2275293702043706,1.3031449148491496,1.2318837639865583,1.1634186577051664
171.70113888376702,1.2281443426283336,1.3001493264305177,1.2305641261462035,1.1694506556782103
171.70123841854934,1.2240230299849693,1.3023134439864112,1.2323592370832261,1.1671192754187418
171.70195376771608,1.217479796163663,1.3015087724480683,1.229706499317857,1.1701744549417308
171.78908805508843,1.221831287655461,1.3031327818453258,1.2282187115566636,1.1674047432278971
171.80629432215744,1.2171253920898832,1.299900579942646,1.2288498279631808,1.1702236121781477
171.80948410113191,1.2198350322729128,1.2992560536565412,1.2238324261741398,1.1660412427750613
171.81565641181973,1.2143376080922565,1.2934789165107445,1.2202922995430523,1.160932149417141
171.7699301579571,1.2184814009389615,1.297323274225974,1.2257556337621716,1.1650282022038065
171.76712249367833,1.2178456857539726,1.295897537213051,1.218789460288192,1.1599811620926763
171.6336479957754,1.2141962270992566,1.2925271446596533,1.2244059568535448,1.157236401419339
171.65253728739674,1.2138936725075584,1.2915128457991356,1.2282666966665687,1.154322355596399
171.91363620770704,1.2095755550226084,1.294390358840581,1.2332611166248852,1.1562236535027604
171.92927969520105,1.203394094384068,1.2926371491013258,1.2344868297569582,1.1554422266631326
171.9737146071544,1.2034779252490062,1.2922023289086937,1.231725876504055,1.15376131818387
172.05688256865423,1.209385637173064,1.2966610523570234,1.2379919084606932,1.1587481816122263
172.13907958451415,1.2181518941287894,1.3039228848060311,1.2432782198934156,1.1609964423133168
172.16927164953808,1.2209304090209485,1.3071061586291248,1.2429869450292093,1.1630730788128676
172.2457226032669,1.2202782753468144,1.3127733596553848,1.2463075894636593,1.1670512154093409
172.2613334389801,1.214405568415407,1.310501429933952,1.2415719189161234,1.170007845092887
172.21219652042583,1.2126822002962487,1.3095120278818984,1.239936454651531,1.1701350357141065
172.138951793935,1.2146195518729521,1.3080772287323637,1.2376293182234834,1.1696452593462707
172.11044902419738,1.2170003599275236,1.30544311891756,1.2385330805846475,1.1701539067434694
172.00921043810732,1.2218938247721165,1.3059050518949236,1.2334453232356537,1.16919473767801
172.05479778882014,1.2220842258510156,1.3056068464610937,1.2353422837440404,1.1708284269945675
172.10464474268525,1.2260102695712836,1.308369833776811,1.2358102988322859,1.171792939272596
172.01559899569875,1.2263515293338882,1.3096509822259468,1.2335769946785693,1.1690398375266378
172.0143764523627,1.2201224164875837,1.302678219186004,1.230252531906373,1.1650576005499034
172.06542535459644,1.2230432556126494,1.306931936260601,1.2293718219941694,1.1666311638532283
172.05002271762538,1.2192601373106793,1.3059317966115889,1.2281618932225364,1.1651897536559304
171.99219984988255,1.2147742585889805,1.3058034433235088,1.2265483297655604,1.1647667773840578
171.94527351131882,1.2083687170694135,1.3031766629159767,1.2291114960841665,1.1655084699532685
171.95489238845147,1.200487236927514,1.2977428788342915,1.2307705373474587,1.1691319115824363
171.875733022058,1.196814862592739,1.293916801049814,1.2334896632890835,1.16481102693098
172.03844142752342,1.1968004648984192,1.2886619343080572,1.2331063041601247,1.1667301168511128
172.09203577831838,1.2023890138947884,1.295151120319976,1.2430296152644495,1.1673503200985438
172.058758545016,1.2022269767057971,1.2849934611886902,1.2296038175825108,1.1595710252002176
172.01648073017356,1.199813854906294,1.2790874828366061,1.2263639871424867,1.1564305342779597
171.94169123580858,1.1988574417894176,1.2765010544532207,1.2282759683027513,1.1524145977617821
171.90732432113717,1.196516320913362,1.2772755630258195,1.2293029778816278,1.1512462719087686
171.82676170580038,1.1978046619708067,1.2848193260929024,1.2382966286007646,1.155690831779577
171.9817027714305,1.2057780901249053,1.2883205399037385,1.238832828647836,1.158496831534325
171.98029969459148,1.202347447990148,1.2960699438942234,1.2450986611485422,1.164246069580232
172.05130390107283,1.2074311636964354,1.3006727705294752,1.2371093793647605,1.1670931018708903
172.1213060264431,1.2076962399648954,1.305305431261953,1.242123314714021,1.1630297699874772
172.16583346424022,1.20950089159521,1.3062638190295295,1.241855615660587,1.1609401151745018
172.3172918410643,1.2143756573734983,1.312339000166942,1.2471896242868135,1.1636216452184733
172.35464039434277,1.212785813944885,1.3094867235003476,1.242491124667616,1.1615345624433773
172.47888205216415,1.2186572444080344,1.3113655015254817,1.2467586324791091,1.1660260467160257
172.5901904104714,1.2176665442337815,1.3111597498465457,1.2458849708178352,1.158609301495365
172.53464142608263,1.21986479413316,1.3094342338245852,1.2430796544146914,1.1597670182678086
172.76275422710145,1.2221270241103444,1.3133792111538047,1.243709853887201,1.159743604152057
172.86811965294746,1.2128408435809963,1.307660263414043,1.2457803229030227,1.1534701810084331
172.9434741613423,1.2124690179867066,1.3088544338265702,1.2480288786666973,1.157692309816923
173.01593513454407,1.2207950619356156,1.3172617037580903,1.2537856094161353,1.158987036938355
173.02043102137074,1.2199422848670853,1.3143960402373385,1.249598980637342,1.1588493593739455
173.21844168361665,1.223625130056893,1.3222672278092866,1.2582727477037203,1.1601754884986442
173.2830050144351,1.219855564697183,1.3168997983514892,1.2573501099778508,1.1555516963150114
173.38418462348375,1.2217162341069068,1.319167622082519,1.2604626471170488,1.1534350192146845
173.37252071788882,1.2209942341754727,1.3217416080790567,1.2590765944702476,1.1524862319166131
174.27662793427106,1.159824565990097,1.251634105063451,1.1524964446012256,0.9460757954305572
174.84801497010122,1.148733441096535,1.2469629062042977,1.1588436449933104,0.9774123016572868
174.90335219524894,1.1290120699700825,1.2345142281017965,1.1614294701108743,0.9952944856228219
174.71847508162878,1.1094519501162772,1.2226157930293953,1.1632257349152213,1.0086222245475072
174.5203128641941,1.1002847260042166,1.2062911071881168,1.158330272936838,1.0130292186294065
174.3379833657128,1.0932382546868566,1.1931428949323137,1.1511110598970382,1.0186675778231395
174.2521380993183,1.093213435818951,1.1831982053702395,1.1364290726863095,1.0182253168268653
174.2605548122047,1.0878386024726416,1.172217741219013,1.1264677414071476,1.0230511925513577
174.25249191825012,1.0882421546204615,1.1694755462711253,1.1207505093706374,1.026589753020541
174.3259893159492,1.0912123993234544,1.1743412491493848,1.1231537934078963,1.0341649442873875
174.38478890398986,1.0875633235728914,1.16819724556119,1.1161031908840748,1.0365153149677495
174.33153763161877,1.0906465798506026,1.167285897835502,1.1089457659178887,1.035240091894505
174.3746621387481,1.090331575879227,1.164476970753847,1.0994147325016734,1.0293954673218482
174.36113666374126,1.0909936227593366,1.1631327092592847,1.097219512991768,1.028298787713853
174.51261824383855,1.0901788516159252,1.1638063895105009,1.0981811015953757,1.0223079101626575
174.59868933861625,1.086808012377794,1.1583986287581567,1.0982514793419147,1.0195740224677312
174.70651551729048,1.0863209070473518,1.1594087709666383,1.1021428491917078,1.0206220213816446
174.73461809868942,1.0911496257531548,1.1647319432202257,1.1090755541862323,1.026537124455263
174.68781991138803,1.09619281327806,1.1719777707343222,1.1083969065046193,1.0275913458757284
174.70362578626003,1.0992814932709136,1.1778460246187172,1.1097019748306856,1.024467439439563
174.66246447243816,1.1043307955189532,1.1840802340141718,1.1166187428726213,1.0288073335651782
174.68610221067593,1.1023949012455327,1.1787248715199639,1.1158337545169545,1.0301125827681072
174.66391024365186,1.0982629980324872,1.1718420496751172,1.1120742150332195,1.0293207924862784
174.6076573785351,1.0913982693030855,1.1602575031617905,1.10607616542688,1.0261173360005953
174.54810172485574,1.0911395328278954,1.1593099474625639,1.1060510287618563,1.0302709977196305
174.52766616389397,1.0952468656278738,1.1640727545419922,1.111309497471512,1.0387045003508073
174.504205292116,1.1001433752589866,1.167398796422577,1.1165717309373997,1.0459720533102184
174.5971058707774,1.1067192188712738,1.1689313579192115,1.1229449688513278,1.0498958937241483
174.68818873953384,1.1106003945638832,1.1728787368805136,1.1246891612631902,1.0496295570025296
174.65747071568404,1.1113149746713935,1.1718169739398725,1.1268343473377183,1.0499275875856418
174.4701643360995,1.115855673038403,1.1715167917313414,1.1210845648679286,1.0461092555261602
174.42479345039322,1.1170369644909641,1.1691146253556708,1.1131641199280433,1.0457982542040072
174.42486402415759,1.116200875891433,1.1671110408360237,1.1093586724266136,1.0435704019291514
174.54308882299378,1.1159109746577607,1.16646677313218,1.1100204127107685,1.0422887634345974
174.6293267584422,1.110740859966042,1.1623646456436223,1.1072260841461117,1.0381220427274809
174.77122196840895,1.1112861646533003,1.1676791609214807,1.1146370497607159,1.0353866556020306
174.8208205750282,1.1124372053822997,1.1657811220592624,1.1150705772462126,1.0347311051216062
174.88716034859672,1.1171574829115396,1.1672548309838346,1.1177924520860942,1.0327342742316599
174.8818140172599,1.1144755575056038,1.165934634034713,1.113342925061267,1.027858730000829
174.90123415713768,1.1140529229018394,1.1663063444499906,1.115301815859445,1.0274061452587548
174.91195040028322,1.1099040624300924,1.1672423277331792,1.1127844160284153,1.0254692964269185
174.8920216781863,1.1097660517486558,1.1710108482997539,1.111991594637747,1.0269171979744778
174.8247421974814,1.105906022272593,1.1717102814926563,1.110067629962967,1.0250647513043154
174.75904598869172,1.1074712593080303,1.1763503176311723,1.1147384891894865,1.026087828666725
174.70311833334242,1.1115509345145025,1.1829130309622027,1.1269232646634824,1.0280336028111576
174.58448092002467,1.1162782090896592,1.1901949950569521,1.1353084066861752,1.034251271516184
174.5245901731675,1.1114691872121185,1.1844016589473358,1.1406655701942363,1.033509967531917
174.5746776039403,1.1099995506750544,1.1837999193038224,1.1379087666614012,1.0294669870271305
174.56198640498508,1.113838436843239,1.1871268373635497,1.1360422131345436,1.0258150961672996
174.56948842234468,1.1143005924721663,1.1871898628607545,1.1381124985165203,1.0237838749068444
174.40975858357208,1.1184841656272153,1.192547801347617,1.1392782417232694,1.0225555738987142
174.34673337036622,1.1232760438749136,1.1999887676224539,1.1426905602136508,1.024871309113417
174.33012687870686,1.1205973743167652,1.1992160049565272,1.135867616178275,1.0247461098902892
174.35502170525243,1.1249539842608103,1.203851363501682,1.130367141461475,1.0246063598093569
174.31977910989215,1.1205037036574936,1.2007060373726806,1.1253834206030056,1.0304257371065462
174.31106239645294,1.1131510261132438,1.1963840098490905,1.121349365087754,1.030961823213097
174.26666724347265,1.106462286328714,1.19127282846174,1.1167242408664748,1.0261257384452738
174.18896043283655,1.1051181238757803,1.1988114354159578,1.127576461221781,1.0300897096757144
173.9730819347867,1.1047309871604567,1.2018378268558316,1.1317032005541945,1.0298348019714738
173.75623866007822,1.1025420318186412,1.2023995096489721,1.1345888491557934,1.0296632086363657
173.79419964268507,1.0963008175815436,1.1989479405974501,1.1378571646095148,1.0277917587589165
173.88096906319137,1.0909498372991673,1.1967458063437726,1.145191291770942,1.02914194048715
173.9444828528903,1.0927820454301653,1.1993514437009671,1.1496511478464073,1.034625949877078
174.0434557388078,1.095656088142925,1.2003126407139968,1.151366357609499,1.0369468460292182
174.07348265123366,1.101748541693347,1.2023461339378734,1.1530376972634486,1.0359469077734103
174.09550204335926,1.1088333975328664,1.209022368655582,1.1590239778401366,1.041074870146349
174.01693314411605,1.1004777620825141,1.2001239475905126,1.1499867965812687,1.0330221924028056
173.92548041549918,1.096404032313113,1.1962046762531517,1.1439887952185213,1.0302661315433672
173.85999723103075,1.0936584391202304,1.1921531243929295,1.1377764196679907,1.029122389539313
173.8558053947439,1.0913383788676894,1.1894107031439016,1.1367177781929028,1.0290465081291547
173.70282071400217,1.091124796278771,1.1879201057840298,1.133502473524451,1.030730770223689
173.63735425854898,1.0894230410485375,1.1875299423690926,1.1317752884858787,1.0283572399558376
173.5774548425127,1.090479079400696,1.188604228759561,1.12900314837509,1.02986041465376
173.4714018395591,1.0899509621630732,1.1882431662406043,1.126471109027736,1.0267572695483387
173.61847904706576,1.0926308673146277,1.1913454917156565,1.1344418362020119,1.0288812336036834
173.65770785451562,1.0930374104184724,1.1933095174732613,1.1373410906498704,1.0292929086124218
173.7088810720166,1.0935462309952975,1.19204562771091,1.134953998301274,1.0271722421436833
173.6129671191026,1.0943633867539289,1.188982138058388,1.1285853468579223,1.0242276628911138
173.50749539567536,1.0967620525321742,1.1888861085521407,1.1261573047516937,1.0242220052365116
173.54216953191323,1.0975578891889572,1.1853380360625319,1.1266512325624483,1.0251358864240856
173.58011700422858,1.0972544890187674,1.187525317427505,1.12969666306014,1.0268025698443917
173.5981178072154,1.0952267849695547,1.1851870627395822,1.1289061170142352,1.0246903286943183
173.61239942768094,1.0962133730725163,1.1854678201892972,1.127545702643307,1.0221131997642914
173.67434185797154,1.0973472318644129,1.1874519265831034,1.1302421211157716,1.023648344700276
173.76705999048235,1.098274436976376,1.1901757727013806,1.1348773655566484,1.0244928509209577
173.72469138011175,1.09920946866858,1.1908342762327222,1.134861273685103,1.0254710413430508
173.73186279964804,1.0957600824831728,1.1899996384288647,1.134328485834136,1.0266086606133142
173.79591922997318,1.0935400493668856,1.1904453108806834,1.1353815439989514,1.0273680609525644
173.81730059544628,1.0922231397354825,1.1878018506722263,1.1338573509576928,1.0264233541401078
173.89787598630377,1.093327578896226,1.1908395407040584,1.1358652080059322,1.0271577062063373
173.8914873098,1.0928505481965118,1.1910324943505217,1.1369682908394054,1.0271659839619027
173.91175737163385,1.0899757976234283,1.1875013735225266,1.1347936895917086,1.0282767386871074
173.91745680688877,1.088567021972082,1.1855751131324566,1.1330840190643896,1.027459908268789
173.913417388185,1.0892372562947654,1.1860225835106972,1.1334384083854907,1.0268175624811393
173.89693728889165,1.0913571682778824,1.1913313032544715,1.1363792713806342,1.027789242688603
173.9440332679798,1.0909107383772945,1.187790590692441,1.1335126043159445,1.024690463064466
173.97351351467464,1.0925803959499583,1.1891399047711237,1.133435483420889,1.0229128045449976
173.91525091742164,1.0921219151371604,1.1859947304258946,1.1315782654757984,1.0213745150247735
173.82307518269727,1.0899784345207637,1.183181569660624,1.1309475490256278,1.023676467269888
173.64904983717813,1.0927058844996165,1.1843480860689788,1.130920611046565,1.022777620662847
173.5883441304737,1.0968362245774563,1.189453461740201,1.135184295497071,1.0239214952486229
173.57174611549382,1.1000597150759373,1.1899823113298096,1.135081686928566,1.0217410786454628
173.5508756044741,1.1032420982887678,1.1931085744784493,1.133929700719133,1.0218758893128426
173.56087482946614,1.1012558954865916,1.1924211432449294,1.135787009841785,1.022334330393911
173.68743806368425,1.1029621239039875,1.1937234895435884,1.1385859393887536,1.0251979679524756
173.83540499205674,1.1033543990064432,1.1949775977424844,1.143191673342461,1.0290166013924584
173.9195262134335,1.1048602688065767,1.1926273397805496,1.143760883726444,1.029433968658117
173.7621013523762,1.106538511177929,1.1961931095393508,1.1445993113019632,1.032599464182403
173.71623270354598,1.107141842568195,1.1939266591896884,1.1435445270551803,1.0357238123462795
173.73026433104678,1.1081675914423184,1.1934478257884833,1.143001785808127,1.0327201926710408
173.79545928049515,1.1119181853862834,1.1948585372847,1.1410739079714287,1.0335546465916048
173.79735970798976,1.1125585778452636,1.1959906179790778,1.1385884394441568,1.0326935294074049
173.85219480582634,1.1136651171943799,1.200820410954622,1.144521684887538,1.0344904356060973
173.93800474091162,1.1156175594320508,1.2040938107241121,1.1481829781360213,1.0365936990023472
173.92564869837565,1.119770353209794,1.205682691257556,1.1502316090365512,1.0382870262512849
173.8877403954392,1.1215335433282605,1.2052614245070414,1.1500636135582352,1.0377725509076396
173.81707259652,1.1224963426679673,1.2061010018105092,1.1486981889059111,1.0372247945609243
173.6174033115665,1.1235427672927156,1.205399201751241,1.1517633720638416,1.038824826555359
173.57894040147764,1.1221661896525146,1.2060492613763674,1.1505110614167868,1.037475163159685
173.57055158206612,1.1216647324191569,1.2053428601183334,1.1472532473431518,1.0371425698838184
173.53233670037423,1.1240080792319065,1.205160469753399,1.1452681839587524,1.0376134381125712
173.65207375819776,1.1238073113439204,1.205081801422165,1.1444789464796155,1.037546133921398
173.64822694340774,1.1253896039439297,1.2068217678254924,1.1392237780934116,1.0377963781300155
173.7339839572913,1.1235516490042623,1.2046431673532685,1.134762776794781,1.036184958006303
173.8088287811446,1.1221142236429877,1.2032472836070511,1.1340377531413826,1.0365216972205098
173.83454237909328,1.1239534174102892,1.204949176630487,1.1390235607405805,1.0393473065194212
173.91534775737907,1.1263910489154745,1.2048954304110757,1.1429148533926006,1.0394497117918882
173.95806198645076,1.1269302186735903,1.2050595186524298,1.1471126450616282,1.0399330126053214
173.95718620054524,1.1281081934146502,1.2049890652356428,1.1492323698089726,1.0408398405392996
173.96529818302326,1.129652697798123,1.2068471448823168,1.1515883974191778,1.0391473011436434
173.9764096698788,1.1326075778726108,1.2086656871128292,1.1597240296612075,1.0418220319539526
173.94795876538637,1.1278205612551035,1.202131308431052,1.1534566827282893,1.0394311424828775
173.9252152236294,1.123249912690163,1.1964083528157359,1.148303270693671,1.0368424294957745
173.9019920869285,1.1229629750050065,1.1955757114660062,1.1430804723565549,1.0349813795604896
173.76769357689196,1.1261387833624568,1.1984694799200561,1.14502349092877,1.0395440418286206
173.65699603277278,1.1275216986452727,1.200203741523748,1.146627174340153,1.0418303427128501
173.68382880561037,1.128542079764398,1.1995222247787585,1.1419553614217695,1.0414425650509258
173.71115146971016,1.129255641038588,1.1993970349956578,1.1365729477132098,1.0396956780391668
173.76048279330428,1.1315336493399528,1.2027380369742489,1.1346463669982467,1.0367779981355358
173.77967818153314,1.133510973899226,1.204952889025593,1.1356361477368022,1.0373648721072264
173.70107741520837,1.1358128419369475,1.2079905412201033,1.1381851975351311,1.0398327837999766
173.6570518476542,1.1357841390548014,1.2119585493710054,1.1449013768342406,1.0380288985343176
173.65857650573085,1.1351388023951148,1.213295801887384,1.1492430955651534,1.0378734596532089
173.64262888949565,1.1352578958317514,1.2149718070676612,1.155360151403933,1.0382768933341378
173.6555427556186,1.1337054438986587,1.216292433387133,1.1595297561466356,1.0404039337846502
173.6491521420447,1.1298024706318857,1.2137383848968257,1.1581764922589874,1.038438068658167
173.5792127790901,1.1264588314105584,1.2128631126262852,1.1546590419951426,1.0370617227119743
173.5444507944923,1.126034123355567,1.2109242212309115,1.1507444023844067,1.0354700002851582
173.49103797661877,1.1300140116136135,1.214811614758989,1.1535815081079024,1.0382336821262497
173.6436183457274,1.1291223753352466,1.213532401895104,1.1529519730712168,1.037378395277502
172.75401767030849,0.9622184921823856,1.0531977366611887,0.8875485994741591,0.6160587375192141
173.13257536762524,1.0348078042370616,1.1442383018007083,1.0070386354205565,0.733615874774246
173.3459687237681,1.0680763270498472,1.1797772362822534,1.0537872347829178,0.8149496155953537
173.59032318960195,1.0850455747028875,1.1955359140664072,1.0829340455611387,0.8760125755608256
173.520041604322,1.1000784158164911,1.2059767217178812,1.1084719009895314,0.9322452472103617
173.32765567428098,1.1196489558138154,1.215554671914366,1.1323257701258214,0.9742364140843788
173.39310070535018,1.133324279808224,1.225021125299051,1.1530174331404464,1.014232293497837
173.60550635177214,1.1414369263892197,1.2362965488166076,1.1677155161162716,1.0390731446968877
173.7899129954137,1.1454436420018894,1.248575595477304,1.1864248869028384,1.066843652462859
174.09057910585176,1.152882960556136,1.2605183781415197,1.2041279491155048,1.0846041861636257
174.26110840178197,1.155770123277481,1.2659750020032636,1.2167296126552198,1.0949816304499804
174.36620124806905,1.159851296752142,1.2738712888734316,1.2285601660431007,1.0983939695205591
174.46841014133693,1.1619047789385246,1.278906478708772,1.2371642617076173,1.1058720759437703
174.4913489515317,1.1598667186613256,1.2754838983211298,1.2360998535955512,1.109266262145197
174.56655765302065,1.1577528455884118,1.2732540337169709,1.2350014282631563,1.1083490879397615
174.64221270336907,1.157573100656537,1.2701872148395483,1.2393793048118709,1.1065186171409773
174.6898779533068,1.160522945034166,1.2692148133763448,1.2421426886739342,1.1082246682831365
174.67737605718003,1.167453452171287,1.2753414450088696,1.2514973506306564,1.1164581722784779
174.71130514501436,1.1715158575303033,1.2820568664330185,1.258695118590633,1.122156368047406
174.72882737795723,1.1752914439694828,1.2884378925465578,1.2635496118353933,1.1283290204281975
174.67362840602604,1.1782174202947162,1.293935650176122,1.271799021486111,1.1333848358025629
174.6740640089494,1.1770726070735675,1.2903331846979431,1.2670295354805319,1.134911309001406
174.66997180379155,1.1765118739901845,1.2875734444715252,1.2677819524219616,1.1339706149806406
174.65259324608311,1.176754581447124,1.2894478698761112,1.2726400330664223,1.139681530675655
174.6676367263699,1.1767388038203874,1.2955371819979509,1.2726942937891093,1.1392664406360826
174.6371678073762,1.179334596650718,1.2987314731459534,1.2796564110716662,1.1428225918889239
174.69957274783644,1.1782554282542634,1.2953849084021525,1.2751831506058822,1.1447125544027186
174.75231056700025,1.1789654469382311,1.296524406398758,1.27766220197014,1.1450970216473997
174.81270965990183,1.1759877116857873,1.2974892423016087,1.2764120621616484,1.1446104809359994
174.80271623268422,1.172741945245002,1.2958019758829704,1.2734331100947096,1.1406097564010214
174.81754588898545,1.1725411573884728,1.2946214177978241,1.2750422694492571,1.1422555676092545
174.9014063013016,1.1598843203503457,1.2813144111562744,1.2647617557412483,1.1331789182394922
175.07139920954475,1.1595653968509292,1.2833164535032109,1.2731516098182658,1.1341226211097044
175.19668402629046,1.1624975797916401,1.2830130126921298,1.276182131180303,1.1349934940677675
175.26542584937872,1.1625810033897723,1.2885835089611635,1.2814875631596276,1.1438150881746816
175.23098939536538,1.1539560762383114,1.2845439066584625,1.2810306889527732,1.141405570085813
175.1914704911699,1.1465841751458312,1.2824208799712042,1.279543932248558,1.1374095752885665
175.18335903968946,1.146746360475255,1.2817986448783238,1.2740309426594167,1.1329931842679628
175.26666922754737,1.1444925507368695,1.2836291544446605,1.272558478782662,1.132075881990389
175.33705802020972,1.138698711297639,1.2756982275606472,1.2707044299707082,1.1297000124444936
175.3345505120227,1.1386373022915106,1.2746301137602065,1.2723370940725631,1.1326684434085939
175.33487248126266,1.1366586467733053,1.2735635497353495,1.266129878682848,1.1311273302616662
175.29482488474113,1.1390011213090494,1.2788698861369063,1.2703692735114045,1.136556158483646
175.26657926414637,1.1406846381834979,1.2806406826716035,1.2703229482278064,1.1342746950226816
175.19029025222724,1.140625714475776,1.2841718325840041,1.2721626324872444,1.1351930718941805
175.18898755095378,1.1402470731963499,1.2858179442840871,1.274610592928715,1.1418264893738304
175.15948237257578,1.1420898485889732,1.2862173770143432,1.2728943037692007,1.1403779580370277
175.17655255409744,1.1451059995422783,1.2885024852541185,1.270544304995325,1.1388007626514591
175.13023903860204,1.1507260729666706,1.2869611312737093,1.2709392919522504,1.1393706814342763
175.15008709283333,1.1501847400750622,1.285771655341615,1.2705572698891814,1.1341979310825139
175.13505402705715,1.1495145584083528,1.2870566309818454,1.2705136486179103,1.1339074462492833
175.09296012299993,1.1510736368124947,1.2853635097022689,1.2673074365516706,1.1279605184142738
175.12061020784975,1.1498514375910396,1.2859691875273254,1.2670911240775302,1.1275284829739107
175.2335536893711,1.149548247820855,1.2871216941041084,1.2660979920714444,1.1271588549878173
175.32686665903785,1.1421019929789942,1.2852557482687705,1.2670397971845315,1.1278577639765044
175.38058120521,1.1384380503555362,1.281405140432287,1.2648698982777307,1.125413857099161
175.48729614459543,1.1368752287641701,1.2798948352201258,1.2615293674420551,1.1204175157736533
175.5875719026979,1.1402161526671917,1.2869519157328424,1.2637712325460095,1.1224214873393195
175.56562856613974,1.1420107941549928,1.2896046350935517,1.2706657794161245,1.1203988290738713
175.5769100929016,1.1432654550181933,1.2890964222418508,1.2708571477696342,1.1199918931516488
175.56275913478711,1.1458723110063178,1.2892139629536483,1.2736737346122742,1.1204474345590258
175.5256082793145,1.1438425408204,1.2879225445900615,1.267720040498703,1.1128601417506572
175.61944534344002,1.140227766507817,1.2834883244329578,1.2648555207407186,1.1112190326222988
175.64199368448018,1.1376882921471896,1.2768734589822248,1.2530436405092145,1.1046066360264233
175.68591647577344,1.1333377420768609,1.26736823343837,1.2435624854537792,1.0982788955997116
175.72560122057544,1.1326450132899382,1.2611539840347574,1.2371475058580519,1.094549056127438
175.76133711389457,1.1324698115661103,1.2573453840747604,1.2377453095341395,1.0949968002385628
175.80541760890418,1.1298885598665867,1.2548564459937832,1.238519324857374,1.094361602693767
175.7934918085027,1.1303061892515534,1.2542955746163906,1.242272308159531,1.0970629131817047
175.77153968207955,1.1284744772978272,1.251770866452683,1.2436899283408933,1.0989492669270915
175.77153517641872,1.1288244672849435,1.2519109279452747,1.2394170539533216,1.1001908373465759
175.71308323633437,1.125629786497163,1.2463050954087713,1.2308769193200548,1.0975093455548761
175.78930510511995,1.119052371529924,1.2394560707933109,1.225447981327208,1.0918384867004993
175.65064614064676,1.1243367490577145,1.2404428673737213,1.227356628823036,1.0949173616892363
175.63734877983745,1.1221814737045674,1.2394579861923285,1.226908861023357,1.0971225157281843
175.61998135661153,1.1187217758400925,1.2342164657235046,1.2204233680655203,1.0943332358545828
175.61142181123168,1.1190125860753555,1.2345659914405847,1.2191969990195672,1.0932105741503262
175.62924296378532,1.1181652277705312,1.2342989896360772,1.2173221370296698,1.0921525370365324
175.5398670823471,1.121939018617129,1.2360280742766225,1.2173930451293002,1.0910495266158067
175.4897718494091,1.1247758331277877,1.2368099079879897,1.218157630683821,1.0882663174349552
175.50773614372335,1.1247306381538018,1.235982543353848,1.2151076003213106,1.0863102256798365
175.57363745398354,1.123225259378163,1.234539567050495,1.2151163483747396,1.087192619335266
175.5737574401809,1.1200363086573986,1.2317277636329644,1.2113232808721628,1.0837896160923597
175.4663690624094,1.1275334834781452,1.2389011409041484,1.2195578459415037,1.0887932485824172
175.37977335062877,1.1273193063380185,1.2382115667825455,1.2174297919249062,1.0910942764535776
175.29901699627575,1.1264185407866647,1.2354563809820025,1.2152948711914464,1.0892546346186354
175.23136274895433,1.1275927038777125,1.2343643394994983,1.2116518525781677,1.089655949814852
175.25161600738673,1.1293396639607336,1.2327279712911738,1.209776922103499,1.0897345837875347
175.21048594416754,1.127612413426664,1.228828084571202,1.2044673883740076,1.0913648367615285
175.19783703943963,1.1282638478839284,1.2288066462527396,1.2067985730773376,1.0957662170967666
175.1571292588718,1.1300191569808635,1.2295929831680217,1.2088488355898137,1.0977453583988495
175.17441024245298,1.1247390780840958,1.225052069550344,1.2057363552559124,1.096078971015751
175.2150280208063,1.1227229346770373,1.224866487805135,1.2050529233449612,1.095726798184239
175.19243305314023,1.1251913244285587,1.226407310143618,1.2069013822121053,1.095429429040244
175.27426402577166,1.1243610931101329,1.2275131907065406,1.20944030351056,1.089286684147954
175.36778258773575,1.1239660165577041,1.2310284163479481,1.2133413117589111,1.0860954507829141
175.41085786856232,1.1247678532330407,1.2326750781227633,1.2134415985091616,1.0847741972147613
175.48838592381273,1.121117343658917,1.227950941114815,1.2088566824190885,1.086709454565353
175.55797989340263,1.1153194518599414,1.226345964870124,1.2074815218858024,1.0896565322921057
175.55038854366865,1.1163532207186024,1.2271276262720248,1.2097142159747152,1.094381370382867
175.54325726528097,1.1144033646903737,1.2287610064407302,1.2122567091992131,1.0975674937804567
175.51784019510134,1.1163352813498284,1.2306656892127068,1.2146520508804415,1.1018242491112324
175.44131652479737,1.1201835313548933,1.2338736740388354,1.2206510616533335,1.1073707030490432
175.4655871132448,1.1215127107375862,1.2335829001145635,1.2216886817909096,1.1054147593771437
175.52392348056307,1.1249356159558392,1.2326039407100842,1.2200564723041427,1.1029194636972401
175.56078027149837,1.1249631151940527,1.2324719997646025,1.225418342369121,1.104939717835078
175.58593104833957,1.1221576214796214,1.2305286486972589,1.2220191264309384,1.103668473197282
175.6174696816292,1.1194147946438382,1.2301290908175773,1.221427732968492,1.1029807698090333
175.67221066106134,1.118427592257926,1.2292423641589676,1.225157415945139,1.1067904620021045
175.61130652494336,1.1177300566764916,1.230648174566524,1.2266356379984067,1.1074538828953562
175.54236034311054,1.1189922780613821,1.231198464295574,1.2290764707322492,1.1074872857655318
175.53843812472567,1.1212268652306796,1.2290362558511703,1.2253821588193272,1.1040314074976716
175.5666605925418,1.1172148955940808,1.2251202016045337,1.2204895444029138,1.1017188851931317
175.58959182453552,1.1161219448045496,1.2201306989074527,1.2175033852574777,1.1000715654912963
175.65187743607905,1.1132287395345786,1.219039992989888,1.213555671579615,1.096351738957639
175.63158606940146,1.1156351792387482,1.2211867848635565,1.2133467918926473,1.0947651910881915
175.63605170640474,1.1159117317893044,1.2238005643783185,1.2133828945512024,1.094125084286678
175.64495131952862,1.1164648394602559,1.2259092841286134,1.2139659521720387,1.092975164360166
175.67364713318145,1.1187419140028498,1.2314748658780956,1.2164806777959163,1.0969420485165378
175.64460399273432,1.1178673335926916,1.228529651885203,1.2106452824908258,1.0941251837773485
175.63097457176966,1.1128944321410776,1.2209165719532946,1.202899007634648,1.08994765523516
175.64358794753505,1.1109091013060817,1.214351470860792,1.1998950490198423,1.0908228880827646
175.59783874832686,1.113730708024501,1.2142804049090374,1.1978962820257049,1.0887507773800498
175.57371412336207,1.1167081495075593,1.2164349339522758,1.197701487024213,1.0870736072564942
175.4960986493217,1.1171997290766238,1.2181848283371788,1.1953079081707658,1.0833915544008763
175.48904946184177,1.1182397131850728,1.2209030963223806,1.1935974928911968,1.0829322311939678
175.49038219866068,1.1156244852991233,1.2154127788780547,1.18920393530011,1.0818026656276236
175.51441194350355,1.1114560055099403,1.2115144566543423,1.1882072353095274,1.0838483640995678
175.4846606472475,1.1145752297428062,1.211558045873124,1.1914387017098724,1.0846331381282797
175.47007016479708,1.1160203966710989,1.2131103785734825,1.1917834636619522,1.0889607597495825
175.4545702338237,1.1166139535939523,1.2149354498042582,1.1936788327946557,1.0916312066792142
175.51455545781351,1.1128455340651993,1.2095960363416338,1.1888218928276413,1.0873005680647962
175.54689379487894,1.1104182551342447,1.2084204831281617,1.1916139133322827,1.0890460520492156
175.608671444377,1.1105738885892855,1.2079719922444072,1.1952916226438317,1.0925956246590554
175.66706294047412,1.113011182110296,1.209738859128034,1.1963475416127645,1.091768368544952
175.69976225940738,1.11104366910123,1.208610520164838,1.1972333934256412,1.089660806483252
175.69859837321312,1.1108563511860776,1.207199613530481,1.1997110172711245,1.0892962178359358
175.7332280463811,1.1081175757902706,1.2048080186315588,1.1944760707376985,1.0857448645611432
175.7577780678672,1.111000055615367,1.2052603121298948,1.1962013372041618,1.087584819625062
175.76828817644076,1.1112080802453421,1.2062655980142545,1.1945258360074584,1.0842374422242607
175.8037714272338,1.1126065941527605,1.2089184330706728,1.1939911034580322,1.0811175076485635
175.80789071592338,1.1124805712155272,1.2097189136151956,1.1912530255632396,1.0776832659946973
175.83422619484466,1.1108554010317195,1.210035160411447,1.1894481019893601,1.0740357200062027
175.8507320072423,1.1102840739082165,1.2111532168004095,1.192053035064432,1.0772416272643088
175.89751847210204,1.1076732712591073,1.2085356763100665,1.1874069777347613,1.0731505917855229
175.91350270882228,1.1090409912385124,1.2086792525122276,1.1912016362954259,1.0783608403538258
169.748809895669,1.0155812551313068,1.2067290490860287,1.1706989558418504,0.9315945131972598
169.43727659922007,1.0504300601818573,1.2090005579335037,1.188397689120915,0.9681960321726985
171.49385751864912,1.0976548890891458,1.2604974828768207,1.2231553718861508,1.0203386028454717
172.57756751284052,1.1406439193216122,1.3117222348427684,1.2637541638930985,1.0704587874120592
173.03954546616654,1.1697077440190244,1.3355985434564654,1.2822191783400048,1.1021068277015205
173.04076388554495,1.179673806998037,1.3497131605099308,1.2962469135902415,1.1209235645643558
172.90411019605554,1.1854167174780925,1.359048427115967,1.3083301356765202,1.1324375908172486
172.90566634807325,1.183479662545023,1.3579969567008807,1.3138098024945473,1.1360330239902612
172.8332521422795,1.195617340534862,1.3659596928866076,1.3248797773679306,1.1440517943834623
172.78789722720884,1.1972887707497544,1.3697675771342002,1.3349233031022216,1.1518713950887802
172.6167630830253,1.199655553516269,1.3766590499328066,1.3481486398137588,1.1604672624588621
172.56749670647187,1.203503586946573,1.3837101449992792,1.3667841751364886,1.1751623396278743
172.42576840172282,1.205449539333353,1.3869710202057088,1.3640772781221415,1.1767444082606424
172.38889394244316,1.2069153475734173,1.3885856563470333,1.3601308292908898,1.1872563195748693
172.62925675081541,1.216741611704974,1.3992912177259913,1.363424939097027,1.1946310852244582
172.71201107351393,1.2254945167339062,1.404721863118255,1.370047648480972,1.2013454237032608
172.90128492425484,1.2314983069132814,1.4039653390396651,1.3662839502890833,1.1993169196753732
173.06676835647312,1.2423877270592885,1.4045726774489327,1.3618018044017348,1.2011382684068854
173.06763892033464,1.2412830221533953,1.3998984310295588,1.3574513168906237,1.2001633801261085
173.1922106699108,1.2425522829420919,1.395210621135716,1.350020427264449,1.2009212231817035
173.31089553341502,1.2466648016051152,1.4085205055966077,1.352125933200329,1.207139860253071
173.3912569915854,1.2592938788083297,1.420343660077329,1.3643406581092503,1.2064905729213544
173.38774037368506,1.260227308713886,1.4265733357479264,1.3679910747570219,1.2079594553217796
173.44121744303015,1.2575622973046179,1.4254235656096097,1.372050722505746,1.2051823750820023
173.39861981766884,1.2516875941368522,1.4199012340165647,1.3653142841172898,1.2026852923635054
173.5279644635714,1.2496142853543546,1.4153753263917301,1.358883409545428,1.202973270592033
173.60584326281182,1.2466522710174581,1.415792195667203,1.3524352267836282,1.2085962977551767
173.70391047523302,1.245423059308777,1.4123522815358485,1.3428607684642178,1.2114123366388774
173.75425395062834,1.250923534829209,1.415523115722353,1.3416567983820318,1.2129334774039615
173.7947183820482,1.2490336431515976,1.4148355863464837,1.3461984541873773,1.213347776659099
173.65755969048206,1.2385512633382603,1.4088858009052085,1.344587730746432,1.2041212928917004
173.66653860392026,1.2346735673514226,1.4039666763873586,1.3421487806946617,1.1997095214290578
173.74476601269438,1.2331488878064398,1.4000729913244467,1.3397887716071033,1.2029012410812492
173.54093204737205,1.2266650948299114,1.395986475982743,1.3382422785736623,1.2001597755506928
173.77104383763617,1.2336509274613423,1.4024347178883383,1.3411374684428863,1.206251979614311
173.5127020790927,1.2271375054458167,1.3956021570895436,1.3340387247347243,1.200858035548137
173.56845517289156,1.2363699087043112,1.4018661071645262,1.3372731607729949,1.2054909210365443
173.3986856923721,1.2401392332997958,1.4046050350618728,1.3377135679252228,1.207044289671443
173.37699961341474,1.2411171394925913,1.4072635191174168,1.3407963770294398,1.2100519685744804
173.32405689232021,1.244246523641711,1.4061191057944513,1.3413668404865517,1.2136350107083986
173.17371058815607,1.2332178404082617,1.3955044477390455,1.3413815129815239,1.2135102702588956
173.24870114352308,1.2352997315555971,1.397333318137744,1.3448591287119211,1.2160651177330182
173.0389083141299,1.2307696209790353,1.393683426548665,1.3466555800559679,1.2150041556822848
172.93870585011496,1.2319999940859176,1.391602346936864,1.345726663289596,1.2176495039326973
172.6155413374879,1.2324922584347606,1.391914126305152,1.3425321438796254,1.2153460382272498
172.45598287430673,1.2386408212922384,1.3970143961224049,1.3444216278752055,1.2162981047036225
172.2627101812484,1.2404090456765051,1.397618261196537,1.3379340458865527,1.2094840860839449
172.29999884006764,1.2475673773592542,1.4018876822779835,1.3408385786929755,1.2170098662875237
172.281924261043,1.2549240635498773,1.4018640579611306,1.3400642650133134,1.2149303343373177
172.36969015725242,1.2534454698769262,1.3985729623527305,1.3390367024730565,1.219751834765154
172.4039545372955,1.2517312920739945,1.3929701114715922,1.332013681200078,1.22157053555618
172.39868480283133,1.2489990031770584,1.3845826828304901,1.3261669463996324,1.2186853399491249
172.29299631743498,1.2509055763181551,1.383275564071824,1.327482663011432,1.2204034808794095
172.22434455620007,1.2436130546115625,1.3765941550052356,1.319032508264471,1.2167486508136407
172.40728470716596,1.2455165613581851,1.3765487051681486,1.316673394177543,1.2188128983756283
172.5633986943181,1.252021828193142,1.3762960902284598,1.3247749532442057,1.2195381116166626
172.69283961099543,1.2510935543761614,1.3777210431526017,1.3230796269065201,1.2238921410711994
172.73556155764322,1.2555310386494485,1.3849642573493766,1.3297380237572105,1.2271653303848853
172.84018013669848,1.2550812024713554,1.3902208724277014,1.327101738941831,1.2292340891484588
172.82372702984404,1.2579228016839163,1.3976905329324496,1.3341324733021709,1.229446063191019
172.76543259158362,1.2523908519619205,1.3926599351623656,1.3306350729937975,1.228254728193185
172.74786064036041,1.2497818084529255,1.390781339027258,1.3272625751128861,1.2281321251577595
172.6181724107747,1.2442610110565384,1.3888810551320219,1.325689424835541,1.2266539166584403
172.74258962355066,1.240743387981107,1.3884351652505613,1.3274485183438636,1.2351504818650059
172.72789682353303,1.244258683638781,1.4008434833366357,1.3414340759266932,1.236162674822733
172.74763769008268,1.2404547386513762,1.3913039603938222,1.3306213383383592,1.2355799607611961
172.44803391167147,1.2428892773928994,1.394834487254337,1.334558538225492,1.2317915717057162
172.76115190951597,1.2434847963171825,1.3926221142106636,1.3506659838606094,1.2329259421178465
172.5419600935645,1.2449209379418993,1.3952558765832959,1.3490438644130267,1.2308942948150994
172.59094029753885,1.2441083828615997,1.395771921337807,1.347068246457009,1.2274001663798257
172.60585883852622,1.247660260055622,1.402414131284032,1.3442009083580153,1.2285011665238859
172.71937134564226,1.250313971715775,1.4087956295414874,1.3427685189160394,1.2280796452405358
172.63051297181613,1.2497190782673062,1.4111577718938944,1.341850091458362,1.2230397437593854
172.6932193379977,1.2506171897246268,1.4143442255690286,1.3451127048873586,1.2251775091055233
172.60058032853172,1.2536687638548925,1.4203629102823285,1.349806696251874,1.2282753002159534
172.69387797413665,1.2578027390295712,1.427089471398356,1.3452368672547022,1.2308606904052637
172.57478604251543,1.2594425998427394,1.4317211972325408,1.3522904799672517,1.226799299850138
172.53962545078653,1.2640484518988573,1.4374404422444127,1.3461560502062513,1.2324167773974033
172.48042528701478,1.2665686232848712,1.4391207151411913,1.3466008584007272,1.235991309295677
172.61803107325878,1.2689170524898425,1.4410805111768386,1.3448231967638469,1.2407667577837274
172.59306934029843,1.2643938644600365,1.4440482306290572,1.3509129779233369,1.231180277665689
172.74524580765856,1.2648002496326043,1.4446925075246635,1.3486483709075465,1.2332899959892067
172.70759852355775,1.2540323603114145,1.4327794858327307,1.348430960483356,1.2226994726014802
172.62457018074954,1.2515848450045557,1.4308917798437852,1.347485525865588,1.2238420090857038
172.47649758962686,1.2594544404378651,1.4362198051460933,1.3484130646220327,1.2294287664492072
172.26102208422176,1.2585307410030129,1.4355124399661419,1.344292857315824,1.230175434558706
172.42027730787797,1.2609395779276629,1.435396880881237,1.341756017217257,1.2293147105354651
172.3919568121547,1.2531149977483251,1.4230479780913152,1.339913659996146,1.2242519294633019
172.4859646547135,1.2487355781283418,1.417372029604058,1.3457223071132143,1.2227979255688473
172.67914860260268,1.2466502494759282,1.4152164719580895,1.3448976273690811,1.2190534979386487
172.66386922311574,1.2440183926289108,1.4103239026894148,1.3419523078106783,1.2172242620797493
172.61978965799335,1.2341600973511169,1.403449273318038,1.346800015879451,1.2094914236320933
172.5587233775129,1.231861410170523,1.3945768597913115,1.3462472073057787,1.2014050336774058
172.83703062112244,1.241586618773395,1.3997742256290218,1.3513012705652934,1.2042972500785851
172.948908763864,1.2543195853552236,1.402768999176107,1.3553734409113054,1.205850483143526
172.9271957939964,1.252792405968614,1.3999886592289938,1.355210385977414,1.2025590075316426
172.9768780681606,1.2448383311162456,1.3970619942647629,1.3553205269377193,1.202841903330154
172.93927685847277,1.2473626353170808,1.4029514949024628,1.3519224911724161,1.1996364746702683
172.9229799018124,1.25080883548866,1.4076461040090198,1.3531888963442367,1.2014563861449632
172.72243024185875,1.246116478047601,1.4063723429361188,1.3481970198970077,1.2002336522732642
172.66330050326093,1.2457855623908338,1.4072729663171872,1.351594161341757,1.2078128029060295
172.68130535693905,1.2464375950431468,1.4108504727886493,1.3522285323664132,1.210702147963811
172.60131777643397,1.2476788973623,1.4128091103490452,1.3440370491926321,1.2121969883953432
172.51442135801832,1.2466099172291192,1.4178573192146597,1.3462613761385347,1.2092506195021755
172.4828711943501,1.2549368582893676,1.4290637296171875,1.3484722426733737,1.2160794699745778
172.33296239046314,1.2571250862295318,1.4341442944083054,1.3498175523348268,1.2181240150033403
172.54252311471123,1.2569941690017492,1.43280947163247,1.3425756863735958,1.2170276887771894
172.49035857159376,1.2552094746588476,1.427883470864571,1.3446997258299196,1.21097366503779
172.61097534923692,1.2535416878098775,1.4224934453262845,1.345421652620243,1.2080859843690903
172.69254579860285,1.2554828221307393,1.4187177196892797,1.3480477840911311,1.2055595378644233
172.78941037642167,1.2589624412169425,1.420228001380799,1.3489544832520965,1.208884331780262
172.8298636056865,1.2606792320461617,1.4212083736046413,1.3461709148848202,1.2108055144996972
172.91488884964303,1.253027069318441,1.416722552445217,1.3462563638366025,1.207041086996615
172.8687313785366,1.256667617640488,1.421242863256405,1.3451006575711852,1.210072782199469
172.929643878721,1.260908600599745,1.4260667994877438,1.3456990054791345,1.2158290187398684
172.7764676124428,1.2594668846587205,1.4297501417193679,1.3502322759575704,1.2196914544927397
172.79944597773073,1.2642781979558504,1.4344578964428703,1.3525335644603151,1.2234328399429053
172.6532196401787,1.259172035647888,1.43282682719393,1.3541127592250435,1.22096301659445
172.6858805787639,1.263141366841151,1.435364567086363,1.3528179129468743,1.2213486602596695
172.5442118874837,1.2604627486632167,1.4337260573296868,1.3526429967469185,1.2205525188445165
172.58982985201666,1.26018188675853,1.4327242787295333,1.3506143681945741,1.2181907847338984
172.64451276813384,1.2605019663688488,1.4307605078106824,1.348018443457629,1.2188969403274972
172.68413092236065,1.2561561534424521,1.4246301491694584,1.3500331768150018,1.2130775299333136
172.66969647321676,1.254225862161021,1.4261818048029733,1.3492058049291142,1.214186111281314
172.63955497419008,1.2473881327325316,1.4219444420894018,1.3444342955455497,1.2117420183436598
172.66757129376157,1.2481082896173987,1.4219385455880114,1.3399590698380885,1.2124214641297566
172.7184857588798,1.2445604823257315,1.4238740986494738,1.3465739086604573,1.2189603634743762
172.84113826086644,1.2495172262204663,1.4264389717026782,1.3533417651134907,1.2282598483197522
172.80610321660367,1.2520158431410833,1.4359851773711125,1.3602739718507997,1.2354238200177001
172.8646961855285,1.2546802093852083,1.432326149234178,1.3622674982999268,1.2354257865863283
172.90614533481298,1.255094989629364,1.4358958573114724,1.3680034810495791,1.2374122795397098
172.9260736215395,1.2563671239093046,1.4333637498027045,1.3664838490824682,1.2394539133500244
173.08533415553822,1.2543518795729238,1.4303786351095238,1.3648401571528417,1.2361638908840458
173.17811441290127,1.2568927616671755,1.4323150952292583,1.363072563639083,1.2411942194796302
173.3379430870757,1.2592376267032088,1.4348627324481926,1.3670962666037738,1.243899874966993
170.74907178377725,1.1234265402017984,1.092624193883594,0.9960615090312586,0.8157574926467217
171.0916473898782,1.149295298527496,1.1566728481366255,1.078228244386209,0.8838582700368863
171.41971675083724,1.1442049946169015,1.2026521614535748,1.1297942909711371,0.9333525094524882
171.99306099553013,1.1273012114555385,1.2162280917440618,1.1515989802248092,0.9588210013522448
172.5961803523252,1.11896147812959,1.2176732879512135,1.1609837449556282,0.9764597466297521
173.1774736416902,1.1116647133715671,1.2116979918379442,1.1726515168675835,0.9925627355190719
173.55260751373223,1.1040058422803072,1.2105127938473421,1.183040687623245,1.001166665869514
173.6737313028866,1.100382322317159,1.209052679441706,1.1938733210591068,1.010092637784725
173.83031362264032,1.0988719872620745,1.2123006671545697,1.2050327794520637,1.0168854811614674
174.00246693066165,1.0973543285725111,1.2117777191558174,1.2096827850531713,1.0175354896811941
174.2211309163469,1.098089241088834,1.2090270191746166,1.2117004974876204,1.0183546116530278
174.33050654790696,1.0951149094976513,1.2032414574645323,1.2065678515777614,1.015709381497249
174.3705476931647,1.0977739498489194,1.203134019520981,1.2065847732205188,1.0147019349257154
174.44026170188778,1.09786891155613,1.20003588394023,1.2093093224655462,1.0180287284535474
174.42074914351366,1.0912528350422002,1.1915282754840957,1.208376570634555,1.0186364496913443
174.274717918541,1.0837317211175754,1.1867611728957574,1.2055129370223467,1.0198830078787562
174.3308524421432,1.0880480319934909,1.1924101334904909,1.2121549261121758,1.024424517835243
174.27009297078678,1.0895363554972126,1.195613386058981,1.2143599275071306,1.0265412046824274
174.28812659807224,1.0913746597353304,1.2005695358542052,1.218981342828329,1.0275376113213084
174.36718895544516,1.0979321261072272,1.2120713588209449,1.2334526605363203,1.0335349318121154
174.4694678797432,1.0945727734396482,1.2088797084528435,1.2307454236212487,1.0311303793658788
174.4993979348086,1.0993561106061451,1.2127158515285654,1.2306163562290182,1.031325170134071
174.40206260606533,1.1111358561282803,1.2232945730477427,1.2343858970312147,1.0340423023124006
174.39847637552936,1.120743503963416,1.2328372553512645,1.2428303946068997,1.0409941045826592
174.40255152602265,1.1219217592242234,1.2406514402307063,1.249966362051024,1.0447666930822808
174.40615753411024,1.1188742383677004,1.2370759534953055,1.2470164192362752,1.0481838202787466
174.3451708858121,1.1229751852300136,1.24346934625762,1.2547021349698517,1.060277625702098
174.45715368908878,1.1180263295397497,1.2415132147561816,1.2542108523506479,1.0655677130734829
174.4396415632941,1.1164743424760957,1.2403667982885798,1.2507877741653075,1.066775229322752
174.40627021112292,1.1150164823835873,1.236507979665721,1.248753000762739,1.0658903386518461
174.29786774298574,1.117360450876049,1.2368619719395617,1.2508729798810703,1.0698485405255709
174.29207944987743,1.1146458575224487,1.2378655449824352,1.2520700895843784,1.0690324722544102
174.41085271737222,1.1092876859843104,1.2326520371110479,1.2467714702420176,1.0672774642325504
174.437594849106,1.1057564033287859,1.2309792564065347,1.247560078374836,1.0712668546208044
174.5133089592316,1.103064084225915,1.2286383569875587,1.2489993348321253,1.0759515339027725
174.52577110437892,1.1034910517935432,1.229115583063512,1.2475107318792078,1.0772905239057937
174.51884748379513,1.102469973427853,1.2284611063276891,1.2482221104990838,1.0799095472923166
174.6190381033031,1.102734853483838,1.2258534080683492,1.2488822622032527,1.0803394838518467
174.70665517572257,1.0989343359662926,1.2214400018631755,1.2461285593541316,1.0798452609965856
174.80836957163748,1.098393055914451,1.2205130197401122,1.245711482520557,1.0797610437588108
174.87115469007898,1.1006131973143871,1.2211278311757257,1.243723266903238,1.0787631282445436
174.85019394020935,1.103127380652116,1.2222059373336276,1.2427572404366494,1.0787114939332336
174.8784751349501,1.1044251151953446,1.2217727498482032,1.2392054148179692,1.0760589744460862
174.92270136234413,1.1024343249421449,1.2159557170698574,1.2310333682609464,1.0735501207285096
174.94496747429346,1.0979579192469535,1.2100375976452442,1.2210884890097244,1.0677147046404387
174.9722253915825,1.0989372430761404,1.211661873191038,1.2165640372387365,1.063723228686201
174.9521385793067,1.0961191094739042,1.211616237774515,1.2190396381822324,1.0629259832378142
174.85358076021274,1.0934279247512184,1.2099471472930128,1.2189640919005948,1.0628609357754641
174.7660169601203,1.0908584706101079,1.2105072399886623,1.2180641742786578,1.062328631513094
174.7420844325752,1.089335121510899,1.2099908834811817,1.2149567722934602,1.060143663240034
174.58333364078436,1.0886357889169502,1.2066166286702538,1.218923625028686,1.0638798781783965
174.51105309586382,1.0883660324864988,1.2065488859505347,1.2156899529069845,1.0630340730091574
174.36697043519038,1.0943031904881475,1.2118978952517292,1.2188922866991552,1.0637678075482964
174.35428194556425,1.1019985900483602,1.2176167506507667,1.229527068352233,1.067589897606271
174.34426417018912,1.1046239921245535,1.220664140523708,1.2327755281184436,1.067093415631156
174.4085450236877,1.1054267073999553,1.2250617006842155,1.233932085684484,1.0654581543183135
174.4835885098259,1.1050485863464694,1.2261190012452305,1.226235431048446,1.0596030896553452
174.59137072177305,1.1024963368020504,1.2220247522105534,1.2229804144762884,1.061173442052986
174.68988593266775,1.0985590333891553,1.2182715088069287,1.2178319261672697,1.0575427120705125
174.60870363021988,1.099308553377469,1.2180812618390575,1.2165057335085396,1.0580986471609888
174.582122341894,1.1006866678959943,1.218472477032856,1.216604000821701,1.0598303955271262
174.45723513219917,1.0992531347305565,1.2171692074349652,1.2108911989777478,1.0608620874827976
174.40725189247652,1.10056798973864,1.2196205951090064,1.2142458221536199,1.0652615021257603
174.35494020110625,1.1028351868389186,1.2238858473417193,1.2222733674219897,1.0720368113507504
174.3731763031467,1.0997448338032683,1.2242671036394517,1.2293615770834934,1.0735106087060158
174.43100076939956,1.1009055612207217,1.2256001886558228,1.2312487543951258,1.0757581179197455
174.611953890847,1.1017043353856557,1.2283974142879364,1.2427546402718666,1.0808124421345897
174.70397641784527,1.1013855339822918,1.2307749722781436,1.2414580012208396,1.0810537353057859
174.66586964771636,1.102947572499094,1.2347156746548216,1.2439745068034282,1.082857187973297
174.56211201603796,1.101934516019252,1.23378167819757,1.2494538528673824,1.0866799959100746
174.4791683048817,1.1051330594955346,1.2410621911514153,1.2563900273668205,1.093462338711542
174.2680240819341,1.1097525009845788,1.2488997030713813,1.2634781046125456,1.0933728561316027
174.0408839418422,1.1058074295565812,1.2494385309924656,1.2674280961411546,1.0915224721221868
174.0492568370659,1.1033437294595123,1.2480777299736536,1.2718617593209545,1.091255861956121
174.04004815758614,1.1014386069086546,1.2462185810853488,1.271693820282883,1.0901385532062222
173.93184704815044,1.1080099234226595,1.2547369683494423,1.2783281863923681,1.0990609688684803
174.00840369962123,1.111295028959591,1.2603907265911645,1.2800816907117838,1.1011423899501753
174.0565650785633,1.1068603423367176,1.2563085834449481,1.2728361601106177,1.1002088997393675
174.12914989300168,1.1035676726276804,1.254069313387379,1.274454236134855,1.100259123030109
174.24220356242915,1.1038032780028622,1.2523269919031725,1.2743601452091267,1.1017557681667658
174.33658821249256,1.1019876997878533,1.2514670130272711,1.2710015411608122,1.1024416848883831
174.44994951732602,1.1015375428901937,1.2495989949029005,1.2678203438404159,1.1011973417619312
174.4307718441474,1.0960411469261915,1.2430270668389376,1.2592451968270288,1.0984032598579636
174.43121187234283,1.0967705005030886,1.2435137460003187,1.2601911052100883,1.1008282347361111
174.41836392532858,1.0958267643915,1.2420248746955,1.257360605220861,1.100413374537031
174.4618117590858,1.0980368555961224,1.2452695632247472,1.2628932048376598,1.1046515744172911
174.505226524472,1.0992434200304546,1.2472329650149458,1.2681180496460773,1.1083291872194223
174.5273874407001,1.0982706416167949,1.2443291523973214,1.269130082103025,1.1108360727396112
174.49460628163388,1.0971683191554333,1.2419413621501671,1.2690746889935764,1.1114995492961337
174.51625872649473,1.0994695043283063,1.242470012353815,1.2751412746648223,1.1108644592306485
174.51841238679506,1.0952513010799327,1.2339410046375352,1.261386338537438,1.1004531633757517
174.33821896312855,1.0965082066023384,1.2331614622474873,1.2575544774470468,1.098187732077571
174.12099624710984,1.0986442905075984,1.2372511810992555,1.258894283502641,1.0982557372577084
173.93472832691302,1.1062771933170972,1.249510368512708,1.2627031154605062,1.099559364932518
173.92186321239365,1.1137032295053986,1.2563181207703347,1.2691454476602366,1.1038367849242712
173.9895822507452,1.1149443464081048,1.2564377737901018,1.2702899973835098,1.1046434548635047
174.07242655823956,1.112557114388203,1.2594649385110368,1.2677178379476532,1.1028034538783005
174.0563791969862,1.1100556644505477,1.2543751667070266,1.2598211318090875,1.0974976319108576
174.08404082021144,1.111052997937575,1.2564414266698933,1.2588502657571852,1.0960165903859915
174.23634500225174,1.1141579730011357,1.2607653720145449,1.2586097132231369,1.0960364759341779
174.43970903132734,1.11083935294473,1.2554052810749197,1.2570031833707658,1.095386409133873
174.44542447459472,1.1086500364925802,1.249673996323466,1.249481423157182,1.0900403636180784
174.48822312467902,1.1081682239561068,1.246269960401249,1.2496760892407386,1.0905507880338479
174.39681076984536,1.1111228958189863,1.2438371754336557,1.2532490810749146,1.0934760589056793
174.49794691539603,1.1117602899240084,1.2423669721288673,1.2556263998843677,1.0949565631860938
174.6187786896632,1.1110368309784973,1.2393776069666587,1.258212117530897,1.0945721664666976
174.6239884488754,1.1110667176312712,1.2378237032541366,1.257494418402085,1.0946734599928678
174.6455665694391,1.111223023053794,1.23841339237274,1.2546919593381312,1.0943499496480866
174.64425870943577,1.1125909674328374,1.2392219625921796,1.2546255094156031,1.0954059005940904
174.63582545692105,1.1154332292077354,1.2435578035399601,1.2562156942793747,1.0974628985752095
174.68991042010563,1.114585374165141,1.2422623317606345,1.2566191158744542,1.097886228746798
174.6967092588354,1.1142620447510365,1.243143417497309,1.2579294721636722,1.0996792904767614
174.74510256990303,1.1136521125127228,1.241856681492001,1.2587374758668526,1.1021440710777268
174.8047356886915,1.111728204262708,1.2404251250156566,1.2586209375953334,1.1033315374656727
174.75196139191763,1.108310200188333,1.240289829408834,1.2621262187049633,1.1031682539139034
174.75370105997933,1.1092282361796895,1.2438483913669773,1.262131857758489,1.1041801654802004
174.73078090099386,1.1108052712686871,1.2458158728410287,1.2648406587834513,1.1052447460156203
174.75041122367062,1.1125390382646385,1.2470761053614223,1.2701086024422015,1.1072009650006105
174.77693436593373,1.1143373265679142,1.2461954248717706,1.2760554777376927,1.1079743023022162
174.78033289654007,1.1165081481486776,1.248716858045882,1.279949961673548,1.1090722068752406
174.7523853701893,1.1153685911085507,1.2489328795261199,1.2791206362549987,1.1081692668199299
174.77849512097086,1.112898089974945,1.2478254025062705,1.2785852228457166,1.1071874406983766
174.74315721513008,1.1138864439966758,1.247552331332093,1.2766736314752556,1.105784563370874
174.77035085611882,1.1156702531088758,1.2498706829534327,1.2787845271366418,1.1099758079652406
174.7275119568885,1.1194373109471736,1.2546226243118108,1.2789388782079445,1.11419385410627
174.71386009086407,1.1218117928030127,1.2563004462190428,1.280329949572479,1.1167447122265168
174.74126255898736,1.119472450471339,1.2546920308435467,1.279871840598425,1.1161450089103708
174.7120345105008,1.1193001642723774,1.2556533423428684,1.2805531673571318,1.1174959756270306
174.73091444128144,1.1180834433150761,1.2540848503683673,1.280084009843596,1.117723976150831
174.72495387080832,1.1174387821916,1.2544704430107456,1.2795001744793983,1.1178257347295295
174.74375422398506,1.116356508167469,1.2544592144646993,1.2803607819058347,1.1178539198958268
174.65813054384486,1.1197522827947077,1.2570532100309268,1.277420490052687,1.1163543711631396
174.67429605810875,1.1206166376553721,1.2574213038977091,1.275161871398298,1.114713116239713
174.64282943057714,1.119737703192046,1.2558643126262712,1.2736369362704676,1.1109979666619185
174.7035485459558,1.119447139986832,1.25260947130535,1.2713050347517447,1.109146170670674
174.62761448157752,1.1180675594069402,1.2499046115505719,1.2640771538182625,1.1037547978655882
174.60705238624425,1.1167489109279267,1.247245662894123,1.2547622072781586,1.0976623526784464
174.57832102713905,1.1206607432635871,1.252436095549477,1.253493714244618,1.0932462634087663
172.9572357346128,1.256850494429725,1.434942131508378,1.3688009296452317,1.2792783703692623
173.27230330362795,1.2497661081817872,1.4243687662064008,1.366274368154456,1.2749480315740263
173.24451648246819,1.2369774913179228,1.4137336038481811,1.3565036600506413,1.2614023285329938
173.10711804233318,1.2233806445878888,1.395361701825005,1.3385440672441606,1.237047301538073
172.8754339686182,1.213283272667628,1.385803785088243,1.3302708809997605,1.2234588099733734
172.76813575646852,1.2096228616572553,1.3787133673880645,1.324644900958932,1.2123433767581984
172.5902641908797,1.212951382510454,1.3792017001563972,1.3251909715966221,1.2104209440738416
172.37600021717603,1.2114182544858982,1.3709671060328843,1.3094913576877247,1.1988106974374144
172.01222898983832,1.2075940724983358,1.3617497688897755,1.303728798254237,1.1902164744702666
171.7554904694133,1.2072264321301496,1.3625075946035423,1.3007056717254375,1.190488872730415
171.56666624477444,1.2069438300477788,1.3619603027440776,1.301162305148806,1.1901540032862428
171.3835931415047,1.204702425369431,1.3603676572342334,1.30775106423981,1.1916275485947803
171.250447699696,1.2076022426303819,1.357308462886172,1.3163077476383938,1.188725339417899
171.11305487249217,1.2067199370928665,1.3573657295878543,1.3228676831320243,1.1906087365323181
171.2490884858977,1.2118608670025801,1.3552123787853172,1.3292404692450812,1.1931231535066151
171.14626048972912,1.2143042212615762,1.3581812408174025,1.3369371303880726,1.1943513009852296
171.10381772279612,1.2157033739413619,1.364662350978401,1.339426382732065,1.1929719829091043
171.29319417150788,1.2186430536926645,1.3747143832389135,1.3408718661071934,1.1948337497484556
171.2159177722194,1.218299456962484,1.3752589075191086,1.3499434973785192,1.1992960139458373
171.24245387098298,1.2202045500301468,1.3788845002714307,1.3494638474293166,1.197687618338963
171.4089934405346,1.2201423950386885,1.3816561628761417,1.3514966807413058,1.199239015861987
171.52656275779077,1.2223774001483874,1.3837719162199833,1.3526760690323172,1.1981260939049925
171.56337598106572,1.2209184740384762,1.3844398742216364,1.351678774732419,1.194055649214541
171.6044415498491,1.2230688121784976,1.3874982222067234,1.355316571777325,1.191596439595994
171.58554524199764,1.2211081520485012,1.3893519470011861,1.350314196873156,1.1920075023387084
171.4987614091599,1.2208425936862901,1.3875890827904827,1.3478423296136444,1.1903466568502155
171.62132701991916,1.2189572878381627,1.38746137261564,1.3439609282536504,1.1942273114269213
171.58891517032293,1.2166209293715222,1.3852061639509576,1.3388645058078152,1.1943078320862361
171.65132600641664,1.215580234125843,1.3867190628096662,1.3385738084807077,1.1981172342121675
171.67745355896884,1.2145471288584397,1.3881204949211419,1.3401649000802427,1.2029258958580038
171.63041300478426,1.2127877245034882,1.388268521205088,1.3400621025219874,1.205920052935625
171.6814863282373,1.2140182628943215,1.3927363214113955,1.3442408167939055,1.2106174779978316
171.70518670201687,1.2092489153511956,1.387857622160535,1.345833142655229,1.211509353779912
171.7589633645615,1.211498269741554,1.3879871602624863,1.3501026460453234,1.2062028230770219
171.8842095558357,1.2151064176141348,1.3882812792491472,1.3565758303339812,1.2064186619494952
171.97506555985055,1.2139491496390653,1.3888958639265585,1.356100991182644,1.2004465600572631
171.9315443448227,1.2129773644416417,1.3859048710161235,1.3554036808299026,1.1949987737726473
171.77838070117562,1.2064304912975905,1.3793463604142102,1.3461986716729362,1.185337478150286
171.76981422258876,1.199559658076604,1.3744513189773315,1.33861303898214,1.1792892780276887
171.7910808976889,1.196484244394549,1.3723175395757836,1.334534169787,1.1770002401981923
171.7694281835913,1.1967258164756696,1.3736066762014025,1.335216897304394,1.1753519139133866
171.78880793762795,1.1949763629398436,1.372363636184308,1.335408581047122,1.1746838192592262
171.78125470577712,1.1970818434574118,1.3734424040500428,1.3372716232581365,1.1780442473733765
171.70014914374815,1.1973235486624394,1.3742572410506444,1.3307607681234974,1.178549968719797
171.35448316333157,1.1948897312461964,1.372291842364392,1.3287951732509737,1.17382301071853
171.61396173766656,1.197630219234031,1.3719881929172422,1.332135170682955,1.1814366723776948
171.33691328452176,1.196419419520783,1.3685111848169682,1.3274743840076968,1.1792717440171736
171.5510477066278,1.1982191108092037,1.365878447679194,1.3269115396971631,1.1828160335116704
171.31742523960514,1.1945153125801906,1.3618286628536793,1.3205633806145405,1.1786068777802572
171.51256690291015,1.196712150915806,1.3604624984255755,1.3220540480490308,1.1803045135636712
171.36194366306646,1.1978976159113375,1.360177504685652,1.3235273476509222,1.1762736924621482
171.53312056760413,1.202724844974032,1.362917605119176,1.326521745855435,1.183023622002789
171.54039010295668,1.2035221519185637,1.3621417256998691,1.3245629525085063,1.1837129110375637
171.38738426015527,1.1966540108305068,1.3555582731132187,1.3183556649137078,1.181513501932549
171.57264309912384,1.1969610085621674,1.3540920842661666,1.3207307216152286,1.184992779156106
171.67839171548897,1.1940921343718705,1.3534492159675238,1.3201917452301644,1.1890535549745957
171.5936418400394,1.1934517072952822,1.355608578040364,1.321141664425406,1.1875235624971126
171.51827174484922,1.1922841925923104,1.3523407766629933,1.316157513731467,1.1805704281075622
171.47966169718381,1.1920199543213776,1.3509220587670085,1.3146947294747569,1.1775515651369957
171.55186034914033,1.1917918425569036,1.3509704237907485,1.3138026733120562,1.1765393785703977
171.34689350118603,1.1911414605532202,1.3492178299276658,1.3075824208933637,1.1673658238243687
171.43615803063392,1.1870987375050757,1.34712376924498,1.309168211732523,1.1690089006478235
171.29746617702082,1.1845464656943372,1.3453818782936238,1.3054030534002812,1.1650552319768939
171.27421388259353,1.1887474981779784,1.3525608665645124,1.3114831807104406,1.1690431354585489
171.18188016795813,1.1889286727352053,1.3558219671598348,1.312220468366713,1.169080812811893
171.22436254149244,1.1884067720965144,1.3568936488362313,1.3178372771188047,1.1722786300418502
171.1060052660044,1.1892394712341927,1.3589458207120921,1.3207362417195048,1.1716229581444486
171.11861762976332,1.1903090841407489,1.3571798836018798,1.3211365444488024,1.1726023671171464
171.04454495379372,1.1908894516774136,1.35811433567216,1.3183457902211897,1.173013853561227
171.01630240550216,1.1892126809454753,1.3575249208954285,1.320161507527668,1.1737891142992496
170.96451031497062,1.1919850931353964,1.3598466615993887,1.3182094632103676,1.1754170532580623
171.014678654547,1.193955294411788,1.3584953417061585,1.3173651032920948,1.1744243555437148
171.0081441204613,1.1942927048093348,1.3558107890473443,1.317296350308419,1.1715731395833429
171.04755720910228,1.1970891051845154,1.3554736703037102,1.3178996052676213,1.171364994238788
171.0723838141492,1.1952725857342343,1.3509422638609099,1.315253509889585,1.1688911466438878
170.99668161644163,1.190185636370801,1.3430385959057514,1.3131839347585743,1.1643404362991285
171.08489814371202,1.190661501397162,1.3405942845018182,1.3105045335181977,1.1663246843374957
170.85867032245957,1.181148018027822,1.3360724796829988,1.3047867998436669,1.1612140871201815
170.98709180268074,1.1845336029976479,1.337586242912722,1.306231149641573,1.164766627618659
170.90782546880007,1.1841651069195818,1.3381252625096758,1.3062805072412658,1.1652976349126556
170.98403228516696,1.1885671248849117,1.3353990848616768,1.3087559690534563,1.1662152008528066
171.0013488962193,1.1943120681052528,1.3390935767016643,1.3073816253363084,1.1661769965825763
171.19800492115544,1.1900463616059491,1.3450974850749327,1.3102162740051804,1.1638867060377311
171.3864182788409,1.1956829603343158,1.3550555079332114,1.3168376804724466,1.1676746145023147
171.44033900089866,1.2052995510386881,1.3674051426102405,1.3321361093617545,1.1771002641673498
171.4019598030227,1.21373771219253,1.374653353346918,1.337648393762817,1.1859802897932121
171.47565083699882,1.2208698835261202,1.3804712775734627,1.3429165330746546,1.1898924753336242
171.40336233943574,1.2226375476447615,1.3803226078443482,1.344475278598823,1.1893230622507422
171.4081515522231,1.2230109636557818,1.3789334828181297,1.3445839219989864,1.1872380963179354
171.26814696558577,1.2195560955295237,1.3732725442179545,1.3399414889428718,1.1822846275905685
171.31158612893083,1.21675884112207,1.3636278016208152,1.3389762881031835,1.178474123608736
171.31642117430252,1.2129848053141454,1.3547586066861728,1.3322373876696991,1.171405430076669
171.28432160253146,1.20895051271755,1.3475999969079362,1.329544068066895,1.1657715278060876
171.46238957314984,1.2084887348728028,1.3455141794915673,1.3266334065529284,1.164240731981579
171.33192025219216,1.2053811252482973,1.3440226998141458,1.3218822166422808,1.159332532285437
171.2115005034665,1.2060629510243444,1.3432328669935756,1.3225970565621274,1.1576485697671546
171.37305101650583,1.1995376108256077,1.34032400387806,1.3163004150110318,1.1557510637178878
171.27266848039832,1.2011883610643441,1.3438546645853888,1.3161043976340177,1.154337263400726
171.16781906867524,1.198987440418787,1.3397257848372095,1.3124723385077128,1.152431806236783
171.24336276944743,1.1982563685706082,1.3359348215730253,1.3079769961059837,1.1484396327700148
171.1599876558027,1.1960113057213428,1.3324307719472195,1.3049088890216232,1.1431571899425568
171.18480556924487,1.1923967585640967,1.3318689752659192,1.3011081390430215,1.1417165712883872
171.12948587105927,1.192930870478603,1.3349590537768965,1.300292716985056,1.139863280884973
171.18094523817706,1.1936770383959514,1.3402780348296457,1.300745658950116,1.1448578395211084
171.16389372575685,1.1926029696462594,1.3385421916287388,1.3019275731166584,1.145020624673914
171.2189765426563,1.1936491425035862,1.3414587643080869,1.2996001036528644,1.1467997991248902
171.1857094714573,1.197271772726268,1.3444200000693265,1.302094701624257,1.1504207037479708
171.27958437354704,1.2002297722705948,1.346827833006028,1.3040020797323204,1.152011943128511
171.28997355237885,1.202324508387417,1.3501143341630195,1.30613830751419,1.1545007985159463
171.2517753240918,1.2024780647050122,1.3523398381997769,1.3103220102670186,1.1582870733723918
171.1807718648323,1.1981231854630587,1.3508828959880896,1.3104923273446656,1.1557327136768099
171.29613972686454,1.197510168805875,1.3543806484247742,1.3118075770715472,1.1570522923783877
171.2794143942338,1.1969404514309558,1.355254372325219,1.3140107469329187,1.1604931233177502
171.20719786285233,1.196685772063732,1.3552062513971108,1.3146235634504233,1.1591152960721953
171.25864741442845,1.19835332079966,1.3527743055667305,1.314022083215922,1.1538679379671906
171.37061043027623,1.1964399855338743,1.3429305976869643,1.3093278217233644,1.151260460974011
171.17392530459014,1.1957364370345365,1.3411146167127286,1.3058036312520505,1.1485967692942025
171.1312769994065,1.1951112069949834,1.3411746970702845,1.3024490676165905,1.1442494415684423
171.10692840663583,1.1941265927184581,1.342058039838589,1.3026086207149457,1.1452641344448797
171.121410397027,1.1938017519513524,1.3411997981408141,1.2999519461488878,1.1442946613613119
171.0926109824233,1.1915962522908488,1.3385056095268866,1.296687858153958,1.1429562855935997
171.0269357840326,1.1887868505318144,1.3352312943552553,1.2925048705990365,1.1392152922949714
171.05004678978568,1.186102854811344,1.336297712099034,1.2908067351761356,1.1375816520035662
170.9782935635669,1.1859589807335422,1.335708064344733,1.2895992077108227,1.1375299678253272
170.93051848779095,1.1835645032390527,1.3345446252630213,1.2896854671035998,1.1351873134459327
170.8926498204542,1.1813832542920912,1.3313702017675249,1.2896081137846687,1.1322572685128212
170.88518343399346,1.1799961224801727,1.3328076236961663,1.2877200281658558,1.1336363558686604
170.94469356358897,1.182032655196771,1.33327765976759,1.2927898066488124,1.1394462704844395
170.81295199099245,1.1826649231495605,1.3340706263060136,1.294445273367666,1.138312343437545
170.88582024701748,1.181715284119036,1.3370158332024218,1.2901932369409859,1.1344966851048488
170.85590943470456,1.185999006230895,1.3392787499657013,1.2970354835903628,1.1378829535832353
170.8024511171079,1.1888948742886118,1.3395570188712371,1.3009752521151294,1.1400473504842341
170.78936813363094,1.1934987211376988,1.3448392148068522,1.3058634455422662,1.1456038042989272
170.7908262356446,1.1910081377531776,1.3417258942538972,1.3066776501890611,1.1463755144844194
170.8338514944164,1.1937976825936887,1.3429768279933885,1.3095693258318049,1.1480243260949958
170.955541244279,1.1976508861543431,1.343393674748065,1.313903648009401,1.1520262636589778
171.11494679641214,1.2031444466963206,1.3437743207986512,1.3189253225998199,1.155137863982288
171.222751724156,1.2056200307512448,1.342421441922321,1.317194046301843,1.1540703570367068
171.35755998200804,1.2065492493766767,1.3402214456932637,1.3153503049877153,1.153823532179294
171.2935286710437,1.2057124772113084,1.3352183326229883,1.3102181257990588,1.1507580331971823
171.3917573950473,1.207501452306308,1.3327049758698504,1.307327846460363,1.1502592441396113
171.37066868079705,1.2060396515429703,1.3321689342110377,1.3059222614060542,1.1526861859122914
171.41844438870027,1.2051634067007941,1.332190661540159,1.30488718946887,1.1561337070961037
171.4061647571875,1.2018276184179022,1.3261326196333714,1.2998920288526372,1.151848091991951
171.46221510537606,1.2035887072286269,1.3282233058940218,1.2990177358604065,1.151519766438318
171.4403355807691,1.2045348977534198,1.3285280506141106,1.3003581325884968,1.154408057290466
171.307021392347,1.2094565934020112,1.3354659841507635,1.3081139051082544,1.1604787713326024
171.2652362885156,1.2136410783578917,1.3354098487377482,1.3110041525561864,1.164188966282854
171.19162011910564,1.2160391792395187,1.3382213796771305,1.313909361507582,1.1669871889197654
171.1323484240878,1.214501235575292,1.3368611594853839,1.3131453297582956,1.166869803121139
169.7855253181112,1.0168622359983976,1.1781890529759187,1.1640162409486896,0.9561860776940246
169.74703858566542,1.0597609665027115,1.2278476316391562,1.2186637194985144,1.0319967373868248
169.74331967516238,1.0418595380361957,1.2184208458968258,1.2282233676698284,1.056312947371193
169.7640179051037,1.0162439528944758,1.2249062808406734,1.234883482486703,1.0811739628054564
170.05446994131663,0.997341699120221,1.2334854003559192,1.2466860721983664,1.0918484271908144
169.81760171985903,0.9922251212398023,1.265124747658291,1.2737840188336995,1.1288270363658113
169.55835258005823,1.0233041343144647,1.2772478957954758,1.2702032623190624,1.1440387755861117
169.67837538749373,1.0700580876248498,1.3067163066888772,1.3004014888620425,1.181985000094093
169.3919269993231,1.086785910559523,1.3175473966781752,1.308482957851934,1.1949659033690945
169.3363369260584,1.1137479118776932,1.3294725468483701,1.3229063655644595,1.2073356430705322
169.0276557287749,1.1163292422022182,1.3156891524757044,1.3162270248079257,1.1868108801680093
169.38687330186139,1.145713116075641,1.3422595834705344,1.332570097270754,1.2071511113959006
169.97152783229916,1.1672918902638998,1.361078136646256,1.3398113161337726,1.2202578710694452
170.6160216828822,1.1919183258999195,1.3676049083411532,1.3435204870584092,1.2239898991227973
170.78602541970082,1.202115767658409,1.3711523089303532,1.3460145480446315,1.224627668107635
171.23964300844705,1.2024030342411018,1.377938171761784,1.3623275999282283,1.2271466782361127
171.62280409717883,1.2006565859197273,1.3779347393405725,1.3738150148610193,1.2254965495763623
171.7273272320678,1.2028174304447383,1.3739196387955117,1.3771596124309566,1.2227242848435897
171.97091870716844,1.2049261348986955,1.3659818695757475,1.3691504477888303,1.2146103514814057
172.0143871350704,1.199701464146851,1.357711581404578,1.3597761169758964,1.204781796185229
171.81543599676374,1.199470720770016,1.3448883457058651,1.3492901213162591,1.193419270599315
171.64002748944492,1.2042161909662994,1.342344599255385,1.3514373968199302,1.190183491872403
171.74945134581648,1.222607542992998,1.355985725598693,1.3596022500843055,1.1960060362403293
171.68503234526622,1.2249942537289518,1.353859685353183,1.3591707885243176,1.193331728742682
171.60421103065264,1.2271870536553433,1.3510284053000081,1.3553783287656036,1.189244566008022
171.4849161958762,1.233067831809306,1.3510934701959836,1.3542996571281563,1.1886393689127566
171.3940624655537,1.2341444330885427,1.3449294465758024,1.3491909075939623,1.1840558339825829
171.27802439551618,1.227819883513745,1.3341283407078957,1.3396468628045142,1.1818759237915757
171.19249727343987,1.2247693619120914,1.3274654994359099,1.3323697575367215,1.1803244874247043
171.15499941231127,1.2178333386703941,1.319218202774984,1.3236723721974275,1.1751685961003355
171.00032290471097,1.209752709856287,1.3184594407343313,1.3231888646683798,1.1792413924352823
170.91165403666776,1.2052025351031377,1.3192555284541405,1.3252909633557708,1.1829577893129921
170.97924402784946,1.2060228915592723,1.3228570167625182,1.3313809239937247,1.1866381333756786
170.97010730671863,1.206579793771485,1.3263754072407967,1.3359583745376813,1.188785350873246
171.05208967633038,1.207394511255055,1.327480327971143,1.3381670604425244,1.1873275914278947
171.0684668754278,1.2040431910593887,1.325742310662355,1.3387126765990136,1.1867743197726013
171.08946835672194,1.2013057101214346,1.3209286767365394,1.3339762272225806,1.1846795552891347
171.07776424129642,1.1941640970445226,1.3109154857206275,1.3310232859880622,1.1803290778956317
171.08020491573603,1.1939788432924996,1.3079176179232266,1.3322338916301748,1.180081202676861
171.10318681107645,1.190083634017118,1.3070537327689067,1.335214917004937,1.1795744140888047
171.08704620027987,1.184028173888211,1.3015402927814188,1.336833127576144,1.1816908803830812
171.1570430201901,1.1812253497462355,1.3073278476514225,1.3461097377004956,1.189034175495531
171.42891150496254,1.17604208843006,1.2991306734259263,1.3335854627248347,1.1812118317391849
171.45462147457567,1.1729132957587225,1.2905614148741904,1.3298314543149607,1.1775428542472197
171.40747435707334,1.1759768506340191,1.2915895537165083,1.3313947125417525,1.175952775017947
171.44404618125216,1.178085465353625,1.2903370413253585,1.3224622547196583,1.1739470308584916
171.43726690354342,1.1789316614600955,1.296255873775963,1.32862909279171,1.1772497247332323
171.36732148868177,1.1779485075509404,1.2951699158831964,1.3257865018867532,1.1768103950078415
171.4259323019355,1.1771339624281745,1.2922649291973634,1.3248402378227664,1.1741395044217868
171.38430480796544,1.1755611544967521,1.2902745325514917,1.3244926529298948,1.1713157598878492
171.26890916598086,1.177547453192994,1.290861598839475,1.3273297621681321,1.1687344444113354
171.1686228313322,1.1733203363697222,1.2846871074776158,1.3197700788511184,1.1620873992583571
170.97784308482179,1.170876788136645,1.2859460095338722,1.3239702102244881,1.1608194285749782
170.90242021982775,1.1685379862761929,1.283155712256871,1.3221203923390201,1.1570318062754097
170.9009465930091,1.165159053079725,1.2827474343836627,1.3216476050344328,1.1585627886466385
170.85302066263083,1.162228681676747,1.278349574428449,1.3148870505533252,1.156785914047384
170.92063696748974,1.1567597465886497,1.2762308218249203,1.3199102650893997,1.1584412995592608
170.85448383326732,1.153478942733351,1.2745652567689074,1.3186860946360675,1.1573309355294716
170.9205795234224,1.1498095100099546,1.2726780380281346,1.3215675712832171,1.156946342513146
170.87432552944063,1.1457719522759284,1.2654482953685273,1.3162849194510902,1.1518157052734093
170.92082701903405,1.1449780551856734,1.2672599858838989,1.317148036504197,1.1508680299336949
170.98885093233875,1.1459115759248397,1.2643110965270266,1.3166818192088996,1.1514842721025638
170.86421850600738,1.1433288132394597,1.2600888907324068,1.3142897596035312,1.1497215007252324
170.82790359715443,1.1478963990989053,1.2661777701669548,1.3171886137403397,1.150769680338317
170.74863496584473,1.148081365800935,1.268181809997206,1.319280890677643,1.1507790098054402
170.73848288542882,1.1505049419230207,1.2731763928955953,1.3243777804769785,1.1548014974979217
171.01264578460925,1.1540274962805026,1.2749185828974043,1.3252857643864655,1.155509397427464
171.1247198380946,1.1559433124476408,1.2742984947631104,1.3258930767133548,1.1548661831885934
171.32307492679706,1.157344960611471,1.2782571041096318,1.3301422638496556,1.160176440769572
171.19744734100996,1.1576214037387786,1.2792424642226874,1.3310308804995992,1.160279398507872
171.2684860755734,1.1624711289791225,1.2872770466621946,1.340955844788454,1.170681082098406
171.11761150197373,1.1629662284231785,1.282334286564163,1.3378625086203408,1.1686396087464834
171.1949179292397,1.1649627230084199,1.2836227335217725,1.3400771722724703,1.170468266011525
171.2576412502093,1.1653566207475061,1.2823371504135501,1.3384887098305303,1.1670883934697136
171.34484327951685,1.1640879096858625,1.2850348164293683,1.3396856027334163,1.16930308646396
171.23429746796555,1.1614254086465652,1.2789139078640457,1.3336092624227474,1.1619403478294557
171.25046465088025,1.1575711653370993,1.280396144315852,1.336793258091456,1.1632472343837588
171.08339556887208,1.157413047865917,1.2812153088311122,1.3392043964370761,1.1638611943252284
171.14626657388567,1.1573267576269382,1.2766234605786155,1.3348061942384448,1.1604594243832198
171.15602220513776,1.1592672766641852,1.27681064435861,1.3334453135279483,1.1596479864089915
171.15466765360006,1.1669936860935195,1.2759647462850998,1.3283047286351906,1.158597333673892
171.33439482119326,1.17151220909614,1.2810963776302118,1.3323920532852422,1.1649511169119882
171.4180713170969,1.1748028094183807,1.2861724270142252,1.3397985844837692,1.1694296085952969
171.3792165118632,1.1750328815020856,1.2914329078141407,1.3407568129285374,1.1688125901189508
171.25580278808997,1.1742296767726212,1.2907863942940023,1.3394974119664458,1.1654578961513222
171.1931498698663,1.1700391925039668,1.2874068367410245,1.3384726746238866,1.1652650385237844
171.2042527637122,1.172776838701048,1.2918349722690872,1.3411542927448088,1.1694508009232394
171.24259693526534,1.1740259918051503,1.2914204446789672,1.3411456640244726,1.1686053935955596
171.28776922348274,1.174851581815896,1.293156005476968,1.342736617347418,1.166222460264238
171.37958498777041,1.1743472098001988,1.2941955470856048,1.3432015850939727,1.161998457538507
171.4825964984669,1.1773698052426909,1.2987373718534274,1.3468913602886026,1.1672171552070285
171.53757182314726,1.1833856017567443,1.3035953302926788,1.3444189993843156,1.1652137285250812
171.46661811490253,1.186445843760711,1.3085083668354558,1.3462226790764558,1.1674430205703104
171.3554833177783,1.1891284172734113,1.3080877755344846,1.344949714252405,1.1659051671152567
171.15501659055678,1.1844397509468998,1.3009795553411097,1.337442748292275,1.1645472296816655
171.12761667675073,1.180831310181011,1.2991122749766342,1.3369279209338554,1.1693007544937153
171.0590199629852,1.1763010819529875,1.2939032146225626,1.330634713978265,1.165218247639894
171.09695153925122,1.1716263019509423,1.2916802600132367,1.3316182087768316,1.1694716745847495
171.2107264605563,1.170144246563553,1.290768921273212,1.3302161590225683,1.1651673372807643
171.29086820467057,1.1712322904669685,1.2872566802231793,1.3281947773511658,1.1614226669012273
171.2765404097033,1.175388724853692,1.2873298417064876,1.3280876135052213,1.1642703725806092
171.29245418821395,1.1749248126550431,1.2899699802419287,1.3289138421171691,1.1663076404842978
171.47853084259705,1.180506376497509,1.293841755262269,1.3322707853996005,1.1708323874221314
171.51485959760544,1.1833024163028203,1.2931465952027905,1.330889407877211,1.1694345370596468
171.55313713900205,1.1810331924019797,1.2941987211122512,1.332109142598452,1.1706111115412123
171.74890187015117,1.184255634988302,1.2978844916366439,1.3320873731382337,1.1713199410327557
171.807942521601,1.192264541403961,1.3058980982696473,1.3319014247878342,1.1713301200703436
171.7937851151601,1.198343793406533,1.3092425103425918,1.329397031982554,1.1673897616382858
171.80666730491689,1.1941707541583484,1.3073759745178601,1.3290092444188175,1.1661725160757865
171.75252309861395,1.1865759171245314,1.303136455961698,1.3310922893837343,1.1665372416159858
171.6689011966142,1.1770388251209691,1.2953501775204854,1.3302628260216818,1.1628305161274926
171.66114452742363,1.1744043050628277,1.2959297122015792,1.3307016326926548,1.1667947232375362
171.63910298257434,1.172401873280663,1.29621409244125,1.3283965777782882,1.16295091039069
171.65127478878898,1.1745291673144567,1.2982092940700996,1.332184760755456,1.1626344583044534
171.56771664512976,1.1770040260763053,1.3041634628991277,1.3359911865940723,1.164206291911214
171.45380351073894,1.172023131298115,1.2989725259799063,1.331912396081528,1.1632516503289327
171.36341586182675,1.170801486314746,1.3001906811012354,1.331377891023356,1.164899466054009
171.49904471274306,1.1674744290155903,1.298038490069086,1.3293085362506598,1.1631426134431306
171.4902120361838,1.1676969156638086,1.29584625657096,1.327374358502477,1.1646220736943862
171.51484758965947,1.168629605922087,1.2970057777563448,1.323015046987747,1.162849927001694
171.35357708041863,1.166344840754127,1.295927779718561,1.3203951865434438,1.1583585214750838
171.47845952648714,1.168642727456385,1.2990763901716254,1.326592970884799,1.1625629965035498
171.42285811331348,1.1687024748659935,1.301066839478596,1.3268850648603803,1.163435464091652
171.5072217234537,1.1710253709047342,1.3063044183120982,1.3321275403414474,1.1709318344938189
171.51771221936113,1.174845749125804,1.3103209868307968,1.334019729958912,1.1758979584411116
171.6209578354984,1.1800343912295004,1.314980749527671,1.3370592010383158,1.1806386001286764
171.71260381033568,1.180651101055158,1.3165878462671212,1.333921250314017,1.1804181960814142
171.59199781042287,1.1790390306343224,1.3127710018018481,1.3280641946949692,1.1737773503680176
171.56013436060982,1.174144458905465,1.3038404482430686,1.3239314551079586,1.1696382288228475
171.4737435053633,1.1754886955297696,1.301598637904297,1.321655837887874,1.1651508653540446
171.62521117250424,1.179766202720135,1.3064071034462992,1.3279145564914896,1.170315005036913
171.4537093514957,1.1832872822379306,1.3074096295454947,1.324606664949036,1.166821450587453
171.33258249864215,1.1810059738581118,1.3052763819749822,1.325603556568047,1.1659790100106309
171.31603696993105,1.1854344149533595,1.3055837500095446,1.3261591779683959,1.1666192895113197
171.1452814927031,1.1867201861065904,1.300554223477132,1.3241036231170649,1.166732031677704
171.07344757129238,1.1846579072953356,1.2945023035316656,1.323291727008785,1.1689976017690848
174.3006375710156,1.1211769326545018,1.274827126259318,1.2499238253300604,1.0711405046976024
174.20515715269016,1.1312563620590097,1.2779149180299803,1.2490814036286362,1.0816258523163889
174.27435524788214,1.1394591579885585,1.2764305385266674,1.2580378277501678,1.094190355003515
174.2973195096619,1.149233833155219,1.2770108461392062,1.2662161469893967,1.1038191257630634
174.43627373066465,1.1621352958918632,1.2852235100313605,1.2745933057856758,1.1156913937325246
174.49328006224457,1.1690054707547461,1.288572303797273,1.2810619899123108,1.1216173114066281
174.5159625870121,1.1765718442729611,1.2968946394991814,1.2874418203961904,1.1278130619679032
174.5251828129854,1.176612606553501,1.2958711017743667,1.2888542995960268,1.1291804734344555
174.5325705105999,1.1849049468274058,1.3067147549048383,1.2961899546370457,1.134515271441257
174.56409583189912,1.1865679444122696,1.3090544772284662,1.3042088856060257,1.1398927762409994
174.65175346615192,1.194094837390524,1.3223656732884643,1.3146046580960307,1.1491565251248628
174.67897186492598,1.196581809481423,1.3288639152396662,1.323138591140349,1.1552885759927227
174.74271660746595,1.2008423112075464,1.3365913435478651,1.3250974152056871,1.1594617492339265
174.65973744752776,1.1964388492238465,1.3318265630798016,1.3223510176911524,1.1584792863355433
174.6864486385543,1.1921226366404019,1.3278834174901535,1.3218279199401546,1.1560919847694764
174.68362835412114,1.1929159160500697,1.3291075640183034,1.3204303212922524,1.155459986704574
174.62565003196764,1.1936197725452302,1.327071444202406,1.3198869098174968,1.1518690395228908
174.588293404029,1.1918623885002686,1.3258773881124435,1.316735172679966,1.1517767183801724
174.55951753530724,1.1914078716790433,1.3267014242069965,1.3198904995589695,1.1549062488118242
174.49553813498568,1.1892229468076543,1.3253145438542215,1.3158186414933462,1.152270090120493
174.51727051552177,1.1838668936605554,1.3241593778590897,1.3190821553302927,1.1546960043111723
174.66976357846588,1.1854842321517758,1.3275897924577615,1.3209308789869103,1.1591377552696727
174.73473293403873,1.1900777179321005,1.3325610224736577,1.3252491541554945,1.1619374615002132
174.6996357026584,1.1877107130021203,1.3316019072731733,1.322507899014834,1.1579691575097857
174.5179261489998,1.186544875376082,1.3306623367942347,1.3203359899393121,1.1548852145347979
174.60888232264358,1.1826986944248028,1.3268211823971208,1.3164552113182701,1.1509560793464648
174.63477644575522,1.1886762018930814,1.335968249330487,1.3237845613510626,1.157586405739914
174.74299342689463,1.186980454264343,1.3345756329194975,1.3247402201504268,1.1584461709349945
174.81946356917263,1.193558716628434,1.3427470515531,1.3291682092483448,1.1634361597469893
174.85791785929044,1.1914493920454532,1.338325689225478,1.3282699782081597,1.1619788060431486
174.8201762861778,1.1960467719767172,1.343993258453092,1.3301827100965586,1.1627791901879152
174.8188211727502,1.2009478544283123,1.3453065134161328,1.3356169417097183,1.1683992803132386
174.81947204665767,1.1953131482915045,1.3388189355215188,1.333220090827702,1.167846729382539
174.73378605616466,1.196962899779127,1.3406929559928906,1.3326650875932704,1.1676008116827716
174.59306251831515,1.19303948353103,1.3362172214601964,1.3299372263020284,1.1655162576470905
174.52464165996787,1.1921522909636373,1.3355140657053755,1.327296906044254,1.1618974371035449
174.46976296957433,1.192754411741073,1.3346627966834081,1.3237479303680004,1.1587867284886775
174.42326120792276,1.1915808869554139,1.3317716840893365,1.3222339737907023,1.1564693467913014
174.4092778737425,1.1889274515796673,1.3272890930391934,1.3182179049712606,1.1553610694974585
174.4114035565105,1.1920833265760848,1.3291378810630847,1.3197039232666659,1.1559189065741093
174.43250765190413,1.1934082029085535,1.3303189251130718,1.3224511120238616,1.1619893252276254
174.43627307013668,1.1951253672659785,1.3339959388909426,1.3251053493922396,1.163060734937967
174.47592068450277,1.1953608235293263,1.3349453695375564,1.327215243911531,1.1660030513603206
174.3792801220039,1.1957650783920473,1.3354744342871672,1.3274883763156464,1.1643863643131271
174.3267942737306,1.1946230110127645,1.3345622145141556,1.3273807135490714,1.1673492650781347
174.22580977177142,1.1927916714012272,1.3337337308943205,1.327239611077721,1.1648438639206045
174.17988374371888,1.1958723796508852,1.337960549659908,1.3303585412064813,1.1677887537731888
174.19682186479994,1.1884019258935763,1.3329429514074718,1.3300274209265674,1.1676240239202564
174.19061660684343,1.1877394449714558,1.3341268030147184,1.3311261148540547,1.1704563351389181
174.28230036173576,1.1844202868402147,1.3294186882478567,1.3257327819407556,1.1694398282527292
174.34442437264082,1.1803081195158451,1.3222122090859465,1.318964821952973,1.1670267000368335
174.3970636339547,1.1793485893204931,1.3211691059593615,1.3162164475174993,1.1637904717907497
174.37991445457283,1.1788917487027735,1.320083670613344,1.3195927155473925,1.1694726653650946
174.34181843288974,1.177013867503448,1.3174332944109033,1.3158509502668052,1.1668402453495055
174.27820525482485,1.175670148260147,1.3122731452489622,1.3102989077593357,1.1675561352089718
174.22270956425658,1.1806186913574546,1.3147288233166006,1.3112579502011417,1.1698670612674185
174.237754642977,1.18341805516599,1.3178318699889973,1.3130879546027299,1.1668052153610713
174.20897147594124,1.1858032922672677,1.3209727950545105,1.3145713330487871,1.165595380306609
174.30902916961244,1.186953816210182,1.3225980308506096,1.3181922569997464,1.167036880680663
174.45194368874039,1.1890631629753778,1.3248039893608499,1.3222435179026908,1.172854432994272
174.4108278849174,1.1855207518427822,1.3239289816153315,1.3220953547719998,1.168623275528573
174.3379595480948,1.1845012333293075,1.3234062235052462,1.3230228347650383,1.1662868186817215
174.4332564928433,1.1842047613340423,1.3241004554782123,1.3266387963642885,1.170984620858361
174.4066978468777,1.1835557598270392,1.322877708604197,1.3243587121403677,1.1654114034523884
174.38212254172333,1.1832277794909385,1.3211776411710223,1.3233090399263816,1.1640239819151252
174.4348423747388,1.1833059299499478,1.3188321414088229,1.3205723832122085,1.1623550944691161
174.4164870943715,1.185189272821908,1.3223693656237852,1.3245830223875168,1.165193315095132
174.41164028292988,1.1875190785965628,1.3230070814604518,1.3265372075333859,1.1652509448512829
174.28123987513496,1.1899491187743407,1.32513753188706,1.3288102676095375,1.1657509142137548
174.32128821551814,1.1913382418653877,1.3231457353510818,1.3293725402680536,1.1710203899049472
174.30216750288875,1.196141582248807,1.330890727677862,1.332200273764226,1.1704616348836523
174.2591520910229,1.1972608996924234,1.3308086697307009,1.330354941609841,1.1696353286701815
174.25316767416578,1.1988504283911345,1.3329452087738214,1.329999429822336,1.1670404219668526
174.2482331894401,1.1979040578817672,1.3319026021057487,1.3288117284858993,1.1678065619206288
174.22325998019832,1.1979905116324125,1.3331270978137377,1.329770101672139,1.1670505126859239
174.29166528033517,1.1965521009682782,1.3351260903370936,1.3345091685735677,1.172996300142625
174.26303823485102,1.2008649510072136,1.3402002449497536,1.3352411196360734,1.171475238102317
174.3481184330561,1.2014791942255236,1.3426245590629935,1.338231199459667,1.1746092445142946
174.3340476553404,1.2021691560067673,1.3416650897533928,1.3360034726529155,1.1712245946078366
174.2876480843084,1.2005532715637235,1.3368448108996176,1.3303726400560278,1.165460841338178
174.1739084572282,1.2070865745228732,1.3434473818660717,1.3349662168214584,1.168367637377468
174.18224260759902,1.2048834326677424,1.3405820548785683,1.3367080056611622,1.169446428490038
174.2245317005704,1.2040284918826563,1.3407310400387793,1.3366032204634128,1.170731739836926
174.26114212502765,1.2051921550681208,1.34267861581308,1.3367862114926408,1.1707636620581667
174.2457312096728,1.2065229039392518,1.3440894121010218,1.3361777167555697,1.1692342174610555
174.21228990345602,1.2067072911783103,1.3412770349210952,1.3331376698067254,1.1679218976730412
174.21606399742558,1.2078107607181614,1.3420343284995893,1.3337657839023633,1.1672905556481197
174.24651774904666,1.202610803434555,1.3389113520811133,1.3310871087634928,1.1650628518367936
174.3116395287221,1.2038856729765146,1.342009670687299,1.3349804450816278,1.1687640573511993
174.26984966573727,1.2050877158484048,1.346915854541146,1.3413187465718708,1.176402541299589
174.2503412653662,1.2128347824157792,1.3541633289072694,1.3486854684289689,1.183408224820971
174.2137565165501,1.2191270400171785,1.3628716161308243,1.3624322826255237,1.1922773398255568
174.2000991244788,1.22182828339628,1.3629669339081776,1.3648487407608214,1.1914232986317137
174.1311618108618,1.2198124862346456,1.3592158453135368,1.359077740909994,1.1876295494277915
174.0826454770425,1.217906097505722,1.3570789332483029,1.3592798585215145,1.1882399798005678
174.07587168720363,1.2183576352776362,1.3585769410297113,1.3564547604829609,1.1863489833728205
174.14441703289384,1.2154054364027769,1.3543048175676655,1.3523843278688028,1.18358550302769
174.26130893427646,1.2168278044426848,1.354083266318511,1.3528787847082484,1.1871850910356856
174.34606799904992,1.218085211425963,1.3559616404614898,1.3531713253000988,1.1878282752273313
174.37392995270895,1.2161485274657868,1.351605162619594,1.3492531910769874,1.187149611080266
174.44059878677373,1.217478106196011,1.3504842329469668,1.3479912335987652,1.1868875542376904
174.43543265300696,1.2174150634975633,1.3489451604031986,1.346604364755316,1.1853710535525432
174.43939113202634,1.2125727506471549,1.3439093944294993,1.3429057641280502,1.181781819377791
174.39468940212015,1.2099054789863708,1.340218516757251,1.3386581805431048,1.1752414908981934
174.39703674618278,1.208131728035108,1.3395657537818606,1.3355305506410324,1.1714073446375006
174.4188096847448,1.2052276270682885,1.3356761172713492,1.3333737404244403,1.1705865022806956
174.40411585012222,1.200505837451917,1.330303487806569,1.3281816610608077,1.1669199980598282
174.32366384398512,1.1927629086939044,1.323616070461563,1.3244072775320468,1.16403823259574
174.3615266224148,1.1919229567665781,1.3240407332157622,1.3233620557993455,1.1637008794405064
174.4205909941016,1.195742586073645,1.3281908474958664,1.3267206929227604,1.1648232879547578
174.42563556100947,1.1958209981684285,1.3288683684216291,1.3249381907779907,1.1610339727711692
174.38586092549517,1.1939586990506297,1.3216941614793696,1.3208747905019012,1.1583751653297765
174.3829252648747,1.1946425756339847,1.3252369498802257,1.3221370523253029,1.1601816529213926
174.4229636225712,1.1951795460477923,1.3239638718115088,1.3235726981691531,1.163305733702935
174.4002366827651,1.1999161882456213,1.328701340915086,1.328487874183873,1.1683840280892703
174.47858958718157,1.2027314250930847,1.3334275856869688,1.3357916922412236,1.173611568598077
174.4197368112472,1.2060194422957702,1.338998248411179,1.3446066851280376,1.179361094882814
174.35410749309852,1.2074539705631655,1.3408414312503474,1.3461778799147497,1.1790535170253758
174.2987644650876,1.2072386197887166,1.3396152744000809,1.3427580223820583,1.1762200892103916
174.2722622490302,1.2047959326548243,1.3361331875931348,1.341002769139312,1.173694569540491
174.25770132868794,1.211696509203327,1.345917091155084,1.346337104141292,1.1784237514174434
174.24184242184577,1.2075516078900892,1.3409647208508464,1.3445620399507054,1.1760248197212095
174.2880960012084,1.2173060296520268,1.3555649293896612,1.3531705554780358,1.1833132973855316
174.19889169698806,1.208855725358803,1.3462432128805417,1.3465437960894857,1.1783538819764592
174.16472312980991,1.2114230963957313,1.352315191324793,1.3486925044868545,1.1803870260832252
174.14055282092087,1.216548225394653,1.355710742412672,1.3528674214726628,1.1828455153134108
174.1711171211288,1.2166381213956121,1.3514407007460516,1.3461348979223826,1.1798569015616487
174.27393690416523,1.2098640862619994,1.3423013563375454,1.3381693018694072,1.1745191419964855
174.27107848898524,1.2106260467201648,1.3452783519034779,1.3378846902325696,1.1703744564014882
174.36581116190095,1.2087191305538656,1.3400804870021674,1.3340575203654457,1.1654601386608985
174.37163138522521,1.2104348661059288,1.3432751410627726,1.3341124261284698,1.164356359374353
174.36319549277442,1.2130360233814699,1.346920806497411,1.3379047664760708,1.1668526568275608
174.38872191285643,1.2127634079770973,1.3429664722907135,1.3337669643359171,1.162357723531802
174.38736925758155,1.216190006276658,1.3489982541783654,1.336463452872543,1.1645344713669548
174.3580251547689,1.2106448717453524,1.338090086038511,1.3277150745309452,1.1591184171490747
174.31873627466302,1.2053499038143152,1.336964287009823,1.3222292962674502,1.156354412083724
174.33347750185203,1.202159787464195,1.3320708435409665,1.3201311613805045,1.152847748408882
174.28624991691524,1.2012315562726037,1.3372318675202468,1.3251503999014138,1.1568846385836227
174.238260177419,1.2027928671735075,1.33805446064429,1.3257501368081466,1.1565810388685533
174.2392897455979,1.2073581255283756,1.3398006047357036,1.3269579928232371,1.1575183079425755
174.22910401974852,1.2085357893503024,1.3380397240628372,1.3259967877536152,1.1556114621827849
174.21929542263598,1.2064077641578297,1.3365013845223592,1.3258510604454008,1.15433498864163
174.2707583216531,1.2047478036518962,1.335380699071071,1.3257923345421072,1.1528587640888883
174.2659189820938,1.2043206334052694,1.33526877407154,1.3248284042790106,1.1521663026547189
174.28005177971838,1.2029120681569296,1.3331825130539898,1.3253796932306878,1.1536875264105086
174.31444635858787,1.2046241344040158,1.337133037977742,1.3292934471984474,1.1603696259814995
174.33536051550158,1.2070841993785582,1.3403209472562485,1.3324072825281412,1.1657253954607751
174.38206415573293,1.2068100965365725,1.3384001374027843,1.330688028761309,1.166110574066401
171.6570063909988,0.9520744639146292,1.0521039069014357,0.8447962196701028,0.4750870830477506
171.93471913130543,1.011852310384101,1.1481501012880884,0.9700773513879639,0.6593523873208158
172.59291845487368,1.0574563787554723,1.2237048496520593,1.0800607038792756,0.8011977504843728
173.3081948790846,1.077592892130967,1.254973146728807,1.143631881144568,0.8860014165686482
173.79762844709344,1.097457806838912,1.273795970033008,1.1899855989107466,0.9534730150317103
174.16032056495948,1.0958902839701168,1.2668077661461516,1.2082025755248929,0.9923789987216862
174.32721904589062,1.1031747799204457,1.265790924472129,1.2230287378350255,1.0188736254846338
174.61547917904295,1.0969310908433032,1.2555937787577554,1.2216958259819914,1.0264219501005514
174.78802190657152,1.0850619923069462,1.2395373103783007,1.2080022845913885,1.0315167099305986
174.80236013975036,1.086550254335541,1.2323499853167832,1.197985487987517,1.0364755425806966
174.7923278532451,1.0900531271168743,1.2303060570909092,1.1945457167015618,1.0475531105880787
174.78980843447894,1.0896876916460922,1.2252642835098846,1.1898751700112247,1.0526497242094994
174.69760472689217,1.0795064704919233,1.2129316894214714,1.1772800680427908,1.050475114127137
174.55029165386955,1.0797624063083604,1.2073133890652585,1.173411086458315,1.050351437955255
174.54700342167865,1.0762464883000065,1.2005627990669976,1.1647674561985157,1.043020203798499
174.52203940964768,1.0714565897488315,1.1951546410590295,1.158820318535403,1.0416535467857335
174.52358875013712,1.0654290723853392,1.190597380524714,1.1525284378855007,1.0420802969273155
174.50994226599647,1.062830047545036,1.1909383561893525,1.1491222027188839,1.041268613120921
174.45982490278323,1.067337456344141,1.1922358651693234,1.1524016743609171,1.0439760117451469
174.45175738641294,1.0727437314318322,1.1925074458151699,1.1544900721591185,1.0433626307515003
174.45852796352523,1.0777484849245849,1.1966663168845137,1.1620052081550591,1.0447479551625862
174.35614488876877,1.0744927995751765,1.1945199325314062,1.1625393029378672,1.0439305818209854
174.22584436854507,1.0735335164496442,1.196220136874484,1.16227564019285,1.043669526541184
174.23316006939552,1.070047393467778,1.195344950238028,1.15949581275316,1.0447024928896067
174.21770893564437,1.0679530877827978,1.1948006027844125,1.1565462207246642,1.0400508656101275
174.20194414292308,1.0661436528970765,1.1953047066766023,1.1539158452837228,1.0400916661542343
174.25042675353774,1.0697868944080138,1.1972775506198048,1.1598710764791857,1.0426618182684126
174.27435908218774,1.0719769142513276,1.1971324279783238,1.1585647168581448,1.0416170749266518
174.36402235725888,1.072884703030197,1.1999655409072274,1.1641655960828183,1.0400258365655886
174.37423210284186,1.0794161953531272,1.2048916798111518,1.1697548510444375,1.0425603706004476
174.49998261904372,1.085482312855428,1.2074203819787923,1.1748729167575676,1.0491277492609727
174.54851811316533,1.0945208993754694,1.2169719932417238,1.1883823317992526,1.0640138813786877
174.56689256663097,1.0919067815220507,1.2198076377160374,1.1969145006575606,1.0738015390665694
174.58821991435414,1.0857116873048869,1.2185795889426598,1.1942254235454628,1.0782493095487067
174.41265404902225,1.0953404490110485,1.2323973379339064,1.2025832889672092,1.0781173498572112
174.25449937413293,1.1027415416534836,1.2414713276965963,1.2081425415752978,1.0823254862389775
174.18390169554038,1.1037092561239537,1.2436686392893606,1.208071705786706,1.083952742692223
174.14446471355902,1.1027778468965364,1.248071338136801,1.212262427081323,1.0838084124082192
174.21999327567121,1.1020852111785828,1.2484142397462263,1.215031364658017,1.0821025847329662
174.31632715430825,1.0995390811591925,1.2480953757906248,1.2130041603003345,1.0782859178840387
174.32699405397176,1.0994257695597471,1.2498841063820427,1.2146390119001886,1.0770876517180838
174.32300905024658,1.1035492713290334,1.2505990848292903,1.2162127170066648,1.0722526694830492
174.39055498723863,1.1010290788694688,1.2470886815486197,1.210281077638572,1.065992439090519
174.4455846192386,1.0949166512375503,1.239832103750582,1.203017022242769,1.0626947180978714
174.5125957613144,1.0949855713261518,1.2395466115540246,1.201970359343953,1.066004944615076
174.41600366600355,1.0936226068070853,1.239688282464305,1.1989607053066358,1.0684085510908383
174.3654950616968,1.0958264785637237,1.243079701159021,1.2026151065734818,1.0751648478105766
174.3181396385345,1.0946078709189366,1.2456813512476397,1.2036025855317611,1.0794026567862542
174.29006684461365,1.094839643831886,1.245780543893926,1.2053915115418588,1.0837563749234096
174.2352262395933,1.0966602098191167,1.247485177162218,1.209277621399691,1.0838102179684317
174.1856306839135,1.10111935738385,1.2541168639471831,1.2157801165813902,1.0881374658881027
174.11036638324566,1.1059264859368911,1.2580766004909656,1.221357388924241,1.088399265427071
174.09418683548694,1.1060744379177403,1.2573575250287643,1.2175291676498254,1.0849079197025675
174.0029669307176,1.1085494338674093,1.2560804388370315,1.2205794405348047,1.084410427665239
174.00950354377267,1.1067238999960949,1.256209841345055,1.2212474743250559,1.0864714703019793
174.0650692198472,1.107832617973874,1.2541541221702355,1.223262490652158,1.0854862258094302
174.02144556840594,1.1064785762556093,1.2497406755656661,1.2141818153323283,1.082856099089136
174.0241148515109,1.1042592725896372,1.2460916894382614,1.2134686348414991,1.0808892377014307
174.01680137635893,1.1085752885978883,1.2484079721218575,1.2141479197468366,1.0777081215225974
174.05934360079098,1.1084581271427636,1.24684888898852,1.2100612974565392,1.0742629019040844
174.09834130200883,1.1090725913242323,1.246600074163765,1.2117079561493298,1.073643891823521
174.1293101262792,1.1078336020472017,1.2420481110823076,1.2077145853821991,1.0694320329923688
174.07488366297372,1.1092400690579687,1.2420606484022827,1.203467923671211,1.0691799681568206
174.00481951668803,1.1089771793712462,1.2394804120538452,1.202011908333178,1.063347319634947
173.94126575722615,1.106318699548319,1.2399672122682803,1.1992318451252724,1.06403207713083
173.85864091171038,1.0990577602521794,1.2383407500600063,1.1965007815145143,1.0610025140442716
173.90937575222293,1.096057462825666,1.2400461906102533,1.1995900224040301,1.0613188469298322
173.9866979511263,1.0963858890827858,1.2414494486104926,1.2038547728845008,1.0596668955047184
174.07487240133585,1.0978036116308694,1.2417206937273142,1.205931064173615,1.0582389213126806
174.06504797228055,1.1004160754573777,1.2442165114743438,1.204315531689545,1.0526331819852655
174.10736207041373,1.1006826692770515,1.2419380670984312,1.2004819244965705,1.0490343009714425
174.17442638605317,1.1062088680506734,1.2441924603764758,1.202378656656179,1.0502860959056142
174.3573907924472,1.1047992614506754,1.2416127263343013,1.2019674388712194,1.0510286021036948
174.51205955699237,1.1073736367202835,1.2441086767166532,1.2075199281238127,1.0581054066631506
174.5191917269942,1.1028204764831127,1.2449776938264443,1.2089590755376385,1.0643193002475717
174.55282328111883,1.1001356099915425,1.241565784468262,1.2044727355462945,1.0620961884466564
174.59473123981527,1.101404377660974,1.2392494420034048,1.2061166206641942,1.064721012127842
174.68594603310638,1.1015093064169226,1.2376097187919148,1.2072934444783743,1.064914357873489
174.7186442411889,1.1026486365549875,1.236432576985049,1.2084415457363273,1.0658510954526625
174.7706915048742,1.0982505775651576,1.231189503130833,1.2017443870536533,1.0628128065075684
174.8262911127291,1.0936903631717911,1.2257939550247734,1.1947181758880017,1.0610639498503647
174.69928965187228,1.0935295526680253,1.2277390639414076,1.1956480576730384,1.061336526578047
174.70597683882528,1.0936938046806441,1.2287869329704217,1.19659162428876,1.0651092797193171
174.64252700006253,1.0909080183796585,1.2283518670987794,1.1951901870252335,1.0636372993850438
174.57384872601094,1.090657130445316,1.2293412065887377,1.1947829174693128,1.0651522027523705
174.54607279874608,1.094621230622407,1.2320434979907238,1.194591097157401,1.0669771648609054
174.42152956818103,1.0986078133857347,1.2371978804226669,1.1950135112692712,1.0699063917490381
174.38503987462138,1.0982916234191125,1.2394212156879993,1.192983837320111,1.0673204114762007
174.40576770227395,1.0977225853322736,1.23828787602199,1.1928085751487538,1.0661798440671202
174.3562297864701,1.0968706349429114,1.2368967096162364,1.1905069872081826,1.066939169732423
174.39131099458598,1.1002863119099373,1.2399511178135578,1.1926847572429407,1.070081044204093
174.32961007788407,1.1014168135348377,1.2425946391714755,1.19517086042927,1.0694414920863464
174.28699275528834,1.098637322899233,1.2411893710938062,1.191390776617025,1.0649218263066886
174.36964550989015,1.091241272694568,1.2362358633324046,1.1871040661794574,1.0623730466661716
174.3903921688232,1.0899816777193525,1.234258454943517,1.187729953556163,1.0668477266114877
174.45906029299607,1.0897736165982757,1.2355859074375346,1.190029543751924,1.0663697485487862
174.49257605033705,1.0909922120741515,1.2351831742223862,1.190618293189166,1.066909153367157
174.43125405867795,1.095510754142884,1.2368327968139696,1.1896086214521822,1.0640277726687621
174.40051121717542,1.0976260836364573,1.2377600752970757,1.1902752763814395,1.0645819134318308
174.30769849608004,1.1013062550153336,1.2421064415052243,1.1969011731708694,1.072435184383249
174.2291261268589,1.0953387210460763,1.2360264215912042,1.1936722172502034,1.0749981123839587
174.07646523015356,1.1028476254519541,1.2429740159895022,1.2017025247587856,1.0826495850633668
174.0937197798689,1.099946003602198,1.245825415776178,1.2034315887631701,1.0824131886764097
174.1184572899073,1.1030210801751323,1.2466491069419061,1.205211662668338,1.0855300570721809
174.15223965607746,1.1020535253816828,1.2497129015864277,1.2086159333384503,1.0842621673505015
174.1233224162158,1.1045579418576605,1.2497305665414014,1.2090344322692654,1.0844797425513284
174.15112168123014,1.1067116101955092,1.2537740638448946,1.2104076915919166,1.0845963694679022
174.16863652164454,1.1070035115510721,1.260691408975438,1.2154014999126814,1.087548789563776
174.02377878968446,1.104884968687992,1.2626473858605018,1.2177077873621072,1.0898589538843704
173.8921220100934,1.1086691924943857,1.2674117393041735,1.2196873804037995,1.0909454490048631
173.9880525849564,1.1070868738793957,1.2677333410290956,1.2185225215791515,1.087966800113183
173.9733533829892,1.104833288129766,1.2632096391121264,1.2147625598076894,1.0881931062083448
173.97643210133896,1.1040838905330266,1.2590232056010555,1.2159299927569893,1.0888437741072783
173.89729863455466,1.103278576129761,1.2586693394246344,1.2168495554361676,1.0886393801208087
173.8831862749057,1.1019865401903288,1.2609492870619403,1.2135138677957558,1.0878906137543933
173.9086454416617,1.0969111018723066,1.2558239958099298,1.2104226943180239,1.0855719916627453
173.99145128051492,1.0934232243369126,1.2506369511912963,1.2120610331320463,1.0879402580446935
174.035500896911,1.0930843375863046,1.2505678475818047,1.2173964186937283,1.0909562344968085
174.1167014541241,1.090814561715242,1.2464170798808787,1.2174319993334517,1.0882215984436163
174.2462757872131,1.0914754450804773,1.2451694116773895,1.2206034298255684,1.084825277461702
174.34248956940715,1.0882002008324687,1.2416605424376994,1.2212721874320365,1.0834522211352908
174.34524255113905,1.08293732110781,1.236747204522241,1.2195102566500264,1.0809105271576607
174.21157395937269,1.0805775329419378,1.2317097518362448,1.2126445182972552,1.0793031343065116
174.14226085167095,1.0741121926879291,1.229831665157017,1.2054295953378136,1.0794542781587741
174.09261136298642,1.0767479138164324,1.231116379876727,1.2054593965824432,1.0803979094635954
174.01299478442164,1.076434617075132,1.2339619306176692,1.20749284368258,1.081271463209283
174.05829866166656,1.0773928324157607,1.2357750589294298,1.2069866104737659,1.0786669364823365
173.94773909270972,1.0794251981017655,1.2358509240872877,1.2037737653049365,1.0767836699374307
173.96525069528334,1.077948173471562,1.2320131255939368,1.1983480273018006,1.0765812336510046
173.8813783026035,1.0762998534020647,1.2271401664371062,1.193774183665874,1.075126028688386
173.76577400956126,1.0719212635902635,1.222129736525796,1.1876680648329752,1.066691758261986
173.73734694628365,1.0723348900978538,1.2188145122903171,1.1871544831304142,1.0646276764570926
173.66056340148137,1.0742801255679775,1.217975712374548,1.1865080145376974,1.0623943580146409
173.54849906506257,1.0757960140352294,1.2182248919579217,1.1911449297261965,1.0666307885284472
173.4754609105513,1.0795393181649555,1.2223766099492832,1.1944656295538452,1.0719269331394738
173.34696495129785,1.080763069005205,1.2236487549057058,1.1953619035293144,1.076823721006526
173.35235514485876,1.080589466964577,1.2264172709788572,1.1970813222239363,1.0819014318164455
173.4534931406765,1.0825190410519931,1.2290327280812565,1.2009141623447495,1.086184995108685
173.60801697446146,1.0845775345749997,1.2326541005379903,1.2024358297945188,1.0878629564785158
173.75232337397836,1.0851144718848436,1.2321896128980578,1.2040943232269163,1.090141655181572
173.83585348193753,1.0820456413985016,1.226129850954547,1.2001027345061492,1.0856804767225958
173.92033294579176,1.081127231663524,1.2242873379196884,1.198553822265269,1.0849607013018152
173.92802455751624,1.0834140478828787,1.2269644045693313,1.199369833739038,1.086822603773552
120.14589253487836,0.4745410162144032,0.3684399384999315,0.2671794269243765,0.2720411807002888
121.39098896562635,0.5525129768131885,0.44200839314880197,0.2578244328577668,0.22062709761661545
124.0766675791432,0.6501434839879617,0.5404190927443101,0.33799810156048304,0.2548140629022452
124.22094382829626,0.7415651095545593,0.6447375783329355,0.44954638116045914,0.31884893546886794
124.04302153800981,0.7869671950761256,0.7078799093303372,0.5394483925184765,0.382067672573251
123.38119999906786,0.8034470226067597,0.7363188629606414,0.5957382728209228,0.4330439586447195
120.22142651602528,0.7572559903966676,0.7156315900950186,0.5836523348883903,0.4099656322770561
117.12144401783304,0.74689370464548,0.7165502878346535,0.5859335986729408,0.38105449857425516
110.2118670647233,0.7714699363105028,0.7948923221410891,0.6866874660451304,0.451589886491187
103.93488745954151,0.8899580762228652,0.8036026319828063,0.6932017240997222,0.520479347311969
106.35148996882243,0.9117728219725315,0.8387987630810646,0.7122664153468539,0.5958026013861258
123.77028008697631,0.8909516179848384,0.8529175633251502,0.7313208540765375,0.6241553095725377
142.0071850590294,0.7851574750771451,0.7209063746009547,0.60776652726794,0.5242678613475494
154.51776666333612,0.6785751435261322,0.592336452829815,0.44833053116675103,0.45278572516622106
162.412515955878,0.695057784415159,0.6712184259903335,0.5829048285884834,0.5901101809124324
166.30362330468148,0.8532860316712089,0.9219372688275622,0.8588162954509434,0.7753259427738183
168.87408001998352,0.9810067856788155,1.1010713456825152,1.06620362253816,0.9201509232698892
170.30370126750466,1.0783810779223673,1.2443234224920328,1.2073122257008273,1.0416804386879484
170.97932269116046,1.1425156792978706,1.3435170771376321,1.3070418847484102,1.1263883933981793
171.21076579920256,1.1756117086418916,1.403747358211299,1.3671869226472813,1.186823640021683
171.27409505940165,1.192589397283173,1.434523268461002,1.396433695738599,1.2306845106098527
171.05339831077742,1.1995992227390515,1.4460683689589342,1.4114717127428833,1.258438103388112
171.0223180004854,1.194979515747809,1.4387083878825848,1.4138437118149174,1.2686889130560899
170.97017771768463,1.1875008829278633,1.4211198551488908,1.3955280918944726,1.2724617155475857
170.9181681221933,1.1732942569594804,1.392650552975466,1.3744711919441914,1.2594375068845896
170.86880731291248,1.1736587650229109,1.3889621395871088,1.3672185985582082,1.2580101892349007
170.9652160931545,1.1760794590249173,1.3895173587316734,1.365652293205604,1.266333835752344
170.94303466896596,1.175052671314451,1.3898586665957187,1.3653399839251577,1.269923024343235
170.86061232288012,1.1727326386370622,1.3931917651897665,1.3706735246684782,1.274379974441297
170.929010169864,1.1686684953461932,1.3943025125670774,1.3778850285892665,1.2822703794757122
170.84886096185264,1.1694632316521525,1.3983549833290476,1.3800758286100012,1.2856601951341728
170.7851035978739,1.1686468884067753,1.3962645236582267,1.3831436903974244,1.2917312140135466
171.03889506558454,1.1707778434012424,1.4015299992444377,1.3913759297223003,1.2999284437880032
171.10943594119348,1.168028560828129,1.3993891849577067,1.3942633562704736,1.2998648986931267
171.21334288096475,1.1674052777577522,1.3974877337057232,1.3938380990046968,1.2977929990138837
171.27632074026974,1.1631950950719097,1.3917830723225633,1.3933670906496403,1.2960464458851255
171.1020062647942,1.160840102895502,1.382865550723076,1.392004715229168,1.289729447271195
170.9518909010655,1.1629087882520057,1.3780956311352457,1.383208688393371,1.2802474842930873
170.78504178610248,1.1645814474303178,1.3752532570724711,1.3823720252203493,1.2781062263683127
170.92442671777897,1.1674570456461069,1.3814691342304168,1.3889980547015033,1.2846196506432854
170.95237082697142,1.1693368939991498,1.3796618913058973,1.3951470599261648,1.29191190171926
171.10908797646556,1.1791016394735248,1.3853007127170698,1.4024218987516452,1.3017193920750594
170.91002837354102,1.1840750626925032,1.3877658233124435,1.4042484189666098,1.2978979165839475
171.07601755498283,1.1872893007015535,1.3863173849568522,1.4076930072282572,1.2965776592977831
170.8667564362869,1.1841865369727584,1.3766151203391965,1.3994851282957514,1.287303828042548
170.82807419413874,1.1924430986766759,1.3817806264885344,1.407768021146846,1.2908302488250611
170.94525333868623,1.1921042194609113,1.3813554442569758,1.4073224637962447,1.2916516862226988
170.9428962274139,1.1910316264982062,1.3811140213013813,1.410141106221934,1.2944528799205797
170.87052167367673,1.1890569175974808,1.3760545749597326,1.4113899430302939,1.2962481612158712
170.999721106176,1.18818849832445,1.3798702691282105,1.4197911080369778,1.3062715830334382
170.80720610976985,1.1863458381723666,1.3782471794276583,1.4188773349644488,1.3090172637472477
170.70389446801767,1.1871293721165175,1.3768335074300333,1.4157147830205112,1.3035559880068555
170.5810374862464,1.1942022345957204,1.3794947520399432,1.415128737137113,1.3073714046617257
170.40828683538655,1.193816299159011,1.373020374713445,1.4041777370551483,1.2961226871024498
170.46759398954825,1.197902315101789,1.3787732870807539,1.4030206549794257,1.295909926145935
170.37644275053745,1.1936102657333099,1.3750561489835125,1.393024296442025,1.2861354988922649
170.40169600845596,1.1892803870391029,1.3687124794090435,1.3853577534163308,1.2799881232579626
170.27635285017197,1.1868472933693288,1.3651722533805615,1.3769632541811305,1.269117456980324
170.33272916615184,1.1890283538140898,1.367147855148279,1.377128169595659,1.2655581185335516
170.40994791284564,1.1870683604405436,1.36292398158229,1.3714354117129908,1.2645253588240737
170.6335087736033,1.185368274249735,1.3647075357718002,1.3742656252695833,1.2695175101409426
170.7803264863047,1.1898955207405073,1.3714794242180581,1.3786621032712543,1.2740214357901312
170.9172707326563,1.1947275968154554,1.3765630503829471,1.3820585112117028,1.27261073708149
170.75549888913164,1.1968130159001946,1.371515567829241,1.3809708518511035,1.2678592830158766
170.71301675238826,1.1966552534983113,1.3723615795436013,1.3787850497975447,1.2651748586785914
170.78722985805516,1.1977445873993626,1.3698177312959565,1.3781710330567551,1.2634340571762082
170.78973479195787,1.1933095495311132,1.3696641298351782,1.381901237485085,1.2625265595606396
170.83069280688883,1.1945503878511279,1.3719484344392017,1.381028464650056,1.2642898414889863
170.76014474594922,1.1910888034829612,1.367708836329163,1.3759659012848373,1.2623175206310886
170.77564538339834,1.1915964428429886,1.3687180592875745,1.377163340243161,1.2642484891880674
170.7067067288576,1.18877327939284,1.3672369125798363,1.3769706911828374,1.2629706325436612
170.7995981417847,1.1915914916050745,1.371662617368702,1.3787115957641378,1.2641683620778041
170.67818191815653,1.1875701428898644,1.3682635621661892,1.3745647675085768,1.2569155779995624
170.5591235640115,1.1862842865275314,1.367633098262029,1.3744528627788855,1.2543029201523028
170.3705827402429,1.184656307579056,1.363698727535976,1.3768896645754682,1.25317261585669
170.35336824110303,1.183160782791307,1.3604019554205802,1.3764643615684908,1.2515911636093748
170.41768057206036,1.1852504989102086,1.3670000791142929,1.3800724159031221,1.256980025968686
170.24568277191884,1.1840987201323043,1.3602706717071866,1.3780471963417111,1.2555342538314698
170.29822859172,1.1898363886033545,1.3662226859350766,1.385992233082014,1.262607387339884
170.29643830535494,1.1930424938253579,1.371351800715035,1.3905643573881783,1.2709265894793362
170.30019350070052,1.19385126063221,1.3718608573798263,1.3910973890003955,1.2733454562781041
170.2698067928375,1.1917919069884402,1.3686111945461832,1.3902794086714163,1.274148584543441
170.427995056181,1.188968995679626,1.3642312261198228,1.387089075213226,1.2728499762061427
170.57008438446107,1.1856692680128587,1.362595715733865,1.3836629599340502,1.2733284871792399
170.70665633202847,1.1870392519565076,1.3638101758110341,1.383001129991046,1.2751472773049783
170.72734139813738,1.1957770180727152,1.376427193113522,1.393399771364248,1.280740610027498
170.69101585925262,1.2033493170703915,1.3838354871789216,1.3964425810480023,1.2816676506023081
170.56043541429494,1.2078549759967119,1.3876479611873194,1.3961505780137993,1.2766443977889799
170.58510602018657,1.2131231714177877,1.388770254675272,1.3940646742613447,1.2796406914135132
170.6058547437571,1.2113230218764324,1.3859246980866529,1.3942842902127264,1.27560969859013
170.6042916258416,1.210565822106133,1.380296536050478,1.3874255333288765,1.2730781068016641
170.68071174754002,1.2085067279567168,1.3780381531130228,1.3833695877589225,1.270878232259419
170.7241730046124,1.2083104709646073,1.3756810551783376,1.379543973023415,1.2669926656001635
170.67383591637562,1.2057043348271261,1.3713062917156447,1.377631560243874,1.2650451150462079
170.60330456558117,1.2041119264850568,1.3699717146767842,1.375148127681004,1.2612676525276458
170.61654475456393,1.203199324679435,1.3682163299873593,1.3713707186968707,1.2647817688446146
170.62921467143158,1.2002862945724029,1.3631345184787989,1.373746504873754,1.262224305458096
170.56535823106532,1.1985134101940633,1.361258649803876,1.3721782233636437,1.2592399422866758
170.4232527205401,1.20129837540994,1.3662666647339692,1.3720398507595368,1.2616410790517996
170.36875917670952,1.195291241617885,1.360280098102836,1.3675484996974128,1.2599663598129631
170.27932261500715,1.1873737638368074,1.3517385992642117,1.3634847301294788,1.256873022321234
170.19726957164812,1.1829863673405088,1.3498493785622092,1.3698299038172093,1.2584972202695897
170.28429833566761,1.1881363271539205,1.3553806529536865,1.3750217557159554,1.2661607090404416
170.09485854519772,1.185669209982207,1.351742087039271,1.3720031493306404,1.268744115479246
170.22511621509298,1.1867923620670844,1.357460830826106,1.3747924507234108,1.2712022685799698
170.20619306276294,1.1870393955230427,1.359461426915214,1.377796719827505,1.2729394414198574
170.16265140604006,1.1894086109535194,1.3604831308119418,1.3794501027188335,1.2745832565784638
169.98945330510782,1.1884118000976214,1.359875876525489,1.3780088305887206,1.2723209855417175
170.0373967643251,1.1912202665054212,1.3626907763413258,1.3769431072229257,1.2729930387620203
170.2100828054113,1.193569780870246,1.3732134776427634,1.381742403766154,1.2810798418616443
170.1062863982094,1.1948673521551738,1.3765034804753467,1.3889185583725265,1.2832114595839927
170.34106532551453,1.201092979735579,1.380929540395291,1.3990837269698806,1.2840844308751034
170.27073044243687,1.199850876237548,1.3769065823111581,1.3991400268176037,1.2763739789313246
170.13752187150675,1.200615725731473,1.378880630299821,1.4037551059182487,1.2750304354637596
170.2727118723778,1.2027932447594198,1.379976880461781,1.4069945238830528,1.2762675564393173
170.44107750877973,1.2037208669315276,1.3786405663978438,1.405075300264898,1.2712465353628126
170.69269595460315,1.207506110440437,1.3825669030509928,1.4072848787791483,1.2712038890064707
170.97040352693185,1.210301161654428,1.3868842198667766,1.4106599636966288,1.2734371881559232
170.911787787611,1.2078022738766152,1.3893018130678174,1.4132382128158572,1.2720694919000721
170.99616667817105,1.2133570904878184,1.3940759681285775,1.4169863995695005,1.2749718471567357
171.01416942513478,1.218381565803223,1.3973761079236842,1.4184595384192729,1.275771521290581
170.8894668521103,1.220648215017183,1.3956403703066673,1.415601733650067,1.2718474824549766
170.89091778589517,1.2243579153134447,1.3927184288153247,1.4135037721403014,1.2665351431714407
170.7350740963586,1.2252173050506645,1.3889557794080876,1.4109518110800572,1.2636432791263499
170.66813268154473,1.2251730400091074,1.3884774722792705,1.410244745073152,1.2639607247214977
170.52362116035343,1.222273513192233,1.3824849655153675,1.4057889979839755,1.2640807762642894
170.5000026516062,1.222518544457193,1.3850619156379436,1.402598166498188,1.2656781538714135
170.57088930138883,1.2182957261442107,1.379189691704157,1.4017067594317367,1.2642293738986274
170.6052473549858,1.2172003418847528,1.3786980158253477,1.3965983774901465,1.26564525081314
170.65633395358458,1.214500142300813,1.374007627079707,1.3951097713790148,1.2633446797636236
170.61184372019068,1.2127187018716683,1.371412948322188,1.3892357198170897,1.265417822713222
170.46873972346842,1.2101374565093739,1.3656458223635253,1.3854455156612107,1.262805781403246
170.49885772489338,1.2141708059415948,1.3696870887992778,1.3881291882549867,1.265511558361591
170.4798474563291,1.2119499595825145,1.3625031457745869,1.3862435870314151,1.2609975424445705
170.53389449087666,1.2126536459978312,1.360696109554374,1.3852312653905643,1.259483926477795
170.49734623490383,1.212065964956714,1.3583690750451156,1.3841136455134722,1.2590581719786476
170.60700910921932,1.2131832304923444,1.3618131567042957,1.3821207993537055,1.2634708019065874
170.64675054706254,1.2128591406453268,1.3587365825660604,1.3805079210030988,1.258198245096874
170.63340069674996,1.215282213136429,1.3619058732748752,1.3794167480569515,1.2597873417627308
170.69018416188257,1.2125025609347864,1.3599274380255313,1.3797091969497612,1.2591972982303241
170.6207492808281,1.2080133466849952,1.3564527367849093,1.3796049178973302,1.253107621074998
170.51859956625722,1.2132664476097093,1.362261483570213,1.3850402980758454,1.2568142483544964
170.43162546585313,1.2168420583994535,1.3657760455701247,1.3881927984296119,1.2580318550641079
170.51237006486707,1.2211750152867678,1.3733075352770663,1.3914764788913532,1.2628796092647852
170.61969444821227,1.2206371053326506,1.3687497205609314,1.391295242123868,1.256832713381724
170.63893896378354,1.2177808743772622,1.3636217569539308,1.392096236042127,1.2527391910915633
170.65276301677142,1.2162189659837461,1.3619443193643603,1.3914189302212305,1.2527276289025326
170.56831674514646,1.2136500617941988,1.3592387604134306,1.3907383101228379,1.2514364074032998
170.45029270251283,1.2112978836076642,1.3559739653259575,1.3885024168413245,1.2488513772289673
170.3048622045933,1.208771806863231,1.3548935282479193,1.3862872559014294,1.2483884754259682
170.29937405253258,1.1370462153926393,1.2918183316870155,1.2289302866334668,1.0015966839218478
170.2998919068504,1.1730236503208746,1.3478636951742822,1.2960138516428426,1.0714206097373242
170.5873607898864,1.1954128812551508,1.3762445800100112,1.3235172185215525,1.096844738183248
171.2510779367564,1.195323905723692,1.380415662709089,1.3362008392843983,1.1127286427984422
171.7023679535205,1.1722402853129565,1.3629687948352436,1.318521101264478,1.126680239721241
172.06659823374852,1.1621687302294135,1.350678519635061,1.3062510865150467,1.1352643161419416
172.39387156061417,1.1548375605074126,1.3447674642051497,1.2999741554115598,1.144557694045034
172.63666571368208,1.1627449521148605,1.343059126320042,1.2988186208961527,1.1558261756958017
172.84660108195362,1.1623988622265302,1.3270883308592916,1.286723668968737,1.1481824890787804
173.06054877698452,1.1594081527374742,1.3078817897359192,1.2708202411467169,1.1422558557304963
173.3464919798351,1.1506538525254377,1.2853672647507326,1.253639524459389,1.1358534013078596
173.4801661695508,1.1557585083317155,1.2787473612489357,1.2571642253200164,1.1376763604368165
173.5495534715,1.1498727538184972,1.270666979889821,1.2545141808124405,1.1347452886583576
173.61851657296748,1.155662950669427,1.2758917860363792,1.267761428593625,1.1454292066993432
173.6224776393463,1.164606757116123,1.295522212737631,1.2872615577329554,1.1566154527690182
173.54655815152395,1.165803617104873,1.3050186121688505,1.2940608246693706,1.1598019282655667
173.37262321120878,1.1611768432013692,1.3067061562692348,1.2964582644194298,1.1589324626054274
173.0621688707214,1.1596506179368147,1.3110114788352547,1.2983605954639048,1.1598777713200752
172.88739324352017,1.1582585879431682,1.3138891533298007,1.2965090998633362,1.1617368810025352
172.94969653557442,1.145762676395386,1.2998680249108623,1.288069569094582,1.1545620656445021
173.10495806923342,1.1341607559814801,1.2863343967226637,1.2751469772788744,1.144191419274681
173.31224548524077,1.1210315943389613,1.2734790085297851,1.2702808406463169,1.1309999869343914
173.53320220608714,1.1200039718420145,1.2692072449928367,1.2686193593570438,1.127447199139061
173.68452233256062,1.1149656586926133,1.266618501036772,1.2622490813077523,1.12079585344579
173.70457151352448,1.1080574509237129,1.2606365753316813,1.2590446057812097,1.1156877638930027
173.78119634640055,1.0971106701131035,1.2492644305412193,1.2517708451178697,1.1082114431325047
173.83693728500975,1.1035787029340118,1.2436276860200675,1.2488949543802177,1.1064911316628216
173.85136652352614,1.1065305608414204,1.2392051221874507,1.2486173967497773,1.1053681945403384
173.80625614285145,1.11137926009167,1.2359052358966691,1.2480577720972807,1.100243376673469
173.61535533993768,1.1119901223503528,1.2325763969251016,1.2403709350582393,1.0984839651140945
173.46823497592476,1.1081804329890363,1.2324240396117487,1.2404260577532815,1.0953371466374717
173.4637022334132,1.102633504827859,1.2319742240385112,1.240026426456907,1.0869389164997005
173.4851441783631,1.103779997574451,1.2329991665679059,1.2436694913297892,1.0895862941460115
173.35085673574304,1.1143371855585404,1.248387598828555,1.2537149481630407,1.090105382136897
173.39659273079516,1.1200628239230763,1.2538223872646639,1.2560682291646204,1.091156387157784
173.47742925896623,1.130921379759138,1.2649284573257247,1.2628630119102318,1.0932859037826241
173.4434211761417,1.1330650716469068,1.2633648263632287,1.255062647830271,1.0812205658000462
173.31833893508755,1.136270233198303,1.2697526152121426,1.2588052667062546,1.0748042164412717
173.31252915211041,1.1405189374825726,1.2779986029511865,1.269882858138974,1.0793954694391852
173.16698177340405,1.1459430443715153,1.286301145406982,1.2784073267673184,1.0862379012051246
173.18779795994917,1.1516544205132406,1.2935533047285972,1.2863915872077798,1.0902659786471123
173.21298030695277,1.1473104543874133,1.291727419064158,1.283441513240087,1.090106020271927
173.27610799016094,1.1443359800265558,1.2876454506049657,1.278519151969815,1.0857746720406598
173.26779727144626,1.1403138359210616,1.284449889331596,1.2735686966538289,1.0807706759588838
173.22374880936204,1.1384885116273493,1.2807401947670198,1.263357727638817,1.0764815412702928
173.2990520269079,1.133634215375562,1.2776468930173768,1.2611993727533708,1.0757055994648397
173.38209560870132,1.13852006671318,1.2807780978637653,1.266168787120054,1.0786513750881452
173.4719672098142,1.1421319854883127,1.285228884539313,1.2725362578287172,1.0810698170470303
173.6661309404086,1.141247962347484,1.2845161222999395,1.2709499840432077,1.0775932308040117
173.73058604049865,1.1400606034928062,1.286569105397548,1.2698283691766714,1.0779022232470123
173.7876344950387,1.1397223903532783,1.28294556911112,1.2681928389176809,1.0757183729681559
173.8680761195331,1.1383269735202663,1.2840062781078072,1.2674623981997652,1.076091227068703
173.92962403785384,1.1396099405882836,1.2840056850490182,1.268872468760623,1.0761798441097692
174.0079563020819,1.1397329526053408,1.2860158576148137,1.2719374562670192,1.080340046522791
173.97623255293917,1.1375463134880621,1.2875747507439135,1.272107898788059,1.0806957619975077
173.93873171722208,1.1385145023613352,1.286447811089482,1.2746342161512878,1.0813144553771337
174.0618960153572,1.1393448120640304,1.28823728270521,1.276409428416305,1.0795166057094525
174.200098293359,1.1369091241040745,1.286195185498005,1.2777510083893155,1.0789232403521922
174.30317684881882,1.1365612160624698,1.2868775455076293,1.2783369194193859,1.0797006538656608
174.35215696195533,1.13498413704487,1.2869157406960383,1.2790644769452997,1.0806921803581544
174.2453744552801,1.133094319139834,1.2865995499898553,1.2799701790765299,1.079800579026771
174.11963663788887,1.1308378732594289,1.2863996636156922,1.2780171279183976,1.0758832897164725
173.91264344059576,1.129550846188541,1.2863875544456926,1.2759424673307729,1.0753560911878761
173.8354600733228,1.132252365416285,1.286862732697817,1.2762245796186307,1.0731273672845798
173.75556089298198,1.1335411987951534,1.2870938985354377,1.2745094678799076,1.073782533773809
173.63342965191814,1.1378776759546256,1.2912690726693314,1.2778679137464177,1.073407038902096
173.457549455182,1.133831391175818,1.2861182455132678,1.2730616641921293,1.0703532879868491
173.38685162208483,1.137751560388074,1.2863556195754444,1.2706369669933844,1.0686695136478845
173.42316065388238,1.140819254913958,1.2879350634300413,1.2754046363317966,1.0704451866099187
173.4321713241728,1.1437065356761091,1.290684416854383,1.2775348325525733,1.0727293490063352
173.42051645502957,1.1507971540475317,1.300563312718462,1.2858813360286574,1.0796601246215287
173.4475401030015,1.1434283019562594,1.300264429726437,1.289240242858648,1.083531575392305
173.48194034552066,1.1332450633648148,1.2978148358605213,1.2878668413399261,1.08104029730828
173.4487848018621,1.1279030023761218,1.2921396402920062,1.2840721663140429,1.0773493288368228
173.48014886018586,1.1320283247608889,1.2921442305563282,1.2840955397484415,1.0755588006873151
173.67841754510073,1.1279140883965488,1.2836689954012117,1.2790237017384554,1.077495179958133
173.64615225840134,1.1238061273933402,1.2786049688904901,1.2753673195228374,1.0764906687820142
173.64728811372947,1.128479430226163,1.2817759375063507,1.2779949042368468,1.079471663593051
173.45191300206938,1.1276584418574982,1.281457045896879,1.276510295515985,1.0791443292637293
173.2491969074421,1.1259869982118367,1.2783305386806352,1.2724749907653012,1.0739551813807582
173.01746348053487,1.1281018425686593,1.2793162461097984,1.2674560885091473,1.0669770534975984
173.08259682487403,1.1253826119833956,1.272855952032731,1.2634817468465829,1.0623612805810996
172.92334292011063,1.125172467690576,1.2725680254426555,1.2626359894534387,1.0620094351423117
172.90308558021928,1.1276785297920033,1.270837760903628,1.2597808771648857,1.0648058737926305
172.89500301495895,1.1313612670088877,1.2696638519202923,1.2582908036277365,1.0674260457366522
172.8976951328536,1.134243896838207,1.2695610757237663,1.2590779180608291,1.0708081133237075
172.95508548794402,1.1378553224391537,1.2743100926033428,1.2614748474161166,1.071449660810287
173.14604425948826,1.138520904470397,1.2744985421104003,1.2577360814814373,1.0672613194385272
173.30557638266308,1.137242235766065,1.2723801895476834,1.2550921508709718,1.0638934903069486
173.18249324604326,1.137569434107158,1.2742672430413011,1.255604478537581,1.0622885403029254
173.1413735161316,1.1343782743987483,1.2728975498650432,1.2544184149740023,1.05892827223709
173.1605672604486,1.1387545759283195,1.2767299569145159,1.2561686762560103,1.0595278400996548
173.33901215503192,1.13314158976284,1.2709381850829484,1.2530027423906858,1.0577496772230497
173.5247925127089,1.1293985959408204,1.2688206709997334,1.2527092572032397,1.05538359546714
173.6432724912752,1.1263997342808187,1.265709238284386,1.2528377301631697,1.0548582287501367
173.63272060990954,1.1265410348109475,1.2672537757410145,1.2538987495309368,1.0558494458137093
173.5214096458742,1.1248335302373262,1.2639162405195372,1.2533828199119006,1.058081963176525
173.47098003555953,1.124183026676476,1.2615941970349263,1.250533088399953,1.0552255590738597
173.41712393089531,1.1246495807172017,1.2626226923093766,1.2528565351686962,1.055606734636323
173.43592768527128,1.1237599735608053,1.2632373718264225,1.2548009179820074,1.0549882036418505
173.4923169537837,1.127716208737046,1.2683111980521973,1.258369690469135,1.0573223367400142
173.62273902658188,1.1302999072896824,1.2728875959686825,1.259531061515029,1.0607956463592856
173.5685520249356,1.131170446188258,1.2747367390924675,1.2619464403666907,1.0619461009828925
173.48227893406437,1.1367809885562086,1.281214942227039,1.2673347280374596,1.0653666785882319
173.32560277146177,1.1387711694495684,1.2817076025933254,1.2678364417157613,1.0659028756032392
173.22166985981437,1.1402810485613968,1.2834654604160014,1.2699225438195807,1.069199464180939
173.20080361246568,1.142825539943985,1.2863933821969278,1.2715891234324515,1.0717752077475355
173.20999528232417,1.1443050381698352,1.2879292860937122,1.2736338857717284,1.074722081405524
173.17467895839422,1.140285226267081,1.2834797309286,1.2700057769094086,1.0718541961596375
172.97152716099245,1.143481445423364,1.2909457576468006,1.2727133519081077,1.0734621058877731
172.91475604174295,1.143029993992832,1.2907771527646674,1.2775457802587926,1.074526611470198
172.95721642117422,1.1455423305223458,1.2876164405533408,1.2756961720673035,1.0733085574524681
172.77505842741388,1.1472133034566694,1.292275138735039,1.2755014277059824,1.072045015465835
172.66025644595553,1.1471240631900537,1.2922759002321857,1.2763298645357732,1.0698183856671186
172.551460254208,1.1488766278660352,1.2910116853716398,1.2769390821876765,1.0704126809821486
172.59163769273422,1.147110197146179,1.286205303016216,1.27719713940952,1.0685967605999962
172.4823883499797,1.1403981331756987,1.2810902112333316,1.271798342915075,1.0630701001861935
172.55238245067346,1.137749509702224,1.2827237708586499,1.2717594510793109,1.0632008900931842
172.53561946305047,1.1361490665641656,1.2848691336446867,1.273189565025273,1.064481559092578
172.5103379469828,1.1350803615293472,1.2830969966109251,1.27098353619802,1.0651604755594903
172.5303011114531,1.1374818832841045,1.2872126932392833,1.2745720915846495,1.067155755035563
172.54608318237527,1.1388747674049435,1.2880139372921129,1.2740085321329093,1.0694836829909442
172.47552350773515,1.1408824663840669,1.2907195630090362,1.273358797773,1.06940512734413
172.50367180728418,1.140239591901032,1.289636012731716,1.2737754895055695,1.067619431990604
172.4706365901506,1.1428027411049784,1.2896608710133084,1.278358632218212,1.071293633877704
172.56841088122664,1.1418015001455806,1.288427088745612,1.2750082404574283,1.068822179076874
172.62822352125505,1.1428894434942178,1.2922807920774633,1.2753596029658405,1.070723577463973
172.68544155826592,1.1453293215353268,1.2956793154821857,1.2771226004646863,1.0727776314085062
172.69772671809616,1.1476238364605973,1.2972178940479817,1.2788755609596303,1.0745783443956605
172.75843138033224,1.1469370345390728,1.2975696604681688,1.279837006992884,1.0742828358809011
172.64664683951767,1.1468616520909918,1.298414768431221,1.2780640285738494,1.074178257630491
172.6854027393015,1.1456436152206242,1.2951319347743913,1.2786508882321201,1.0745135258090104
172.60909990498004,1.1440096937578679,1.2917042228828262,1.2767341983907141,1.0748709444185343
172.57562940394894,1.1401091555636678,1.2850264479577826,1.2740414877126802,1.0742381128201752
172.63796915363503,1.1382134642575379,1.284503658178783,1.2728821980754388,1.0763811332168502
172.6494584332371,1.138144710228683,1.2862724842676165,1.2721481512012316,1.0749519274316128
172.54544117287475,1.1373869391309883,1.2885979595551738,1.2705503211538751,1.0709573041896465
172.61609291962043,1.1432501672439774,1.2957233797350336,1.2729284660459275,1.0726813191127063
172.56221777339437,1.1442911547035588,1.2972329261036553,1.2711689333579577,1.071025712259732
172.5168906791587,1.1448290504026208,1.2977245238450537,1.2698615596726714,1.071074727635978
172.39872343122173,1.1445605030559296,1.2937050180270497,1.2698295426394037,1.070540063087551
172.30009201273737,1.1436047186126,1.2913343002157744,1.2685072868862246,1.0703446117080766
173.16516396451212,0.9490213453550279,1.0122886321300946,0.8073889709849688,0.5196142025382141
172.9750851949282,0.9832537300073447,1.0628298789520267,0.8877561466536449,0.6042431935395397
172.921197911113,1.0424077339070892,1.1428059196146507,1.001713920755044,0.7527096175126782
173.20717261028312,1.0984747666328176,1.2153559332102142,1.0911893066252734,0.870874109139182
173.51918214848703,1.109563017499792,1.249102806277721,1.1536696085780818,0.9535317343298411
173.71408026560815,1.1101644084931515,1.2631434839581859,1.195230240016256,0.9986175661288561
173.72329507228895,1.1122090156027271,1.27514124693577,1.2208414011868056,1.0283685333929926
173.7064961764319,1.1161710083372833,1.2768159147948928,1.2399262063001928,1.0574830124102947
173.70166385240688,1.1211233545628398,1.2812708430729784,1.2530010021211917,1.0841719729593164
173.7107000211428,1.1231413214483237,1.2828196113817647,1.259487118110646,1.1012947283899623
173.72426588002926,1.1245359375750283,1.285559314692487,1.2620556676592412,1.1123971354206068
173.72844513516816,1.1237654382557352,1.2855615388756827,1.2603448630792293,1.1160149410264535
173.76423224827778,1.130026312526963,1.2897729590903118,1.265977834003787,1.1230804241218302
173.73671492024218,1.1339255363631668,1.2902424127613796,1.2711788734739957,1.1276558473031228
173.7088208298103,1.1357336730171423,1.286662227721463,1.2709348114724648,1.1265403178837488
173.7827900512942,1.1329422264649636,1.2816733187370535,1.2774280222258312,1.1290665345718873
173.8113537307916,1.131220625169319,1.2799662732184194,1.2832647818575593,1.1297787947651807
173.9220266223764,1.1264857702732165,1.2759995383265976,1.278113676369751,1.1237972018826787
173.95434521079724,1.123838871568096,1.2753259740909872,1.2770659629057841,1.121617770703274
174.10347587751596,1.1149367803807173,1.2670480325888338,1.2727123754858336,1.1188780604172006
174.15691885705323,1.1152238889386235,1.2649677001136086,1.275482291389527,1.123825672441472
174.17870420839824,1.1166266608399336,1.2636915394825419,1.2744703210906883,1.1242824159185998
174.22204372294476,1.1209730938567235,1.2645591906214193,1.2789279355823617,1.1250723674954748
174.17066278850461,1.1241415527876117,1.265118403055132,1.277555123444271,1.1243442816088196
174.2367274177862,1.1252587657392439,1.2641766997600703,1.2774642738476063,1.1240742994244048
174.3357288512452,1.124863104010126,1.2595082882458795,1.274009797650221,1.1263842714280412
174.38913603566797,1.126492679966742,1.2588719743327639,1.2699063035301246,1.1306087008107482
174.41024773171614,1.1285549768744945,1.2599359514185817,1.2666602234579023,1.1303868310711975
174.44823370379126,1.1250421570143876,1.2579404384748738,1.2605923916601256,1.1303438065081528
174.59496534559167,1.1177417216502672,1.2514343620914359,1.2523889425474921,1.1264148708762556
174.6550430864966,1.1076212388919289,1.2397224311139154,1.2396006665936026,1.1151048329245428
174.6674783558888,1.102075988989847,1.2357195698039596,1.2312597183784528,1.1087480255146418
174.7368630223265,1.0999729494283081,1.2312497411329022,1.2240390549683196,1.1058489625918762
174.90680726516027,1.0949261355405495,1.2241040334296394,1.2160992142362197,1.0982897031477292
174.95205569506504,1.0924310857343642,1.2217092295330274,1.2143806517687,1.0919469222825144
175.03767219573118,1.091917080000234,1.225245771492555,1.2129885619772771,1.08928043966007
175.07967106480643,1.095100398520505,1.224758362147896,1.2105102808814334,1.0815818192570044
175.07864511886157,1.1015934815336692,1.2265366199494177,1.2109526631472365,1.0766515666851921
175.07215594672502,1.1048166402876307,1.2283156887143125,1.2147082118200911,1.0749542386035695
175.009271657668,1.1035140792012024,1.2315366746164185,1.2135918937678056,1.0804081164044546
174.92519589825872,1.1101341167939776,1.2350180161174722,1.219356377628575,1.0879962778506758
174.85577529919257,1.1114132182837275,1.2372186038704271,1.2220285281524585,1.0944481369435113
174.85135604951753,1.1069045695686643,1.2350822314543326,1.222081901042569,1.0956547949554498
174.85493480610805,1.1066206725429713,1.2365550958057556,1.224738557885871,1.1004770479451917
174.84302954460023,1.1059130495126508,1.237152324315001,1.2206395062969393,1.0975621178540182
174.8274374546731,1.1056271934478528,1.232733918472779,1.2223584570995405,1.0954939399256125
174.73332911144183,1.1113876956844158,1.234940979834112,1.2279247659834505,1.0973896528041713
174.7361129864391,1.113578774893334,1.2373579936873582,1.2313139437921627,1.0999655237177999
174.73792448868667,1.1179588694112401,1.2382090938536279,1.2309939001442227,1.0973759604282671
174.72877073649556,1.1202955761736197,1.237581900304564,1.231894663771481,1.0997056731526056
174.72418999474968,1.1230156332005707,1.24207557340287,1.233133919873549,1.1033909878370631
174.8198909201862,1.1274887220218648,1.2473847536594174,1.23311847556368,1.1081138345161903
174.82565274385902,1.1287869664922754,1.2495175811037984,1.2348373329719413,1.1117009081396458
174.7678057898723,1.1305399989603055,1.24913088459683,1.236313437367346,1.1069919237536727
174.78619997038558,1.125807205945068,1.2434624741294131,1.2315782129370014,1.1024828608728798
174.71560518394693,1.1184626993932805,1.2337651201549291,1.2215587851577385,1.094116857595915
174.5332782029166,1.1244900929471002,1.2358379172676763,1.225218737757505,1.0965751676261195
174.44553896944524,1.1251441441964554,1.2337330046046378,1.2209699736937245,1.0984161222965623
174.44610864207343,1.1242178117330768,1.2338347368492668,1.2205615886234238,1.0935616503200194
174.32142126989496,1.1223910213699906,1.234440674577244,1.2220373269253053,1.0929813880088732
174.39531336873782,1.1217085832657043,1.234567856354089,1.22111099610251,1.0892311618360573
174.6791747769426,1.1193124918842525,1.236488881983899,1.2276085167769804,1.0973184132645697
174.8327941738613,1.1205032109183073,1.2385732233872782,1.2333981051262386,1.1031817915318667
174.92994954310606,1.1137598176894394,1.2346005409804723,1.228655108627695,1.1026381850872624
174.93106209549634,1.1131240852956492,1.2325961148951128,1.2262629850773816,1.0986036163134445
174.85328032414802,1.1133774550871491,1.2369255115272393,1.2239534546289876,1.09307692234071
174.93538845436734,1.1135427185661186,1.2404122111449951,1.2194472250263346,1.0912747400749698
174.94145549691316,1.1118137320149273,1.2395977327899728,1.217538011709129,1.0859140563724636
175.03318248817592,1.1104352042023395,1.237451761903747,1.2147997733334357,1.0832922240336194
174.9805710031442,1.1102763745546365,1.2350234368681996,1.2151630443568622,1.0846645310452958
174.96765527183095,1.1143106776235827,1.2386645407324495,1.2187689614377206,1.0889823352048031
174.88498167350903,1.1179217658042393,1.2472574697972758,1.2199474033716364,1.092468971331784
174.75984326420996,1.1179967133048083,1.2502379972915572,1.2198352087499778,1.0961798552926412
174.69068411960512,1.1205192360836482,1.2534736549090106,1.2181288743286849,1.095105469031638
174.68172224867843,1.121533034316338,1.2579263496382294,1.2189626736365755,1.098994765922731
174.65587911899866,1.1241239074419525,1.26347603061967,1.2192632112950046,1.1023064920489343
174.65857429816046,1.120900837692224,1.2624004982347377,1.219758895418178,1.0982932069210047
174.59542920200477,1.125470378791447,1.2662452890558005,1.227888372758781,1.105832211962009
174.58795261227797,1.1227024700445951,1.2650844656746185,1.223098922080408,1.106205803527713
174.6178783909748,1.126387450685745,1.2670433479549632,1.2284842049551352,1.1109547038881336
174.55192228749843,1.1252370587660983,1.263963727812604,1.2312234448334427,1.1072755043934177
174.5354584925852,1.1295604779655561,1.2669308293808794,1.2333952157274017,1.1090412081843808
174.49759023558187,1.133962102632322,1.2683117142185742,1.2351609948985751,1.1089698665416081
174.5201013302083,1.1364239776089253,1.2677040605760306,1.2354122812272692,1.1077225771876076
174.5238212504945,1.1331431253534154,1.263688037699081,1.2323831208521638,1.1084713041402403
174.49224750857132,1.13435822174668,1.2673074049206434,1.2338087220200358,1.1092229776950706
174.4417172828422,1.136218610919821,1.2690965250539294,1.2335430296437702,1.1098568778262983
174.40190432567843,1.1322830774633186,1.2674507018986603,1.230942422017661,1.10624215390699
174.30942929799954,1.1344364795603166,1.2677618376736408,1.230401735037136,1.1078292012473059
174.29434618017365,1.1312132941254571,1.2635303665744009,1.2286446747082913,1.1061798667709943
174.28923182906908,1.1296276004766312,1.2626382544040633,1.2295399368190527,1.1056814952046987
174.33152899078917,1.1288142928523646,1.2628977251580547,1.2331433803662104,1.1080887093960983
174.27580418989885,1.1285472540613088,1.2629461534279125,1.2357383545785563,1.107281436047242
174.30292698596213,1.1289746878069902,1.2657922591591408,1.2376114857994598,1.1070634476009311
174.36985267672927,1.1287758929590215,1.2688493046777791,1.240888886495808,1.1092319943069948
174.37959841794444,1.1285166353318452,1.2690338245132486,1.2394812846614565,1.1069481927343907
174.2922094910534,1.1320927481262222,1.2732647616674624,1.24508859204812,1.113099821650104
174.20881562280334,1.1333997060632566,1.2727758972927112,1.2444284825175338,1.1161194240650956
174.119887255314,1.1378458046250035,1.2753935878118385,1.2489743875631372,1.1184443184638644
174.08287535763841,1.1382200419733381,1.274067346131619,1.2441954910294784,1.1132362635595943
174.04803503457262,1.1387281891415548,1.2732840018082787,1.2428424271308254,1.1162098827395732
174.07530508899816,1.1348458157894121,1.2711632713398027,1.2432041311571893,1.1126980142608216
174.05881855307112,1.1344078518121954,1.2694594311357543,1.2435357160669214,1.1092689308456536
174.09331826444952,1.1357705291002842,1.271365975930793,1.2459838983808624,1.1089649690882235
174.1342144798363,1.1365150375835085,1.2725736450876917,1.2490551570222117,1.1096204740917162
174.11251678469625,1.1363007655613748,1.2708640275469338,1.24836237443388,1.1128097579644127
174.14036050709987,1.1376627727752624,1.27474490360072,1.2515468192233568,1.1152841928865598
174.12675044980358,1.1398568654746204,1.279693187210488,1.254280260457343,1.117695345750676
174.107973696655,1.1401059790912378,1.2820881094711096,1.2519293035740444,1.1169482452934472
174.14720495792704,1.13941455581611,1.2833882733334188,1.2543445585394257,1.11688095475897
174.13985467098448,1.1374825096388754,1.2799293677717032,1.2524121818254885,1.1163183069702534
174.1297594527258,1.1338950306419668,1.2771506540580777,1.2481291399619254,1.1102396506934227
174.16513190897888,1.1324941903895684,1.2760342280961678,1.2464301266135518,1.105367369171319
174.17194777206237,1.1307289684547395,1.273918498183301,1.244957553074598,1.1045627969641012
174.15461146202287,1.1311057448000008,1.270833308226914,1.2433871351675443,1.105586525160148
174.14962176697978,1.1292947953417558,1.2671747412329473,1.2412817843934172,1.1014286120204182
174.0948879682702,1.1282929967191355,1.2655626938144577,1.2393641160049915,1.098654917114876
174.12667280975833,1.1295769319324,1.2670362803607365,1.241807663770301,1.0972327988024075
174.09937107334127,1.129767089708212,1.2662518988009932,1.2421162796911736,1.0957504499170265
174.052458475313,1.1335103364021746,1.2728070351145904,1.2451745010631456,1.1004257856119855
174.05012276082326,1.1320727633429233,1.270649252649639,1.241753307039963,1.0972169910901168
174.0276944228006,1.1369452642363267,1.2742244715227842,1.243997311723802,1.0982699094749888
174.10531977208194,1.1342946543892327,1.2693707119458826,1.241960026643253,1.0970455895006728
174.1459284762867,1.1319138520997145,1.2674464722143723,1.2418766705185238,1.0956349345453484
174.14938370349452,1.129208020475962,1.2645876492879673,1.237758831842891,1.0944611145727077
174.1777125017377,1.1306808836670705,1.2683227260061751,1.2422440944508273,1.100981281160465
174.14077858014505,1.1283712088106004,1.2641569302502573,1.2365663113910335,1.1014329005453032
174.1704108451709,1.1288386855518107,1.2651848291893764,1.2376676398981967,1.1003507412513074
174.1832312549972,1.1305709959022112,1.265519431713431,1.2353828972023115,1.1003850914054032
174.19775055380725,1.13218433705076,1.2670610736802201,1.2341232786572558,1.0986870319464168
174.2562082861412,1.1339962196663655,1.2686160857482718,1.2352389578452059,1.1006597597673076
174.24292345392945,1.1368769943657346,1.2695016879944165,1.2350673012376205,1.100204194560903
174.2610688860516,1.1384262148662472,1.270398670516109,1.2393550351099507,1.09960136596195
168.76186490314404,0.9878495104490335,1.1697776867762826,1.1196001978862855,1.0105816979709537
169.83713920819955,0.9964229012328893,1.1837106541689495,1.147444184143155,1.0440329175869392
170.30207052973032,1.0205835883805965,1.2251859023457,1.2095634273629265,1.1020630910753242
170.45087419593997,1.0417252547312146,1.2835998263905923,1.2761679561165713,1.1715641148096239
170.9892266075888,1.0680148890073287,1.3291119641883753,1.3144091995942555,1.2157909288115512
171.66448301811272,1.0878222770438741,1.3407573474929992,1.3319852911511556,1.2344803584605655
172.16834674646813,1.1065572345667392,1.3528258040982295,1.346962521224455,1.2337331925491135
172.36038611282345,1.108884443796811,1.341209732381466,1.3424961126898958,1.233548758405309
172.38214944147535,1.1106905490509085,1.3297525461326158,1.3271311824648493,1.2232698664006618
172.5462247916633,1.1194692437549434,1.3268300999698703,1.3229074431558625,1.2164775057588104
172.4387934704423,1.1279425918946544,1.3291153886813019,1.3242773460934263,1.2235304251580426
172.29447086921738,1.1289717604166758,1.3286708470801918,1.3357806383046609,1.2299778749428791
172.2856745272295,1.1321794761175559,1.3318543214686756,1.3448950146722456,1.238147962167851
171.8978188973999,1.1435153868944632,1.3423968734294192,1.346154223124546,1.2461518150234114
171.5874334507832,1.1500882492108733,1.3494139917756953,1.3488628624353207,1.2473859719673546
171.35789730861993,1.1518427433591807,1.343270956057,1.3436686701715554,1.2415653159513933
171.2230415456371,1.1488514887597492,1.3348547930658943,1.3362706842485597,1.2355179792272308
171.07142436417553,1.1464964465541192,1.3313078738052873,1.329127327920289,1.2275948628951305
171.04015626787606,1.1479304000610575,1.3298715404456203,1.329478438569383,1.2269520599330495
170.98495480400152,1.147908566057188,1.3280939503527904,1.3277150095613888,1.2214926268596291
170.84820907412023,1.1418159753446466,1.3197302821369108,1.3173233482320368,1.2140532063664304
170.6900671809829,1.1415292483234245,1.3170672505629262,1.319670548086364,1.2146283083084517
170.5758377298135,1.140432977062716,1.317189160392751,1.322335194165014,1.215442841989214
170.491436410613,1.1341629321866358,1.31132864205839,1.3152865213401237,1.2081680038740588
170.4571465154186,1.1326055328894176,1.3051486971620858,1.3097781539036928,1.201893430710364
170.44012496332684,1.1300682023156172,1.2986995711298897,1.3008287509258434,1.1953869237100516
170.35123010043665,1.1323748897947212,1.2964830196645065,1.2950343428574695,1.193158759140086
170.23550115654345,1.1288950429350313,1.2936662846310363,1.291087120984707,1.1946132648618093
170.1805902438558,1.1258339243047737,1.293292942113284,1.2893566301097557,1.1965546850666786
170.0795090082566,1.124500335443301,1.2987524469643854,1.2955401406683906,1.1981968077045215
169.98230480550228,1.121705710512349,1.3026810535923858,1.2967961005216015,1.206336092731045
169.9310954905374,1.1222108934959822,1.3056542106352464,1.301247638756677,1.2093068973960763
169.88378894395416,1.1265712254681883,1.3130260002173133,1.3080342468350672,1.216442750898967
170.05550461561384,1.1296431210942668,1.3220296051253269,1.3142979242654522,1.2226453754615183
170.0781322975224,1.1319519156989375,1.3300490368170048,1.3229442198521295,1.2291698645124163
170.2048690514595,1.1372146205199483,1.337942710995783,1.323748977778143,1.2306204704606256
170.19332220830577,1.1386474812152705,1.3403594540864583,1.3243507056941979,1.2229507858759296
170.1320456247455,1.1384120067162156,1.3396772158304147,1.3241828186774125,1.2199998306325623
170.00180439093245,1.1415715753203208,1.339107076177815,1.324244504289148,1.2188591768121735
169.90921870034833,1.136102214173832,1.3296833729995703,1.318816118366496,1.2152172215555563
170.0416403149814,1.1353172712846171,1.3276810670062638,1.318038176009748,1.2153284972724088
170.20385670183597,1.1368087326586813,1.3322726982313133,1.3160994674356226,1.217232855159227
170.37389144492846,1.1370050691456044,1.3384641782934026,1.3127033329686764,1.2167169217818454
170.6500073401847,1.141407206108896,1.3395619350812906,1.3130233691488118,1.2171231066342292
170.77478709619945,1.1407402450792317,1.3363867466390473,1.3063890712114345,1.2152348032977012
170.76576519893467,1.1434732905668266,1.3344327011842347,1.3067304636063446,1.209787516040135
170.7511080018512,1.1436220004041648,1.3281213444149078,1.3058360920225656,1.203551046923855
170.80192539267304,1.1435587555509548,1.3218820660301653,1.3090755524975621,1.195525785997277
170.66668888694718,1.138372281665492,1.3082059155920727,1.2941082311812993,1.182274835449523
170.5218256907565,1.1336216386291267,1.2995068063267732,1.2959465907022554,1.181761547036171
170.2818070076651,1.1264178378616487,1.2911762685781139,1.302734798323263,1.1816669741232464
170.00045036522533,1.1198136506141383,1.2831453604979357,1.3101666467171358,1.1835892140146835
169.94027379766436,1.1190370177039286,1.2822405087339126,1.3102937436162307,1.1838710803280925
169.9319328995175,1.120200782961017,1.2834794516768007,1.3134394110150078,1.1855674418916164
170.01144386731664,1.1206212588302231,1.2868997450803994,1.3097797504484123,1.1843461102775696
170.14997861294725,1.123155317706726,1.2906139241657648,1.3122462221237898,1.1846428685308161
170.13574298003044,1.121733271449365,1.2940178530833528,1.313543957190379,1.1839921068498245
170.13293993244557,1.1231154646075734,1.3039417203500105,1.3203062434421373,1.1884779062785171
170.11724040650242,1.1223638030615988,1.3118369563365488,1.3211363641521567,1.1906038080334174
170.14838075420963,1.1227534056708486,1.3184150513632384,1.322671284594434,1.1919206411226004
170.2232092986383,1.1230959050176084,1.3214397666005546,1.3281986643128347,1.1942331704169837
170.24903257795734,1.121948614426503,1.32355999921628,1.3286759484327286,1.195106651879644
170.20154611024967,1.1270076858458866,1.3280371848758705,1.3291836502327423,1.1972965774202948
170.18099294612267,1.124847384547968,1.3288039218809657,1.3256113779609522,1.1992259732599175
170.06801819752204,1.12412680073545,1.325268017004772,1.3185012861602994,1.197914293383291
170.05408815791426,1.1227823525109912,1.3217119374755835,1.3179971327854771,1.196253993115776
170.13106144851972,1.1227861388561737,1.316657221324008,1.3185569792921863,1.1983290524739418
170.17759744667146,1.1242199837093738,1.3150766485927972,1.3185808042237523,1.2000801244683552
170.11270424655893,1.1214565107714718,1.310652775758228,1.3183472481859184,1.1994041778363609
170.13969596935812,1.1240206457666648,1.311034685213241,1.3191042093762895,1.2007692050846845
170.18366897183267,1.124762230559084,1.313130989218748,1.3220030411221078,1.200262237042126
170.19581093151072,1.1226734442305488,1.30761460193761,1.317676321043259,1.1993103807687069
170.24176073153376,1.1192868021714315,1.3010666410364409,1.317000975236569,1.1989427906014103
170.17397744332527,1.1178278745390076,1.295359644102466,1.3146418165930032,1.1899310090867365
169.9868992047551,1.110697397795039,1.286435494644247,1.3055951387844498,1.1838636515434857
169.99421843379426,1.112507916869003,1.287890454036385,1.3076155924595974,1.1819822246475453
169.97472101257821,1.1125752733922232,1.2875816885300888,1.3068390884707974,1.1783721997966954
169.95800187685336,1.1112585769837386,1.2872597979779683,1.3060267663152212,1.1760841726023588
169.9484335081658,1.1100567763056923,1.2858859717838234,1.3075654905391658,1.1746125788813089
169.95853189218525,1.1085127009273177,1.287518696764833,1.3077670301085333,1.1717235016627943
169.9572680308861,1.103664565840564,1.2844968665246943,1.3024764168631144,1.168460468357697
170.0273999547884,1.1034621978712003,1.2849527269402474,1.3000168674730272,1.1670464298712668
170.15273163394204,1.1042781107415502,1.2876804059991032,1.3013179694376418,1.1697446551106263
170.35533837124083,1.1093095344683057,1.2925231189144812,1.2984552624728163,1.1667796502138448
170.356823022638,1.1087364432230133,1.2940744854316695,1.2990941116249821,1.1697134212690459
170.4754524046058,1.111310094311157,1.2993521755519708,1.3005125037318013,1.1693837077512494
170.4278091549864,1.1104821721303684,1.2978957838826726,1.3027947711540433,1.171155013148923
170.51062042359385,1.1153265753373032,1.3041214907636478,1.3058435164882205,1.17438348250756
170.527234218772,1.114243128742744,1.3026516513695312,1.305775318642294,1.177479690404043
170.4867302256251,1.1137418573752111,1.302775792235439,1.304694379012877,1.1777387641172457
170.51016636943152,1.1179676115745174,1.302956937785138,1.3072100361462076,1.1805724988873671
170.5554899320658,1.120202638042303,1.301984688635568,1.3088111314925295,1.1797513871218184
170.57475665654232,1.1207498150323885,1.3007788017834352,1.3065712247193249,1.1828675171170973
170.54844848738642,1.1191872872385416,1.2997819926144527,1.3059108589360855,1.1858955550563026
170.52137039275,1.1190663103332175,1.296867631266911,1.3057910289358337,1.1875770742560485
170.55698167891524,1.1187528608152815,1.2968246746783167,1.3058278156519068,1.1884651980917966
170.54412698494437,1.1170585058707718,1.2980364648483969,1.308294259457177,1.1893307360635084
170.46216381262553,1.1153878209088255,1.2992175436056337,1.3078889074026252,1.1874351404881842
170.49394541792353,1.1151050070950297,1.2991321243364546,1.3091934999713306,1.1922993666825228
170.37082134588002,1.114754837674602,1.3048262056349078,1.3104484502068143,1.1974263814969897
170.29889073562626,1.1219107083254578,1.3109033349992538,1.3108237450888576,1.2022076583638244
170.5693272768481,1.1295716016870665,1.3192089233378268,1.3183284059363016,1.2077746617856426
170.69489062892512,1.1328369581049758,1.3240517523998498,1.321403405908356,1.2098165591550354
170.9030123815155,1.1338981138288216,1.3285564351214807,1.324893009537127,1.2102261391296736
171.04719691038844,1.1339152862205253,1.3295899914972062,1.324628841700972,1.2111184366582706
171.24770732873557,1.1334561399723067,1.3274916144213376,1.3225153262203706,1.2094683866598215
171.2012197227554,1.1351150414727402,1.3242739368034928,1.3121254379651162,1.207162074380179
171.19052468086625,1.131541231075723,1.3219880903559158,1.3117988451323923,1.2060383590695876
171.23589915852523,1.1342006621204415,1.3254042556878531,1.3145312770397,1.2066377704391973
171.35071211458055,1.1328359253384022,1.3266000121672927,1.3154977370845191,1.209418015659293
171.3243658697098,1.1321690749691324,1.3268031869683952,1.3161071052395261,1.2076209704241299
171.3899638306645,1.1295263604878607,1.3250602416971882,1.3217569027601952,1.2127906486341744
171.395808613384,1.1278396704798161,1.322187051646294,1.3220542369607782,1.2157690316388454
171.42490467821975,1.1260907027050195,1.320187870661431,1.3248936918617547,1.217048014310622
171.47397344112693,1.1261555233817508,1.3228790141439883,1.3262409819783305,1.2149700496127211
171.37505066980992,1.126809071990816,1.3257336616046895,1.3229359358678807,1.2133842848210286
171.38657063333505,1.1288337165463231,1.3261760827523612,1.3249423352340912,1.2126519964143387
171.3911649222354,1.1287374850129088,1.325561202061133,1.3243855493611805,1.2102676181446592
171.43441097170776,1.1256649553283766,1.3213206885453597,1.3216533871951752,1.2099612839575136
171.42935180890058,1.1237855425077141,1.318148800141319,1.320339451148247,1.2083358276353322
171.46508728107307,1.122798055820884,1.3146172971084993,1.3128487354806084,1.2044524150323694
171.51302131140213,1.1241768244436217,1.3122037855802688,1.3096468420123173,1.2006289167932853
171.45508304767745,1.1238944531765138,1.3079755178825019,1.3002643568316288,1.1955643558621782
171.5004231121832,1.1236126025466615,1.3055575238426238,1.3001724240011157,1.1915637107780022
171.49362336125995,1.1239972499134931,1.302857814963015,1.2996716705048008,1.1887059589593174
171.41607224485705,1.1278190279520424,1.3041215342956598,1.2980265620931446,1.1838149097133766
171.33061940040756,1.1278308128107257,1.305834414865333,1.2988712617013276,1.1877451340434293
171.33626014213496,1.1273954485862254,1.3095642764875421,1.3009217842555367,1.190415419652415
171.4484511350143,1.1300424669797906,1.312266600157176,1.306286906675684,1.1925097488378633
170.9888463363944,1.053253860365174,1.1904233233124637,0.9381015214739659,0.7614125190746299
171.43115194879428,1.0909857204647662,1.2315488773687875,1.0126635214829443,0.8228374450044504
172.39560693125563,1.101799365935588,1.247970330871561,1.0853329053826515,0.8873723630774654
172.86541432662546,1.1109978117325798,1.2430355381276479,1.1137334825385858,0.9304257463389262
173.09123235461226,1.1125913676591768,1.2488251999986129,1.1420017139170546,0.9766710642273204
173.6054722821521,1.1069027348488745,1.2439594511878294,1.1614216163557427,1.0144409703240174
173.91823811441455,1.110353521620478,1.2467901802898844,1.1754579091018806,1.0364354210818145
174.15872214873207,1.111139531401475,1.2424331228161323,1.1870817084646075,1.042351923822721
174.32108916423067,1.1094009285200628,1.2398031644583907,1.1949828697390363,1.0509922275191985
174.35746215204315,1.107100138660189,1.2411432532163598,1.2058289006843756,1.06898094475654
174.24576774248078,1.111971312631004,1.248925458540067,1.2167422091561326,1.0822165781254092
174.06842014075895,1.11818699748551,1.2512087725584677,1.2163640359336176,1.0818977181047762
174.01731906761984,1.1189786660567087,1.2466910851898005,1.2155984515446479,1.080265989018829
174.07941489034175,1.12202952118788,1.246614802023391,1.2205085400662272,1.0875248844975203
174.14156901912145,1.1261902900551028,1.2521586954972226,1.2290730419247045,1.10347208370937
174.2894877248124,1.1243630801982074,1.2557134488031982,1.2276146836630912,1.1150535480677939
174.39464054869055,1.1182256268370625,1.2515128067568793,1.2185900550707953,1.12033708338206
174.4732348214669,1.1171506381205096,1.2508845086637344,1.217699912739385,1.1179597705029811
174.57840925535305,1.1106707517974088,1.2416494098123445,1.2089906548794531,1.1093820326771144
174.59014096331555,1.1122917413858013,1.2367737108427939,1.2093186533174778,1.1065269150032184
174.67460730730286,1.1144528219423373,1.2385202031193456,1.2106007930664535,1.1030259659693158
174.54883210003578,1.1116701245059468,1.2377452346366085,1.2094746136461059,1.0969916363631205
174.55318269033936,1.1078423952805831,1.2314190017124904,1.2018051870277258,1.091253515350511
174.61731580891094,1.1124280798638269,1.235384694321964,1.2092334603002097,1.0939649213963776
174.57340443870999,1.111651404301028,1.2383245696015237,1.2076407668782276,1.0917472448765737
174.66986701125316,1.1149800119089213,1.2436460163858607,1.2133560984584442,1.1009352028723673
174.6562522357062,1.1206789189561908,1.2564719417513286,1.223369586053435,1.1081151508120146
174.730249890466,1.120120852824147,1.2586753007874107,1.228703530888697,1.1156128282310331
174.79786667596053,1.1158795838617204,1.2494451862097034,1.2235526913946717,1.1162371943036702
174.81246255997937,1.1111490601246523,1.2419157955311744,1.218387964407556,1.1134314652965642
174.8108135961244,1.1076153833499893,1.2368629883887727,1.2126827117112888,1.1102718133577292
174.73812683496382,1.1115364964674745,1.244225727249311,1.2122821464556184,1.1137293906713703
174.8062629086711,1.1155485602198414,1.2574460730203398,1.2206259027957165,1.117265244740236
174.78802323942506,1.1226229839423092,1.2645094725957435,1.2257866162177946,1.1195572198565142
174.77343670345132,1.1339523921986931,1.2783499626818542,1.2311612405320755,1.1232680349977895
174.72213648821005,1.1383015304317055,1.2792870715230076,1.2323742036773089,1.124900697234555
174.66934214426036,1.143130977362237,1.283752220153282,1.23376984119765,1.1236772262369443
174.6021659844582,1.1426850493065632,1.2830600851986158,1.2350348258276997,1.1217013464369108
174.6136752314069,1.1439721006370827,1.2827348185620884,1.238661082252049,1.1233973808531783
174.62291396430055,1.1483384110900943,1.2863041789536735,1.2449253049122007,1.1298774502183562
174.70656937763584,1.1484520947207697,1.2866175959564286,1.2451078742685204,1.1326711345496134
174.69612768338385,1.1471110784541705,1.2907412578870097,1.246053934074806,1.1373478669143409
174.6936438202925,1.1420800239372186,1.2852043803699578,1.241995879412587,1.1334445605301073
174.7210934830176,1.1388502690325828,1.281521198529666,1.239879624825009,1.132003595189299
174.73128884525678,1.1342782237021751,1.2800810506336366,1.2379535565253124,1.1305855746986655
174.7621148226529,1.1311208633324137,1.2781789496596878,1.2381790509029234,1.1317632739439547
174.71404120688624,1.135810777885538,1.2818345304900953,1.2424370703809022,1.1357572602556323
174.53860066885153,1.1366254563262415,1.2847650649558278,1.2407595314808482,1.1346763700516296
174.45719535342167,1.135139918855808,1.2790437188553028,1.2363904193055644,1.1307294908510557
174.46453777622017,1.1327117048684145,1.2775586752211403,1.2339348716525804,1.1303731573063056
174.50468780216482,1.131408853394749,1.2747029266342158,1.2338874750185271,1.1277102855740344
174.5736276692397,1.1283146051603241,1.268759279091231,1.2295003937713793,1.1261311987011193
174.62994385042492,1.1302013451019044,1.2701927412328262,1.2305745422737546,1.1282066763148069
174.66037689456283,1.133598111587562,1.272828501402585,1.2301468435217051,1.1298785433685112
174.70225165100834,1.1344334084993073,1.2737079100096014,1.2287370198475056,1.129354491293438
174.6473628984494,1.1339302741150992,1.278016796750041,1.2301175423227413,1.1276449288007504
174.6166676588732,1.136725081433342,1.2841934817605403,1.2335308844026187,1.1252040636051257
174.453598101829,1.1363945230091348,1.2817620657492728,1.231614985075428,1.1244734137057975
174.36306527848026,1.1387672185418998,1.2855921170533187,1.2338322564824145,1.1244679596751268
174.34764703110824,1.1432507659418214,1.2902865377694273,1.2397554784249087,1.1296991660950948
174.31385365574633,1.143130284309517,1.290376491883732,1.2439384461150054,1.1314417220371609
174.24697236767005,1.1469294135237276,1.2964691999238527,1.24820097878088,1.1332071249828684
174.22909491438875,1.1490095664388664,1.2972214268583322,1.2492533220281732,1.134211745320944
174.1062245790593,1.1512956438524855,1.3001032738504756,1.2495373887913666,1.1361555719234002
174.09693244297313,1.1481953791233661,1.2949468580908148,1.2473324295243413,1.1363389487067952
174.0491437290369,1.151865569384821,1.2983408717263272,1.2525680463552606,1.13965130647058
174.0637483745474,1.14828682378855,1.295017259456711,1.2495872432557582,1.137936776138695
173.99466815251415,1.1468183620124088,1.2935708563299153,1.251700542911182,1.1385438150603482
173.95793307102753,1.1416975853899003,1.2913451715067827,1.2477742533792768,1.13562943265721
173.8851182838131,1.1461200904818067,1.293713630609113,1.249324651455048,1.1365585382514465
173.83231125708986,1.1440959530739727,1.289785070849818,1.245046024985475,1.132517519941743
173.84193636495417,1.143853751137164,1.2922703073030497,1.2434197059721195,1.132371344700692
173.91994648453502,1.1453945324189314,1.2945764082299909,1.2422138113920462,1.1378393921959762
173.96922651553214,1.1460253944659125,1.2981483797088822,1.2476439546717697,1.1433752365347805
174.0217000696521,1.1522966605247076,1.3058911269721578,1.246587298910432,1.1457519474154443
174.0150582646942,1.155388313280095,1.3077609500381655,1.2478188113529265,1.1461605467392495
174.10351963021338,1.161176585182576,1.315714023718747,1.2552374696027364,1.1502537043118104
174.19848420799374,1.1668610024250503,1.3202881465131646,1.2612262893897008,1.1533835161862684
174.23709086522993,1.1672282824627764,1.321715429478785,1.2637513526903845,1.1544691779397904
174.17875436714462,1.1673864888433423,1.3188140311026564,1.2644994762815454,1.1539563846082286
174.24273005425422,1.1656180364750672,1.3197757328355144,1.262035580692465,1.153697184069291
174.22886828963942,1.1704369190439496,1.3223211939648813,1.2651830951805734,1.1539577489354746
174.29713937462216,1.1740389821744037,1.3258323981673839,1.2608536756980118,1.1526072743279732
174.31056000791148,1.1741231570074133,1.3249659426703506,1.2611962584137288,1.1494278463515935
174.18744487090592,1.1802168013050678,1.3352008214441782,1.2685899640192,1.1506693554304785
174.1888318251479,1.1781122620724616,1.3378422091841111,1.2677193214932514,1.1498891036723742
174.17391139641182,1.177475026955409,1.3329054846207191,1.2695277497288666,1.1506113527876611
174.05583655891644,1.1793154837679285,1.3357464768915064,1.2716015216634715,1.1501008198834235
174.0000549977777,1.168378042651574,1.3239165519679668,1.2601237979868365,1.1417004698830189
173.8823986609403,1.1652457985079627,1.3229246321392545,1.2613463651509675,1.138314746336929
174.0253295997695,1.1600990681093617,1.3189988688346965,1.2583268406287598,1.1362694525947503
173.98091848530743,1.1553375659488185,1.3122698741358938,1.2564416841965311,1.133730615963875
174.1652486468631,1.1516980835588477,1.309509940479403,1.2496449802455456,1.1336080367057997
174.18315223511877,1.145368852262345,1.3034608320698846,1.2388304119166063,1.1281724198624081
174.17823048512273,1.143438572296873,1.3008885543161448,1.2337086088794569,1.1263593231073183
174.2334284483809,1.1397958372051122,1.3017304839594515,1.2323695637896186,1.1262931568574512
174.1083493655572,1.1435101006796253,1.302843887438096,1.237970657706006,1.1292556558107174
174.15272460800472,1.1399452531636587,1.3030044012715651,1.2370086353089007,1.1228340174503966
174.16181519841595,1.1367749973105459,1.3040504947609817,1.2381405159055852,1.117339649737096
174.21438434925886,1.1359287399238867,1.3069741510825945,1.2398761943789371,1.116006401640238
174.2285069320294,1.1392888031699677,1.3113893899071396,1.2441217519060401,1.1151639317391044
174.26449038011899,1.1389003411003615,1.3098187931646195,1.2414474506359527,1.1091728079219947
174.2503780537861,1.1421502202906142,1.3059482960280187,1.2376730846117008,1.1107836276209073
174.18915734370552,1.147799215286529,1.31043706241156,1.2418018499623573,1.1148899003814357
174.21525943589825,1.1501642811820827,1.3085593821883394,1.2448367587645555,1.115669126233672
174.11841549787468,1.1461604199355186,1.3062509210261644,1.2445399700230144,1.1142901846199642
174.18877301421952,1.1444123352119004,1.3014976617149925,1.2435526525584342,1.1129207796073421
174.2000379061868,1.1439815301416256,1.301329115572558,1.2455246404705456,1.1122931305267123
174.18658005110757,1.1423568499946728,1.3008401018716025,1.244357456885692,1.1095616114364155
174.19005735636145,1.1435295563583068,1.2984564870677353,1.2449683594591352,1.1087994550417628
174.18149946233737,1.1469155426842708,1.3005906687209248,1.2459921988667408,1.1093174461426305
174.22686135902302,1.146986358734027,1.298229443201662,1.2477319586387516,1.1114564015212252
174.19349105433105,1.1480841564503035,1.2993852313606464,1.2498155613847277,1.1132901282092393
174.2446433430036,1.1442862346508322,1.2993426114685198,1.2490812143931236,1.1136061678806917
174.2244175639331,1.1411163149039603,1.297626111994484,1.2463791777620552,1.112646684575936
174.19235815967326,1.1407129818797708,1.2938801938200821,1.2460321336685873,1.1119861182125206
174.27945290063133,1.1392014716234908,1.2938341207699138,1.2474880202498677,1.1124735054078057
174.31899538692332,1.143526598594743,1.2912760016386398,1.246455498420019,1.111811772931361
174.2949208234938,1.1466404922782107,1.2947692771410624,1.248897645119125,1.1138431920903926
174.39119952691465,1.1479001010319694,1.2928632544117,1.249285125515543,1.1163214588493584
174.39566460128069,1.1527018153404343,1.2989012547983247,1.2520360917750417,1.1178214003443807
174.46044977644618,1.1550486783817462,1.3044738629601653,1.2538610920237243,1.1208550890401716
174.53576038633472,1.1568065739051125,1.3057765493483648,1.2581246890069335,1.1249158154762329
174.46991421987755,1.1586486315052618,1.3048094039153364,1.2589103126468268,1.125136539864723
174.44983680675008,1.1533423526380677,1.2979641802427924,1.25312015809565,1.1228076148946684
174.38448117601027,1.1469684606182378,1.2940327072547269,1.249054134341,1.1173338942835511
174.31305508821055,1.1400401343694817,1.2898926097493597,1.2487775870688143,1.1137540529191376
174.2234026700016,1.1331996427434463,1.285468386494808,1.244597194062919,1.1094361645712758
174.20440097419635,1.1321106984355545,1.2851056822777926,1.2440207668671857,1.107336273834637
174.19241869837597,1.1322666503767818,1.2856631753046273,1.2468073037459337,1.1045812763487264
174.12650223485653,1.1350305188202896,1.2898308209039948,1.2516799630504623,1.1051046703910845
174.16311711804573,1.1324018596857839,1.2889799733798248,1.2485803076363329,1.104407704754869
174.10627131407037,1.1307020625526827,1.2882171162936,1.2482573320212007,1.1083672926359036
174.16091376753587,1.1341503877253862,1.2893997485577848,1.2493305602742841,1.1122377468229514
174.20272176171184,1.1388735757897201,1.2949345453348269,1.2534494035552612,1.113308389887608
174.2334575374566,1.1403913804354748,1.2967470862887587,1.2540295540386115,1.1125146599300229
174.14567716578054,1.144783326695616,1.299792177949526,1.2578602029708081,1.111884327871229
174.12058498629284,1.1501222515672707,1.307002366242429,1.2575161068500171,1.1081470011620862
174.06495739568516,1.1537415892799119,1.3063119082096057,1.259592116825639,1.108981424598931
174.10130503001793,1.156115046993132,1.3076520266178109,1.2632469833878377,1.110585789378141
174.12510486382158,1.154478670250479,1.3107148357508072,1.260537751518734,1.1058174430325023
171.8711000907932,1.0090429976707653,1.097082933084424,1.0940510991458716,0.9985339920159746
171.44635630294198,1.0697913382535,1.2032340805404886,1.199294450193394,1.0807478802344423
172.0131095828401,1.1283676826413944,1.3101819725486714,1.2762735514230144,1.145162444334159
172.28584982439213,1.1726834399141999,1.3940656545387107,1.3434469198549042,1.2013202602082638
172.64321099147992,1.212872918877827,1.4567877739608035,1.393656950922111,1.2552936096612388
172.74178218672202,1.2274718523798969,1.4856518664456628,1.4166436415461254,1.28658427032677
172.8111701169127,1.2371253879964226,1.501390832450379,1.4254426247383138,1.299961189219961
172.90804872469226,1.2380182422333608,1.4996636737734916,1.4302423578377625,1.3087113247318936
172.9068051907914,1.2236708771057179,1.483524846007129,1.4119965018178944,1.3038898184420553
172.86486424940497,1.2017515632264912,1.4673419129091132,1.3962914683246663,1.2968482516728597
172.67885676076523,1.197469179247163,1.452577538366987,1.3945997429103416,1.2736738262515326
172.51612549708068,1.2069298611442212,1.4621336225602901,1.4099438270441562,1.2472056928700666
172.51414560939187,1.207294928128191,1.4556550525847312,1.4148574505523712,1.2582578779722702
172.50704466055043,1.2045484993742444,1.4482107143880918,1.4013438156907991,1.2461962645721927
172.60040697597273,1.2080202773270228,1.4379218557755893,1.392870956755613,1.2414100228484088
172.82350249992368,1.2038939971333775,1.4230898701859889,1.3838683802014733,1.2361762190328496
172.99435122898285,1.2032480870203526,1.4165359019493144,1.3776736190658003,1.2338788304095007
173.11984291293626,1.1973507822422311,1.405572452226298,1.369409733634472,1.2302011267191182
173.3576168583016,1.1946567729902626,1.3964287968829139,1.3577054999596476,1.2259258678288951
173.44328594337398,1.1968602802778576,1.3969172518085373,1.3620022278146025,1.2257564453916927
173.54046897661175,1.1950236073797678,1.3891358286120095,1.358436232137398,1.2222671940147611
173.59847406469999,1.192147879381915,1.381467102417712,1.3523334094922708,1.2245692266107666
173.743637198841,1.195484819941058,1.3837261995127788,1.356184560203013,1.2261188023018992
173.7181746412697,1.1919564913674463,1.377521134820352,1.3488140454077946,1.2141909138965425
173.60297221634113,1.1839003717513512,1.3624258636346185,1.335483262189999,1.2010718414269725
173.5268342214079,1.1800141202779832,1.3553521669737763,1.3338285416534816,1.1994505847667072
173.4638561216539,1.1821410775342331,1.3554237592897695,1.3339358140077497,1.2012721979403629
173.46782488232924,1.1825117218514989,1.3540973421326405,1.3345367001480182,1.1992804979297005
173.49588801590548,1.185710670175709,1.3598260038981036,1.3418685401691839,1.2072611755804972
173.64963097170101,1.1859487317762403,1.3587677934635318,1.3435680756167707,1.2116774963602066
173.71336169560269,1.1787878745936766,1.353993393511997,1.3383057342608016,1.2099972506751322
173.64030682521303,1.1733654115321288,1.3532009609082012,1.3331673645241433,1.207274912762668
173.48809149471612,1.1662899426355222,1.3476269694385288,1.3293188253717754,1.2043098128344039
173.5848067598959,1.1617171627665357,1.3379782290147073,1.3247157886368084,1.2020029173719577
173.63571386224797,1.1590465720156709,1.3275682936706767,1.3231929588496882,1.1993598864896566
173.67629113991651,1.161665727321505,1.3265129879534887,1.323010875894329,1.1988701496359742
173.73628591101075,1.1583456138874348,1.325751174206267,1.31957279710762,1.2017370619516525
173.8049990267378,1.1568816323256708,1.32476992447746,1.3107162733144386,1.2003283169756074
173.8275394097337,1.1549135105703365,1.3198946724800995,1.3031964785517443,1.1951844826237976
173.93568240581013,1.1587371545396394,1.3244361797521726,1.3036669043998963,1.1976288311902994
173.82909613766014,1.1604486074625986,1.3240319439900965,1.3030201288387253,1.1965823838684488
173.77076364039678,1.1647896813339103,1.3261586238181464,1.2992926602207908,1.1998658816822974
173.55719330155134,1.1680749926872092,1.3261585392216992,1.30141981319285,1.2006815861887177
173.54489377231826,1.1633781353324846,1.3202814272036951,1.299000523132098,1.1983823497982558
173.5014258391079,1.1615663714396869,1.3191117932505552,1.3068645264316654,1.1908221694126424
173.51964475318323,1.15652092492106,1.3151572060579135,1.3058322411471632,1.1849037284828021
173.50550865370877,1.1516210593868752,1.31278244926258,1.306100749925368,1.1806211146694967
173.45188102229028,1.1522872256029166,1.3103225727450873,1.3036723750316692,1.1787137105983057
173.41077171956567,1.1533500289237166,1.3135141988739623,1.3137624868881004,1.1810631434094139
173.4821004031461,1.1527066924979095,1.3133860641284585,1.3187232947191159,1.1869403816777817
173.5741324002825,1.1506645215688238,1.311857970928862,1.3186664179047403,1.182068522849766
173.69620913021393,1.1496356193780868,1.3125087707634178,1.3229124500707827,1.177807135586264
173.77044284633524,1.1500287068630544,1.3131450272829082,1.3264297224153014,1.1804301101722834
173.93751195810776,1.1478164054233104,1.312340166506221,1.328916782737531,1.1848234260949897
173.94510406230847,1.14389138175883,1.3079466089587002,1.3251314432422667,1.184198819457267
173.9494340925161,1.142108727106739,1.3058588660501766,1.3222612912659122,1.180334820993412
173.87196383341657,1.1389873503042425,1.3017190770430525,1.3179660168518126,1.176910702920942
173.77963094980834,1.1350052352319375,1.2963608717960906,1.3150551767363925,1.1735092701543264
173.7357223863536,1.1329288842677527,1.2924545257858977,1.313391579552004,1.1747528585996705
173.72259359485932,1.1342719151019587,1.2954461172750933,1.3149670079159141,1.1791005281108575
173.7366837530373,1.1360446615046722,1.2979386864330107,1.3163153241498509,1.183451111681876
173.8338434985939,1.1397240042341268,1.3004823860903048,1.3152215709940733,1.1810102328385497
173.88620403133524,1.142647049105588,1.3070305349564857,1.3204760925052952,1.1848836839389232
173.9030490792782,1.1444268615678606,1.310579216051267,1.3228031368083255,1.1857132024131176
173.83772222552625,1.1448858550726109,1.307641405282022,1.3184663464453674,1.1840413870019377
173.72565888704023,1.1501952233296684,1.3165157316828922,1.324373108424179,1.189595828871069
173.53143269441105,1.1539648366474737,1.3214468308294605,1.3301240445521398,1.202710265160709
173.21410403138108,1.1577082213667644,1.326216946226238,1.3367345952279341,1.2050854400529967
172.9895062239121,1.1616879309135675,1.33305114171063,1.3410162801693624,1.2153927125785073
172.90027791776498,1.1663383274635326,1.3429490269835465,1.3455616153909231,1.2214407369533569
172.98627531510485,1.1717842572951573,1.3482094041786172,1.3505287775462722,1.22601626620622
173.15812117325996,1.170900200612319,1.3509499577658184,1.347338524060549,1.2315242085041442
173.47322049754234,1.1744158002793963,1.3540228747507101,1.348085696932282,1.2350014722079394
173.66437529129513,1.1762406486258696,1.3496017367061681,1.3440631025436223,1.229520723122215
173.75511443161218,1.1766010281048744,1.3486449356153614,1.3437816575091261,1.2273959027898944
173.64582794481427,1.1760890004505746,1.346703281388622,1.3439389505324881,1.2291146242011317
173.41828340099542,1.1743482085661014,1.3456862039438915,1.3490722722247748,1.2280068945843303
173.1984127053064,1.1669957062673304,1.3434621729013505,1.3499097835889418,1.2228935422997143
172.97488446780852,1.163548807868596,1.340670009811836,1.3463633082862356,1.2175872778267267
172.64980427150016,1.1543599700320009,1.3300692856906906,1.3384320692712164,1.2039877660816412
172.49329981181256,1.153292417954871,1.3274242691387859,1.3366644159873953,1.2003279888218616
172.32789984974937,1.1497329832161804,1.3184054355336912,1.3294858916286172,1.1893929439943496
171.9794745045383,1.143684173748524,1.3097047981480958,1.3244623955505619,1.1777146568099297
171.86348210039174,1.1423505144324366,1.3094938414936954,1.3216877235103786,1.1731901058261796
171.97650405964373,1.1445689252207456,1.3094152679822573,1.3225747270441284,1.1672719824655402
172.04555894168942,1.1462685688487042,1.3110350069936108,1.323057993005296,1.1652580963525787
172.0852174148496,1.1494678706737944,1.313841980929681,1.3255957169523513,1.1641327155427845
172.08440852028278,1.1502719202260723,1.314374539258946,1.3281642623921257,1.1644857233813464
172.14645150818149,1.1511552460293595,1.3150727929758992,1.3273060379236317,1.1679572426792924
172.1709410730165,1.146512915040603,1.3160582741746114,1.3210605625127723,1.173337776044842
172.15217170870585,1.1448911935637989,1.3135686799645379,1.3229250033885542,1.176992048738808
172.15419108065325,1.1402536853191985,1.308382021672829,1.3202852612083977,1.1774940497623583
172.21986992150207,1.1369042165940038,1.3082174449203883,1.316896164716124,1.1824122298674993
172.20074571393297,1.1373645374829864,1.3117704259335277,1.3218509349835528,1.192350005274854
172.3626951236495,1.13882701364245,1.3163255184043732,1.3255256734353793,1.200989198264599
172.5253036586651,1.1420159837311055,1.3219246581777648,1.3310732693369725,1.207600427268746
172.61155065735915,1.1463691955587163,1.3270978104293922,1.3322790891048724,1.2120133538949265
172.87183770717544,1.1449737743024,1.3276408283815528,1.3303677806772842,1.2129345262517721
173.00942212990603,1.1460849090033043,1.3298751909323534,1.334189560408489,1.2182663838695653
173.22766352619135,1.1439181329216321,1.3315058159390396,1.3321425452477285,1.2207347075313848
173.33053919530607,1.1447846271089823,1.328667896062681,1.3272196739673876,1.221043734275304
173.3837831831252,1.1456397182244102,1.3308120506640788,1.3250313312500828,1.22111863901255
173.4636183427509,1.1479153820359644,1.3303897046125044,1.3242370150053366,1.2194569433887532
173.63254059221595,1.1486633294302815,1.3274296163281227,1.317947444739496,1.2156286792453503
173.7662955610159,1.1495720391600883,1.3269541614940232,1.312965242007674,1.2131032746199042
173.78917881865218,1.149021113461049,1.3226464211611357,1.312131520357692,1.2086769299063296
173.71795549065357,1.1492265398433972,1.3188412921855885,1.3148763331203488,1.2055336842472864
173.65711548654164,1.1534381391151654,1.3253629613887117,1.3227156226059236,1.2102840866735887
173.5528203905663,1.157613311505682,1.3308159734523208,1.3338774024195306,1.2155255679020762
173.4212275087111,1.1539320122963836,1.3283600811825043,1.3351173661636584,1.2114655311291525
173.6238576613598,1.152743107211068,1.3241430115815875,1.3325659857213001,1.209859360629955
173.4988229950285,1.1483141797025909,1.3184931586581745,1.333390505726819,1.2059186131437727
173.50897415806048,1.14828696025446,1.3188548376713036,1.3367548514668122,1.2102880219455914
173.4201888625712,1.1502279309915808,1.318493399220942,1.3424004192632493,1.2092386401813848
173.45849104812604,1.1511851311054326,1.318479613209083,1.345694617862456,1.2118619924777774
173.47245782222495,1.1523365953177613,1.3190018537471837,1.3481738896498172,1.211815353852745
173.49732511548333,1.152096454157518,1.314949677008205,1.3472410102921544,1.2109812848189068
173.4901868505994,1.1496621634393787,1.3088327450497892,1.345432229393054,1.2093961549579586
173.42023979195994,1.152309109965949,1.3085001634316495,1.346735034476133,1.207967908328736
173.42752074994826,1.1575918852308689,1.3126324240536582,1.3516216990461103,1.2091918526099468
173.44945132816522,1.1607844023087845,1.3142412153914,1.3514467493672153,1.208500091931275
173.55190368326151,1.1643158747627973,1.3168348917079902,1.3432142655662747,1.2081836373173802
173.5670791600712,1.16471323527106,1.3174271208470563,1.341606335933472,1.2054277663642716
173.64386951838338,1.1656900682944207,1.3219167561498568,1.341119460188429,1.2116911005483233
173.6661889246177,1.1658787412045346,1.3226946707752725,1.3422980076030453,1.2119874548615583
173.66842540352326,1.1660838399905133,1.3231195987951787,1.3399387330166017,1.210910270701218
173.61737517705458,1.1666252426718602,1.323533598713103,1.338572804854188,1.2114558415780612
173.62339786317702,1.1686566475179034,1.325503012493356,1.340210932995722,1.2097082900787137
173.63769428107958,1.167951995198049,1.3226764939488769,1.338495987345757,1.2048446883165014
173.64504627687808,1.1682403601539721,1.3251925357467338,1.3376780988496932,1.2027686477207506
173.6072533873421,1.1667192254551253,1.3240767100580428,1.3371483599299607,1.1995164987335651
173.7780793925402,1.166718722469532,1.323319943842646,1.3353954888298587,1.1980894307691798
173.77238780966988,1.1673307158945097,1.3289545120897386,1.3357806810501787,1.1944610011971464
173.8356293742528,1.1655522542808252,1.3264713981609262,1.3373727932081108,1.1940471810897382
173.73944788910623,1.1675845511835659,1.3307274243042704,1.3384836608567123,1.1926992130415872
173.75783571368476,1.1657203834568894,1.3259100162570425,1.3378963674466173,1.1910104278343239
173.63162375189268,1.1621954483794668,1.321985973673644,1.333926148304246,1.1869772730210475
173.69312076160168,1.1614333753553108,1.3199580297447042,1.3362052433881382,1.1868835027131872
169.21576785997007,0.5138593734695174,0.5139986632710895,0.5179437374555034,0.7033808288028238
168.88397571019846,0.5948665977001719,0.5616955335794162,0.5834839957243878,0.7302617621150668
168.67947949042323,0.681368243369151,0.6758314132072136,0.696716763478332,0.8090600608988067
168.59627909762924,0.7618019947953656,0.7967044462765459,0.8169213252709424,0.8882868998925002
168.1879766859942,0.8419278986439668,0.9209023537094226,0.9303395603351602,0.969545575235348
167.84465770481467,0.9022057572333947,1.0109386695052995,1.0098594496225033,1.0224903344783538
167.63946081407835,0.9579521299864396,1.0996439870939956,1.078919558870164,1.067345861328708
168.01137944000402,1.0017132366600676,1.1834659126504028,1.1464931405175902,1.117101934681973
168.58238888517172,1.042766302889556,1.2529686235099298,1.2068854033353742,1.154285917643782
169.28461427937427,1.0851488005039789,1.3151921125546375,1.2666060773278296,1.1992632357087598
170.26348971096036,1.1082195970863438,1.3496485977783466,1.2957727064297602,1.221227266255142
170.91540611231113,1.1329930692668535,1.3741131579506796,1.3217307338488171,1.228991021132883
171.4664184616694,1.1509160888245884,1.3903805840035515,1.3412281425349024,1.2317747389964322
171.95864812949645,1.164517751480024,1.3947395025524139,1.3436818969867357,1.228407360865557
172.60231790800378,1.1712713826326346,1.3912867472857073,1.3512601108431344,1.2196241040219957
172.92687993601803,1.171322838984264,1.3754752658816298,1.3359724651538298,1.1958541602884962
173.0806761901911,1.165907686653357,1.3486596809930835,1.315390879829647,1.173631593789115
173.30051459192003,1.1589396715874274,1.3280840923163575,1.3011477303013623,1.1573377308365198
173.43343433362716,1.1551316465913208,1.3127074540543384,1.2923029313868835,1.1540295492591
173.52326343870084,1.146989222520558,1.2967403678268348,1.283808191932114,1.1510440948470142
173.4725062435494,1.1449579704752242,1.2916540570043316,1.2805496980988311,1.1494250680162676
173.31679468678587,1.1425343563088664,1.2878128533845221,1.2802418465593253,1.1463841256281002
173.25889046682448,1.1428598087405526,1.29033905252225,1.2822554409356717,1.1488357124232438
173.1700948558239,1.1409125741435957,1.2892224128481977,1.283835204137904,1.152197191227948
173.1283609272575,1.1418810623728144,1.2940824305141343,1.2890304380590536,1.1586347658827738
173.07623502775945,1.1412580177532048,1.2962664555926469,1.2898907263094936,1.1714256909903629
173.09760645136774,1.1455596972355842,1.3050395582976246,1.2971155051949714,1.1823188191404048
173.067221159249,1.1460354759815106,1.303418142896597,1.2970635625227915,1.191058628624467
173.0886223633899,1.1471994391772844,1.306607846787501,1.2971484610186756,1.1965113065436217
173.05333388355618,1.1512192288338747,1.3073575792520307,1.3019031324858727,1.199574618029217
172.96477852639666,1.1541392337200107,1.3087892066008167,1.305724029263231,1.2004495359595835
172.86605857422364,1.1550691819403627,1.3113897897787374,1.3028783539397852,1.1966998053684725
172.8350708709293,1.1547119235697507,1.3120931951553425,1.3039657640403035,1.190577308835198
172.52234602277244,1.1568176811521074,1.3172079969705202,1.3083070610880132,1.190697008902264
172.57409610520236,1.1512321801146488,1.3130036501870521,1.301096516220284,1.186722960259841
172.53116448294867,1.1498559799589594,1.3121758994405008,1.2985431024352394,1.1890762421554708
172.64409285077582,1.1458028228797827,1.307127498144581,1.2947875520280443,1.188766659269233
172.55524433811334,1.1444460059091146,1.3065468648529033,1.2976482074955231,1.19015750137674
172.6242902720623,1.141143252222656,1.305678908568033,1.2942647702499273,1.1851906878480594
172.4616031327784,1.1414133892388223,1.3039338010397696,1.2949384295567248,1.1784570510318664
172.4247689406749,1.1426777258516014,1.31031531468761,1.3031393515546175,1.1811713792992715
172.4391406269736,1.142783397276371,1.309830451054513,1.303550456429586,1.1837237117602537
172.54740107505856,1.1416075725171968,1.309273097662514,1.3044257154235002,1.1840352375718592
172.82856499026454,1.1514597481734516,1.3218614281086178,1.3120511874755643,1.1897241706786903
173.12075027403566,1.160987001559257,1.338749788505586,1.323693944982198,1.2021540651841325
173.15491672586288,1.1649838815512032,1.3438422237234975,1.3302521969549372,1.205880144082643
173.21337873763758,1.174942719831909,1.346618603084691,1.3346238645636328,1.216829325872178
173.22399881551235,1.188072048669172,1.3523285666983151,1.344141364778568,1.2288390017514903
173.13419475469755,1.1946328231920227,1.3594338219095397,1.3524630146871428,1.2384222131917217
173.02609048833457,1.197084132812349,1.3617611716406801,1.3599674804192776,1.2438767467007248
173.07332228868393,1.1956115299431114,1.35874828310145,1.3617603355380552,1.243178350714435
173.056935434599,1.1952243168121015,1.3581903800908406,1.3690790852257797,1.2424693475882511
173.01960298305966,1.1948875502399139,1.3598213055997554,1.3672341178671978,1.2429796076519666
172.98503491918925,1.1939362564436868,1.3578472548202354,1.3696561154981541,1.2426614534139242
172.92136014626087,1.1937497099793528,1.3602735834869526,1.3684621092731417,1.2449542782422574
172.9450154681542,1.1928382451801152,1.3649023987140532,1.367028743621336,1.2450403955928335
172.95564739158164,1.1926412910738937,1.362457904404947,1.3639248511105797,1.2422530218625676
172.9014729993249,1.1920912834495043,1.3607026794822412,1.3617573379917371,1.2412801687582629
172.88823171071502,1.1886393650090852,1.358794905264352,1.3557672476254725,1.2367578729479656
172.9046818011609,1.1894368680188148,1.3614277494575149,1.3573664915005714,1.2334459526348385
172.93558275862125,1.1879363954657005,1.360883961638722,1.3558177981167419,1.2331271174926055
172.94248808811088,1.1874131842331743,1.3568552149629778,1.3526014026344897,1.227970790111604
172.94950730643515,1.1917225650897987,1.360417733912739,1.3563727927847276,1.2285466657486177
172.83899443017154,1.1972879017242364,1.3695216569391726,1.36307222760562,1.2341846912261523
172.8155125399681,1.1914906554839615,1.371463523496097,1.3599334889480212,1.2369004090152163
172.8070267816224,1.1911086769252421,1.3712692100339234,1.3544295930100372,1.2378856424410651
172.8695712774721,1.1930173892735076,1.3713310330659745,1.353898473811558,1.2387588719310478
172.9419996074871,1.1950457144736444,1.3703386734462548,1.3525480109757375,1.238644727251857
173.03619515881172,1.1972345737722123,1.371023881421593,1.3556713553593678,1.2393289676647858
173.04960053314116,1.1977267445253346,1.3727701527254508,1.3595952020785236,1.2400084369263973
172.98537545563684,1.1933195618910188,1.3661653320215086,1.3532076525722225,1.2339693319230638
172.9095612746561,1.1898923275644429,1.3594094094616733,1.344652650017668,1.2209280774539695
172.9800060670465,1.1893611315910235,1.3592257191586505,1.3445580773123786,1.2154211810635742
173.0417208065148,1.1869007323822407,1.3608508363373426,1.3452976856465995,1.213617944880076
173.0776518648277,1.1848506815184572,1.3608269400550446,1.341071565851488,1.2127701284857921
173.01715609483895,1.1792383438164484,1.3561113826910158,1.3379446160813333,1.2096774184208543
172.84564417717883,1.1750991108988476,1.3589862235673207,1.3437372523187074,1.2141297630394747
172.80045386538782,1.17586253326307,1.3648029550237124,1.3532299105913623,1.2231814137580443
172.75171326969115,1.1766067093367591,1.3538256810646756,1.349220137543586,1.222860765652031
172.7974076309227,1.1847316998386415,1.358690836013427,1.3544609856429057,1.2253322890448572
172.81721954082352,1.186747934236114,1.3558922068145876,1.3556550711531403,1.2249469045927766
172.84138544920805,1.1898964920781425,1.3582377803647727,1.3593606766864177,1.2261077550377695
172.91155137335804,1.1936981004267713,1.3611666263257018,1.360981499490389,1.229334785639241
172.8231733153569,1.1925141122115415,1.3601191311357763,1.3609102898810186,1.2283868817091523
172.81040801720695,1.1874822923756996,1.3607743838217765,1.3569068867661394,1.2265798926218272
172.8369635207437,1.1831786556428254,1.3613502578435794,1.3531512770948584,1.2243261505307796
172.8177433740746,1.1823370026963336,1.3605546508392692,1.3519077416717,1.2253483440279727
172.8107611387306,1.1869953574817695,1.3657797773060423,1.3547332353436357,1.2280532583433332
172.82064624329405,1.1916341438858775,1.3714103590037696,1.367882297397427,1.2346437134440613
172.81992015823678,1.1945967480922242,1.372947977540688,1.3700038234390817,1.23901056907405
172.80350526078928,1.1983539207365328,1.373971590868668,1.3760164567392676,1.2382783539229827
172.85596696217198,1.20122925686489,1.374500460505781,1.3782260864719456,1.2408137653041689
172.90826989417167,1.201316817908941,1.3727320263960903,1.3785473527313434,1.2411735084726239
172.89920651896094,1.2030912792494306,1.372067130654551,1.376643157836119,1.2377879028913847
172.87664658209968,1.2006303375654486,1.373170673013249,1.3769165199914308,1.2350128800033862
172.90529454784468,1.1954578832148623,1.3693565664784215,1.3761915332413202,1.2305709786289318
172.94932506461117,1.1927993478616254,1.3650101351788222,1.372251547984266,1.2249006608695259
172.95625634836514,1.192449694941624,1.362577037505713,1.372962241404272,1.2219463081973923
172.97049867640033,1.190632218823086,1.3590837830748026,1.3725189922909768,1.2209727093967873
172.95283520190296,1.191204265999978,1.3596846039447599,1.3714541864395653,1.2208292103481084
172.83539733712266,1.1900921007484355,1.3595952207007955,1.372649083222291,1.2221651869512282
172.8335430566881,1.1873401415482805,1.3604962039592305,1.3681579216518565,1.2234907528783527
172.85372036049918,1.1874603011009937,1.362190589179659,1.3656507404450928,1.2255379983407826
172.934978789561,1.188230286756185,1.36680811200501,1.363886069621749,1.2282799322879123
172.93874559855988,1.1922109989423937,1.370739464882691,1.3659173529249067,1.230761810407416
172.97068486398072,1.195799741531123,1.3728056253833956,1.3666401205608272,1.2314871944815655
172.96442373931805,1.1972182609846178,1.3719855303950583,1.3646322801264525,1.2289761616652746
173.01053493138673,1.1934859301055092,1.3680681568690432,1.3621794195245955,1.2260133399484598
173.03846373107908,1.1915746720403961,1.3651404267725449,1.3581490732479835,1.22060708654944
172.99981280885234,1.1871424072102272,1.3638590607037135,1.354649125835193,1.220055248602755
172.95299096057116,1.1842957832055514,1.3640549496049401,1.3531429560593962,1.2199659532844607
172.92228769999278,1.180857783015175,1.3654829382841327,1.3537275100267143,1.2240512017789305
172.88331397328875,1.178777294902224,1.3639113812202368,1.3533474080169008,1.2241073852625382
172.8610434875054,1.183342939358351,1.369537158268389,1.3565488470213252,1.2285343807147442
172.87265041152318,1.186568686535724,1.374012211584986,1.3612035515852772,1.233082015473606
172.92058500626584,1.1886993617279908,1.3778863529904652,1.3614718191596815,1.2355153730939243
173.0176965754918,1.188718524749176,1.380062424608405,1.3619990290326394,1.2366697139925706
173.07723762279062,1.1874975981061482,1.3774668432704729,1.363464708969561,1.2335844459943643
173.01164780814426,1.1850006734730736,1.3736635253251603,1.3599808996433678,1.2282663937334408
173.01688803743983,1.1875409738029181,1.377035351395966,1.359569882182893,1.22688695611587
173.0297755657327,1.1872297078249465,1.3753525186709237,1.3585913831525143,1.2259064405093327
173.031598622449,1.1874110357053342,1.3748699437778438,1.3562890288253744,1.224673775676272
173.01346513103047,1.1845598127567922,1.371996214556197,1.3528832897774334,1.2238950636971337
172.9839057501493,1.1857100736455601,1.372415938226773,1.354344521442247,1.223851506921101
172.97804825231444,1.1848493738043604,1.3731889922873874,1.3546327769350162,1.2251612831567458
173.02226109839577,1.1850508137123652,1.3737544345637203,1.3582660181634514,1.2281812770021219
173.07882987303924,1.1841472189437021,1.3739147653201245,1.3584300640658087,1.2263945104171514
173.10309245532528,1.1819238372280467,1.3694858713356268,1.3543301073983047,1.2234015244793495
173.07228891264546,1.183200468993549,1.36998875022364,1.3556318742380589,1.2232388368738683
173.0477089601872,1.1821533601970362,1.3656393984595052,1.3512604533603827,1.2200366824208426
173.08585741631475,1.181124409403089,1.3632441871498677,1.354520622808393,1.2191851487746588
173.02625630552987,1.1821439176618231,1.3684647109592638,1.3582667790233738,1.22027931984689
172.99720572356293,1.179409332148529,1.367057931417956,1.3571771846838199,1.219222245366789
173.00607405414664,1.1757401146202264,1.3639032499210395,1.3543958716796474,1.217348689258694
173.12770000673984,1.1729792469320615,1.3622437852946878,1.352682139309866,1.2151932579518736
173.16659283479228,1.1719039187931988,1.358719353376621,1.347555502556648,1.21110943004183
171.0486463167455,0.8584216978368342,0.9656059582556508,1.0012695398355023,0.7594450841632413
171.32131854857388,0.8985538163705533,1.0173618434231049,1.0581116830894428,0.8215619519705084
171.07289499723305,0.9346390671608491,1.0678474792524892,1.0911056306080897,0.8921639087247392
171.31959483835467,0.9562526270207864,1.1380246193883845,1.1475802359877987,0.9666600731270568
171.26225899264665,0.9970112144258704,1.1965993780324098,1.2004936960522181,1.04250145290748
171.27820111255832,1.0332249432991747,1.2419408867544381,1.2304913582120973,1.0857504727218796
171.07129257066805,1.034591249830035,1.2497787897723303,1.2432606656292327,1.1051425280661458
170.8504090611096,1.0387685858773648,1.2533204207218331,1.2515061125104305,1.1147249406332755
170.8359268420019,1.0410925525038897,1.2546908483312118,1.25607069100322,1.1160932156553391
170.77912317756116,1.0676933668083344,1.2793864611003885,1.2768706454332692,1.133451518862541
170.67712939082736,1.0929494260005699,1.2982705036278168,1.2932725984440123,1.1488818471516682
170.61792446679252,1.127327178951321,1.317938114524424,1.3181678078785737,1.1620739976496997
170.96199996483645,1.140025924415167,1.3322562874794037,1.3318232168432047,1.1661989588318045
171.36369379551422,1.1542817352332815,1.3410274842332712,1.3367490749735929,1.1653720742905211
171.52530583266983,1.1548700152623104,1.3457535406217591,1.3297957412764294,1.1674812773120684
171.8239230660039,1.1588004102838707,1.3469977548715062,1.3279717171189187,1.166202833831561
171.98490170367444,1.1646124351098341,1.348512964394121,1.3221630220360365,1.1614969424066002
171.6816759910871,1.159317589520847,1.3483920160605607,1.3254747627086558,1.1540241634135413
171.74350290556043,1.1557198005709401,1.3460855292601641,1.324128558866004,1.1517862564269248
171.71633765880955,1.1550959203550943,1.3381192927311991,1.3275594433355313,1.1539753998785636
171.90658172470273,1.1675258346001662,1.3285083482266582,1.321810416360585,1.156745389512755
172.05118467722207,1.175519710625268,1.3227210793436088,1.3130417170357371,1.1586663347085684
172.01908942855226,1.171646528760392,1.309131455516542,1.2995102996057917,1.1511544859202567
172.04596886865298,1.1616491874475772,1.2967882422147277,1.2828266044990813,1.1472668721230612
171.91402593163835,1.1549537936710434,1.2882343678700734,1.268770914217854,1.1414797650125263
172.1192318096078,1.153428749163717,1.2890335884509712,1.2634229829387742,1.140839451754847
172.13118579844152,1.1473973299746456,1.2800921046810951,1.2503708370086843,1.1355205712191612
172.15937443718028,1.1422362581053884,1.275550329486495,1.2515566315304414,1.1313107833430334
172.04632015510654,1.1409309861622925,1.2733014321494873,1.2504586194866445,1.1301328082936002
171.9252487307624,1.1372347188530985,1.2746487809813487,1.2509195527853227,1.1255479975859992
171.69952689804492,1.1282929375137616,1.2737587057477224,1.2505729343627765,1.1184402284548987
171.68836676866516,1.1214488794402429,1.271395361250408,1.250678476679402,1.1143252321838477
171.6673145405194,1.1239720251106218,1.2751339045944736,1.2519073368153966,1.1129737391621748
171.4994333874002,1.1225063638851998,1.2755658159419934,1.249390652605225,1.1074816477544427
171.47292146956266,1.1192575630349206,1.2731703978963937,1.2456990591730215,1.1036405145363628
171.40431816120733,1.1215441770229544,1.2790233047884976,1.2501520058865154,1.105825173732719
171.10805863170555,1.1178002862274368,1.276953237636168,1.2462642080153907,1.0930137636439603
171.1512534871619,1.1276486793905904,1.2898301949509772,1.254281966141869,1.1021455749595874
171.09527959647798,1.1283455964218259,1.2893425033210164,1.2503370856568863,1.096252102851617
171.0544903902781,1.1318627739758522,1.2847693707742196,1.247315227759497,1.0946780829450313
171.12076928379432,1.1303560588463388,1.2745308908749333,1.2379246109816069,1.0914919663259417
171.14562163497425,1.1335385663595519,1.2714072191585797,1.240700245334314,1.0927866652313598
171.1677522027999,1.131237415098967,1.2688011975652924,1.240858272413201,1.0920208656158035
171.22851758532963,1.1273627577025476,1.2646398604438622,1.237143077996774,1.0893166721758778
171.4363520734157,1.1341895494715422,1.2724707739145396,1.2445113820071363,1.0914580200026855
171.64341696286576,1.1398042562765378,1.2743679518095046,1.2498660683920484,1.0989131213464813
171.81416761269992,1.1389686640155459,1.270661622335354,1.2470899724698483,1.1010106968517297
171.91631912010823,1.1361608667370022,1.2680685201463924,1.241903544758447,1.0965440832152562
171.9727395341685,1.1372019483322042,1.2731433127510758,1.2381876943377976,1.0961362446386012
172.1516638446723,1.1341305839315667,1.2764616915906881,1.2373317875223133,1.0945289055238951
172.13686524898105,1.1244760167997085,1.272239075603379,1.231502987054757,1.0899726092731077
172.393306236196,1.1187050513534622,1.2769068104818724,1.2296619599843757,1.082330561622505
172.64653085107474,1.1086815510109798,1.2749161317535378,1.2209511189337507,1.0751379126806544
172.58534372833995,1.11163949056066,1.2778797620476496,1.2217872077485574,1.0757065378374837
172.79322679377157,1.1135171516589664,1.2818940681047006,1.2231596742590092,1.0789837775808444
172.76718855049916,1.1109618888880115,1.2695482459908818,1.2124863082132737,1.0741341693485729
173.03672785538367,1.1153054185091824,1.2715029624987504,1.2083290263829056,1.0765723287304902
173.00936524678204,1.1124181750939524,1.2659464241228682,1.2030774871476027,1.0744006807100337
173.1090340344763,1.111307646841479,1.2653946310350417,1.204432226368064,1.0775406392191513
172.99154230144845,1.115628820565538,1.2658688805326241,1.2074605141430799,1.082517657928738
173.02826161465342,1.1111840873897396,1.2618292754287477,1.2035387033031495,1.0779534409409173
172.81987339321307,1.1112624455617286,1.264417294339726,1.2071874979840551,1.077286745992811
173.1262447195811,1.1088005464194433,1.2666268211888536,1.2147559172547318,1.0819580702246459
173.06415200223722,1.1082370731164013,1.2621560180413445,1.212879321124357,1.077861468385165
173.08863100166624,1.1002490650816377,1.2598016725759424,1.206481833128323,1.0740869480911424
172.86320311922844,1.0920578280341713,1.255000628007486,1.1976675814076936,1.0610553301780794
172.84840401643746,1.0861237460417628,1.2561732619357746,1.198241988580277,1.0507020667185176
172.83779094237389,1.0860633845062189,1.2618308155841078,1.2067863288307172,1.0558049340243023
172.88418320942515,1.0820089518232374,1.2616082633475756,1.2079947761840548,1.055109308441176
172.70178995588208,1.0830349418221619,1.2643863295913633,1.2068435872809689,1.054419062846529
172.70872504115684,1.0800001422192316,1.2579003814098468,1.207307720405085,1.0503915326256186
172.7739925056229,1.0825057729145797,1.2528329461701113,1.2070245703120477,1.0481731359060076
172.88326912848882,1.0846658810790009,1.2453136185750548,1.2051302755988484,1.047606689528524
172.49532154436267,1.0857775122073547,1.2375332704358206,1.1979514515917593,1.0468784902346113
172.2621088745179,1.0920727745650358,1.2342202876708095,1.1953785933882872,1.0481125183770639
172.0433695296559,1.0969096653503176,1.2378436551887915,1.19382261627692,1.0492059702244958
171.74436447418495,1.09735230148904,1.2354028417230356,1.18709360401877,1.0436327894076591
171.4117799923636,1.098627315100358,1.234544068173698,1.1848377744848528,1.039126135176288
171.25985339436485,1.0980012501116763,1.2346746577141592,1.1879511934941214,1.0345716484297933
171.08903750279094,1.0989084937284586,1.234176302979759,1.1914476883381793,1.0323376476360344
171.08015207379566,1.1032596155073477,1.2364501857222288,1.1955985086974592,1.0327647658750971
171.0902307608869,1.1097750681977245,1.2428461838339806,1.200365877064143,1.0337718517646617
171.28533643342803,1.1100809310573583,1.2431599693658737,1.202607543332763,1.0330886168603592
171.27663752424164,1.110703063647938,1.2436319411692704,1.204997739318577,1.0351584293791463
171.06783177400575,1.1076026244012664,1.2407416496749042,1.2063231225228572,1.0325550744254035
171.0446556767058,1.0982473040614213,1.2299863052765054,1.2001425223644826,1.020571647752591
171.31560785860094,1.1029773419622784,1.2355456846458286,1.2092658807483507,1.024120592980038
171.71761878678706,1.1048012973371828,1.2399049878291963,1.2122655976019943,1.0333015764957045
171.80084331176067,1.0977587291629531,1.2346980058666068,1.2147698520741557,1.0341524601351073
171.73111395409143,1.090099251264249,1.2289462475661002,1.2114988839182776,1.031174466412405
171.69601764041624,1.09256817144792,1.2266025173834014,1.211086039367486,1.0349357890051554
171.76471583979287,1.0987230800276724,1.233169980748436,1.215379435864368,1.0445479883426876
171.58857061881912,1.101066134468842,1.2351626270900118,1.2170142177445806,1.0495512798226725
171.3654057180027,1.1018658460729769,1.232811568011301,1.215144778605649,1.0501046944408263
171.38864220707796,1.10515871481718,1.233640531837792,1.2167907978366315,1.045130232858899
171.3782547441649,1.0991828379964539,1.2298125819350698,1.214424191726737,1.0412587448278505
171.46210088993834,1.0969889030290538,1.2304943757072535,1.2150207749907858,1.041668054453525
171.3926698608083,1.0964356407427571,1.2295704859642085,1.2165208376484145,1.043533766359236
171.40098169470926,1.099165623654587,1.2301335131226039,1.2146070979432828,1.0429887246935219
171.47132563152581,1.1041114585433907,1.2356745866091132,1.213871427662938,1.04644465214004
171.49954742154884,1.101522050405876,1.2307493741129996,1.2075216837701939,1.0450512888492507
171.49784492317005,1.1031771309246072,1.2303609179813622,1.2031837067530669,1.040466804928985
171.58310702108506,1.1008215759616857,1.2275411284218618,1.2002099203522338,1.037993836564431
171.59692105621184,1.098944622353247,1.2282877117397548,1.1987296626134203,1.038867889926363
171.5103363020929,1.0980757449961827,1.2264893623344906,1.196181055594826,1.0379989418508042
171.57139521713947,1.1023552852360339,1.2300779346234254,1.1987107439167743,1.0402260496430589
171.59317587782067,1.1047636259291607,1.2340084370522375,1.2009530355209626,1.0404448319336612
171.5793398524496,1.1064661765162809,1.2354394398248965,1.2032055725772521,1.0383652624810844
171.4769650772138,1.104732531640635,1.2355209239134202,1.2042798963971548,1.0364436654095803
171.34926049411817,1.100558874236862,1.2330093480987232,1.2014227135421218,1.0321966712219488
171.10254720453412,1.102575808733328,1.2351916075996074,1.2042421941823092,1.029731577336307
171.02028342593297,1.1025507588077563,1.2408405246112337,1.2035943911901084,1.0315389057098108
171.05355719127672,1.1113288727732116,1.250237592933201,1.2172415580397742,1.0379361575347061
171.01150015853986,1.1095123270627216,1.2446658849242267,1.2204815302953094,1.0332886132928345
171.16738147007237,1.113334860446245,1.2467208216551358,1.2239951411304748,1.0380231721134034
171.33703846226976,1.120081801832484,1.2473522014571734,1.2321849115760304,1.0437790101954694
171.3418191767863,1.1171319687473553,1.2408796534694193,1.2291682737048915,1.0423312676221437
171.42318797927888,1.1172498921650542,1.2403964473989524,1.230743128019481,1.0441229547312822
171.71801604675684,1.1204824668855013,1.2401038724983058,1.232958199238366,1.0543480367803302
171.9064736593942,1.1141286704911961,1.2330744235863655,1.2295032959085914,1.0506741080002293
171.98289641116216,1.1079670599808886,1.227936079746709,1.2233288958735307,1.0476871379845658
172.04781916731952,1.1039710291517268,1.2220588508221748,1.2189204652990446,1.0409088936224427
172.0490313041575,1.1008593130920798,1.2186144471868268,1.215954489956794,1.0351912296401735
172.09628679543496,1.100697822111853,1.2191287409669058,1.2172238514990026,1.0349558039845468
172.1069398382101,1.0978881285827853,1.2161415602161534,1.2147287400626903,1.0352726240896108
172.03222734884022,1.0954848686020064,1.2124629174232837,1.210568170412412,1.0333974140302196
172.06379235399123,1.0941318070601371,1.2137738185420148,1.2107192272698133,1.0328052042384943
172.23487626034432,1.1024604304054515,1.219487446562778,1.2144949491483459,1.0402390965125874
172.28705303534582,1.1043602992583175,1.2187695923621167,1.2142927192768347,1.0412665399093324
172.32687211117147,1.1062284231325885,1.218887095520841,1.214663915779699,1.0419866632262584
172.42135890832296,1.106268416117959,1.2177377894987962,1.214262788964286,1.0436587580846308
172.31617523612616,1.1050504614661674,1.2147834207569659,1.2161733750145607,1.0469186268377935
172.3159259365875,1.0992516082480257,1.2119488601924342,1.2145122119802714,1.0436636554106908
172.3674890910746,1.1021234005636726,1.214590368676788,1.2182477461359607,1.0466632225491976
172.349376201919,1.1049405097534788,1.2154807571582813,1.218137583974085,1.0476521433134742
172.35428099879292,1.10190685147015,1.2124295215652188,1.2195298964375683,1.0499055782516407
171.16996206339775,1.023879367704414,1.1956475979020196,1.1382386486642633,0.9817365992436644
171.04479705507316,1.0323447576291953,1.2197103234531248,1.170533753341575,1.0121776342288618
170.90917710796543,1.0507469706415242,1.2511657900798223,1.2245282515520448,1.0685849502883282
170.29078944727647,1.066600129513329,1.2768365851352426,1.2622563269057414,1.1085065701599153
170.21206791079183,1.0734982357464458,1.2939702026517548,1.2887649665112701,1.1460633477274085
170.22528717695081,1.0807720242366172,1.3191132224627526,1.320904658273628,1.183590417582389
170.4390030871695,1.0976998634939301,1.3393916120859468,1.3420652970717066,1.2028105243874547
170.7670931370737,1.1236566383157778,1.3586546821665777,1.372457613218785,1.220309780794281
171.0186182285825,1.1329449787908823,1.3573583543807026,1.3879378624667482,1.2201795845141985
170.97731278463777,1.129420294321473,1.3492065941277585,1.3811981399736104,1.207113114497435
171.66948122364346,1.152151282681957,1.3731678564069862,1.3840067896577242,1.2187191089720835
172.04569582378764,1.1762156847471446,1.385110356667697,1.3809266101034268,1.228567172303337
172.27510580121196,1.1854093797670153,1.3966922737075185,1.3862892849179502,1.2406777778489835
172.46783208051568,1.1978550842169642,1.399829362418322,1.3739349095425972,1.2306347946006695
172.64187907305723,1.1987112721142272,1.3982967036765044,1.3599255692938057,1.21640184673909
172.77251331881365,1.2038764633147618,1.3945510127375005,1.3562273824945696,1.2055738865530823
172.81190973570077,1.2071583014970886,1.3893907852894567,1.3508188651839377,1.1933805936056798
172.71627874547164,1.1988670259949088,1.3716070855110372,1.311542181449624,1.1725574248122694
172.60941755785873,1.1862832078193781,1.3540237582127421,1.2821518556042744,1.1531598560454834
172.56168398978443,1.1832417410924423,1.3467387006500198,1.2648741416321694,1.1413139829709362
172.59780213464438,1.1857711145478382,1.3467609487246417,1.260972189267309,1.1392572249981356
172.70518308821858,1.1828080574832294,1.33742639291357,1.2602373955924202,1.1386668702724605
172.8577704848243,1.182697633319066,1.3282808907492416,1.261994267456947,1.14048708026688
172.8976943133903,1.1863359035976848,1.322742165642261,1.2676894219496257,1.142103200523106
173.137637262055,1.1862412256141666,1.3147390173271216,1.2755383195752024,1.1382330118446895
173.18355336949298,1.1902824084893269,1.3159729432139506,1.272601088257723,1.1273197294139188
173.2733347211056,1.189786646716371,1.3116059932352087,1.2705216519764966,1.118130725215069
173.41052028966138,1.1949361950917212,1.3167531768088885,1.270128327513815,1.1219544799875472
173.28823741242914,1.191582404471855,1.312930024720992,1.248966494594997,1.120553602236776
173.2556182348674,1.189628382910754,1.3096012543155615,1.2455877832089046,1.1231590572576333
173.23367474565617,1.1824721798580968,1.3026399694375776,1.2368242004971695,1.1213682551466377
173.2038347189953,1.1828418762123891,1.3052097519781385,1.245792165107182,1.1263073702464428
173.21049458737616,1.1820100836985161,1.3040881588034108,1.249935034189312,1.123814738782566
173.05366032818534,1.1788569505212196,1.3004655040406272,1.253143629939662,1.120092779072619
173.13570362197052,1.172032492212629,1.2930687792788607,1.2534814588434586,1.115820501061433
173.30650964692938,1.1636032614057128,1.281398598998519,1.2377506230033455,1.1068298546149875
173.6283925730967,1.1568032881743187,1.272496894568328,1.2194466566556044,1.0913947141947473
173.8672912576821,1.1468070503602998,1.2565838168346424,1.2047893717373144,1.073026836486806
174.0404465590864,1.140023744388275,1.2465070625462311,1.1910592764543828,1.0616198692715215
173.9811858923223,1.1370719892660004,1.2457913584675226,1.1881368586169039,1.0545315548129621
174.18507444968807,1.138182554678871,1.2461491477269517,1.1842236345864032,1.0540565865679579
174.09678418520608,1.1392536798259996,1.2465368160608365,1.188492352847112,1.0607633258864497
174.0613216008692,1.1397926922216992,1.2467777971337266,1.1954158535763142,1.0641385847831377
174.02686896619932,1.1401645692677518,1.2463543789368507,1.1943376465921038,1.0624589242516052
173.8084778658552,1.1371150528788816,1.2395681423729783,1.1896618742828033,1.054328534376494
173.74348805418907,1.1367197284972403,1.2401263247308423,1.1922438667208337,1.0477132436219383
173.7802951930453,1.137251057640482,1.2384324913070652,1.192855483445051,1.044871460899669
173.8149777242854,1.1389095104918832,1.2442586500005284,1.198703320659775,1.044507150348845
173.8583862295912,1.1397669947392732,1.2448672078408676,1.2013948033719637,1.0432625549866537
173.72479184624177,1.147362666351465,1.2486727418927328,1.204890850899398,1.0379506760279185
173.54783013065872,1.143708976877022,1.2449505548073727,1.2043682904887651,1.0325302965905765
173.29426703343722,1.1422305376526654,1.2452110546958088,1.2016993614817713,1.0306673065349958
173.0392895055328,1.132872730697209,1.2424197633029004,1.2029865533697284,1.029549985429114
172.79661018886426,1.130951583431645,1.241216327526853,1.2042825894329166,1.030299312597161
172.5639888048815,1.1289822138437422,1.242428606431818,1.2141516665912317,1.0343616471095436
172.34164532888454,1.13154013640301,1.2459115484612688,1.2268865952403007,1.0434215714542436
172.28092282594315,1.1317092898686982,1.2457103864386605,1.2358095269953173,1.0530380753468738
172.41000277885942,1.121585767922912,1.233890805594067,1.2316241458284645,1.0490954303655198
172.46350240955238,1.109591359391794,1.226840187190681,1.2293396576512245,1.0481447285222851
172.51173011284243,1.1016264769693218,1.2210402969033818,1.2226896684956785,1.0467768164647846
172.5604530604689,1.096815097288501,1.2200303840760296,1.2264094701356796,1.0527488331331087
172.45826411305333,1.0940432485001388,1.2168402630726816,1.2183373405519347,1.0525270786019127
172.36866735628843,1.0905731606488178,1.2140814394457577,1.2150982017752128,1.0528144436110354
172.34585979257787,1.092870669476151,1.216005615294933,1.2160923572518008,1.0550182669547372
172.3493691733259,1.096887787924233,1.2172460734488764,1.2197996186767208,1.059229099413448
172.39088286850483,1.1002836598988215,1.2148162458334062,1.2196021865381756,1.0631304006725828
172.32985794726508,1.1034314340662512,1.2092453010364381,1.2151517777669427,1.0627336595779036
172.235865519951,1.105902467155855,1.2080563278453527,1.2153803845328004,1.0604165818227644
172.17138727101423,1.107097680096394,1.207149329422316,1.217818199882193,1.0604039758914607
172.15743983136372,1.1041231060187795,1.2054311893368872,1.2174089833346227,1.0596378399769182
172.24083602472288,1.1056056177586089,1.202802000122711,1.221223216567139,1.0613586409663611
172.29945847302326,1.1074143383703698,1.2017664670378172,1.219463746746273,1.0611709371303772
172.47683083734665,1.1086414384411145,1.2011721533515842,1.2197230216040278,1.0599167535934557
172.64007042409503,1.1063412128333943,1.1996450521393298,1.2102231665395773,1.0549771131502887
172.74686580428025,1.103369097139954,1.1973163602550427,1.203128613430169,1.0538833387827378
172.8147556015106,1.1013074448946154,1.1937944773201108,1.1950316075271734,1.0475672161126006
172.78398972467534,1.0988914054097574,1.190143115747131,1.19185524645821,1.0479449962155336
172.78912108553882,1.1013039947202181,1.1923048334462474,1.1938271891791257,1.0477920167905892
172.7801745542117,1.1031093552067621,1.193368701185834,1.1991614904103363,1.0496329480391375
172.73515054282683,1.1122948917004598,1.2011450800070624,1.21255416122501,1.0537778154022386
172.76825866639845,1.1199042829116974,1.2098820741320413,1.222254072572101,1.0593192164611205
172.83628550276563,1.1275138984701223,1.2140149861305414,1.227408604309736,1.0647471328290583
172.8118362775362,1.128339446606124,1.2130786182050126,1.2256786441976102,1.066002676026598
172.88667907207014,1.1275485910659369,1.2105415549405838,1.223718895356853,1.0636532241250858
172.88748087237545,1.1231023553217432,1.2050480909001324,1.2195168272559163,1.0579534175758387
172.81697910122094,1.1186156096739146,1.2025527013944004,1.2182555277141185,1.0570008723864561
172.80138906762485,1.1175032644808796,1.2035863166868181,1.2181548218830114,1.0575525378498387
172.82084063671826,1.114398768713297,1.2030473839466727,1.218045976133664,1.0572458935512723
172.76409184072062,1.1155195202532304,1.2067176123406151,1.2205218216287272,1.0591337369136364
172.78444497519934,1.1141100417288925,1.2061719125032695,1.2180708959065758,1.0587135951329618
172.90556817361633,1.1151938176970646,1.2076836721672182,1.2185728698804665,1.0586292943203126
173.02783737733427,1.1149342106328097,1.2068933495510759,1.2182345105680081,1.0574657187987573
173.0968964437208,1.1163525161354866,1.2042466031949088,1.2160751557159377,1.0557239777977996
173.0856111876648,1.118076025807301,1.2035367692031564,1.2129066209092692,1.0523935193235354
173.14333934489383,1.1174342930075298,1.200651245771713,1.2106474133911171,1.0535586572815363
173.4322308801585,1.1183742105988075,1.2018440107055512,1.212141483615533,1.0585765512200362
173.63234577382482,1.1165449706495738,1.2001516495004232,1.2128946457075058,1.0617974808616115
173.70523112658566,1.123544490742474,1.2142323375523933,1.220292490667796,1.0689168413329322
173.68709156481123,1.129444075662641,1.2295205827611215,1.2319814702489083,1.078935596076065
173.71037702874474,1.1341258906783322,1.239565421754212,1.239265869118583,1.084123079733532
173.71669730662697,1.134471127916159,1.2402709425905318,1.2417692423098037,1.0886066184468366
173.7139612818756,1.1381520635762887,1.2431034624994524,1.2442660710998759,1.0921492695519133
173.70896376081328,1.1423437327132289,1.248182624661703,1.2504321753287395,1.0934523228972877
173.65731641539566,1.1463143347748268,1.249518548578207,1.2567667773935702,1.1019654282080562
173.6000529558133,1.1429659594991541,1.250619226771858,1.2604340271967638,1.1090062654554826
173.5783239998228,1.145999033799931,1.257122741837937,1.2685778741772504,1.1165070206900536
173.49416893589918,1.148986489019631,1.2646984402548924,1.277362348154213,1.1263055919914031
173.49494562887327,1.1528261028957651,1.273838986816695,1.2857719620200203,1.1350383683941683
173.38682474622945,1.1565256107002533,1.2802860548604436,1.291933594037347,1.1431843139924365
173.3302404798157,1.1620980268193535,1.2867877526427083,1.3017418687570248,1.1519191411266543
173.3050333153509,1.1656602062795107,1.295205685180841,1.3074299700868501,1.1593566170717542
173.30752856004352,1.1694854311122984,1.298877451419801,1.3110956929672808,1.162489734075354
173.25964629483067,1.1731746846454558,1.305220917503537,1.3164200699716246,1.1679214228241612
173.22229494683808,1.1797869726276982,1.3082421987565862,1.324955276540608,1.1707713628985594
173.26575194226757,1.1822283461760705,1.3107629611897011,1.333169105503442,1.1737367964356118
173.16000837813925,1.191000293868067,1.3194435659512116,1.349263437940827,1.1825768116193
172.9794924817311,1.1959704186976232,1.328525146675823,1.3593465785666,1.1853727481223826
172.9147124184307,1.2031080010559736,1.3441597963616623,1.3720733109313072,1.1953073303977393
172.70312512097425,1.2059756845937843,1.3507148983543082,1.384576575364187,1.2048509955344489
172.61342234879424,1.2066461159371278,1.3549570558020017,1.3928910305617797,1.2119700412460699
172.53317209561172,1.2106780228714746,1.3680470686576236,1.402208110072521,1.219154997483768
172.4975444313466,1.2132410480570852,1.3699025253961186,1.4057170819584932,1.2195737314263162
172.38346199801646,1.211533429908285,1.3692057706541918,1.4055326699470732,1.2195103271293244
172.3298597873532,1.2115816965806998,1.3690006238283106,1.4075989619103793,1.2217761969871561
172.24780367435125,1.206205823106058,1.3669326146307934,1.4105844751831325,1.2260670334334516
172.1096432455207,1.2011601919472956,1.3639622132357785,1.410859444100298,1.224445128127923
171.87626136875988,1.1973823425199324,1.3645285643362677,1.4109147784105835,1.2238028556535632
171.51003300220236,1.1840230563799476,1.356033531877466,1.4046873903850328,1.2140296568164255
171.14551484730814,1.1759469928251012,1.3510704351634355,1.4084490188470429,1.21259600352964
170.68807963009306,1.170851131378161,1.3482959537359624,1.4077447851264677,1.2053911218258961
170.3591948908229,1.1656370557732083,1.3418840712720204,1.405151475726199,1.1964294057335367
170.02614897113574,1.1614674405995873,1.3362384433399168,1.4003771612790994,1.1899474827809455
169.98657644249218,1.1699892888072123,1.344467743111819,1.4092619097636,1.1976587874155535
150.76459574992163,0.29392329974814174,0.35534769803286137,0.3781138124985267,0.3176541445517329
156.55841157532942,0.16201303928287722,0.1945101893547005,0.3785801757790747,0.33600311231236213
159.74144462343415,0.3105029683448155,0.16575918715539426,0.10788685347237426,0.14858877322097983
161.21921434653746,0.23852936845754,0.13363541189692432,0.2193302974670538,0.2177248211106618
163.01276361638327,0.26397462604359734,0.18631007773745467,0.2970902819091996,0.2825593916507111
167.0941056581499,0.5191078177696045,0.27430934341552327,0.1652361782585615,0.0887043693940203
170.01466851947131,0.6621859541879916,0.5150341229289218,0.45040661765007034,0.3369830116505294
171.66801916950433,0.79583656195294,0.7162210303192692,0.6647792179834766,0.5213796237813244
172.8009924991094,0.8881777672761751,0.8640807558392142,0.82489651267759,0.6599651772232452
173.33042799605275,0.9515268180666223,0.9584046490660643,0.9301503273334861,0.7489567226762414
173.82009367313273,0.9753973392452138,0.9960352108126284,0.9796069712901545,0.7812694929563528
173.82433841993839,1.0140457190834902,1.0456399643545866,1.0219794106728912,0.8160148843791339
173.6866683787678,1.0519210081334522,1.09508848152107,1.0567967346188998,0.8542244391903948
173.59491070843126,1.0712907521401098,1.1195379231377798,1.0742376149637836,0.8534384103363875
173.61299172666682,1.085726854088177,1.1443299183434634,1.097965934143145,0.8882088257947546
173.64095136172196,1.0918412680054,1.1662295778147773,1.1207702964365016,0.9231994816702809
173.62855408102962,1.0958963719640067,1.1853186286317834,1.1420156630136968,0.9454849224108053
173.71956649231868,1.0972654389432355,1.1997299616481634,1.1576282229812438,0.9597536031780928
173.79090357518822,1.1021934273238876,1.2027390300107004,1.1625245443088166,0.9676658517965603
174.02763740499773,1.1200857313894914,1.2157339244055734,1.1762738216123687,0.9724443982993441
174.1303093578356,1.1254452667814898,1.2130499197656759,1.1728473299550417,0.9736352026143051
174.22185921152408,1.1237802782668305,1.2096031526951743,1.1737475278645797,0.9727108125410048
174.2017498246698,1.1144603785656937,1.204331135409976,1.1688000627973503,0.9727113895593437
174.31800301512476,1.1048362631695308,1.2031400343337544,1.1657588147314975,0.9771621712153987
174.56930296546025,1.1032601967824551,1.2059288842396183,1.163800885071229,0.9735891370416924
174.7079664633043,1.1007880699460124,1.2036730850437045,1.160288334447405,0.9758053739241641
174.59330207448915,1.0893399739721743,1.1937948280790946,1.1544431236613608,0.9648543767134983
174.21078312809342,1.0815927157694047,1.1829982872983014,1.1469842802742356,0.9591730526740581
174.17833068469616,1.0718693041905722,1.176115212954235,1.1405707513500072,0.9490805029886722
174.26534182024463,1.071476639678573,1.1737261093313822,1.1419747546990204,0.9444333616030584
174.4349653067343,1.0707927282749432,1.1727310610317483,1.1407609639501062,0.9426878891994701
174.8326311422444,1.0758201345696028,1.178151446560987,1.1446815281299552,0.9486954962223473
174.98654250766558,1.0772363608033324,1.1796300497715173,1.1426178024169176,0.9537999220853371
175.06742017576687,1.0785848219292389,1.1810953020550186,1.1415281069281207,0.9545460350608065
175.11248017162478,1.0823049663457092,1.1839806051836568,1.1449600595616065,0.95025592771866
174.97423083194985,1.0707130540876508,1.168027827188322,1.135718187917473,0.944499563726738
174.95011661727708,1.0592428220165757,1.151884400475244,1.1266779659999107,0.9356247947549435
174.493091011704,1.0579383605724642,1.1542586478757935,1.125020486120657,0.9198954726823476
174.49017388194426,1.0748157895055395,1.1570406505492945,1.1260724305577057,0.9256740402703796
174.22069141437987,1.0893709544877694,1.1655672826642978,1.1350519429775219,0.9351377482736931
174.01606603568771,1.1007072992041822,1.1726946900028812,1.130878100241218,0.9363891282840168
173.8074163387701,1.1055072186705603,1.1769732405778788,1.1273358750353262,0.9328544650000836
173.67944529490188,1.1149745414916092,1.1824188279105505,1.1258866142988033,0.9314077506854616
173.67742656785433,1.114672974542814,1.1865063014690602,1.1322992581767566,0.944107544042083
173.93305202462344,1.1264405825116832,1.193342710273874,1.1383855541169972,0.9500021717337263
173.80824621819752,1.1238939317936998,1.1969484751973962,1.1379156543143327,0.9482364617296735
173.68644984637163,1.1293462024175365,1.2115783620559137,1.1441217806711785,0.9453519230713604
173.6272230180962,1.1365748529781294,1.2188703328854185,1.1433422965049216,0.9483962821887884
173.81979874517722,1.1351205882254647,1.2220623938725061,1.147917400895128,0.9571489795587808
174.19083785536088,1.1355465838907248,1.2238438437966965,1.1513071131308683,0.9599297366638568
174.2827811639325,1.1278123601748795,1.2230716598293314,1.1488968797393744,0.9542639236644451
174.48119745375564,1.1293209519461371,1.2263457969680798,1.1530589589285372,0.952651146219141
174.49073455286327,1.1221034559824468,1.218894301918357,1.1471647204166577,0.9461838200071142
174.67913365150275,1.1181439588194175,1.2150790405117258,1.1438533346149864,0.9377625068285871
174.67130961092442,1.1215081401254736,1.217909740161977,1.1538179694100807,0.9459451948386964
174.42049903481163,1.1126427746814158,1.2105041478601306,1.1437789879349172,0.9279042164490493
174.18811749642435,1.1098736733142514,1.2055335932239606,1.1458136453426273,0.9292535529803979
174.149332819768,1.1161306762390326,1.2093350097549598,1.1491238519852798,0.9213568648700462
173.75267875566053,1.1165798939153817,1.207090134501533,1.149715976058331,0.9289068125880112
173.40784575158932,1.113024204460738,1.203055052129068,1.1470511820466158,0.9259916138564601
173.5888476977692,1.1074777048228968,1.198527889400168,1.1478965278223447,0.9218071902034475
173.65749823419745,1.0977853263623423,1.1923456039146252,1.1397638747034005,0.9250240986678879
173.6401657204716,1.0974119843939856,1.1963358150304766,1.1462726381936557,0.9343386110660571
173.6913824010809,1.095899510988616,1.196528905045394,1.1508170470078254,0.9387831045573367
173.79339801873616,1.0993259336307446,1.2015860935084146,1.1587992052440823,0.9484175465372247
173.8600787510165,1.0992864612087312,1.201500644144442,1.1615432063003934,0.9533190644504442
174.1389919821524,1.0949224430154345,1.202610873539867,1.162908537831602,0.9605143480520293
174.13032572851864,1.0905075799765063,1.198807160233144,1.1515307967142436,0.9614967993594472
174.45186564272092,1.0907272500789364,1.1998421096826362,1.148900350991783,0.9569893842088184
174.53983939573445,1.0825528276939183,1.1929562189544805,1.140018590896828,0.9569073191709118
174.73555898283124,1.073823617961251,1.1849870554764446,1.1380132598744834,0.951028563153612
175.1653388537422,1.0642725071317893,1.1765512629892299,1.1309055101510714,0.9505117516609878
175.2408838540165,1.0631205889174233,1.1775508287862915,1.1300646746311471,0.9456195648055326
175.42861314229287,1.0608178031114701,1.1794092123196902,1.1307744627550407,0.943562104189801
175.5965461861037,1.0701115099159175,1.1825529511720025,1.1316538830078688,0.9501624880145864
175.58747831010825,1.080080993116296,1.1972971767694174,1.1434337237219352,0.9524888183358822
176.04815562347258,1.0687290814606223,1.1930559404383159,1.1410654075236837,0.9440514870286871
176.50486816521823,1.0520040319506176,1.1758320664967488,1.133219710727008,0.9290909477914617
176.7450657789062,1.0375429525221593,1.1628638358019625,1.1205813468143115,0.9290265637351155
176.99929726632627,1.0194805908174707,1.1449175958700388,1.1064858640045336,0.9229616635224581
177.37481191399982,1.017943979606777,1.1380754552731336,1.1045685999564627,0.9190950551910658
177.38474291269915,1.0100900560876231,1.1241241652589906,1.0932828097273903,0.9155841813913949
177.00060059010818,1.019753595413496,1.1299983823128987,1.095232733988388,0.9160490918133221
176.97088024602706,1.0250063832971636,1.132173478610022,1.1045472636424032,0.9188554718892322
176.84900809253284,1.0351798528903655,1.1380772820819753,1.1108142349458523,0.9249441424335366
176.62670004820882,1.0518050837954838,1.1553375955792584,1.1220966053793209,0.9196940489937091
176.65201138278204,1.0654080776746835,1.1712229932382883,1.1343573120947323,0.925626270447245
176.58282169411802,1.0729925834474827,1.1786410162423528,1.1357969325157564,0.9224119857231637
176.50601456361497,1.082366477233934,1.1862612868390474,1.1416412271927867,0.9184536967832402
176.1856807860455,1.0759092007514783,1.1732229414319635,1.1269726027625608,0.9145725239939385
175.96979796542317,1.0754246584903306,1.1682100001796498,1.1181227625565733,0.9071842804389518
175.73863255685086,1.0769348217923034,1.1638929242976097,1.1154188706793546,0.9089952439121427
175.5445794351424,1.0773596946350283,1.1641505120185478,1.1141270916819868,0.9114483729271201
175.5112780630491,1.0758986727385205,1.159613500925603,1.1142820884619697,0.9072949967631637
175.41914049319823,1.0725174315001387,1.1549374880629706,1.1097617121629333,0.9166060815287133
175.6168066644778,1.0686036672321484,1.1524747119734877,1.110922174442697,0.9190395089991765
175.6615697432534,1.0787600727426334,1.1556506946453482,1.1101021178612118,0.9362144267856902
175.4764232884389,1.0684845810919772,1.1475327667973934,1.1012960316881997,0.940611663655651
175.42836405083844,1.0654562982464004,1.1456836954156109,1.0961649910530575,0.9490960454442174
175.213223261457,1.063953403835481,1.1473717709992675,1.1001151649300163,0.936617274396629
175.14533024099458,1.0711558532040868,1.1505832154361058,1.1025434729290398,0.9301684786904852
175.59643309453898,1.0643184720736216,1.154396313485219,1.1145118387102384,0.9293409357667359
175.5895935015195,1.0753726919179865,1.1631373049613796,1.1212238199023319,0.9325925220245346
175.53940838599777,1.085746659151192,1.1743946426032401,1.1312737568473987,0.9374296866626116
175.7179309470176,1.080436150303358,1.1766885973165169,1.129002702700181,0.9351767877793106
175.65385232836474,1.0701859404361165,1.1706491168253421,1.1225073832105479,0.9272866933559235
175.49617751965025,1.0699471016449147,1.1781473111936176,1.1288565493053426,0.9291983224675402
175.53878952830857,1.0682499682131295,1.1831717871626628,1.1312534834329446,0.9327086308381125
175.24032046381484,1.0644175796034367,1.1795744568853976,1.1288612673708471,0.938951267759052
175.75514783371145,1.0587940212317941,1.1772852494390331,1.130448127911681,0.9436312644089019
176.04679054133246,1.0596215527276047,1.1809217096989588,1.1271054750714464,0.9481906847406788
176.1237920320905,1.056856326887368,1.16909608554956,1.121212748598931,0.9505866013460313
176.54992431788202,1.0568935501200696,1.162523082308207,1.1215367982036644,0.9589622589019264
176.98277815053746,1.058834284583632,1.1612245593646506,1.1267228709417012,0.9684605712529721
177.17246464571923,1.0529950256528424,1.1537309752655982,1.1229217041778343,0.9621673435284387
177.16574558744364,1.0658914436254048,1.1631055363970577,1.1374822401408031,0.9697436766057238
176.80305588273808,1.0845717574652414,1.1802197191283972,1.148877965353829,0.9746682647462109
176.64982927105882,1.0972827490679984,1.191920190024933,1.1538631614234534,0.9767718206284339
176.576635505589,1.1046543872040169,1.2010392868978546,1.1587330549603323,0.9835668782572826
176.29944739059906,1.1060767764665063,1.2086623230926725,1.166786926064006,0.9915132557418616
176.0637549811549,1.1111880481223322,1.2184070791028108,1.1757265426810846,0.998376003872384
175.90350026299237,1.109233132654108,1.225396386950226,1.1849931082798955,1.0032313062258873
175.75543741267157,1.1089003331918594,1.2248391390833344,1.1834320089704524,0.9995362793475399
175.61008977364398,1.1143364863937504,1.2269540158815944,1.1858301202093247,0.9972275147669831
175.59209443342326,1.1060639254157243,1.2262408003615342,1.1853227177016699,0.9970133373168595
175.51876791586372,1.1068603858360146,1.226136161386995,1.1881063130220926,1.0029671292873463
175.66061318192465,1.1009440391366696,1.219170080367548,1.181729624006527,1.0015296759172678
175.67199500496582,1.100497262438628,1.2195426268023948,1.1828649076000048,1.007448344858839
175.84174758323562,1.1000805088423469,1.2182504622124501,1.1823917528435686,1.0094096944784507
175.91636153055552,1.0981656882922712,1.2162139865533514,1.1797891973127415,1.0096860218361936
175.89394529087963,1.0965893185044027,1.2152786029306981,1.1775157622668437,1.011131601431045
175.8490646150658,1.0999402760537471,1.215286242200578,1.1821536200603726,1.012822060818226
175.63665817857859,1.1062706067923536,1.2220543386115559,1.187454805801021,1.0190769331086167
175.8988418969359,1.1094752697321684,1.2274843260995718,1.1985990605821113,1.0310369108978592
175.93659447676382,1.1189317625990176,1.237286813519955,1.209414466223941,1.0392511363638686
175.90312437855536,1.110068047254513,1.2277627202432866,1.1999841156822268,1.0355794123783832
176.12208226606307,1.114681678434029,1.237618523566188,1.2094781531777667,1.0395453321626213
176.28854773579295,1.1127470437262492,1.2447206388788365,1.2120817223070017,1.0457933604958045
175.89768624141692,1.1083330284818032,1.2470948056198528,1.2116809935519721,1.0510709150809243
175.60545980313128,1.1053964968562893,1.248447095315955,1.2096924879282858,1.0497371312786312
175.47154615536013,1.1044878709706036,1.2476921992465213,1.2084673246011057,1.046994289434325
175.46080605963868,1.0980303397060938,1.238558922526414,1.198224564646046,1.0341652105345158
175.75346823728952,1.0972770148868631,1.232623486141081,1.1913689878291218,1.0247953905969538
175.82803880674678,1.1082927933545694,1.2344973531773134,1.193974407860613,1.0196088178725302
175.87386958457324,1.1087839413439506,1.232190695514099,1.1926413801868214,1.0168902589214261
176.07656224781053,1.1027697363559517,1.2246169825940068,1.192750775836139,1.0121363774541017
172.2099289301846,1.1864498717570102,1.3445357871963348,1.2466008762431924,1.0022749564391578
172.89554989175377,1.1785586017426917,1.3346872264906704,1.2590375954094781,1.0466240886798768
173.18604682007498,1.16950866934032,1.315585869814708,1.2461486634519214,1.0666902725491705
173.46946909104304,1.1499043563408642,1.282394768010158,1.228824410562188,1.072984337537393
173.62120205212008,1.1320798254377151,1.2501147140828375,1.213237911253113,1.0702477909123917
173.91742813098816,1.1107558512490099,1.2224092807813314,1.1909013937274455,1.0583603380772304
174.14133047678123,1.0982987705753455,1.203919690297542,1.1779139301190082,1.049356558873955
174.314532449788,1.087548656251592,1.1874557594925623,1.1705560226378848,1.0413603693710283
174.39745906275968,1.079028414130386,1.1738693501371051,1.166166308480255,1.0361047784270643
174.61409995541428,1.0658442672630586,1.1612272116174491,1.1565291167693148,1.0336824561120868
174.85155072464863,1.0572974903207553,1.1577218237239433,1.1479692373038834,1.0281389564455035
175.18355060101783,1.0641486124844663,1.1650197157343087,1.1512726973278122,1.0348139276480786
175.41769204131094,1.0702194323905765,1.1721953827779126,1.1537409183796627,1.0392283613358093
175.4162834879618,1.0687465314077413,1.175487014515307,1.1549007777377889,1.0385097324075905
175.18146232358353,1.0750610536873342,1.1843795392807164,1.154201898685525,1.0321342979871146
174.73115478930535,1.079596786334709,1.1901664075924259,1.154029855281072,1.0262237017096107
174.4089530787387,1.0820522829914854,1.1920039305115855,1.157215560855982,1.0262693477162348
174.2561258216931,1.084450441209646,1.194846902436409,1.1588340523773308,1.0249529788899892
174.26370571947803,1.0838003096379887,1.1987152405094115,1.1638945377245689,1.029339272975025
174.30284473677784,1.0874977825721621,1.2097057608617352,1.173393352792121,1.0388217864578722
174.2815077302909,1.0979752922446375,1.2260710674227755,1.1841290708597936,1.0449705837499335
174.2597287183114,1.10230504558682,1.233362284070927,1.1858854563933656,1.044354754347488
174.3966612214886,1.1004626695016226,1.233337673393725,1.1868623418168922,1.0468056953868938
174.48523127955798,1.0944977452863511,1.223007368250919,1.1834155840082472,1.044306372085828
174.49671935054874,1.0913436607842988,1.2182059104416838,1.1842137324662072,1.0430494662925844
174.49049223388988,1.0908222137929364,1.2212572916047644,1.1903447998309888,1.0444661588651116
174.53043999423716,1.0864246453974056,1.2148241423472368,1.1875138578230882,1.0438227837311316
174.62100694106203,1.0808963226686048,1.2023151988525012,1.1832736655640028,1.0392664428308762
174.56587972714706,1.087362344386145,1.2062320184919284,1.1890649197934966,1.0472818095300107
174.5321807924011,1.0903002697545847,1.2075469380414623,1.190285417881537,1.0553079874644644
174.61121143890657,1.0911202499379793,1.2070126939713388,1.1867418063234758,1.0557948737903176
174.6308785930405,1.0922190637680693,1.2072668084926081,1.1865566341843918,1.059058237064748
174.700069899414,1.091550203075638,1.2085122954572831,1.1870216276650554,1.0616332455088298
174.62022045052706,1.0954237969952263,1.2144240570585894,1.192819586736588,1.0570192457348797
174.4752021939384,1.0958934812162888,1.219224520584462,1.1960212941895472,1.0570980684229627
174.37764901821808,1.0931140704277997,1.216847497163411,1.1972749260804698,1.055712812289559
174.3789375669028,1.0985686161610344,1.2235744434110591,1.2029921599134306,1.056246395267685
174.31644071907937,1.1014814705581117,1.2294809422396773,1.201331893108804,1.053078472931367
174.2932575399594,1.104320607861544,1.2333097696011754,1.2030470490392027,1.0554791183547318
174.34312318281337,1.1036828785484274,1.2324009601256052,1.202955580977351,1.0541240605057893
174.3273338989761,1.1045604738477541,1.2328085975470415,1.2020669183053567,1.0530272115282753
174.3552259543331,1.1056501451921565,1.2303832827639567,1.2026220178994795,1.0519189799859863
174.34402398843574,1.1084023502501348,1.2321797159578887,1.2049048508284297,1.0538577980541437
174.3632306039144,1.1085794258487198,1.2307485015185622,1.2039052138073496,1.051359282711848
174.37577850111163,1.1088498342417605,1.2304408349433273,1.2032847659473946,1.050145842859089
174.47591029764197,1.107099679975749,1.2273220074323203,1.202631417097682,1.0495920878253817
174.56762409202346,1.1062791179331015,1.2262486007703828,1.2017698750674373,1.0489043071208202
174.6438169477105,1.1045770589003774,1.2245807292994577,1.200188432100385,1.047962497160801
174.63511873806743,1.104438001623146,1.2234501681429653,1.198771998894934,1.0465095723580882
174.58688485552543,1.1064830980192915,1.2265665703428075,1.2010765792563374,1.0499404014983225
174.52358130772066,1.1096547843477536,1.2300562014680856,1.202014305851356,1.0515133631182594
174.48837426538662,1.1088719188758753,1.2265338325212622,1.2020686765653779,1.0531258424815417
174.4529207743786,1.107789714701092,1.223813529878343,1.2009039751115458,1.055174753363155
174.28960579852173,1.109632107808009,1.2268876928115569,1.2009272466336272,1.0573514788998482
174.14857018505666,1.1130782090651505,1.2318330871192227,1.2023845705495235,1.060274944553808
173.9495931858158,1.1176028465924759,1.2384099692476485,1.208769515568263,1.0624634566482491
173.9500313039306,1.1176335718960049,1.2398781534548833,1.2125231222033905,1.0635431137106641
173.90788551151886,1.1187412926915428,1.2398826502375377,1.214729489953046,1.0640076532402138
173.8148793210917,1.1223924992984706,1.242031565309325,1.219298119356357,1.066588844833649
173.80642574938304,1.122007795489567,1.2444113349207802,1.219845755906545,1.0691358265936495
173.78625625281109,1.1200249243491693,1.2417150845456006,1.2204262565125639,1.0686830173834743
173.81573313592293,1.1180741679089463,1.2402573063532052,1.2194981570160763,1.0672385262746689
174.0085431866503,1.116528812103238,1.2386194910295258,1.2188678937771977,1.0671802882779433
174.1128587924765,1.1117155262697251,1.235143715684705,1.2165949311278892,1.068187772832843
174.24050699967344,1.1101226208260024,1.236348380025565,1.2189565088899172,1.0691032209004638
174.27084264726227,1.1074162810371977,1.2333066274305229,1.2173638586793367,1.0670165387252946
174.325220885231,1.1064928318779201,1.2306200525085473,1.213486203412641,1.0691340884039895
174.3788661753686,1.105526666561175,1.229027119277837,1.2112613476079153,1.0672198385715914
174.50600609028453,1.1084626068203098,1.2299964570669024,1.2145896690920077,1.0684308030344218
174.62943457666725,1.1093883381184522,1.2288632981619902,1.2136709933922563,1.0698613695055001
174.6719841907425,1.1095726518262474,1.229517125475194,1.2134526241033181,1.068832905569705
174.78782121444732,1.1055196933235127,1.2233232713135926,1.2108964338049628,1.0669786819878713
174.81004460809845,1.1049224721019584,1.2236198590298109,1.211675397185054,1.0662938468809458
174.79028012862096,1.104893213060235,1.2222552812173635,1.2095248302060349,1.063466411048501
174.71823331685937,1.106706658719313,1.2230250158746307,1.2081895214390683,1.060154073699685
174.7109646540911,1.105120478597829,1.2232622025080595,1.2061503067108494,1.0580745271174652
174.7363387640319,1.1060552783060003,1.2230994443286383,1.2065634590818368,1.0564128046188168
174.74470913499277,1.1045919722194555,1.2242086982264608,1.2092752571264267,1.0524291507254204
174.79276735425813,1.1022939691484444,1.2234655163199029,1.2098968457979662,1.0493998817554464
174.81292899537047,1.1045104642934445,1.2258292002193165,1.2114117024391549,1.0493872907735373
174.84316476342678,1.1080432226503794,1.2277713946053703,1.2125351061601883,1.0528695876661636
174.87230302927247,1.1071634719545742,1.2249034975331428,1.2102348909294975,1.052726642720677
174.88847124245711,1.1094681241609334,1.2267364837593007,1.2110153985975218,1.0532787096254943
174.87876224957301,1.1090812595650315,1.2289556093672045,1.2135354675090446,1.0526590080789895
174.66291113570455,1.1106653593409632,1.2319645689270378,1.2160252149520097,1.0504071178384637
174.52451066344966,1.1182142836227325,1.23993835166371,1.2225571977083256,1.0562650400291145
174.46998880876407,1.1165934545548686,1.2403806784493432,1.2237182661857713,1.0588441171358314
174.52528440990463,1.1176385927967354,1.2399129719892596,1.2260002613886836,1.0625191846747872
174.54402848580867,1.119271178300901,1.2402011416231553,1.2269386171319137,1.0652231354833963
174.5431044869418,1.122576424186285,1.2421337961524468,1.2296513466569516,1.0693644431768332
174.49600260770274,1.121890754248076,1.2407152151904666,1.227416381801573,1.0709307145083984
174.50265336020576,1.120855101136092,1.2378777886100278,1.2256635907701001,1.0734086113301173
174.4487858681737,1.1209425085790605,1.2365767246035013,1.2259704546854835,1.0744094279883492
174.42231996183367,1.1206656759234142,1.2341431408583974,1.226427071997626,1.0749157269571181
174.46637725718315,1.119660208756722,1.2317165387731737,1.22632717923357,1.072701071550627
174.43214579995683,1.122822535446353,1.236524927251832,1.229362119167377,1.0731178863883413
174.39385124978745,1.1258394871575,1.2407203058038638,1.2312756320159228,1.073837616865506
174.28874790111917,1.1295479340015115,1.2449421954864768,1.2335918540528454,1.0754951963780333
174.28316798615776,1.128657251905126,1.2448616459464805,1.2319194267711666,1.0753554239566017
174.32130393681382,1.1299834577880556,1.2473363335399255,1.2344661916550532,1.076409174632073
174.31405228445846,1.1276038805852961,1.2453728581787749,1.2312795979413738,1.0746351780950363
174.23198814483592,1.127093686465214,1.2431836164696204,1.2301048852791914,1.0735077519802105
174.1358814673226,1.1278498785071613,1.2443262546656035,1.2306922996487826,1.0749016920400074
174.0982906958529,1.1287283245773045,1.2445865829800131,1.229922726518386,1.0755457174609924
174.17912928118258,1.1285434956764917,1.242346862822234,1.22892858443689,1.075222877180564
174.22217805472778,1.1291394595584232,1.243675410066304,1.229128624369652,1.076146469556994
174.206267469707,1.131547166546083,1.244899779062282,1.2269985462997437,1.0777571834914983
174.21991562240572,1.132956974441914,1.2460473407126698,1.2280617622693248,1.0795061682777536
174.21392132138357,1.1347624805803376,1.2487904974407094,1.2311212028711855,1.0818778352774745
174.19803350695418,1.1363181781192362,1.2524012332029215,1.2348711687659415,1.0857882633806681
174.22146476172605,1.1349233318600371,1.252242369959567,1.232156993811659,1.0847578417838972
174.25770684149086,1.1347973669049243,1.253636112875332,1.2338165841632007,1.0864644946067452
174.27873288279304,1.1356459979602427,1.2562461953951793,1.236392678750003,1.0881631534495877
174.27712433166815,1.1376128420087175,1.2595423160761912,1.2388114755267625,1.0905303779365363
174.31184498416366,1.1416921583982227,1.2638049333286134,1.2433527278292347,1.0927262800700135
174.29414558518485,1.144707442854906,1.2676542077270656,1.2483036236378973,1.0976919650098242
174.30739814401366,1.1438789512086203,1.2668746889804883,1.2477382830276762,1.1014226185424862
174.37274092353144,1.140651149257339,1.2636640409177762,1.2481649593706061,1.1008450006966592
174.37757291961142,1.138249852585771,1.2633042686218416,1.248542182250442,1.0998732665938566
174.37432944293937,1.1390223349090887,1.264838380626307,1.2466456275374085,1.1008538150507798
174.35083653459193,1.136988549706762,1.2612413993237583,1.2425709685997397,1.101808442063636
174.2668797497596,1.1326797133866482,1.2546968943650292,1.2334749950176547,1.0971660460950274
174.16785584836916,1.1248668010931648,1.2480056962301198,1.2246794688856173,1.0900952644219954
174.06733323554167,1.1234998689538351,1.2472585834131846,1.222002333098958,1.0872322411439015
174.04547058842715,1.1232898258205963,1.2466135055563827,1.2195109353060303,1.0877412683218994
174.01865784185495,1.124582764072248,1.2452386952532215,1.2181335491860448,1.0873597046575783
173.96117476421114,1.1243028423538581,1.2431579663624823,1.2158292040246284,1.0845581073576909
173.94542683584703,1.1257430897335636,1.2468072461885675,1.2176807648960228,1.085078490350544
173.97147154579713,1.1255489680645063,1.2513358206156004,1.2237418522541208,1.0837814987642234
173.97947784193835,1.131054395934454,1.2583472539002014,1.2366200231254705,1.086801280014052
173.93540792020684,1.1376092217271465,1.2588537125779717,1.2339032064616877,1.0835871277659213
173.96996346931027,1.139851096346201,1.2576601197157982,1.2382566511832922,1.0862757868369601
173.9345145295779,1.1354125051645305,1.2543061391944132,1.2286510279569247,1.078998026923611
173.7094553017543,1.1383427040107306,1.2561447662561447,1.2252236581005322,1.0739594836348925
173.6368712078096,1.1389188545876145,1.2588389520333652,1.2286324679474088,1.0712264493493053
173.5459995360785,1.14069257788941,1.2636771414201966,1.2339731154047109,1.0764398926607461
173.45614530608492,1.1405395140022636,1.2606827081449659,1.2347051526055441,1.0790961481225354
173.4160324840791,1.1426040058789517,1.2624553056368286,1.2389749342397904,1.0839369491673423
173.38306152147712,1.1394413349434955,1.2560359196538793,1.2314974991862386,1.0831214586598472
173.49203710454992,1.1371077978215154,1.2550836443973126,1.227242425975829,1.0849577536007715
173.5025653178591,1.1398102412345612,1.2598474859662248,1.230788257984645,1.0892915327615507
173.54503190790894,1.1478824172595687,1.265825188785827,1.2395526162879615,1.0944066022015797
173.59661991702262,1.157516844699329,1.270661584347758,1.2455385292723158,1.0985225030109764
173.6045973525149,1.1596775305649802,1.2652509365013485,1.2456107341231295,1.0956825128625876
173.7064237804901,1.1604464915996422,1.260806681230294,1.2461685603963992,1.0950748416408267
173.74578649235585,1.1588666237178018,1.2587925466342227,1.2455537679307491,1.0952422405559565
173.79727915134166,1.1619377592564462,1.2588629010023114,1.25032417368935,1.095261851701046
173.84833596017856,1.1637674069585167,1.2594933064565228,1.2491460930737501,1.0939557703100875
173.79986054292294,1.1621253818654187,1.2571372465880233,1.2477897124020616,1.0949092775786828
173.67965349114485,1.1633544985869533,1.256887414083003,1.2456072012492487,1.0894560195382712
175.24187286493043,1.1438227643529757,1.3871370696371408,1.343428732556661,1.1494679196063626
175.12664400262565,1.1495283140772072,1.3622877480208395,1.3416918696714024,1.1515898097272774
174.88445929429133,1.1542149210035801,1.3564280266985949,1.3341409613558768,1.1508501645068494
174.71236283823953,1.1531704712787982,1.342758090323634,1.3176153234610495,1.1433156128128026
174.61906042812942,1.148969360470536,1.3282442027904722,1.300303192128771,1.1290111263937852
174.55772486693314,1.1451592407995457,1.3172026308027112,1.2820951528950275,1.1179555330813207
174.58900194571305,1.1431677999809942,1.306195425202844,1.2670796970860196,1.1121419634648562
174.60362281449216,1.150912284809581,1.3042223027055966,1.2579470410348517,1.1107517623319014
174.48049640741252,1.1473235088217222,1.3013009431812395,1.2559247350256424,1.106111627559972
174.35313214432233,1.1365619557078948,1.2906983460180996,1.243211126908625,1.100219633892014
174.23303524701524,1.1262305418911158,1.2793868240477377,1.236749681004856,1.0922214637195784
174.16902671226106,1.1184334387285124,1.2715575771652314,1.2295561132965869,1.087526629098894
174.147862140354,1.1175600146515192,1.2694348831211437,1.2277325942050257,1.080858341185027
174.1168129710623,1.1148956892796784,1.2685399666093395,1.2250675478334385,1.0783308998685799
174.16907984316722,1.1126574481544123,1.2641500358715976,1.2207299499057576,1.0767190823998574
174.19843492652527,1.1125171466036798,1.2584562913299455,1.2181271896180645,1.0734587663026773
174.22481997405794,1.1128652088892135,1.2563088831471179,1.217590544536216,1.0738126363086635
174.24807487189793,1.1136740381081247,1.2550319393864795,1.2166117439639461,1.0725046625599517
174.29552159094834,1.1141274952393525,1.2533366302278326,1.215151565834752,1.0728124546793065
174.2947521042627,1.1153476065672452,1.2548353859551256,1.2150940756324722,1.0741013704554043
174.2390669481136,1.114171617285777,1.253086222688914,1.210880850464634,1.0722112693066201
174.1336822426974,1.1163647758103168,1.2518688211186493,1.2088875148511247,1.073045264409918
173.9040909293832,1.1197810846165792,1.2541562472096133,1.2114429733952876,1.0795911360801023
173.72236414142253,1.1270488331259385,1.2559533200005768,1.212397621730769,1.0848388340559199
173.62330353818228,1.1279957693282656,1.2539737624076557,1.2094272200335678,1.084164941403478
173.563128615858,1.1290667849895657,1.2523335268712885,1.20743800175018,1.079527275825502
173.60736091557774,1.1268476342283593,1.2525555398185595,1.2109946089508357,1.0789491417820447
173.745253066376,1.1300979327409757,1.2516715891634584,1.2171509214659681,1.0790378518186652
173.89929165393923,1.129150503849174,1.2483984843685751,1.217194239978452,1.080725592220408
174.01790691020508,1.1235939867390485,1.242220888416952,1.2114442902118665,1.0787677639125652
174.13640718186215,1.1184155124500206,1.238329571828164,1.2119831040096753,1.0753124096944393
174.25486363762133,1.1122061550480644,1.2353497058198437,1.2112047893024065,1.0759376961575524
174.27183020687386,1.1075575385263017,1.2348055104699658,1.2116003912315008,1.076433495890433
174.27939566014012,1.1081478486207703,1.2379110653640952,1.2164785583219173,1.0809445352786642
174.15062847104804,1.110108203392768,1.238603848244881,1.216838699882965,1.0805151669351931
173.94859293108948,1.108880619375837,1.2394034474485962,1.2169367672284532,1.0791277115162372
173.83092760327781,1.1073742120846939,1.2342299474588052,1.2117104219822639,1.0739283654239584
173.79505233931172,1.10713282439455,1.2300110275685316,1.2064769274232987,1.0742981425883662
173.68079018705149,1.1083123573745077,1.2285543008656754,1.2032914824779641,1.0726565542648363
173.65773820238013,1.1100400971070061,1.2261790980563945,1.1993546948606824,1.0733199856379723
173.75016534127388,1.1100956706834633,1.2241213017128731,1.199802488783652,1.074781135021463
173.71447204341598,1.1083614921505704,1.2245304506139971,1.2015394335297147,1.0768551051877067
173.7647369327478,1.1127820302226483,1.2296554516663072,1.2052516918758918,1.0805481311859169
173.82124059258538,1.1129282530367426,1.2309019371089263,1.2058990557860285,1.0830044479143401
173.7161611426659,1.1126603774499801,1.2328864624444043,1.2055983759082523,1.0842078634052337
173.6147938151101,1.1115846388562136,1.2317377671853067,1.2000405637663767,1.075666377413374
173.52300956834142,1.105963545027748,1.2258531166216122,1.1909106543499013,1.0662164011914943
173.3117319201967,1.106838491079843,1.2275806219015786,1.1908666845898594,1.060809186783924
173.04931748959527,1.105174941017099,1.228508264619472,1.1894540726829632,1.0548693469907977
172.88525887576793,1.1009462695777714,1.2210836702722998,1.1816428628109377,1.0485863737720733
172.88117595540143,1.1041104963788428,1.2203774668973257,1.1797068325419853,1.047430760980387
172.87712236421686,1.1042346442295898,1.2173290298375026,1.1788271942596975,1.0458869670120718
172.8418995642555,1.104306417920372,1.218861427429781,1.1834216589204944,1.0449049063243556
172.80463517132813,1.102130932689775,1.219605376657655,1.1856242507609873,1.0467960359311717
172.77289593309322,1.102293089120664,1.2181798726492181,1.185085429620012,1.0452007916468793
172.71742855658934,1.1039219196895724,1.2201573651747954,1.1895639015246235,1.0477415375160302
172.72405540730784,1.1050890079205369,1.220417754349653,1.1920287256806688,1.0485254344146777
172.75298332565345,1.1065708477146288,1.2206352338035356,1.1939874415598004,1.0522716112729116
172.8582738142618,1.1101044226401025,1.2239076929871453,1.1989010657848826,1.0542030628132355
172.97222096368685,1.113245489605732,1.2282996190439808,1.2006903661578257,1.0568353657630065
172.96007791154472,1.117549930433294,1.2340514187892992,1.2024659432850986,1.0610568511649747
172.9273030193965,1.1175989273161133,1.2349213709643703,1.2001224135601254,1.0575653732903068
172.95961301817385,1.1185097685549483,1.2363171859021638,1.198742238782624,1.0573347634206343
173.07812971313274,1.1165435278498028,1.234636994931824,1.197256797983076,1.0570896186231102
173.15184200475244,1.1135375921382762,1.230620082330628,1.1944843194141626,1.054335517988128
173.24834876345395,1.1103611991862976,1.225481141751091,1.1904672957893414,1.0508796442977983
173.1249985664221,1.1062391845092665,1.2211762618004283,1.1897511867636827,1.0523518959009126
172.86049260962426,1.1053019216515065,1.21709955435743,1.1868281387044326,1.051473457425789
172.73089029040236,1.104400366102666,1.217041406870363,1.1851003164813056,1.0497015596851378
172.66733249297536,1.1027297434167995,1.218472381511236,1.1823968893729924,1.0501728708645508
172.6739703969308,1.1049492134187233,1.219805618465365,1.1851514008014643,1.0513303282001736
172.66803914366773,1.106050283694714,1.2214313366119736,1.186858395761281,1.050263144750864
172.67111379537678,1.1077808717332058,1.224330387929831,1.1908894295329546,1.050100855471733
172.73115382470982,1.1074803905389012,1.2277196839543132,1.1927133721340224,1.0480339541107198
172.74386459227966,1.1082416694921353,1.2251110378591854,1.1919302600194701,1.0474155872880577
172.6755955550246,1.1088397589382406,1.2262214491570458,1.1915907540682333,1.0465217548981558
172.66481637127634,1.112536508748125,1.2274346097252484,1.1914083943194673,1.0477859716373112
172.63554531816652,1.116946537678016,1.2307357279204507,1.1956085207176752,1.0528376625915412
172.6110122227499,1.1189159355973965,1.2321431733452668,1.1952425139290432,1.055178078585725
172.63076840903022,1.117248778906814,1.2298754113574293,1.1944682622051865,1.059361475546447
172.70860624640727,1.1172301277654881,1.2339478889917856,1.1972101024192456,1.0619455680510237
172.7322732292773,1.1140970816554028,1.23604954098683,1.1971194077887137,1.0644608119606858
172.6646280820503,1.112497490657459,1.238168306629885,1.196041103965824,1.0629952907375844
172.6177013509964,1.1083627082540177,1.234052879006301,1.1924442840168343,1.059289460076853
172.63461146281554,1.0996935704386435,1.224903709597403,1.18775100854884,1.058059753620862
172.50063607269456,1.097553010784614,1.221509588786903,1.1844935264272431,1.0563692009236816
172.34185686174746,1.101548309681911,1.2244581644914507,1.187445604916964,1.0588221562087232
172.45456156536792,1.104824047913529,1.2303693321708846,1.192172833458936,1.0592332171476957
172.4376482095727,1.1069029216810167,1.2333993728907993,1.1937505251151745,1.0593090155780263
172.38054016246053,1.1074478082357615,1.2348051524443144,1.1931981740768978,1.059029673918027
172.375423308607,1.1076673291118027,1.2332922703255471,1.1969722813014514,1.0613379031066967
172.37846022237306,1.1109447306617153,1.2366164366124104,1.1982592802547674,1.0623376618242835
172.40531660116105,1.1119868820466636,1.238760453519225,1.1974850121486476,1.0630739473541546
172.48456709878096,1.1116307359817537,1.237408855837185,1.196477318487736,1.0602474467590395
172.41724179075905,1.111822759215372,1.2384383897927698,1.1952687888448021,1.0580153399688776
172.4597014549629,1.1124803308971696,1.2368953255077921,1.1937497084668194,1.0540941474619674
172.34484890378388,1.1133623849405827,1.235881189139654,1.192414156987739,1.052825145948844
172.29315000550673,1.1156430876774475,1.2378559424699727,1.1934696239286453,1.053222396151799
172.2536822630832,1.1112665280390548,1.2315010417903667,1.1906507448306078,1.048104445606032
172.22149438341975,1.109536202765168,1.2304848795214958,1.1906924353878734,1.0473195608804353
172.24644229514303,1.1052446480843272,1.2283099006994191,1.1893911236453878,1.0475440274814283
172.23682352015675,1.1053432708449231,1.2295541248457191,1.1898101740099472,1.0484111816136887
172.24560239706767,1.1024857160621626,1.2285269884123808,1.1888633951691527,1.049849971512755
172.29541379027395,1.1029571545906063,1.2301577177674696,1.189930992682348,1.051425689253455
172.1715574810959,1.107998099604965,1.2336699486307647,1.1906037502287397,1.0502168780231715
172.15549626757092,1.108341928333168,1.2347549260099673,1.1908730561332022,1.0481530256069012
172.16182443160017,1.109780367461165,1.2348441783902313,1.1923000249228835,1.0492196351297416
172.14743617151987,1.1067628859568035,1.2312873104400353,1.191421667959037,1.0481281548910184
172.1417720465448,1.1058070601636218,1.2288990747190758,1.188346822741124,1.0474212902150324
172.19185262614337,1.1040847712272142,1.2283380101216426,1.18900662283191,1.0462852629827106
172.1046491318932,1.104150941760786,1.2266669252237226,1.184871861543009,1.0456849611571262
172.07761305471766,1.1035331400649495,1.2270615648362246,1.1851520079243822,1.0470682299571084
172.0258898411908,1.102722591104927,1.230706835990331,1.1888716595254976,1.0479782186701245
172.07752450560758,1.0982228574149075,1.2286033466461044,1.1894032319137546,1.048374458454072
172.1322925885815,1.095405474404163,1.2267318490808345,1.1867050534271022,1.045601966766141
172.21262345037266,1.0985394306042837,1.2278309075464213,1.1876268994825032,1.0482678634446327
172.09278785514266,1.100503856599201,1.230881258791241,1.1883743174743984,1.0502806286862914
171.9415003583844,1.104335405681656,1.2338666404990266,1.1902642106597863,1.0514449854635193
171.9137198192382,1.107215268747917,1.2386349830274168,1.1930808405095668,1.0509465203872579
171.99712984666132,1.1082771960663618,1.2402019341321262,1.1966674252008618,1.0497297184870085
171.9632411950695,1.1069832798102626,1.2402361418812462,1.196218089901335,1.051256018292886
171.95490178352745,1.1036788595679983,1.237496007331262,1.1940055063123747,1.0481765028542644
171.96210764371367,1.099980001682464,1.2327301418610344,1.1888070667918649,1.0445122654086436
171.93219443633907,1.09931084212084,1.2326541928897672,1.1878649749716552,1.0424884728590837
171.85725116648405,1.1003635540302412,1.235823794727025,1.1913044718135533,1.0427812714414961
171.8589461823674,1.0994156498617562,1.233673480273009,1.1874358216541336,1.0428217701225755
171.87422501378686,1.0983253263279464,1.2305251891844247,1.184932773528313,1.0422336680655244
171.89460694998039,1.0957851556712666,1.2277204109689313,1.1803234367029065,1.0372764898653382
171.8467286629185,1.0931441474457588,1.221381637756001,1.1769267400255161,1.03305076504336
171.89697406218497,1.0927069850999018,1.2218147532754644,1.1743638152161564,1.0297702774745006
171.87511659184577,1.0940315550842357,1.2213119086462243,1.1740711182939607,1.0297245032601805
171.90181449658735,1.0947803689823659,1.2216207928364806,1.1748148317562326,1.0302971530874816
171.90210053878252,1.093411740791523,1.2199908043531695,1.1724659560956936,1.0305235867757079
171.91068564859222,1.0926869205281715,1.2207796344483257,1.170386683152379,1.0337683339188406
171.93938191138938,1.0932508074036813,1.2234219276893263,1.1725618544995116,1.0357890167133565
172.01359654297565,1.094069495554226,1.2213240617437249,1.172541514077907,1.0391580766143205
172.06964253213454,1.0948957495059,1.221611302502216,1.1737078281955085,1.0395885132936018
172.09125429160406,1.0948932043156896,1.2205209010616587,1.172238639756946,1.0402249431135986
172.08613512765058,1.0918878671205354,1.2166132528757132,1.1691601633863309,1.0380012715494467
172.01778338325306,1.0907324169906987,1.214443857205442,1.165476434612253,1.0346650012949719
171.9876869974198,1.092293199068962,1.2159207480516128,1.164281224194026,1.0365958431160363
171.9709307249933,1.093773665955489,1.2181999933361611,1.1670758124563765,1.0364477809311985
172.03347219930725,1.0968027282283508,1.2203938918859407,1.16865516318658,1.0364219714057847
172.06013568103,1.0979322127426687,1.2219680938486996,1.168831001987891,1.0362111331398165
172.05774953452558,1.0996321007564491,1.2230030545404422,1.1701209545226754,1.0362632636534488
172.0456872254644,1.100069875096473,1.225752424993499,1.1705787031064594,1.036273204871989
172.0305913335037,1.0973222587048996,1.2239311783307703,1.1694949815686664,1.03521385882773
171.99734979957208,1.1016667789272172,1.227769161336804,1.1746821061750552,1.0387683479422085
172.01438183304333,1.1004698334197214,1.2269764828702299,1.173035326103406,1.0403080332645005
173.5221836596973,1.1445164331557278,1.2684016783934322,1.2120990742426019,1.0783880901450797
173.30648337545776,1.1220163469068283,1.2438933885302246,1.1953627807471623,1.0686754413320563
173.30290638443603,1.1091305987188638,1.2303082032239092,1.1813432185198145,1.0761482460119742
173.28798000611198,1.104411163107337,1.2283390333925392,1.1769118500657947,1.0773870413429256
173.29079309057215,1.1060977237768272,1.2348117657492241,1.1859219128437435,1.083478265279399
173.31159203778589,1.102735292665325,1.2323667621117769,1.191788786162073,1.0826378778221815
173.38348821657962,1.0974688133809622,1.2236139744880767,1.1858508807242354,1.080982234998501
173.4030138419122,1.0917204602310353,1.2192843253337091,1.1841630200865867,1.0779665469300816
173.3839110660564,1.0953979344770337,1.2214354777549865,1.1850509790461887,1.0775847675939119
173.328404988658,1.0913251907548283,1.2134296251141536,1.1806210719990902,1.0676178135213552
173.44547587711645,1.0954489728212153,1.2146866233893745,1.1807624644964942,1.0630504108813899
173.6707451572826,1.0960962652649209,1.2114137298688412,1.1787444941438445,1.0624607490175355
173.70805639409164,1.0936023731007478,1.2056046919737127,1.1776628776241371,1.062361952322734
173.76778258904926,1.0897089190159879,1.2045131130165017,1.1739062304206764,1.0611930757524395
173.78311837492697,1.0892952025600189,1.2070086021987094,1.1723302426581386,1.05886324495414
173.7318718583233,1.0911333651368607,1.2099045135620656,1.170970507976191,1.061374786575299
173.72474865089825,1.0926334213952988,1.2149994867302119,1.1698774797031277,1.0591976541407297
173.55965700115166,1.0981744947685959,1.2171549838922904,1.175866317553589,1.0571377991246718
173.45278501008355,1.1003417835317664,1.2212706121499175,1.1812905647357288,1.0542819373391707
173.31218023247882,1.103397502139165,1.2226770638342053,1.1800210738237857,1.0487539550340952
173.12369430196182,1.107012519165954,1.225636261128468,1.181466036436031,1.045693799853881
172.9928579755356,1.1075037638533285,1.2279095041082213,1.1833815076849163,1.046933516758332
172.8341480717895,1.1056014961183755,1.2253028909104626,1.182502467529168,1.0441720433619184
172.7475958541322,1.0982522894422884,1.2186887431535185,1.1745739384753675,1.0408349378161725
172.66333469108923,1.0950197192445204,1.2145103016744483,1.1693293021694295,1.0379139595953182
172.5744882679793,1.0953601722714479,1.2151263631020148,1.1695712121869473,1.0355318663238924
172.62390686964676,1.0941596022091942,1.21182984720152,1.1664103960045236,1.0319492373384513
172.77102086528365,1.0901856283582148,1.2087452851846516,1.1613568701921784,1.0305502203813472
172.7577340586438,1.089515794322866,1.2105667310502872,1.1575940448816417,1.0319453771625542
172.8571387419111,1.0924654543367853,1.2143612558171257,1.1592812187361197,1.0371047307808503
172.93196084540264,1.0911335212355928,1.2134919406337767,1.155296515522825,1.0373791311230685
173.02896827632878,1.0920556686962422,1.2121957784299198,1.1530148807964025,1.037912111370252
173.11724443277123,1.0906206549901603,1.2065641174633062,1.1527001519833036,1.0390999950075905
173.19765544331554,1.0936154744794873,1.2058697555221443,1.1563853854869501,1.039620577657447
173.22635009790775,1.095564168205716,1.2084550643699181,1.1660601266091581,1.0434155815492367
173.22581838634696,1.0988515775328846,1.2113791312269273,1.1675507048436915,1.0392298393492143
173.19584307877346,1.1031724926236461,1.2183060856495165,1.1741609042713606,1.040256641625958
173.25443602267123,1.106151554167968,1.221064880874976,1.1775026622586133,1.0422313520185984
173.3193236357962,1.1051126496029564,1.2181998301792694,1.1781378520504595,1.0400350908190559
173.30617656278642,1.1031789484935188,1.2115506026191618,1.1737121140126412,1.0356962572087705
173.28440438247816,1.10186550702883,1.208761286110472,1.173875329862571,1.035509496513695
173.30086589605713,1.1046434758120949,1.2090612570227823,1.1733686956136895,1.034707912674749
173.2303818783528,1.102398408336901,1.2055536222013334,1.168305486343252,1.0353313286806258
173.15700255643614,1.1022949042226993,1.2050500899160084,1.1680670496607342,1.0366700488538028
173.02511724025746,1.1043983787515017,1.2079040347456789,1.1749634176319823,1.0421430734770627
172.92858868367517,1.1078777154314219,1.212497935270755,1.18125291213943,1.0502318529596644
172.83501394930434,1.1104840883576486,1.2152436500045538,1.1866087881391132,1.0552420954261144
172.74991883791964,1.1130506330187613,1.216350048815254,1.1894397367591214,1.0590253856116765
172.7698451174661,1.1151501051298744,1.217890710089046,1.1877153849450663,1.0626991505771786
172.80641382891966,1.1153459592166517,1.2186085284448704,1.181524165143799,1.0622102777955067
172.74787070741516,1.1164307090408885,1.2194007497351949,1.1771948603680675,1.0620564671886126
172.7491343927388,1.1177171048784564,1.2212955082814134,1.177405240302322,1.0647568591567393
172.8462209433214,1.1189268880107262,1.2218100327037844,1.1768674366956018,1.0668871225041863
172.91614238473082,1.1198955870264518,1.226075665199918,1.1794513833819111,1.0671233179944157
173.01300974324965,1.1190871192379395,1.2278886368207667,1.1794454016856935,1.0665210365570492
173.03991764937632,1.1168926785267979,1.2263021632140303,1.1760520324835135,1.0633712235575936
173.02579149220188,1.1188099648705627,1.2260899483445344,1.1746449095245768,1.0602433511591987
172.98651012955224,1.1218411232260705,1.227282409652946,1.1759539235804544,1.0590819473608213
172.93958421800278,1.1226987725509439,1.2279551749261406,1.178703029130131,1.0587766032310688
172.9506361440418,1.1193637891682773,1.2249198166077628,1.1767621561994674,1.052810681885913
173.01219092847828,1.118467774812923,1.2218854408941655,1.177416080995777,1.0545867086572325
173.0478000763182,1.119196592734673,1.2237472860168683,1.181772122316573,1.0598731201263747
173.00775009211006,1.1225770015672454,1.2274873757865494,1.1838567981217394,1.0617908023904967
172.9332115926171,1.1238173931388484,1.2281100248973644,1.1876927951213472,1.0643586447644575
172.84115034369935,1.129458549010289,1.2315940469162205,1.1932050102658098,1.0654807211601993
172.79426529513663,1.1286686208111059,1.2310461111812656,1.1951375271476834,1.0654387375152516
172.83359644977693,1.1299989561622237,1.2319973427899529,1.1954539621388363,1.0683751756848598
172.86400829546886,1.1340411347232047,1.2376039841561823,1.201411052018879,1.0711643593588172
172.8972778889864,1.1358758743353394,1.2393906959629357,1.2060296444232215,1.0730002246386572
172.93282271410345,1.136618673677744,1.239418963407586,1.209225028563115,1.0772515824138587
172.97015329722842,1.1372182567329594,1.2401892827580256,1.2128265507822285,1.0788161612922054
172.97422589709072,1.1375271722640365,1.2394669963192761,1.2141688074461685,1.078946944877259
172.95884192111768,1.136787201380791,1.2394478690725104,1.214030010709749,1.0794413736118857
172.96574365088856,1.1361036173593189,1.2380723162553673,1.2104482812687614,1.0775335266053134
172.9360857271938,1.1346414906727307,1.238239272380984,1.207091807455825,1.075212784095632
172.86578308277367,1.1361322749010905,1.2395930996937667,1.2062103051780346,1.0752143055314012
172.92009011025252,1.13507526135165,1.2369140868149051,1.2051577828314641,1.076534268807156
172.9747025898099,1.1319348496845218,1.2323553317980234,1.2022069983755117,1.0783448793962727
172.96806530638645,1.1341659093799994,1.2348758324846634,1.2028561799590947,1.0776863083006814
172.9248440926228,1.1348198553932278,1.233426361140569,1.202770293406302,1.0786431516559765
172.92046136281127,1.1350080773793043,1.2333205235961395,1.2033051241979937,1.0802295706001188
172.9072536233475,1.1355136837744904,1.2319336318098364,1.2020508670897327,1.0807284855616839
172.8569645807264,1.1351290431393937,1.2315962433424195,1.2020024689460629,1.0808772616635722
172.825978750858,1.1339815961057422,1.2303915796169467,1.2006970108163526,1.0787366493803634
172.85251359101372,1.132118193954606,1.2295954893334295,1.201000488992338,1.0782294196295854
172.89646344332996,1.130866487100299,1.2281800288759517,1.20224387517634,1.0762077976551598
172.8323039466984,1.1329907298576634,1.2285385801483797,1.2031864880171859,1.0792554845552833
172.8079822213066,1.1337872245009584,1.2285094295605101,1.2046057307047322,1.0792172108728508
172.83068768877789,1.1344512576415438,1.2299984748265942,1.205719364783053,1.0831751150765243
172.8639350167336,1.1326913096422966,1.2293572048874966,1.205163248706773,1.0842198918930943
172.89116529455524,1.1336411825412032,1.232543340426154,1.208522506924113,1.0873543649437991
172.9061257743926,1.1355697092941033,1.2338606736222941,1.2103791221361013,1.089900333028504
172.8711172692142,1.1368869022427701,1.2360383623677669,1.211703801408171,1.0910437086579856
172.78536739059825,1.1381587171267553,1.236348045883229,1.211568934291862,1.0913632812708094
172.7851701119802,1.138999452208822,1.236550630848333,1.2126522202320869,1.0929587371713774
172.75517426337726,1.1409872266888512,1.2386489832846848,1.2156333070446237,1.0917734374013017
172.7019734955585,1.1411520246963962,1.238085453361435,1.2142946724281167,1.090828042332761
172.65964416291501,1.1417663363883264,1.240264548848074,1.2158205948932859,1.0894973832933288
172.6110377087019,1.1420064545892397,1.2419380527752752,1.2144645804180574,1.0882863529514866
172.59260711777068,1.1403453488071826,1.2412335771803498,1.2146226744049746,1.0855110518469342
172.61946982961362,1.1398752535682803,1.2412446662856507,1.2135219547851035,1.0838666853453227
172.6107143004963,1.1419902910649309,1.24312264759758,1.2152780242405514,1.0844667446173692
172.67871301702402,1.14069398302511,1.2409682673672766,1.2148590986449688,1.0851532820594887
172.69166867670162,1.140219038448938,1.2407834967626856,1.2149427893103744,1.0857985888820103
172.70404931590312,1.1423514228747225,1.2417146628979192,1.2167101568304908,1.086326467034109
172.74120633251994,1.1421296468101183,1.2423805357681472,1.2161004288813606,1.0877214736951217
172.6916150977524,1.1440997998021398,1.2431079077823382,1.2157521773878275,1.0883626680165228
172.64668547225273,1.1461508891476582,1.2455674875666762,1.2169666082761885,1.0881254766257262
172.6471642173718,1.1441502965055836,1.246173735087058,1.2167090226922717,1.0876204666645546
172.7262968910706,1.1393481194284303,1.2416784887203691,1.2099550681832434,1.0866719959963016
172.77658753967546,1.1364474513634082,1.2411823166677811,1.2090867070281437,1.0865943752041507
172.74458832512886,1.1403414831322396,1.2432316647656618,1.212898412300394,1.0845714755933349
172.77274419625547,1.140663082669606,1.245607634602767,1.2139607356826503,1.086096846530442
172.7572563946872,1.141832776643931,1.247631315750479,1.215296340398327,1.0861906790233393
172.72780589006007,1.1423530278505363,1.2479215548270566,1.2156181857132315,1.0881863623845813
172.6783017629876,1.1414801864646942,1.2446471153576992,1.2126338873685283,1.0884413476092631
172.68107326687095,1.144345398752677,1.245039329409095,1.2126280341539886,1.0888124867328741
172.67667326986486,1.1450611986326529,1.2438301416189694,1.2128382114089142,1.090432941756972
172.61166402462055,1.147507932513053,1.246616826698792,1.2185705752905092,1.0936039254344538
172.59814364449386,1.145024223825825,1.2475058990751668,1.2226868687642616,1.0964892792674907
172.63041571023663,1.1421563980352263,1.2461110403789197,1.2256154522274278,1.0982344925437884
172.6610879924484,1.141915108800043,1.2440245047337326,1.2257854715430885,1.0979638258540974
172.7533865094912,1.1405039875827903,1.2430772507507726,1.2273376756118373,1.0978697295873037
172.8087798639642,1.138428513043614,1.2419343155502782,1.2283998336457465,1.0971863426260675
172.8133305466546,1.1373514861801264,1.239437338911952,1.2279579261660107,1.0952270888403768
172.75764036296172,1.1387264306403972,1.2426271590298712,1.2316471152284125,1.0959935890522714
172.7387213043248,1.1392254774170363,1.2427623936751528,1.235209528097622,1.095263273895507
172.77516517935643,1.1411169554223952,1.2426698373998404,1.2364080497423684,1.0951097372805962
172.75266541604526,1.1434531793496705,1.2459957169630897,1.2377346866819197,1.0962194681813364
172.74046241185,1.1430330496194534,1.248239075842563,1.2392348979694927,1.0975877615213732
172.71606793462462,1.1430823999963893,1.2482694523636757,1.2409404583932166,1.0985046981128574
172.69503520987524,1.1448525696180905,1.2485089255128747,1.2410156585316607,1.0988581606821899
172.6619639098852,1.1445987646331308,1.2469898456198933,1.239802331732186,1.10090105023614
172.65093922671358,1.1471652154616723,1.2488561046279893,1.2419416977470723,1.102495572282633
172.59940682976188,1.1505031084483561,1.2517696908879383,1.2453902068751372,1.103768205471353
172.60247009973867,1.152945062905963,1.2531521270756745,1.246939260272956,1.105302007550825
172.58619475665242,1.1543035746048176,1.2538461751878933,1.2458434532921068,1.1067095774501143
172.56325906537162,1.1558826403397182,1.2558016924654014,1.2477535253154142,1.1081102619711651
172.49246361015054,1.1546989309323858,1.255468755234346,1.249078589725153,1.1061306240637159
172.47471825696059,1.1545345645215817,1.255543172608919,1.2501493666171104,1.1062808496499397
172.39625006468654,1.1534394445056877,1.257254503331094,1.2504305638155984,1.109011923061436
172.3518070545711,1.153778420676035,1.2588413931517894,1.2491333995235436,1.1084705384773408
172.37067760082684,1.1547273630272825,1.2608589367929608,1.2538657535283384,1.1096247635476622
172.30182595754547,1.1539935336491136,1.260217852817719,1.2541079414756373,1.1098623869197783
172.2740649214953,1.1565308319650323,1.2616488622514228,1.2536573790259316,1.1102454904220855
172.25453496342496,1.1558015944234692,1.2615079272543226,1.2565241489471344,1.1104702979269006
172.18986785245696,1.1574072410560703,1.262498259169925,1.256560980018397,1.1101946596602592
172.1907823218664,1.155735565905649,1.261465428873294,1.2540138358239952,1.1099812047669038
172.18939248621712,1.1556387866359938,1.2601721805826658,1.2507287290965827,1.109556984780719
174.6875587385189,1.194338364594071,1.362080693422679,1.3178601524678752,1.109078565868697
174.41314667861013,1.2058486694043815,1.3722721208856932,1.3361740588599904,1.1392703326884772
174.4228740128913,1.1995068233063242,1.3668517564396545,1.331773139339542,1.1579668651221202
174.3207717086953,1.1938499462488716,1.3589799263936782,1.3205917828444194,1.1673451520947806
174.4450114060724,1.1906440590382854,1.3545101304781044,1.3136130659396248,1.1699834236326454
174.54538260723882,1.1796994632338385,1.343531061358793,1.3081477000103663,1.170287317629997
174.5609517156367,1.1653922483421029,1.3316178319442795,1.2958976616005775,1.1746518984035113
174.49836241681533,1.1548292986898516,1.3122239183402762,1.2821027554612494,1.1660379453805434
174.57337658717606,1.1423479319190333,1.2924379792773828,1.2679418501645066,1.150734984863846
174.71865955191763,1.1372345407277618,1.2815084855793615,1.2586771539773824,1.1427022040040062
174.6871720141434,1.1344453647785002,1.2754883164159534,1.2445296444061613,1.1358366479812971
174.82619661478333,1.12017660991144,1.252215742716242,1.2252551332103094,1.1168053377535232
174.8791543577525,1.1150197007383413,1.2437788175482511,1.218988806076991,1.1072581072246694
174.78074607453357,1.115722019886722,1.244040914651169,1.2143608871235618,1.10215879231185
174.53385961634973,1.1197086740965858,1.2478484382566328,1.2106807407860307,1.0944545281758062
174.3813643706471,1.1227819819357767,1.2494198708984092,1.2022528135284611,1.0838427306343246
174.1984904852068,1.1255310763558943,1.2518078022142156,1.1977735767057507,1.0806905425157154
174.1263703159188,1.1263214026584505,1.2522048389592098,1.191051458725114,1.0752291601830115
173.9406339034217,1.125364964899819,1.2507698892957217,1.1886292259120925,1.0711116583940723
173.9258109001268,1.1200362907720316,1.2420071668028598,1.181928932427945,1.067717691572735
173.7723422841166,1.1212987304966897,1.239243431635528,1.1830542334703766,1.0638042266147953
173.67600849080299,1.1206832325075138,1.2358202985248472,1.1822967004140967,1.0628322035327016
173.67476250222646,1.1229854278848153,1.236372551576558,1.1845793507486122,1.0638026999446928
173.68739304996856,1.1218099432673674,1.2346859479147918,1.1861636554136505,1.0640657921812426
173.7388232225492,1.1161930498338428,1.2328522853121373,1.1843080616774575,1.0625312095650072
173.70601637217206,1.1190892680095479,1.2372222396752708,1.1841575906797706,1.064031085850172
173.7192898879144,1.1171871890512861,1.2347844071665672,1.1857689001987812,1.0641450573024775
173.67757636551502,1.1208500602800289,1.236999213087012,1.1914237639743668,1.06603845643781
173.7386059707689,1.1174613486030391,1.2329908439729629,1.195762748256894,1.0687085841059258
173.7512409626989,1.1180269264299514,1.2332998162502573,1.1992286281957765,1.0712325418076973
173.89306672827817,1.1177087889024786,1.2344538995107655,1.1990686616808468,1.0701505992882088
173.8722471938587,1.1179686045534416,1.2345268674998147,1.1930347168338027,1.0624131782749306
173.82324749899362,1.1150040301556257,1.2361430180650397,1.191128749992241,1.0582285350146927
173.75101958769017,1.1158729010261161,1.2425920732138829,1.1888746183993266,1.0547465454283167
173.72603530261202,1.119620288642861,1.245263962510192,1.192124813125961,1.0558329735570695
173.6647012111766,1.1216758181060698,1.2505148005129,1.1894867854212252,1.0536478932450977
173.6578851163127,1.122073888748977,1.2521884029991774,1.189813265424068,1.0522301026907481
173.60639341184742,1.1241300874587883,1.2552201082209926,1.192372668273569,1.053692514658348
173.65433798823008,1.124765218551754,1.2564747224002697,1.1931228605617934,1.0576420689043884
173.62449940695646,1.124880984004759,1.257051096886593,1.1937135514990926,1.0595296280899562
173.54676531370302,1.1278071628601758,1.2594424475909132,1.1970203718828794,1.0638792921899043
173.57057543030302,1.1300946693040448,1.2616896198700491,1.1991089475055243,1.067376124057325
173.5814324434758,1.1307549509858958,1.2608961865764485,1.2024978807615316,1.0698938539396678
173.5532638650099,1.1323090524721988,1.2606398631015818,1.2040980454722516,1.0746035944101797
173.52018491437642,1.1379584125465443,1.266244382035319,1.207900202755983,1.081369492368134
173.5670066017413,1.1439557904748618,1.2706063308822764,1.213865164133962,1.0888502174834684
173.5577880673743,1.145626276403223,1.2705787824263173,1.2160008606621417,1.0913117995842083
173.58877774412082,1.1417725888004746,1.2660905948487382,1.2152561621698044,1.090443481099325
173.55075538303194,1.1438435889767624,1.2650517212139667,1.2169764995020298,1.0925418388004613
173.65893123473714,1.1437403962794357,1.2624549347621385,1.2175590715837912,1.0919232404531805
173.6966884663537,1.1395804375856746,1.2611012757332827,1.211701735871834,1.0866300573870449
173.68445848103622,1.13573992141346,1.2572113013192079,1.20834573249634,1.0811845064341483
173.6453317982373,1.1366636811224402,1.258693846308835,1.2079738457415006,1.0802153123084948
173.60957050541572,1.1377020171789753,1.2615387836583762,1.2094585828263533,1.0794973208336816
173.60383696341503,1.1386138782653723,1.2628182848194944,1.2096606302233401,1.0771076845310958
173.6728841072014,1.1406862685990165,1.2643948379334182,1.2111611671258657,1.0792569638978513
173.61039030854818,1.143643876194506,1.2669027771474681,1.2142900518813389,1.079814766048577
173.4318181496026,1.1448376266400833,1.26967664143827,1.2162202190956406,1.0800638905702669
173.3492823139537,1.1419717214564649,1.2687909343942787,1.2179985837331735,1.0763932988682487
173.22284762315545,1.1440216165260324,1.2679135262886858,1.2160954205548233,1.0781772172387067
173.07517559306854,1.1434721745249443,1.2651256236239745,1.215702395369933,1.075912475276325
173.01261238006637,1.1474344850592784,1.271180834349962,1.2187374840765197,1.0824187786003965
173.09886533100246,1.1497118959532737,1.2726675151588245,1.2236377583124116,1.0907329327462143
173.25009218903836,1.1473708739541664,1.2700119508508765,1.2249954473212787,1.094610646928165
173.25952703820465,1.1491205824047053,1.2729128781724874,1.2234705520395712,1.0943782105461144
173.30180698011503,1.1511871881189337,1.271953106691236,1.2232694221452074,1.0952674976726007
173.36178568649342,1.1535478442636107,1.2705297398552837,1.2257201898832066,1.096802591485064
173.40494609630133,1.1527495020823137,1.2717042900418132,1.222903690054216,1.0909847846584995
173.41869588109998,1.1511981354914536,1.271333754690356,1.2216524676766984,1.0853166457158416
173.34237001481637,1.1486039571795366,1.2708552471413352,1.2220353580765648,1.0817096090513065
173.2272511184729,1.1494168816127817,1.2745084504374695,1.2210802175912034,1.079310431242094
173.1340434694605,1.152949411370335,1.2794159031543169,1.2247613827769912,1.0822866372035023
173.14910116497768,1.1545909064156012,1.2788521543577231,1.226229082803303,1.0839931692421372
173.15797637962976,1.1553757754006129,1.2757753870482558,1.2249419278292,1.0861560850670704
173.23557323805065,1.156728368689261,1.2723866860676218,1.2247033036080417,1.0864772053691867
173.2274724020935,1.154892906408313,1.2727971059858019,1.223193546787675,1.0804690546268527
173.19170276507955,1.156716153602503,1.2756684846307584,1.2244855806716342,1.078562622580343
173.18921461593558,1.1552786940482935,1.2725886843342884,1.222230190511605,1.0769329234792133
173.15089973344755,1.1564508920549204,1.2733569365765358,1.2213096404798596,1.0738643530997978
173.15942200818853,1.15765780041743,1.2727292146308142,1.2230755293997109,1.075646070499339
173.10763093685608,1.1586740828386721,1.2747482618818216,1.2256385360047146,1.0752288094466957
173.10815077734375,1.1593356265332828,1.2743021490779591,1.2268714123159414,1.074774148615345
173.07552389965733,1.1605289319101266,1.276273842921173,1.2277198932594318,1.074522131335423
172.967394060688,1.1626075193531402,1.278681468386058,1.2304714037313924,1.0745930314683703
172.92065973838012,1.1625081224830525,1.2801084527845479,1.2299802772111639,1.0787252657988178
172.86256425837087,1.1644978136306472,1.2823353247042946,1.2300711232744788,1.0811687168244049
172.88310212883596,1.1633191454428997,1.2813497642693192,1.2285785243517025,1.083015795364467
172.8523061725111,1.1634741966211752,1.2827637717278704,1.229086072691872,1.0821327497908744
172.77977742434183,1.1659873071115747,1.288102751792753,1.2301354545415286,1.0837443378015403
172.789187825699,1.1675768243570477,1.2882109752824908,1.2321119102502778,1.0895156223631364
172.79897808866568,1.1648166748031556,1.2863939078011948,1.230962763702512,1.0875853274707956
172.75535141747096,1.16310881793671,1.286443113067913,1.2318696717243516,1.0917993329861715
172.75554418503734,1.163853701180268,1.2870713111980525,1.2328389327113216,1.0939136090365063
172.72049918817697,1.1666287599980174,1.2913494834026942,1.2368104027568532,1.0976879020596495
172.77849899622726,1.1663329141132417,1.288670245182722,1.2371208415730912,1.101402684601234
172.79287189930363,1.1666535015560617,1.29204862601757,1.236818070745537,1.1019069604452931
172.79270663864207,1.1675494093277468,1.2925804016665399,1.2391566440217092,1.1035414325951847
172.7593630302894,1.1665657328973573,1.2917235873362416,1.2368458228056125,1.1017448432317092
172.74293265824988,1.16816939870446,1.292912257008941,1.2387427332190597,1.1046190032888776
172.70642788100432,1.1672513046638224,1.2926053518355554,1.2385022728162245,1.1045589732712318
172.71930229981058,1.1659221778755267,1.2911817198863667,1.23838014323488,1.1057363879467714
172.72253350262784,1.1654579112357888,1.2890056024793723,1.2410607428896738,1.1077269347344372
172.76448411577198,1.1631924189714087,1.2867008202280494,1.2403564503647362,1.1060463888779122
172.81801533890888,1.1614497831827577,1.2871011200808038,1.2381385359663033,1.1036742183041122
172.80852454236103,1.1604448433649577,1.287052269857345,1.235601731533951,1.1034139585813572
172.80162800921144,1.1624336259297476,1.2883246675468882,1.2358455898488647,1.1064683733907126
172.8589579808386,1.1638721651183435,1.290866723138229,1.2389550763778625,1.1089239009896885
172.81208214702636,1.1645683750019686,1.2919445840882557,1.2395677122358133,1.1088441833750253
172.85548009053525,1.1668492990546304,1.2925036778950239,1.2427475497916736,1.1106874757321723
172.88440150573115,1.1657915044261966,1.291086699385739,1.2412941597939449,1.1094151955623917
172.9006396564178,1.1640003570345974,1.2893730022753733,1.236572009491689,1.1065408034570174
172.91168861403318,1.1634002743774974,1.289408456939842,1.2381843633179233,1.1081004153688208
172.90552598007267,1.162840962619612,1.2875328043915728,1.2376393007568407,1.1063624253704947
172.91027186736522,1.1597605233239674,1.283971432669536,1.235928417893956,1.1019736989799034
172.9243756811905,1.1597021474189524,1.2837337491615188,1.2386434579991696,1.1037565244181613
172.91166201179556,1.1572194005005916,1.2815738015425766,1.2381625500128846,1.1030390145115276
172.8907201470073,1.1563593085926602,1.280351322194412,1.2378421605266028,1.1018204101452957
172.8932788742839,1.1565221577410012,1.2816072363047666,1.2369418396284744,1.0995910040400763
172.89327319115162,1.1576991061766697,1.2839249551326355,1.2371717779356413,1.0987473299611556
172.90992137310172,1.1591411658661621,1.284550933402565,1.239684258436583,1.0986594341620366
172.89243090873072,1.1580420394999786,1.2841301106224448,1.2387303147379114,1.0987121353586011
172.87707051064683,1.1567355009409954,1.2828348645498553,1.237705508620483,1.0982498341794444
172.85817353799408,1.1574569807922261,1.284632544616739,1.2381597761391279,1.0977110473825331
172.8609757269962,1.1570306678761377,1.2841818739520137,1.2375900109872273,1.0974727636909227
172.93382066228858,1.1568285017012754,1.28113948315047,1.23756512535838,1.0970737592348059
172.88684910132326,1.1581355100048525,1.278763069714469,1.2375082525080683,1.0955043659059562
172.7973649499605,1.1556832432783617,1.2759018789613943,1.2350242057779763,1.0933240942942148
172.75237392994399,1.1527953938475073,1.2706442343394306,1.2351201779172483,1.094841929566808
172.70085244627856,1.1479543865804882,1.2629378451435782,1.2334256122642848,1.0916663158078337
172.7424355946021,1.144172436169801,1.2589889390226676,1.2322389936388576,1.0923632005162258
172.85586849680908,1.1440695646745451,1.2610320290939587,1.229120421944212,1.095634563228861
172.86032414167934,1.1466303354812077,1.264347993521738,1.2304035601011445,1.098696202157374
172.82135447673767,1.147859612095304,1.2698056566614964,1.2386892901656603,1.101830588466913
172.8180195264465,1.1495420842333652,1.2735720786437719,1.2393289564115666,1.101522960226671
172.86788751046657,1.150247673321316,1.2736309793965497,1.241124350195336,1.099716382369209
172.87668087946037,1.1525577822817765,1.2753266442455904,1.2406773960970878,1.0987181365206735
172.89776394808467,1.1483665217236632,1.268781367994545,1.233004731601165,1.096152355119143
172.88086702529353,1.1455429556488839,1.2650750627139211,1.228533048627238,1.0940398126275608
172.9098570534573,1.1427473896016738,1.2593535425697886,1.2265012599329874,1.0951496684438569
172.90176894631225,1.1409070329558784,1.2579914466687607,1.2242111731532042,1.0951595124735551
172.90712163355542,1.1388115942430366,1.2567578670057542,1.223154348854682,1.0935999608488483
172.8741917630415,1.1412600145353853,1.258000244637382,1.2248821730184272,1.0945292796810162
172.865755606723,1.1390140798617048,1.2562081547415174,1.2228489930732418,1.0931001784267358
172.85955244368475,1.1411874087288,1.2594128414293195,1.2255734811155272,1.0914139583848095
172.80290313559453,1.1396190207398371,1.2596365150627988,1.2277419266149041,1.0887516073660417
172.77381787742723,1.1372741675522458,1.2578136468875927,1.2286722597048814,1.0886031766128785
172.68082638502793,1.1394806083032065,1.2626472770196793,1.2313111187841077,1.0886738199377028
172.65120812296914,1.1361309360796348,1.2620092852192484,1.2286030191819555,1.08699368196738
172.66397139765638,1.135397904649902,1.262103790236327,1.2264833881822619,1.0861004707348008
172.69427653996482,1.1367347892713358,1.2613438150947536,1.2262305977302512,1.0836438165750952
171.0270627993764,1.1004614235807462,1.23793663452164,1.15797678716098,0.9283468930900872
171.51005937062274,1.1145574719276474,1.2404879813827263,1.1772676403376996,0.9686298694309717
171.6981804003032,1.130211954085279,1.2531909230076421,1.1987844783881412,1.0158680040945196
171.73970414724326,1.160396550987274,1.271693875690376,1.2283235222538327,1.0527083744468
171.81857584212824,1.1821038667329442,1.2864022788568483,1.2492000696743533,1.0693258896993194
172.09746825388447,1.1997632789460986,1.3037581253211423,1.2629072639668664,1.0857726254842344
172.35824127815712,1.214767131070359,1.3229579183938531,1.26948060531979,1.0926785483434425
172.6068849120066,1.2185308574201819,1.322479928258532,1.2659178405605316,1.0998530120936534
172.8208499325754,1.2245856764346035,1.3314311752464882,1.2637770707168885,1.109653400116027
173.1918807258692,1.2293316362637607,1.333880812869141,1.2722501858994788,1.117476572002196
173.20857694979907,1.2312444490709877,1.3391560085046819,1.2839953524146954,1.1308557963158463
173.48388157760243,1.2261945996802428,1.3427010869427582,1.28698375052584,1.1332001595347363
173.66708065759514,1.2195694514771165,1.3346327512592777,1.2842665201666121,1.1272889746344945
173.80684119980214,1.2123098861803052,1.3299149925114393,1.2795500775934634,1.126879038344263
173.9536082233853,1.1972737867987107,1.3173452022011423,1.2768115863082772,1.1236282176173575
174.0486786573099,1.183184013198882,1.302611823865268,1.2687887394579402,1.1196190176920384
174.13564279998408,1.178036650659429,1.2931897221907114,1.26876028840108,1.1154098882995904
174.12324629448028,1.16819491433024,1.2818992295053133,1.2610351325861566,1.1116489329921224
174.11393527817214,1.1646925465592706,1.2762159179823023,1.2615474591222204,1.112247953084718
174.222240337132,1.1621856323924404,1.273706913957894,1.2644084529447532,1.1136887560948283
174.27835518689494,1.1621358090049871,1.2715914702410027,1.2692870240639214,1.110141347069117
174.25286606943723,1.164280516870482,1.271645453332468,1.2734031661541707,1.1134969875034804
174.19964535021003,1.165815587275665,1.2714812826676956,1.2745676910444168,1.115471342762744
174.21873565446404,1.1672967862982675,1.2742320356097252,1.2782228545732524,1.1179582860957018
174.15324970461646,1.159603715675868,1.2604827735994573,1.2696579255317229,1.1089983675676967
173.92436600792456,1.1587518368203524,1.2597989795956641,1.2628963797030963,1.1076489719782814
173.86603829289024,1.1556184297918553,1.25894349916523,1.2630560258828487,1.1103367465717098
173.85931437442085,1.1525125781905632,1.255069067726764,1.2602002321610866,1.1126897897109649
173.85276746623146,1.1501331046012389,1.2516289689358477,1.2561357393714578,1.1139265165393535
173.94736379034822,1.150336200815035,1.253419747099526,1.2587261869654707,1.117737606363723
174.04844961367723,1.1493372857759943,1.2531307638021614,1.2608303474600393,1.1160934000114628
173.97344991033106,1.1505779021634848,1.254021130861176,1.2632926294743578,1.1135426755679156
173.97684220764899,1.145310651848502,1.2495704272151664,1.2613912090461945,1.1086899672530932
173.97180349751548,1.1449421527475707,1.2475833328233303,1.2595209128361533,1.105933644166516
173.98878664702468,1.143263213051155,1.2457724061937512,1.2600299164536037,1.1028942184558341
174.08959319100836,1.14242024406044,1.2449821338708995,1.2541380804679956,1.1018527104431546
174.2373282794692,1.1428977113559327,1.246201994946008,1.2501982866960402,1.1007238668265573
174.29208565867006,1.1395329831174508,1.245209997879473,1.2463381103665645,1.0922546498039951
174.1931593847519,1.1392917783583054,1.2502334426431163,1.2464247886207547,1.0928780710322068
174.20786042956968,1.138861285601877,1.2529921600552112,1.2450605049846604,1.0898194674732071
174.31106782964724,1.1359230917016414,1.2517529462149215,1.2439375355042686,1.0845123038680657
174.30020285078774,1.1364661993815142,1.2463430464854952,1.2387033918666077,1.081014641091407
174.32266806388333,1.1415570084775575,1.2473625930976164,1.2429755785836303,1.0827784269497718
174.44115491047,1.141763509443948,1.2504110615054642,1.2437463935676651,1.082048042918547
174.48422917972334,1.1406230096145413,1.2469498103947034,1.238981845522105,1.080722538184628
174.46224217191235,1.1389228318358,1.2426827560011906,1.2338381424698202,1.0784594565433245
174.5200786791417,1.1362783869503577,1.2398767284362782,1.2318588328270619,1.0746494211586277
174.4728797319562,1.1317342668542039,1.2332283923525016,1.2252473890349915,1.0649774854856369
174.30998521941996,1.1315041807421897,1.236065502639839,1.2264880620067948,1.062969034672596
174.2847622927854,1.1350420824234335,1.2429699745499578,1.2341224920498524,1.0630485539678034
174.22742236464757,1.1404047002417974,1.2516294009202023,1.2428025146543047,1.0678227497842812
174.1902678554592,1.141991148859092,1.255292470581592,1.2456742358070108,1.0682350627780774
174.10419003105795,1.1447829419461384,1.2577762075267493,1.2498393072390703,1.067804593530337
174.1599221479201,1.1445848928061215,1.2574152383190003,1.2517953358808789,1.0671164753175277
174.25764739711528,1.1459798465580333,1.259629486909268,1.2508886761135254,1.071470938192766
174.32628512651877,1.1430166819035326,1.2595977739663742,1.2555177655546752,1.0746300005822416
174.30160653335338,1.1409677941667278,1.2570731497248886,1.2576862487606422,1.0731877039454416
174.28281596079694,1.143684182852354,1.2580603389804343,1.2562066389927866,1.0725864951859694
174.33384536524525,1.1411608479287432,1.2557516445873516,1.2572776532440046,1.0719233480175545
174.34614207440393,1.1418140660394782,1.2558694318262247,1.2577338764539996,1.0721537198322704
174.38361292678798,1.1410205141481093,1.256167719414931,1.2611336264480688,1.0770826879497748
174.4000064866041,1.140270435812712,1.255821498896844,1.2616994190856778,1.0790559840189473
174.41806834124367,1.139935224748583,1.2561380550089085,1.2636377468572193,1.0811108550838218
174.47528507576877,1.138697971583649,1.2561520335027085,1.263361300650208,1.0816013208181903
174.5313132134177,1.1395505908768333,1.257250251357299,1.2631883847125842,1.0827667710674584
174.58663278543375,1.1411992160058095,1.2584671294899379,1.2628007296286397,1.0820852542313386
174.56976231248086,1.1423310420781063,1.2585750459950524,1.2651834211727166,1.0831448493862144
174.57790383969564,1.140061345324001,1.2563259289622892,1.260892914437148,1.082209421257758
174.58608677658185,1.13987044691862,1.256981342071741,1.2572961866331498,1.0806913588818645
174.5242563408919,1.1378171683574725,1.2545472727045235,1.2557883280791153,1.0807772645385771
174.60435015150279,1.1353481625888402,1.2499152010225991,1.2545003731817406,1.0815935107275891
174.59448586252714,1.1337448940907309,1.2516918452552475,1.2531156153503735,1.078283956779874
174.49458431060236,1.135119432673638,1.252957557796224,1.2512811267104407,1.0794745484565766
174.4349709496837,1.1383836409554786,1.2575869365703418,1.2537006025674438,1.0801156521857085
174.3191243749709,1.1419264276332628,1.2622308295023368,1.2551765027352502,1.0816665394065703
174.30522843955347,1.1432139147208675,1.2638469240205346,1.256567964079424,1.0832184487533105
174.3209042032326,1.1424406294869804,1.2623819937259113,1.254651352712858,1.0832243873549074
174.31130128165486,1.1417735117809091,1.2601804326824677,1.2522570196645262,1.0807720077136427
174.28657716841298,1.1437543924381306,1.2613254177711164,1.2511144269416818,1.07964112778623
174.28642660142174,1.144944976136567,1.261520452298846,1.2510682920181575,1.079047112072224
174.35687676371597,1.1439000737046796,1.2620955237396487,1.2512298457515139,1.0804826851149059
174.39409415953347,1.1434809704660382,1.258757921278074,1.2507892070196778,1.0803345775793192
174.44254596943514,1.1411816565546051,1.2560811136108303,1.250261024546718,1.081342169171071
174.43487239275117,1.1420019386529785,1.2556727475030889,1.2512291661059731,1.0819338448568916
174.48405038913282,1.1397807007496883,1.2534438616442323,1.249800668207584,1.080217262146045
174.33708802375708,1.139181617199508,1.2483543058113054,1.2434383710235903,1.0783999460141016
174.24314833130697,1.139230517892379,1.2447266178923184,1.2429993181510028,1.0751246312761604
174.12414115457378,1.1420370931468002,1.2474092316925565,1.2452170767360684,1.0752894591490123
174.03540611963305,1.1439638378025294,1.2497623905161772,1.2495656605266519,1.0788987166979866
174.03595997847123,1.1492740223200457,1.2595197557646924,1.2550942388309423,1.082121970766183
174.0439838819554,1.1487896768477992,1.2600429512555031,1.2587582380709006,1.081115631685044
174.0974586601227,1.1457949378722243,1.2565818846159054,1.2578759761283274,1.0783174904256592
174.0781347317177,1.146575672754239,1.257172016362732,1.2582137223381995,1.080406644193781
174.00566825348722,1.1492569960841814,1.2600277251160883,1.259944779689441,1.0830560809149983
173.94348617556352,1.1502994075270443,1.2601318315963748,1.2620604192109013,1.08464791464436
173.83375487982855,1.1526827086796863,1.260614809537668,1.25934863812909,1.0799080937352874
173.71944477907687,1.1530803220765151,1.2594627189104832,1.2558129335019792,1.0760098636920925
173.74177796837668,1.1497682587966083,1.2564222794862756,1.2514672422650204,1.0732349338796578
173.8539482794126,1.139116531910187,1.247584412678124,1.246992691786861,1.0737070365121266
173.72955293177068,1.13809026880192,1.248171645042494,1.2443838618171248,1.0693091790028793
173.75047651819906,1.1340050832543718,1.2448699170400483,1.2419639752461136,1.066587984835377
173.71739500325134,1.1345674613548062,1.2434570357706944,1.2403459770782927,1.0643902292860616
173.6703493604795,1.1361393101946877,1.2450809978872281,1.2405034439301503,1.0638993236785328
173.56136029329812,1.1381190816810678,1.246127671755071,1.2401536108266666,1.0656760837846342
173.64148844601198,1.1354115234824285,1.244428690429828,1.2415078455079374,1.0677376121897655
173.6217464813594,1.1403878077661933,1.2472075566637055,1.242626471780424,1.0709380098555221
173.6578815770428,1.138505951414313,1.245078047487744,1.2428652003856606,1.07228835906566
173.71840596301539,1.135826545222652,1.2403678433441907,1.2419238138473314,1.0732263293166016
173.7638733992629,1.135612772181303,1.238299943626163,1.240100403362339,1.0731958572527995
173.74727213071702,1.135070241397495,1.236382014236849,1.2378790105759565,1.0736777068422605
173.8399635241306,1.1374305624208365,1.2384450643386358,1.240393179951944,1.0731463764889335
173.92600559808332,1.1392651774236546,1.2405201975186164,1.2430987776418245,1.072138036991288
174.03069214611688,1.1418217304117186,1.2431809364688096,1.2479177134422428,1.0752925042430748
174.03235134648895,1.139459826730727,1.2405174318008036,1.2480214541124501,1.0751749428725301
174.0541000505959,1.1389520026353326,1.2400728305794768,1.2496916283778676,1.0743192815909939
173.96244968422073,1.1407806107299476,1.2417030308598345,1.2490922172335965,1.0734508877471136
173.85410168385272,1.1435365733069707,1.2439917675069172,1.2480968112085318,1.0718655693416734
173.85299978555145,1.1460318045872173,1.2447376431760089,1.2482329109429053,1.071179914308845
173.86523431595208,1.1476893647695532,1.2454869442298016,1.2488927287886606,1.0738407157903793
173.77626954736263,1.1461258696912986,1.2429687977752164,1.2450547087937036,1.0719220387478001
173.7239716209073,1.145998564769207,1.2457586223696733,1.2475819606831655,1.0720567476091019
173.7513513410886,1.14325484524928,1.2428423164214977,1.2449064474217468,1.0678629634779415
173.68977824486356,1.1419673473069252,1.2396715594916752,1.2439796931051355,1.0666980743106795
173.66642482839117,1.1389367961005012,1.2354345468882841,1.2415632528897869,1.063911131011527
173.7063674752649,1.138569676975176,1.2345381086601168,1.23763801580734,1.0597944046523775
173.6514652213619,1.1420974732018943,1.2374819971108861,1.2405346679020448,1.058856026065266
173.7118991979975,1.1459448744100729,1.2428557524778925,1.2466812598519508,1.0638301868787152
173.76534757793286,1.1511949060363373,1.248863175798446,1.2495752042804316,1.0709866916064688
173.77579921604308,1.1544558522799497,1.2526534045297926,1.2528964000251035,1.0740087536467453
173.76206156554215,1.1555576016602247,1.2532252218931472,1.2561437440805412,1.079470070524543
173.72410047838167,1.1551970448012867,1.253823619077918,1.2582509270316244,1.0809375815334654
173.72944058732853,1.1531429220752325,1.2523567487464684,1.2580573800028574,1.081116372840772
173.74209190664686,1.1524949927610273,1.2510804924369587,1.2589715579629528,1.0817135258708086
173.7465600470824,1.1523035025932262,1.2513818118151718,1.2592780261346388,1.0827012159286311
173.74630465752725,1.1502079008725057,1.2483726736088543,1.2596813564626321,1.0802810865129882
173.7597166040464,1.1522601035551403,1.2495260818858616,1.2608406232909937,1.0817645503580808
173.74148873367673,1.151541404501807,1.2494906534478276,1.258938514388942,1.0823073132703631
173.6970372282284,1.1500447565436658,1.2463763284198077,1.2567628627812477,1.0796666601866778
173.60860050680267,1.1494640184998823,1.2462819839735189,1.2555368445691364,1.0810588157889498
173.51073434652912,1.15157296707189,1.245426914447998,1.2521357463759637,1.0809190521792862
173.45927365876327,1.15412650340461,1.24660418023192,1.2553796270702418,1.0828764491655054
173.37703920610736,1.155324554524279,1.2456605889454222,1.2553289304365127,1.0810026008623945
173.2923264368316,1.1552019210387732,1.2463519866846802,1.259266109159248,1.082943634590615
173.22964435778704,1.1557834250062873,1.2484786302499302,1.2618513703591303,1.0870243686980046
173.11354291953106,1.156480205586133,1.2524680625125024,1.2647521983423782,1.0908722784888294
173.09977125925488,1.1525907624760046,1.2489729202902264,1.2629873782995515,1.0921672112483174
173.08183870064218,1.1532339152762614,1.2480438348845717,1.259311237714973,1.0909114615890583
