134.86876080464828,0.15970843246550134,0.20483332960148176,0.3390123549336437,0.26984910276277685
157.63553804974183,0.3770924414777736,0.47271713009616945,0.5571391428678246,0.41384012249727037
165.99890809868714,0.5960345112009797,0.7405685170478888,0.7703534978690074,0.5751664442639274
169.21200284306204,0.7745222537713919,0.9390322215158847,0.9509301196703108,0.7259333185320631
170.1391246816746,0.8841512735188416,1.0814593725288928,1.0710207626202475,0.8204317480596623
170.51446418192023,0.9458778687669586,1.1475982183433384,1.1322832967838439,0.8764758105225208
171.056014966943,0.9904873783735564,1.194039985519945,1.1684148869140354,0.9273575405094228
171.12549802518456,1.0092740370651612,1.2123704206529236,1.1846706847500228,0.9368411270307286
171.5461271066893,1.025851936122392,1.2269172221101063,1.2145566462671307,0.976063199664354
171.58473579886925,1.0335943064430038,1.2271279768697438,1.2497318388568084,0.9942826454680838
171.76173658571605,1.0335862730884087,1.2245673676943685,1.2833615131567384,1.018408693572147
171.85606769765423,1.03761088825209,1.2235177108042945,1.3055123396521304,1.0345593945393998
171.7333159157936,1.034580045616432,1.2258576584706895,1.3188902936224642,1.0414793061953267
171.73917518866003,1.035874036630108,1.2312222723062414,1.3300309710371274,1.0521646902024093
171.7213819673725,1.037679894454583,1.2310978210938934,1.341982585374466,1.0610835736815656
171.59818564489836,1.0437932328856396,1.227701673740664,1.3571183569617877,1.0660424442590677
171.60438247771174,1.056722883276184,1.2334123450075583,1.3676002283209907,1.0767153129877365
171.45532504925458,1.0629475496361938,1.236546664800385,1.385987168429228,1.085753373308444
171.36587730217263,1.057890665425731,1.2342921627718297,1.3782091745992933,1.076012982047227
171.24551718901668,1.0439484821247347,1.2224829630479925,1.3604868719830518,1.0576675662843946
171.03177727670231,1.0379003732292367,1.218550817619799,1.341249333453081,1.0376165500519
171.07010997413906,1.0281202205573687,1.2140695301939595,1.320591895478211,1.0257083357724837
171.07239776119818,1.0324187483619984,1.2126622634482727,1.311593869075492,1.0207449641843476
171.12465745242645,1.0301274748982505,1.2156677330457866,1.3038120881862014,1.0181564681547082
171.15015933967433,1.0304202172498007,1.2138959469768582,1.3030744683130089,1.0225937047626015
171.09710120435182,1.0249328899145822,1.206083852189825,1.2985655044780435,1.0151211860725575
171.2092305649261,1.0206503744106934,1.1989455464596885,1.2903134889860368,1.0021585202219405
171.25518116678305,1.022609279129813,1.1987872179593217,1.2819007689283117,0.9957529970559812
171.319475845559,1.0251798989211995,1.1941691348416013,1.2682517176029369,0.9886083126987961
171.2600442988447,1.0197142715385112,1.1777189236268941,1.2481066765277382,0.9808479251444803
171.15398906743064,1.0197277345250433,1.171503674283956,1.2450598579438048,0.9767324535497977
171.33610011124517,1.0201264784036597,1.173424459232365,1.2390708397456427,0.9708500230039613
171.27253544333922,1.0188697794088482,1.1649501035782768,1.2255937418736744,0.9527570450783702
171.50374481139525,1.0156873775394184,1.156490465998223,1.2097962016216464,0.9394729854795364
171.52432519527073,1.0102717486967,1.1530587824753054,1.206966645012365,0.9291359226188439
171.37542101719816,1.0069055152107347,1.1571443785663293,1.2133884555952448,0.9312087073130673
171.33749286990843,1.0076511307887268,1.1582621941146616,1.218383979826924,0.931752458285967
171.2030821109029,1.008480684654009,1.159897191829511,1.2218644787800417,0.9321881377953576
171.29629091222856,1.0078269441944259,1.1610770054260904,1.2225996066190186,0.9352418094153656
171.08509840265518,1.0029302200668173,1.1547631326465655,1.2212645151643013,0.9401039607834152
171.178011252864,1.004754183698123,1.159702844126637,1.227849322589166,0.9469109570244653
170.99060826515037,1.0059484811414408,1.158332234478726,1.2344861213159029,0.9525841360894055
171.05288466198866,1.0094968066841195,1.1685479588555838,1.2383533331796164,0.9583763330536462
171.02645410781494,1.0128995295121472,1.1717018364507064,1.240783697846575,0.9632712994227637
171.06576073088877,1.0228138188108862,1.1803439923794143,1.2478153676137629,0.9718385621139403
170.98647938842427,1.02699271604872,1.184217911714035,1.252609598680879,0.9767999050668849
170.85361593555783,1.0340422428185938,1.1944342091576068,1.2570820016168742,0.9852321294153165
170.6629128130058,1.0341675291607255,1.1967872625382774,1.259386157266621,0.9887063490138759
170.6073668772854,1.0299002597802824,1.1999600525216947,1.266234620890446,0.9910725665527024
170.4120433236958,1.0280859180341297,1.2019693326417442,1.2686763979423574,0.99046582849453
170.34337679433557,1.0235520866879617,1.2019451545838236,1.269149154231604,0.9861958436275914
170.23440208457723,1.0223783347205062,1.205531370570497,1.2672771855575045,0.9853713189571419
170.2257428430097,1.016011227532052,1.204538212948884,1.264400912411239,0.9769318857641726
170.27461210624492,1.0177500036951685,1.2081686576461157,1.266718659154468,0.9765502812545536
170.32072959893824,1.0165598865070709,1.207259209616924,1.2656705839664661,0.9718828177857958
170.4444502179407,1.0159135620406523,1.2057863385031442,1.2634030086268235,0.9779347165800295
170.4858431779558,1.0131119303025788,1.2013981175546051,1.260472863359716,0.9754075673855246
170.3536283941754,1.0135958888123457,1.1991129098575748,1.260089225467512,0.9677859023517066
170.46413616749143,1.0144505958828587,1.2012457931314622,1.2608593576623088,0.9728336853317302
170.59455713772672,1.015531719423603,1.2009659156783654,1.2643264542562014,0.9753255047772359
170.4775145507189,1.0080542512211184,1.1967640055180706,1.262675237520372,0.97737518152735
170.23171169890594,1.0071668742495128,1.1941025728398376,1.2725558059561495,0.9730215732654316
170.19264060270575,1.0040501866163882,1.1898136392006513,1.2688303028239123,0.9660409715637734
170.41639376772497,1.003496928137647,1.1926449805499286,1.2637306922689253,0.9576462578179893
170.58560240734712,1.0088811420371995,1.2000114340562487,1.2578569639834587,0.9579672850440751
170.66512298104485,1.0131819152166721,1.2058332224053006,1.2573495752273203,0.9620350223541773
170.56255066876162,1.0166810129747121,1.2124340974720005,1.2600295781060928,0.9634577871701778
170.56230937274043,1.0167851036385886,1.2134010175311045,1.2638357014502943,0.9633955914034097
170.58642950544953,1.0183138030175007,1.2170617820654577,1.2614993290805236,0.9657813770655749
170.55355779102544,1.0200970029569691,1.2171666707067033,1.2599966858119904,0.9713126017358026
170.5538344490343,1.0220411583098952,1.21751593328995,1.2656925800769843,0.979032218940922
170.5255968925671,1.0285235098822851,1.2246004921931621,1.2664019708075804,0.986515216190187
170.36931344854804,1.0275727453206873,1.2221455901412723,1.2688388973118943,0.9908068590557377
170.31265800257586,1.0172449364067286,1.2083027446511119,1.2648351561901767,0.9851976343501485
170.12207099934193,1.011823499618425,1.1988647531545544,1.261452424081442,0.9749608756217895
170.0629482335241,1.000922640015374,1.1880922311609952,1.2555262603661907,0.9632523086068435
170.09543377090284,0.9949678183210965,1.17750512155348,1.243800647057991,0.9544691004796763
170.14584505300886,0.9926255326162298,1.1762313233050028,1.2394797866558744,0.9489153532612757
170.11838044445548,0.9932028997216521,1.1788728039132554,1.2335821298095884,0.9427517707908718
170.04833886730586,0.9878904651098748,1.1765495646253599,1.2282825632456975,0.9357723348397002
170.02282296104,0.9886389163440048,1.179791062174352,1.2313502521731388,0.9362262385540275
169.96032347089678,0.9870306138621001,1.1816981151593382,1.2308533693125727,0.9380926498886185
169.95587551619815,0.9835870533699891,1.1772485428666681,1.2250451565419265,0.9411045942596138
169.8412180924164,0.9804305785636781,1.1726716887061939,1.221663544338404,0.9419486161774571
169.85527893721542,0.9816562079992454,1.168893917244111,1.2174131737042142,0.9450411613685629
169.82196162306303,0.9832249770026261,1.1696440707063231,1.2190641920690932,0.9503664908012557
169.8306458396115,0.9836626640601206,1.1669010803413296,1.2228380900375597,0.9532301760925812
169.9456434346372,0.9817802929464536,1.1654512167348736,1.226041041782531,0.9569563510269533
170.04031729271603,0.979137495726954,1.164666628110703,1.2295885046723247,0.9586888746108817
170.18512473049498,0.9822513168876295,1.167441415754065,1.2295264642286603,0.9611214165090274
170.248054352851,0.9874465982937712,1.1769118121939641,1.2283623090573421,0.9630456211724854
170.31743381942752,0.9939661661270183,1.1831499711931264,1.2193976910120083,0.9590827502902034
170.29483158121624,0.9958057925382497,1.1767514858347294,1.2023531689355973,0.9438924772119386
170.2590287844728,0.994308644550403,1.177918512508643,1.1957335650839684,0.9336104250305447
170.18368070372588,0.9934460720971341,1.178802228834463,1.1968584160766984,0.9278238017961595
170.02255429293453,0.9962311705004563,1.1844321667160356,1.209381606261594,0.9330962246750962
169.93463253531792,0.9990214257501345,1.1853389301644344,1.22129689016132,0.9385063541942948
169.84497396306816,1.0025051085724468,1.1837001167820018,1.2252307139573901,0.9439445463328285
169.75014401620336,1.003184209352606,1.1858684128415162,1.229522068378732,0.9507691714173407
169.7115399875328,1.0066349923770155,1.1861088855169017,1.2343590051809261,0.9548034570745598
169.81292587826687,1.0129691527847604,1.1918369017219175,1.2378630860837354,0.96487745082743
169.98002959465273,1.0127802421481937,1.1907355734769265,1.2291831957073354,0.9664810778282649
170.25506114280745,1.0163905378382472,1.1908194025481063,1.2276536312335544,0.9656129501394118
170.38835278140652,1.0196644537702881,1.1911016757269015,1.2307021057202905,0.9678025013219923
170.42744729540894,1.0168385190685287,1.1839988150092464,1.2250676049348435,0.9615167979739202
170.41375523196635,1.0083933947888093,1.1795433757287797,1.2114405961172217,0.94829507068396
170.38672787822824,1.0063373043398873,1.178550132494029,1.2174602142286086,0.9443075161233692
170.4583369142555,1.0069478245016834,1.1804609387813962,1.2268385841057994,0.9477767775988191
170.48801519694675,1.0073473696951964,1.1808680106785283,1.226964208750225,0.9520901551762531
170.45913894779,1.0081887827262752,1.1799939035031273,1.2243945891434647,0.9554486483436008
170.3705229451467,1.003307044273378,1.1797598550075765,1.2180499860156708,0.9505247799938469
170.312044112188,1.0005035620060094,1.1746867567934949,1.2201275601461874,0.9483866603507757
170.31671995182936,1.0018450452897343,1.173168366872935,1.2271556995406037,0.9530718144966069
170.21389032044235,1.0022537553963509,1.1717480898102228,1.2300374851385314,0.951960625628654
170.25494374354298,1.0013826445779208,1.1751936982808744,1.2256639291547085,0.9464748108196352
170.37048991197287,0.9976185745984966,1.1696714296542725,1.2158096621115577,0.9324939753930531
170.45039267268447,0.995725054978716,1.1653974480463,1.2143353018836285,0.9302308301051102
170.44685423906213,0.9957773734477536,1.167354495750322,1.216478359410916,0.9331226313479205
170.35811069181503,0.9971523630037225,1.1690079875569737,1.2171569474939032,0.9356024199612767
170.31028475145214,0.9925604791863657,1.1689810553321252,1.2113434082031895,0.9261561941855918
170.28774421740349,0.9927465423416365,1.1732035751663457,1.2148726961289709,0.9259457939595384
170.36978469989745,0.9933365682716974,1.175909192666471,1.2168773732886615,0.9276325482707641
170.42319888791513,0.9948029679567316,1.1769604178168045,1.221663100906476,0.9331637176397958
170.57947445201657,1.004174240782609,1.1809094623815395,1.2256534559967707,0.9417108431710234
170.75466791430853,1.0062939257024148,1.18489421720685,1.2205099302518558,0.9441585464818111
170.55349307081408,1.0125975315024212,1.190552437464908,1.2200327564816835,0.9480273358632522
170.30504995350816,1.0118588109167872,1.199534100700608,1.2144475340374428,0.9406473907152506
170.05362312716403,1.0092392856149266,1.201895204637433,1.218212569888795,0.9418130053794322
169.7630911638344,1.0077471356681114,1.1959829449811699,1.2168817015357292,0.9393732641646927
154.43058733469135,0.33202251254765236,0.3835164045322257,1.099929310782957,0.8595357635745633
160.81045301601046,0.27195995563107767,0.1825215539593231,1.0974186754825774,0.8369205909634159
164.72748857950825,0.5056270470584979,0.5082579788640813,1.0882561331767975,0.8473991034496252
167.31815691041422,0.6802014321853461,0.7160637890710398,1.0756856446442293,0.8543996156283549
169.00072184282953,0.7809039736203762,0.8500104653656695,1.0680580890961178,0.8557039405919694
169.82368403750925,0.8521505900254924,0.9418646184959162,1.0695284650769148,0.8565771527174776
170.4173334186491,0.9023594356404959,1.0021719205341715,1.0719446139089315,0.8535218760911832
170.91313495283313,0.9366575887860926,1.0454710492532393,1.0816372897570572,0.850425711221547
171.13419996569345,0.9632239954344132,1.0819484102428452,1.0945788445416973,0.8502222607406935
171.39085978765246,0.9796296415905179,1.10275498739695,1.0992265356321513,0.8481370471631778
171.49662638697018,0.9890480754263409,1.113489968636928,1.1030703862781006,0.8413405492634495
171.42266724144747,0.9967336273816995,1.1184913102092933,1.100198040215027,0.8373270364543376
171.34876777347608,1.0012486501609332,1.1239317221546068,1.1033623954052432,0.8350391880640603
171.28615781155642,1.0057112159247348,1.1269335660666844,1.1082632965002766,0.833490254576232
171.26867204404869,1.0144152944223264,1.1365580753852742,1.1141816427074918,0.8316811711034253
171.36186268378523,1.0240667524811689,1.1426726132651615,1.1192363429324452,0.8332687022804803
171.51797649877318,1.0253619776467835,1.1414999184618793,1.1079591373951039,0.8321501176934153
171.42808698904287,1.0276932212905512,1.141514904164617,1.1176651432645432,0.8372482699000825
171.24387339629718,1.029836039914274,1.1493808890167938,1.1145877349364401,0.8386169547755198
171.06175376328528,1.0450846306964539,1.165578336864478,1.11858463615692,0.8385558301660506
171.08676644154588,1.061130934656242,1.1913942783199352,1.1238232292237076,0.8480165113440338
171.0999390590081,1.056679352953302,1.188934740846413,1.133880861692926,0.8572270414543045
171.10108302077776,1.0548291584513896,1.1950477459919553,1.1465747207461645,0.8650835509561056
171.0889106428003,1.047411946262798,1.191343819651946,1.1513952889733736,0.8638040254458419
171.0760395428245,1.0454421219004602,1.1909371788355263,1.146144699572733,0.8664944231592311
171.06650210160717,1.04739884348524,1.1915910525080844,1.1481275013352044,0.8640461688352715
171.15612931593103,1.0381590486297305,1.1843646949533029,1.1509701435746131,0.86446987922487
171.18261115805862,1.0338640490623137,1.1818443667380947,1.1524751710033736,0.8634316357300201
171.19582760334183,1.0356321768874082,1.1847436433004443,1.1565766020851695,0.8629098594321798
171.2046167017845,1.03140975269851,1.179076105769355,1.1622482893049426,0.8652830511886199
171.16295407857874,1.0317368470560382,1.1772840699747962,1.1680829014174372,0.8659080472716492
171.12430804605972,1.0316050905824714,1.1732603582633385,1.1753305275355634,0.8663526709174744
171.15293815408438,1.0265383966401556,1.1629137440244177,1.1767057102851572,0.8672943046254501
171.2237923868552,1.0211291333072006,1.1584334524380613,1.1759479210534116,0.8668416195276012
171.3668146011256,1.0191297649998208,1.1535374586361031,1.1699636886292193,0.8716764458083565
171.57532703888958,1.0135701079185606,1.15172186588441,1.165060143567449,0.8698310993679446
171.80405187129074,1.012875412510048,1.1537156845362764,1.1555411537065055,0.8681335231919812
171.89607939800467,1.0238281713976878,1.1665109576947565,1.1606899778652002,0.8753387489377628
171.9049213757029,1.0296980990675426,1.179595439737396,1.1653464324016571,0.8840499145318821
171.83860261848145,1.0425816727344892,1.1974018699114877,1.1653971368773115,0.8856337647177586
171.80148978021973,1.0597989121260287,1.2130257587088165,1.1848835448195152,0.8954520642782007
171.9019647871734,1.0752876719180415,1.2245667577981887,1.197355851691062,0.9041145082678924
171.87060826053468,1.069897749912213,1.2175945572913298,1.1976071935760129,0.897515345237054
171.88127090440298,1.0658880123745547,1.2117604633361154,1.1933602403830155,0.8965565384754925
171.88206219655257,1.0675328088412142,1.2137904290706538,1.1877756925109737,0.8957710850546825
171.84408475752022,1.0703859688140187,1.2192468528105225,1.1867244582485743,0.8947156264307231
171.86062547354692,1.068972232981622,1.2184546280544737,1.1771758969159187,0.8953826817949047
171.79988026485557,1.0634044821384725,1.2133081074178573,1.1680538573055448,0.8905264758141187
171.70044708820643,1.0564727975621342,1.2104375688733087,1.1594612140330098,0.8882627126693332
171.61154363808478,1.0568535472800353,1.21200312340262,1.160453939214479,0.8876421542232823
171.49224786858966,1.0629703092028824,1.2183214995168177,1.1663053824554603,0.892100115180087
171.3705231415499,1.0621481651848927,1.2164323540276936,1.167648148941263,0.8904805996999934
171.3145537619565,1.0574439082221847,1.2167431154380728,1.1747273039828985,0.8881643738846603
171.31923135166713,1.0531977148424938,1.2163286259655872,1.1802256503555262,0.8865203571152774
171.34837150223962,1.0527306109594865,1.2153964199151452,1.1851270504401228,0.8865172871544145
171.39734111980812,1.0482905346981575,1.2153516483803533,1.1833321045029028,0.8858723085915932
171.31061092733677,1.0438486503202105,1.213005561688863,1.182629054924565,0.884305108793703
171.31211947566447,1.0460157109054755,1.216999114819454,1.183639301290118,0.8841180630386805
171.29221391287572,1.0469833743630577,1.2204661540518005,1.1912444807178344,0.8871279699912988
171.2078908155108,1.0493355357074394,1.2225515961371587,1.1983335272356366,0.8890831761283204
171.18406199524787,1.0514120414652515,1.2241794219450728,1.2035202178964872,0.8926646470922112
171.12802774703337,1.056742164409477,1.2228715289573564,1.2089510896513538,0.8983395267627312
171.19032943450452,1.0590323811829125,1.2209379524986983,1.2107853389024856,0.8991687426990747
171.20192613327757,1.055961875548812,1.218795091272209,1.2105318275428383,0.8948173696070445
171.18185591913638,1.0562653114508425,1.222376550614419,1.2155935635025996,0.8997059600518066
171.17985709554281,1.0530480655802814,1.2234811673426313,1.2149464386014848,0.9011616178419835
171.2458893886743,1.0521805783991678,1.2256283653512878,1.2169033151181365,0.9051794108859819
171.1882704829482,1.0521529912046559,1.2265333730965717,1.2164093919106018,0.9049491938951356
171.22971816974456,1.0493225306899618,1.2235519762616434,1.2142960593888354,0.9004665217235703
171.2166747462312,1.048517901851125,1.2248177750244118,1.2117524775517259,0.8998899799090957
171.18952896048214,1.0536359800163728,1.2300519480338974,1.2127647771613315,0.8987997778640395
171.2559268570312,1.0570230554570164,1.2321946218945026,1.213007760287855,0.8963625079959925
171.29674949534495,1.0619979382515006,1.2349049941941612,1.2147333654721613,0.8941843923542706
171.3891871564822,1.0606938578160792,1.2327621726331968,1.2137781169507689,0.893403329338433
171.4124021422178,1.0617357686447788,1.2315896910822937,1.2125223206425415,0.8918814126257119
171.47487289912496,1.0621012246892962,1.2305078996398453,1.2059466231324771,0.888345417060176
171.47316798069116,1.0610826956168562,1.2292454121622014,1.2028359240403939,0.8825587559422332
171.4469053489359,1.065965291879645,1.2332667377651887,1.1997254575123286,0.8826853823695807
171.44888949802376,1.067983108280352,1.2378669805464064,1.1965148820330285,0.881010774152569
171.44213001089352,1.0691970620053306,1.242828771600021,1.1946514028528477,0.8798076416643122
171.45063377055232,1.0696611246449208,1.2440838926173443,1.1936820602786147,0.880912760480898
171.45775620219297,1.0724008262502542,1.2481948421751157,1.1959781901954831,0.883796371019427
171.50460522194047,1.0707687029770945,1.2448604856598349,1.2018135767537543,0.8848545998602277
171.54202422738487,1.0690487444776786,1.243034431127962,1.2079847024685884,0.8838589464771335
171.616583126647,1.071566762463528,1.2451567891327473,1.2137881972987532,0.885340062096994
171.66278890176662,1.0711677827903556,1.2442065628219527,1.2200533508596285,0.888389197640257
171.70985646252248,1.0687689085325118,1.238107118243607,1.2221578681414653,0.8902307301854775
171.7569500194673,1.0694627329906001,1.2337876299067267,1.220081364053914,0.8884668906593641
171.8223744716584,1.0640384114617008,1.2265329887358578,1.2142942565185808,0.8840133169027388
171.8558003606878,1.0633702602562094,1.2275250891436251,1.2156064153986308,0.8802183084678634
171.66602089949558,1.062024868672194,1.2298524205472763,1.2142653202392666,0.8817555387216602
171.41888027928056,1.0726239787976761,1.240780634020298,1.2229816797391828,0.8850269264337965
171.23636389843227,1.0770989092429117,1.2459884250667475,1.225627941125687,0.8894582106143674
171.02734805062042,1.0814526010512555,1.2492604757107948,1.2259770905720138,0.8935500678941249
170.933397389632,1.0845947076848628,1.2534075625127448,1.2241799049594801,0.896966456090453
170.86661116742013,1.0851989792009238,1.2518990820600187,1.228311692872975,0.9008006004295936
170.95804554301702,1.0803197987356097,1.2425939513275321,1.2259165960358085,0.8977916015329748
171.04385180551216,1.0728619915944915,1.2307470015970567,1.218917657989091,0.8910287048315615
171.10308327890024,1.0731509589154828,1.234528762096134,1.2224554650154644,0.8861538687421742
170.99621195804434,1.073862884984124,1.2346475211135461,1.2283976216744494,0.882210734463516
171.03925886922357,1.07894266688149,1.242036863874995,1.2291386851744532,0.8830237382497464
171.1159211567755,1.0785105641569783,1.2406374946297696,1.2305165944057268,0.8866725153579569
171.1378039867557,1.075998335117736,1.2412034768752818,1.2282634223040494,0.8902156321895561
171.17058384263512,1.0725593498254071,1.2382538345549967,1.2288173457607428,0.8921165537866572
171.08674441382203,1.0682316517551047,1.236515210468638,1.2253750718615353,0.8934759425512809
171.0674730701609,1.0672981060767193,1.2324734711027268,1.2194241104790822,0.8920874946963028
171.01655861503107,1.0676415083790425,1.2242948313934592,1.2162488754812668,0.8914251663164211
171.012215275341,1.0612267018031214,1.2251908808096306,1.2161180130678417,0.8914124099449203
170.970497090641,1.0615042345521177,1.2259004014978057,1.2130577337189186,0.8879936523770703
171.01269226612797,1.0629984011767935,1.229950132251384,1.2135988869066554,0.8853300101571927
170.96869430330074,1.0622621902781881,1.2324903638216977,1.2110055419826762,0.8831486096463811
171.0083208343665,1.0620890536752385,1.235732825353795,1.2103225995782492,0.8854471082047982
170.95753527255144,1.062360397444097,1.2316033330104386,1.211132059517191,0.883745502188943
170.9464235869499,1.0631360152904652,1.226730092745223,1.2131966066907511,0.8820788793894829
170.93754331577796,1.0620093843392198,1.2214079550474968,1.2206876559913973,0.8852464867836474
170.9550031694062,1.0599250084640164,1.211427390503995,1.219902305212006,0.8825486613488865
171.04148160343257,1.063152643618719,1.2113181917368667,1.2284077270882168,0.8875447974803188
171.02790255109414,1.0666116627044782,1.212897341663116,1.2312398364788155,0.8933620159372271
171.003592694643,1.0690849694321019,1.2175635264326325,1.2367191079256916,0.8960770845389572
171.05094788547953,1.0672490748523296,1.2126230435419085,1.2365690137094243,0.8948466847506826
171.1036206861362,1.063241515792438,1.2050726309442814,1.2353362422623781,0.8949660047031837
171.1580106487959,1.0598944302140336,1.2043686720781352,1.2332853803221433,0.8924791311652543
171.18787425892813,1.0539873446090922,1.2075633562157826,1.2293470217352425,0.8870271670608514
171.25453491339354,1.0506178786042488,1.208672532007068,1.2258974325933205,0.886662701255464
171.3443067461243,1.052124487677679,1.2151673984634852,1.2275218317303382,0.8825761580685921
171.42614380460103,1.0509604494159213,1.217513085363,1.229847665236435,0.8828814604284346
171.4830230735909,1.0454934358286478,1.2139641633826104,1.2314227839162617,0.8844229694539433
171.5531189418194,1.0460604062310108,1.2134881983404453,1.2326778501252034,0.886532404294997
171.5816962718885,1.0448218958187592,1.213938634442726,1.232728721069556,0.8907277323224175
171.60003846374767,1.0480406548162426,1.2132034236733689,1.2316765939354544,0.893157904758265
171.501070571787,1.0481473718888914,1.208446417550258,1.2321808973733182,0.8924655668125314
171.51437016181424,1.0493536861571982,1.20319746585417,1.2284856029338187,0.8898203209150757
171.60851284439318,1.0519784456867542,1.1987386284297619,1.2257259102236,0.8832613968666884
103.55107100517242,0.29284285224141254,0.2998868632779482,0.31558004750800084,0.24022916378635212
142.5244771724748,0.14682746033666338,0.2587685130801305,0.34879354575391336,0.27431121815506115
164.70445995329158,0.3993935532428533,0.5527306717775076,0.6228796517210793,0.47717248849776533
169.60135937708688,0.636991795171972,0.8140959368795728,0.8825172019371659,0.6677520945190495
171.1627065450645,0.8145283455004827,0.9953508549621793,1.0706821290490762,0.8004269955666158
172.24358403085955,0.9455114677601568,1.1327788924115254,1.1985298448361652,0.887601573857119
172.51447074666746,1.0094069506597436,1.1964355345673274,1.2642587273373869,0.9265185280182913
172.57051209079702,1.0480116305607414,1.2216964006846285,1.3091428922341575,0.9625208625526261
172.28427496421736,1.0535755554082522,1.2226037669380925,1.3266780985201854,0.9779513613807767
171.62627904442735,1.0458390127112058,1.2205470462285886,1.312975474980319,0.9678006087414375
171.5821534164945,1.050246994738743,1.2364770214310434,1.3157280277695163,0.9809006882561944
171.48953197207678,1.0460723931411702,1.2308123280929502,1.2999769965430361,0.9764317079561667
171.66802910298094,1.0456561255345134,1.2368867704227833,1.3133556824903474,0.9711091011742357
171.3896259049252,1.034002784056347,1.2279980361303031,1.2929681437003622,0.9533429802992835
171.38569582896164,1.0322108412015571,1.2344194663631407,1.2907010286610083,0.9337430694312202
171.6343449947908,1.041499023539687,1.245373205051566,1.2851139413121306,0.9223499736633208
172.01401138165528,1.0548598380853196,1.2531252606418624,1.2865437431025153,0.9112442349296523
172.16062252187194,1.053241367241126,1.2401788494577293,1.2832876575467038,0.9080286734857125
171.94586759805267,1.043186367603329,1.2281545200415482,1.2780168468814124,0.9043112222442401
172.2164599842851,1.0518232199247444,1.2211701651071272,1.263300783178024,0.8936092774898698
172.35102389739174,1.031385644012947,1.2133392705684478,1.2526018838900757,0.888861686286246
172.59681127543303,1.0289242187930097,1.2085267743565014,1.2493989869275537,0.8829337176028981
172.90926247808488,1.0555620511142834,1.2066597588721508,1.2438456215320581,0.8713423554940587
172.6530627731299,1.0417853082290291,1.2096862541495004,1.239596145582769,0.8709482611738226
172.7855284524546,1.0503613669130791,1.2234447824161694,1.244506298405138,0.873955179978483
172.89148118266203,1.0548900662086267,1.2271940751091197,1.2357251851794104,0.8719843015449684
173.06449242427837,1.0639037848224167,1.238214093973257,1.2387598995723188,0.8778004043041467
173.06999296175957,1.063968175565796,1.2358040137975108,1.2385595057671233,0.8770045145999954
172.98364075473194,1.0542601095896904,1.230048985877616,1.2322783199670673,0.8756390603142546
173.00526720108707,1.048529908783828,1.227207202653856,1.2374496304870368,0.8742790002347365
173.03009353271764,1.0439280700947935,1.2174823266325132,1.2299639703390521,0.8737532497488762
172.9473258234953,1.0356070542733073,1.2138827671189052,1.2277292828179691,0.8728545847454463
172.91157142855994,1.0330917778846826,1.214472308958991,1.2157644914740844,0.8646741154336586
172.83376337998823,1.0274735831005029,1.213272354386747,1.2171300343323148,0.8598766001476622
172.7429480156399,1.0249130740262216,1.2100696701834384,1.213469436149822,0.8554913947363461
172.50426082297295,1.0218158095038605,1.2085559536938406,1.2156365266404918,0.8550557818566392
172.15763301827005,1.0139842445187122,1.203176842383225,1.2005984307847573,0.8440005431870574
172.14236538611968,1.0034857333297813,1.2014539665582302,1.1964076598816138,0.8340062951716327
172.16777928866134,0.9948104013282599,1.19152586617649,1.1898508523540212,0.8287675492580016
172.2658665854299,0.9933403188516112,1.1869503516134892,1.1873082589594373,0.8251343026804493
172.29197867194654,0.9912873986759111,1.1824157822885946,1.190674490761068,0.8248825784723255
172.139627929382,0.9962236577908583,1.1872457779456511,1.1928416303650098,0.8246181704819282
172.09084087857448,0.9930543866720389,1.183881791804678,1.1856633819213627,0.8180309324427938
172.10217900454768,0.9892505141733028,1.1821804257058441,1.1744695755721566,0.8119349898679513
172.14829275064912,0.9913652547051378,1.1826501538726526,1.174624813458276,0.8087023698951071
172.14731754931842,0.9962283896110807,1.1866860143930342,1.1716512529111434,0.809658776218761
172.08640573539043,1.0012400867620714,1.1932216623969603,1.1792854266398194,0.8144573603302929
172.21073184441232,1.001301683237824,1.1963252964780888,1.1838421272774815,0.8192112218659611
172.22855516205286,1.0026192792830653,1.189458354919515,1.178541310889135,0.8201853175577009
172.2273492247782,1.0012788601061713,1.1914431030246917,1.1755327381912921,0.8155820274266075
172.34895556209693,1.0039235152892423,1.1912854497416376,1.1719166479279504,0.8117490867054371
172.39066453874815,1.0001414300011928,1.1870132988569648,1.1664864355238451,0.8077148686921085
172.40962299720263,0.9938396973648614,1.1835936218039824,1.1653357036474714,0.805863209098066
172.3765281643628,0.9940061627171876,1.1832562366639972,1.1674207505971088,0.8048879101116475
172.30424792429852,0.9972030829145586,1.1852461245862091,1.1700601677610232,0.8087271283600369
172.29740211548233,0.9979565212656409,1.1890107430163437,1.170474671176822,0.8049271127413758
172.42201381357364,0.9938002103114387,1.1877542935489696,1.1692390830291548,0.802475798100064
172.43423285662084,0.9922182445425114,1.184963278745918,1.1750989444240092,0.8061705478426036
172.26822079996393,0.988909967729047,1.1856628557130453,1.1678492503589086,0.8027487225999076
172.23113498992376,0.988174458959184,1.188374235962034,1.172547768237815,0.8061743752281866
172.31511187710348,0.9869020914587866,1.1831629276843307,1.1720022598824265,0.8080742680517916
172.3272847812405,0.9879222801249222,1.1879156367298371,1.1664812228309804,0.8093941372406845
172.47206601584094,0.986710537776478,1.1825627553753488,1.1638107017491552,0.8105935208656646
172.41321702747396,0.988910973468364,1.1913928171692807,1.1658438281099142,0.8123868579565342
172.4222824867155,0.9890306841466974,1.1958771421505878,1.1713899686953804,0.8137974705139351
172.4443500561429,0.993349627258263,1.1958790114082585,1.1760770384685928,0.814953830866719
172.3956106712677,0.9936203525407279,1.1966062959432244,1.1801206084873628,0.8180132081474771
172.4047716539966,0.9927968109791899,1.1923633844947055,1.1859680368197103,0.8197593774011768
172.23986658668505,0.9906350129082848,1.1926746057856252,1.1906937937050763,0.8209329906368477
172.1562054327962,0.9845701135204526,1.1857810036531566,1.1930628370802123,0.8175978555222174
172.05157561042978,0.980279632442502,1.1858652464058748,1.190180729459524,0.8144419381883146
171.9828536822386,0.9785282345192824,1.186989549497441,1.1890978643516041,0.8147615298528471
171.97438161341776,0.979408296919197,1.1910638422088395,1.190090276565162,0.8142323801875214
171.93316904069772,0.9811138927176596,1.1915696383906125,1.1921245130055318,0.8180279441212135
171.9421223550787,0.9851846179349932,1.1934631721175264,1.1922480290944857,0.8192266257370808
171.99324978277392,0.9886415879788087,1.1935127327593935,1.1921301696946989,0.819300244285882
172.0060751504653,0.9928653058191317,1.1983586421069823,1.1980075577460225,0.8232818302005291
171.87666995652813,0.996104216372915,1.2003386993452587,1.196211108064071,0.821002848063258
171.79493453242867,0.9912453030270576,1.2002179830414188,1.1838493004485855,0.8170495706864456
171.64777724876657,0.990853051355553,1.1999748124900482,1.1741553537499634,0.8157283168432018
171.7348106887784,0.9939431426768188,1.2002419876581871,1.1758342858568493,0.8167913295444171
171.83550387069323,0.9950789393212236,1.1971456826583111,1.1815512116248499,0.819343460635323
171.81506732259842,0.995487254189685,1.1977071381478095,1.1852581277259273,0.8212872041344029
171.78883476775636,0.9958645929020498,1.2007399354500652,1.1877773417091086,0.8234265309016726
171.79471888186006,0.9895087221898429,1.198395881585589,1.1920937789649335,0.8240414446195701
171.68975957937442,0.9838646477055957,1.2026475827858547,1.1941425572832038,0.8234816445326938
171.6784715987222,0.9837127749844031,1.2026561126029858,1.190776833990877,0.8244399399789155
171.77954236828182,0.9891610412149511,1.2003581458039538,1.1919729362512843,0.8233827114849849
171.6864881529009,0.9841117533598728,1.1937940843649621,1.1760357381146964,0.8169823791110163
171.78737788695025,0.9944284716648157,1.1974866885422828,1.1733092589932368,0.8209845123695924
171.9460802651746,0.9986062904830713,1.1880213083928073,1.1755667717637732,0.822659254524251
172.01409982105508,0.9926594703441248,1.187172699798195,1.1682902497209116,0.8174768746168981
171.9478707593962,0.9926842547456348,1.1921536971691769,1.171877312267141,0.8217826836399148
171.89244609024738,0.9888903988135869,1.19576825399388,1.1706882794538715,0.8229080521136928
171.83154960268467,0.9843208867672922,1.1960033599302395,1.1679300601615716,0.8205126974979727
171.76875139890538,0.9835097699342984,1.2028935048620275,1.1715497668880572,0.8234543734375475
171.71127215590772,0.9866432304902181,1.2073658537077938,1.1718150353536572,0.8241788663973231
171.5729022101603,0.981320429320916,1.203112240875131,1.1678013178513424,0.8226247283903668
171.7241513432425,0.9811614089954684,1.2050211136213287,1.1669027007623178,0.823160163033886
171.89959973307694,0.9875985674621902,1.2055791758891865,1.1685427146792682,0.8241701273731078
171.9011720473727,0.9829663670369843,1.2062489870952922,1.1671891967613013,0.8238603269129013
171.91139810694378,0.9795690994626333,1.2036796991147956,1.1675810895312266,0.8225887459087176
171.92640861467743,0.980392277449013,1.207330155638342,1.1717695872674345,0.8259330020038669
171.95306123528914,0.9767688136915303,1.2083934305542732,1.175195020702755,0.83018281497374
171.8386993376877,0.9736909976922049,1.2104211523405395,1.1792883091639546,0.8339187984794021
171.6584448594681,0.9761181053458043,1.2130562041767392,1.1769696781525154,0.8374104900379472
171.40813587034995,0.9751433434131412,1.2115559710526858,1.1716589589869342,0.8323460979994742
170.99026536024945,0.9749998446910658,1.2086569698817933,1.1611035099645883,0.8274477848501042
170.8881744409958,0.9735735924242851,1.2120513022988697,1.1579913969561613,0.8295241875961779
170.76404771290365,0.9745594284098695,1.2126351919955825,1.1514406759133982,0.8287008829586009
170.7657029777278,0.9765381681477843,1.2150007194045778,1.1525333528256283,0.8286207924022556
170.97858681483999,0.9780198362308433,1.2206584035561412,1.1606613218771817,0.8336544050987631
171.12651664658034,0.9858263967602953,1.2292765872143427,1.1653787449034598,0.8390630758328651
171.35555430003248,0.9859876766600512,1.228102723623401,1.1680536060797921,0.8419726026040778
171.55661297026438,0.9852462004378569,1.226154932150303,1.1712502533655702,0.845383014027195
171.51896167279403,0.983919005219467,1.218229418927834,1.164284925526431,0.8412162121436878
171.47216261422346,0.9854058550774274,1.2141695908160872,1.1627603484384306,0.8369822982454568
171.48681162485565,0.9852454606361937,1.211809774728198,1.153166483500595,0.8290651278369275
171.25036936139702,0.9909921387673407,1.2153865786513087,1.1509642301414023,0.8282153273443356
171.06209189410882,0.9890429131672908,1.2154222200420586,1.1483906182892272,0.8249424763193728
171.03500520831332,0.990228440621454,1.2217252704627002,1.147636705623044,0.8205866100424898
171.13873856709355,0.9892216235674297,1.2205610723363636,1.1476111879981674,0.8202608502557137
171.0417594008007,0.9899783193049508,1.2194126295385972,1.1482530845673165,0.8220086716919207
170.8230861199832,0.989492909887324,1.2168909735201217,1.152625286380947,0.8263791268080798
170.95168834174152,0.9896253910318662,1.2170146747735926,1.1576561431185588,0.8306940653268489
171.18906743432666,0.9912800240093615,1.2159519645785921,1.1585620066281925,0.8334681610115744
171.35697247759106,0.990231983827348,1.2169101259157558,1.1662421411440318,0.83730966912732
171.4456839216098,0.9881502455237343,1.2170531281466304,1.1728672332185912,0.8393228971183501
171.56049715139164,0.9869088081495824,1.2139724667884277,1.1777944693674445,0.8386249643187254
171.75459721214102,0.9870013554971254,1.207991668272231,1.1795361342650645,0.8397149309545263
171.84037458599585,0.9783819664156608,1.2020264657752908,1.1803040552040802,0.8381979880789873
171.8778485184515,0.9831885374087584,1.20741722147706,1.1861137019759167,0.8405835724168748
171.94883380889948,0.9847450106562033,1.2058617137998562,1.1856892258995901,0.8432152761250422
172.0236052156476,0.9897838643122983,1.208052877945796,1.1904237148712777,0.8487307352210358
171.99880035895046,0.993192359522428,1.2118974957692001,1.1896000583411381,0.8486362712396976
171.9341979220353,0.9940065638287698,1.2154439818754341,1.188426283655219,0.8467692673959593
171.92036871988688,0.9946844128971202,1.2167508214841904,1.1899915289731173,0.8456480690230899
171.8584114108363,0.9927330527688906,1.2156888428721293,1.1884720464212721,0.8423083846831102
171.8218794532527,0.9900926417104404,1.2185092445694066,1.188730229813022,0.8415434013328691
123.65832753115468,0.1683587445009424,0.17132553774579165,0.3488371341412987,0.2574588854735871
155.9299433159528,0.3557130084733927,0.22574877410745925,0.5505753731352362,0.369913481239369
166.82759670255138,0.5518372761106429,0.48326888262558365,0.7166570993296654,0.4862255870260716
170.076742258161,0.6894497714748749,0.6846730066782399,0.8183348374404077,0.5816915920854139
171.4911029437097,0.7743344899480888,0.8171375850048425,0.870651252245796,0.6343564068068026
172.28622432159523,0.8283368493822606,0.9042366110183044,0.8994032988451505,0.6561972227825227
172.55707619508274,0.860546271993074,0.9597436057099302,0.9114100960094357,0.6727253733593511
172.8014935499758,0.8826374273758504,0.996680520391322,0.9215405797683337,0.6811367873489858
172.91933583661827,0.8993417554850414,1.022080841269605,0.9267635793386532,0.6906168293004733
172.91866473900404,0.9086704862210314,1.03725846989912,0.9330627800061561,0.691518625502643
172.87311864699828,0.9103311117093573,1.0442649158172663,0.935708586298387,0.690030523927337
172.82145011302805,0.9132351553444047,1.0487041525852463,0.93658143683783,0.6867363967879125
172.82290538267142,0.9189087752078314,1.0534059543432142,0.9401942271711433,0.682642250182589
172.8368113980448,0.9206244907219732,1.0582980957602437,0.9402041734157205,0.6770919516839387
172.8789294497995,0.9251019694288843,1.065558912514668,0.9436017131270822,0.6730613496827292
173.06239915643505,0.9258286728745305,1.0680067131556747,0.9406674547570889,0.6650925751764323
173.02799024346575,0.9259087944318913,1.0701308966067327,0.9430911730831848,0.6587369085545624
172.98408710151287,0.9222116285141306,1.0706531209544823,0.9460897912107034,0.6622099088727376
173.03320548557255,0.9266034015034914,1.0761244890359967,0.9512729823821634,0.6711780835683945
173.00774490059126,0.9270636795863305,1.0773025582184401,0.9487663685183086,0.6767026863732634
172.9638124696883,0.9279091374067323,1.0793616762686797,0.9499119642253419,0.6759372656714581
173.0425725996576,0.9258116296095503,1.077017878435683,0.9509822495175251,0.6824354864805402
173.01261158132894,0.923114394185492,1.0726773285283293,0.9538434908401768,0.6799567558183014
172.91975679989022,0.9191548320824364,1.067784464649374,0.9537425574334872,0.676166966530973
172.7636967985249,0.9206287307690604,1.0712582078646309,0.9522871465223884,0.6720306722822299
172.72040082274887,0.9272664446722467,1.0689543325949662,0.9549598554282323,0.6807866939394064
172.71175833696515,0.9244778232536721,1.0697604223336468,0.9600640550439905,0.6846388786459857
172.6834259699475,0.9270980546517582,1.067984273229682,0.9677204712896946,0.6887049231891742
172.6735915328542,0.9260121684156307,1.0705943379358038,0.9686587447302262,0.6841286728269407
172.72840335766543,0.9255310745498471,1.0665516013153364,0.9661003983382428,0.678787184061144
172.8062255786034,0.9210863614895555,1.0692239758664213,0.9649604018797002,0.6769331953249558
172.8455146632442,0.9154552582958388,1.0721448599848995,0.9635386710048675,0.6688894061364663
172.90126955600098,0.9154921643874666,1.0761922442520528,0.961731424905203,0.6646697338183302
172.87162786839443,0.9186145468926662,1.077351742816746,0.9637620484126908,0.6740452122426026
172.8424225990469,0.9256777732759832,1.0797286774178123,0.9627517312844109,0.6781397196858188
172.90110905359464,0.9243121569345869,1.0749819875937359,0.9632705804698345,0.6819874665981386
172.97587328401468,0.9236007578825944,1.0735777032953429,0.9619145671167125,0.6821180564284661
172.97230038874997,0.9209335310142285,1.0717560947805613,0.9621099114537058,0.6834271936036694
172.8692861197877,0.9229908979396809,1.0729599239252239,0.9666675714392341,0.6812147566386909
172.8694449839197,0.921726928841817,1.0745312815807475,0.9649115837607432,0.6758120377639185
172.93306711831605,0.9260468792804586,1.077201042517138,0.9658958169368795,0.675219822698037
172.91292684651552,0.9240203330121494,1.0788109978712705,0.9660624126837795,0.6740530594606724
172.90798726548786,0.921645964567381,1.0769156592529399,0.9701274611024887,0.6723056776493701
173.03502152718596,0.9177243502520183,1.0767635609670259,0.9739722285274299,0.6737812002397596
173.10705021499376,0.9194008915664796,1.0744037274481049,0.9673321036337105,0.6793493144756076
173.05456846611693,0.9160900489361257,1.0660949081252915,0.9603203592016133,0.6735910415502944
172.9246394509412,0.9129175979581237,1.0547741559251869,0.9599941407577126,0.6684529881742891
172.85764769407027,0.9077704694123956,1.050420697300021,0.9551582094646854,0.6665930743166762
172.91489268156153,0.9045700219640855,1.0446308681714283,0.9562022575041199,0.6680229144984998
172.90435174280623,0.901568294584075,1.0406273322770898,0.9516442607509489,0.6654650755453221
172.8641902325626,0.9007965458023063,1.0382697163344898,0.9525907208402911,0.6668410568104058
172.79762473387166,0.9056979293741667,1.0422458874790748,0.9599715291541432,0.6732140710426692
172.745043081075,0.9077761661262421,1.043920469266677,0.962285897219824,0.6733748402759244
172.71346772391942,0.9148007919331681,1.0485227823833612,0.9700820952224147,0.6833269168015331
172.76344834745797,0.9177571763456734,1.050435356878448,0.970189090661293,0.6901823651639563
172.79759441239858,0.9185560995434242,1.0527251403941467,0.9724197944333333,0.6965771381831889
172.76513138091937,0.91588042299263,1.0492770434817316,0.9742025898426441,0.6967182140667451
172.83155874498456,0.9093214733171467,1.046798411995084,0.9626603803392808,0.6868487590537482
172.93738096890897,0.9043957478255983,1.0433642760361383,0.9512294531112546,0.6834409046170765
172.9006984585497,0.9025592215574931,1.0414023194514326,0.9507037010443324,0.6829510545549657
172.94868667056213,0.9035738575802789,1.0381677922333834,0.9490129086777678,0.6855921809507707
172.96587164676515,0.8992990451168068,1.0336307476930948,0.9481888139575929,0.6832496211222318
172.93181711506497,0.8985919104987324,1.026830033317125,0.9473467919137132,0.6838286588299943
172.82817672693153,0.8969659682934527,1.0211407741489504,0.946645136206093,0.6820029571489354
172.84569690595643,0.894514086361812,1.017860414245587,0.9481567946364086,0.6809274781419786
172.83147913818888,0.8947660811555225,1.019915179353584,0.9488343829232341,0.680634988818869
172.92684811359553,0.8958154688523239,1.0241887321080918,0.9472869520202236,0.6766548264541002
172.97288648836556,0.8976188544203045,1.0314843737861987,0.9494509318724688,0.6818615530013141
172.9764629006594,0.8969452141739335,1.0334781915031297,0.9472629301448455,0.6778568806094751
172.92633007546695,0.8958220991953773,1.0333123595596894,0.9471737025897375,0.6806449987556591
172.8854616368678,0.8946117956514388,1.0319034250602932,0.9463676156068477,0.6829422559433276
172.8174999214279,0.8953590466125457,1.0300973499073114,0.949907022023049,0.6790834697025928
172.90695330933238,0.8937583366066648,1.0269671891616199,0.9502353389827091,0.6760619810027688
173.02091611892305,0.8902394717631218,1.0273422057836845,0.9479972479699323,0.6766833651081117
173.05695729324026,0.890105505977856,1.0272193749364804,0.9468398953495667,0.6790620663039494
173.05633523225217,0.8930698348794057,1.0278890605167998,0.9497234388978899,0.680566601464983
173.00317444314533,0.8938695282600161,1.03438043140048,0.9486165823322013,0.6745736381427889
172.9594442146117,0.8994422033800654,1.039213604882556,0.9511839643042436,0.678215958953773
172.87471175335344,0.9006521214953865,1.0404038609507218,0.9508416137260273,0.677508419594465
172.84665246205478,0.9004748159228577,1.0390067847691102,0.9503820437874244,0.6804697470717627
172.79307494629478,0.9023088945534058,1.0396944083157984,0.9487355544539221,0.6825468178945051
172.72159373935781,0.9018410954620018,1.0365624886542826,0.9488663538526214,0.6783393675996551
172.5992508509243,0.9003421620204787,1.03593472192345,0.9479518355048691,0.6720996346486233
172.51764020043947,0.8991648044758922,1.0405378760760393,0.947029938776516,0.6701621471718053
172.50606459746874,0.9005372067817348,1.041601486655581,0.9444859032112175,0.6735110893116485
172.64293157701874,0.8932295144843917,1.037656033361057,0.9410364121712977,0.675886042059728
172.48260592625263,0.8922053859043722,1.03707302201614,0.9364755122083729,0.6756605013007513
172.55090274658713,0.8950535605351977,1.041034228653288,0.9432700391449116,0.6846208569032939
172.52437404561798,0.8931784761408839,1.0387391121270286,0.94412766720331,0.6810953691061008
172.51514405172983,0.8892099741003807,1.034877258860615,0.9448993228103961,0.6775582429946028
172.54654614370747,0.8876353172130111,1.029809117230577,0.9435878179575617,0.6718434589139431
172.5813412418699,0.8839676774785893,1.02752405758007,0.9426254345250137,0.6696148610034923
172.59748225351254,0.8849372214327386,1.0290677613590733,0.947281427163282,0.671141979946977
172.62228503256014,0.8876233560114101,1.0321267788315112,0.9477711899218317,0.6725564523325688
172.68833562234397,0.88950665643772,1.0371200515674648,0.9462121733484046,0.6735214055895405
172.68187365596586,0.8895290309173726,1.0377495125020322,0.9451163343597482,0.6728556703167965
172.71368207340734,0.8913370297793333,1.040546552500135,0.9472275175727873,0.6776613816375682
172.7164936229331,0.8910234112298152,1.0428312970182907,0.9498427884359728,0.6801191143657366
172.7049885300458,0.8935421239288248,1.0457412758256215,0.9537265449755572,0.6807718691277614
172.69455512296997,0.8948197878883873,1.0471804113532,0.95479618851441,0.6813437413944782
172.6909519798356,0.8975426797288812,1.0536727951339941,0.9559290585651539,0.681653993163941
172.72909979484098,0.8997700340131273,1.0597999118127441,0.9525739415679264,0.680667121477881
172.79253690067338,0.9008941634815115,1.061181037360373,0.9514095264681316,0.6823114095972053
172.90218144619445,0.9002142655318105,1.0631813011198712,0.9472605851641299,0.6800077670237806
172.93466910140197,0.8993836017584638,1.0620064692790718,0.9483845484450808,0.6816772179711457
172.9298433226917,0.9011406407136856,1.0620167502789322,0.9473948196037648,0.6827729166642202
172.9385018823423,0.9056924589374605,1.0662584425561572,0.9530871674031606,0.6875634482803001
172.86162968596818,0.9066823283957015,1.0679362524242726,0.9574886204027857,0.690892141852591
172.85680832276637,0.9033031789133388,1.067349914340187,0.9605884077274165,0.6880601469276367
172.83249321172053,0.902793179510775,1.0675737079544008,0.9628347667402034,0.6872410092905448
172.89696907510321,0.9020189309396784,1.063935348615843,0.9601813084207783,0.6859272217273951
172.92385653782114,0.8979916554452744,1.0626451036474402,0.9590887612610175,0.6882818353780817
172.9800583705351,0.8963787413239072,1.0593688125025746,0.9542715296395914,0.689341326874464
172.94219538012177,0.8959421843953987,1.0601430612368101,0.9514108879178091,0.6912785779742792
172.92364816295617,0.8982775136897457,1.0635177570412937,0.9520412001585585,0.6984786079030769
172.92841914567688,0.9006752458481787,1.064092544972239,0.9508626455626598,0.7006094191335339
172.89017781703842,0.902940480777771,1.0645166210757784,0.959963404556234,0.7033081671760764
172.95979052094992,0.9004897466162898,1.0612467769980822,0.9538872501980553,0.7098518851336358
172.9644905064421,0.9007891040650041,1.063591887312778,0.9551995701213869,0.7102459033946352
173.0055301335246,0.9019045232737567,1.0646650947258327,0.9522435137891303,0.704163984494508
172.92252464471107,0.9013986031840975,1.0632808556323918,0.9558594166506367,0.7031170035702077
172.8430167112549,0.9007734794510501,1.0607663801489933,0.9548382501095781,0.6990705332020267
172.897352308532,0.9001171141013753,1.05920996654823,0.9523232519747088,0.7002669386895521
172.88109943399797,0.8967794379007886,1.0573955633871412,0.9452835836315466,0.6920054723537552
172.76512284228806,0.8964115009144701,1.059851146502043,0.9499041432944177,0.6921702242749477
172.75785622946523,0.8928049142461226,1.0566517905777497,0.9506461830950758,0.6891958639283966
172.77941104348685,0.8960623123687739,1.0591595180555122,0.9627698450516892,0.6970556599679557
172.79653932546174,0.8993688060731526,1.0646677461049252,0.9708268379091344,0.705085047406681
172.89763737397578,0.8990534369631754,1.0727086597758084,0.980510680351143,0.7142228182933381
172.8461373285672,0.904724559994967,1.0812679726711134,0.9834685600916104,0.7155283170136146
172.95394946568342,0.9071684405770236,1.0811539457266055,0.9853409541763942,0.7176961269778359
172.93256098893255,0.9138753813899123,1.0900437846945814,0.9815017434275208,0.7156072608270052
172.94486135647776,0.9132638124967912,1.0906443448988465,0.979545908987927,0.7132111854107736
173.06796694682353,0.9111389949603882,1.087754299578431,0.9816591124702136,0.7159857758325596
173.14127067809665,0.9060094260141694,1.0810212187781107,0.9771581726870646,0.7098210535702401
173.1701109016954,0.9038841768954269,1.0771505473001641,0.9755017572432081,0.7083279975456833
173.08544512639605,0.899421248034517,1.073072539863562,0.9678671704809391,0.7075995212133159
173.03568769354172,0.9008954346932584,1.0753231323807233,0.9660635940728669,0.7087567092653776
173.0549589808197,0.9035181285823,1.077985861489582,0.9675676477611415,0.7129345581028815
173.0684443420432,0.9033171648115688,1.0740804347162034,0.9634293845214223,0.7084804467913701
173.06456982544157,0.9014546467181598,1.0705645282548941,0.9667762448210009,0.705302483275953
173.05732052315577,0.9015781219398766,1.0714634207553886,0.9732557938722152,0.710384440928298
173.08241896859207,0.9031094474450083,1.0742610160145172,0.9754189685958066,0.7132847656991551
173.1094238905916,0.9007636836821384,1.0726955458845568,0.9704912350577706,0.7128054960664593
139.45031646638688,0.13233392479009207,0.2317411694597816,0.4725632755057944,0.37736680721416743
160.86919604196683,0.4190229787000008,0.5839895188245016,0.7453621177793953,0.587075843579909
169.7479273339674,0.6565450813617953,0.852972973719881,0.9529074183614878,0.7360790916031419
172.55546101968176,0.8144373705588055,1.0206661347054522,1.1022183089611184,0.8349072419885143
172.92689432338872,0.9101088948734818,1.1177467198909563,1.1805450515188385,0.8658155111657506
172.18327111289278,0.964962911783784,1.174311720275024,1.2363738068559722,0.8856837904561589
171.71934537000638,1.0012341314838817,1.2018833912609868,1.2856783523092177,0.9014191401689204
171.45387224729384,1.0241041049868709,1.2211340450425847,1.3226671316702854,0.9197161585472813
171.22483150246444,1.0366505324607451,1.2307212962884624,1.3391850523638422,0.932418040505819
171.00206438188567,1.0445967363163569,1.2445583412045558,1.3311299305376962,0.9366327141709241
170.89997391310223,1.044702400223102,1.2420563381640786,1.3238693020275654,0.9326153689595317
171.08184971725822,1.0467966446961707,1.240256709022307,1.3068029093194489,0.92247424321859
171.09963401395368,1.0482508124560006,1.2384301879137005,1.2985792105376206,0.9106000237250677
171.04784118962286,1.049001465394503,1.2389423405883986,1.2874693403466504,0.9020604676094405
171.06261731265556,1.0482657035138612,1.2377385227023208,1.2854324083607256,0.8954097085347583
170.99643097767765,1.0471835388049842,1.2382594231890227,1.284528084357266,0.8945127691982626
171.049264937712,1.0468678884152502,1.236787446182151,1.2869570942432669,0.8954509581779325
171.08689050362372,1.047089793055584,1.2335713383178053,1.2879955350164278,0.8994579353246688
171.22351272116796,1.0430093218311043,1.2291896826148885,1.2838825288218183,0.9005123571446435
171.2723479967823,1.0402569840003357,1.227077829742971,1.2828358760544931,0.8991057028990274
171.24342423477822,1.0388467531841308,1.2286287077158426,1.2753754918319546,0.8977573009622564
171.261612394265,1.0328437993057513,1.224115626580355,1.2673678006453182,0.8914903665493663
171.12632079021506,1.0322377999150396,1.220692053300028,1.2597414811932481,0.8925826348662376
171.20923097965988,1.031993355952834,1.2229686383998362,1.2584167930531238,0.8932810671461103
171.2165804835482,1.0310796340089199,1.221484575944496,1.2608927839094566,0.898277425003101
171.24227422154098,1.0359696811906962,1.2281283228155417,1.2595294234328451,0.9002612192208668
171.25510480011016,1.035563206541739,1.231760992715708,1.2561638310650447,0.9047429393986037
171.2709168017232,1.0379245989611476,1.2369615911247998,1.2551998711540984,0.907286974207229
171.31697633921502,1.0344215425237202,1.2351377406481223,1.2597078889012703,0.9114301716819518
171.33897192039083,1.0366573241138668,1.236940038688333,1.2615059537466775,0.9154260066688424
171.45741077668987,1.0322318940587947,1.2340270988310362,1.2621840715030843,0.9165802500085789
171.31248329972732,1.0270744652738673,1.2254922079145854,1.263462260478186,0.9201631175544402
171.15151397547933,1.0220163108116207,1.2195928617967788,1.256457545796484,0.9162809023832071
170.91495751620639,1.0104655022607416,1.2068564230475998,1.243257384531518,0.907551395214703
170.98342878693046,1.0161881145041192,1.2155642208470914,1.2513217055047319,0.9142652248072348
170.86946979847522,1.0111077063000016,1.2065196442970914,1.2446969861210213,0.9119798914850021
170.8254777058734,1.0119831299510058,1.2092525789439255,1.2454792114316617,0.9119240160911845
170.8650806943146,1.0139242183714885,1.2093971592494086,1.2439655828227978,0.9077576598662556
170.93300363856602,1.0210460585549104,1.214238410219259,1.2345270527511503,0.9065371155801726
170.91371220321813,1.0149992051554795,1.213694368394624,1.2294924715292563,0.9015664370021643
170.8983306635132,1.0183219284990195,1.2167410383620274,1.2243371189814996,0.8992939358607741
171.01588212607263,1.0202680903361656,1.2166542824026678,1.2256572734817353,0.8984847927470354
171.15305800847557,1.0257116743121213,1.218082229704608,1.2283598121979276,0.8999216212751299
171.17204785870217,1.0264833501948856,1.2155651692121086,1.2279665383930356,0.898932994390145
171.18352369638862,1.0240922214784889,1.2149990343871908,1.2254506768322957,0.8973841043385965
171.19903326569803,1.0227579252368244,1.21367853715011,1.2271358520958109,0.8992223410701599
171.22990191608895,1.0203065368056898,1.2105323237528647,1.2222902518144074,0.8957912734148122
171.11904890478348,1.020059336436387,1.2088443483057307,1.21779783236509,0.8923309300990476
171.0903829571799,1.020574219443016,1.2060249327405521,1.2141669940992983,0.889569941176186
171.0953529898554,1.0237801860636728,1.2107326882898475,1.2157787432378984,0.8889083703691137
171.0544874000493,1.0274235459857963,1.213801177995599,1.2216954252911087,0.8915515578369844
170.99870596553882,1.0302749481961877,1.2167365581711898,1.225479967174701,0.8943297612515079
170.94031922576255,1.029236951070907,1.2150302047986676,1.227267661037383,0.8941388673878732
170.8750955437642,1.029141818928072,1.2192733020777893,1.224583228153161,0.890844731777654
170.94392154461497,1.0251729461169203,1.217105206618787,1.2212331233964437,0.8885599631339575
171.02634804519948,1.0220783994029647,1.210952873531124,1.2232972864572371,0.8909296944745385
171.06713741848753,1.0188527001182126,1.20546580522672,1.2223145755305305,0.8874060891418303
171.09468416827676,1.0176570329465833,1.201109999264351,1.2216752489573397,0.8862043359066936
171.13631534679308,1.0152609166030815,1.1979654073393873,1.2169345295791762,0.8843355050017365
171.22983348505153,1.0175789137626077,1.2003032852322444,1.219319148917314,0.884644961581972
171.2096851984548,1.013828987031668,1.1944109034390584,1.2175054588370817,0.8798691314352228
171.33258605037946,1.0107087638937307,1.1903933990815578,1.2152866059958134,0.8775282671245104
171.28155116133937,1.0114768970159682,1.1860677815598974,1.2142177700602088,0.8771503353410519
171.0791480839181,1.0100451337671055,1.185302495987038,1.206284277941942,0.8723928366645352
171.08680254264326,1.0032039847485918,1.188112844661015,1.2037739742514044,0.8686464915610022
171.0333580190428,1.0069193484559587,1.1864271414391723,1.2045185110992354,0.8697743068635524
171.03479433476184,1.0074672230582244,1.1897874131934854,1.2044221395102177,0.8687529957254679
171.0900554476005,1.0093964649432339,1.1893684303398457,1.2014255326434478,0.8677406083054577
171.1571403564237,1.0115275589208366,1.1899409411407709,1.1987966703216464,0.8681890894921485
171.15247821630373,1.0144651821828181,1.1898493367949947,1.199663849083586,0.8682182259862725
171.1571490633588,1.0141611575574319,1.1905900651461163,1.198794546940587,0.8659527691605091
171.22827305314001,1.0131673895177382,1.1912778986982429,1.1959842956945559,0.8634680787422458
171.2860234024672,1.009462926600127,1.1887887110095425,1.191184245483184,0.8623013499819545
171.22092828334084,1.0080613184623275,1.18318473238834,1.1911449645404506,0.8622014030156577
171.16329894402406,1.0041583148153936,1.1780991209026905,1.188287460564023,0.8593998565420707
171.15595749666065,0.9980893849699802,1.1761069333233598,1.1858474718615368,0.856304811243407
171.09862001796932,0.9972840211281552,1.1770711474438493,1.1944000068920468,0.857269729595655
171.12625370520124,0.9946190742176819,1.1771376270414784,1.1975813012154202,0.8558355705539785
171.30470847334038,0.9936303239285315,1.1803797393423188,1.1978480391768354,0.8525459607730356
171.30905505687713,0.9972712667949746,1.1803480454969142,1.202428341720561,0.8534978488504938
171.31135655489902,1.0013151682742343,1.1842128046465636,1.2007538139497416,0.8567910711614249
171.3900869674622,1.0033339586290508,1.187059338016099,1.1994817775702487,0.8540752685364134
171.41606952505245,1.003068674893408,1.190890976037972,1.1995634322386508,0.8528787810739569
171.40919018019486,1.003190480098013,1.1945285115437836,1.1978947131191227,0.8494690380399996
171.48065677835862,1.0054546150213683,1.1948626002818417,1.200334674432334,0.8487142765130572
171.5053034300297,1.0104749691726111,1.1962932710571146,1.2057112166694661,0.8520114482921256
171.49907456987467,1.0157590302893766,1.2012367315140535,1.2098899626147717,0.8573538706101494
171.4456295463768,1.0157572059370439,1.2046293173922655,1.2100854773612666,0.8560125070722168
171.39816358494915,1.0185843779525745,1.2101118208309496,1.2089166350557685,0.8545386103304297
171.33254919006362,1.017636945014189,1.2106858485211893,1.2040455877936176,0.853662093853904
171.17812511667455,1.016007639139381,1.212090636203869,1.201230073154989,0.8517227162710317
171.02682144117207,1.0125714688121765,1.2099072079324502,1.1998328174833446,0.8521650058635063
170.96762672318295,1.0062257326344264,1.2028504618347116,1.198127722473209,0.851265069261579
170.93612036694776,1.0028772799165955,1.200495099212426,1.191187695388218,0.845971528468546
170.9330731890927,1.0002793381432873,1.1996674766525135,1.1873886636817184,0.8434476449887922
170.91441442501213,0.9992835337148191,1.1964679086118244,1.1857935683777985,0.8421840854223597
170.94593794971465,0.9966188629665648,1.1898900620406057,1.1847580871752363,0.84226270550182
170.9268444872424,0.9993097408132292,1.1900309560407618,1.1839847729988573,0.8438121620655943
170.91615396041018,1.0012620593563104,1.193314231815409,1.1810188476923067,0.8413939314952423
170.86237081189313,1.00038528408245,1.194118370288243,1.178145902714473,0.8417179204942659
170.8284657229384,1.002039310976991,1.195925445143834,1.176601518673745,0.8417738455620504
170.8313685733443,1.0032971253832454,1.1990714446394664,1.1743568660751607,0.8396436741934779
170.77119127625608,1.0056261990524722,1.2003284428349998,1.1788670224605835,0.8392009560217479
170.79523895880925,1.003020416205652,1.2009885005047067,1.1782067326811432,0.8398140585293747
170.9226089763476,1.000468760068302,1.190270620081041,1.180924944719933,0.8417072580869189
170.96094129033312,1.000908621066634,1.1858342255877763,1.1791423146093694,0.8433133761106937
170.99518615753183,0.9991409322424543,1.1863956385410763,1.1799663081831482,0.843889140052389
171.09394846059462,0.9979241734481723,1.1808622579102583,1.1818172676776313,0.8425555076234703
171.0030717003807,0.9982193787849509,1.179125201814061,1.1820517992322221,0.8396279586873954
170.99997206672822,0.9964878790842807,1.180285182994989,1.1803669972591309,0.8395922535039086
171.00631416303088,0.9982131892316565,1.1836777072334161,1.1791591495334053,0.8394300539042282
170.9481759052428,0.9995830817098024,1.1879747507603078,1.1805329493403771,0.8412471180439131
171.04853847323633,0.9971429064321401,1.1846982373690063,1.1777525156667548,0.8415573073365816
171.10653946513347,0.9908520955260938,1.170678137071848,1.1691190180226292,0.832608882447933
171.2551161512442,0.986970382513178,1.155354515852725,1.1663462253701335,0.8339868806279264
171.30474417878688,0.9853232511787688,1.1431509286202837,1.1640204326594643,0.8352710649859797
171.30856497254763,0.9824771472941711,1.1345726184511271,1.1624426383944793,0.8356675953118788
171.3223258440894,0.9838474654937559,1.1353232813396072,1.1666402262555087,0.8344877769861586
171.31045030979112,0.982511090733495,1.1281610923247378,1.1650956931130072,0.8285404844063003
171.4203204446392,0.9827268070967794,1.1270173959671188,1.1618672493106141,0.8263432510632515
171.38674128826787,0.985693505966823,1.1283561726691278,1.162687865488853,0.8242478685369595
171.36552658077468,0.9824513402186231,1.1292219997997976,1.1610597242275031,0.8219592680988227
171.41742606389823,0.9824100244811075,1.1324019736336035,1.1651308450040203,0.8227682287851307
171.35028857901273,0.9813970572788877,1.1298108081747804,1.1633370674181713,0.8212895715370896
171.3485684568975,0.9767704413065519,1.1277684425252317,1.1609804611904473,0.8200421562695003
171.34023372269237,0.9772530747246339,1.1287767471071537,1.1609881194330844,0.821744214767694
171.36873656479662,0.9755598977668548,1.1283493806280396,1.1605449014517615,0.8207703097905994
171.41316375384514,0.9758259376710638,1.129021292497666,1.1583506307854539,0.8193476716855332
171.50504081931712,0.9797481876161943,1.1336095932310277,1.1651129588083309,0.8249401965228057
171.46759255482715,0.9810994407809924,1.1380853892299352,1.168504304251228,0.8259702555672804
171.47387036996548,0.9817610242480633,1.1388897343522881,1.1687446632301395,0.8250508364939817
171.429463307975,0.9825305717028013,1.1389100331662627,1.1708050526108138,0.8234418050726124
171.48331911732686,0.9826759694010873,1.1393953500092984,1.1740897642743475,0.8255945144641118
171.54776074945138,0.9847603470971626,1.143086366648052,1.1774215406751265,0.8287924237883345
171.60801985995107,0.985783079390066,1.1438841079236408,1.1778468102337816,0.8306231734503089
171.77548604855903,0.9886746692731742,1.1503763878669162,1.1855607527824898,0.8401519438589755
171.76464822747403,0.9923778091254825,1.1545996550036164,1.1861261193576098,0.8447763119132735
171.63474990534806,0.9883590888679259,1.1468158210066068,1.177721414166379,0.8393941614023328
167.54990127709073,0.2503499058477363,0.23328314739903952,0.30986674422415345,0.2073350371453178
176.09367882476147,0.48214161718966264,0.5372874578354577,0.5757855895718309,0.4038490284156298
176.14193229827302,0.6818211202269182,0.8150319905025388,0.7838918813231442,0.5989041480980496
174.81494636557343,0.8313360774104711,1.0060341679476115,0.9022920413466728,0.7257341230771017
173.68331612286227,0.9358973328449376,1.1382264093448067,0.9900432355189528,0.8076172423551619
172.8912569895469,1.0057497337879937,1.2297164962211804,1.0722396732665733,0.8626070990271394
172.18363166299284,1.0589710789720335,1.2966325523274662,1.1308399191085299,0.90328954792444
171.7829562615476,1.0880400124970973,1.330459173465957,1.1669999318638553,0.9150856288255755
171.501993100962,1.1025151271970448,1.3438698455921658,1.1731814793097493,0.9029924838709209
171.12402985123373,1.101072192304897,1.3403393570849242,1.1723638133631813,0.8815850544462589
170.94784124836522,1.0959462678004224,1.3403251570485712,1.1596639952882701,0.8639239691325269
171.29254066799768,1.0873318759314734,1.3324480817992488,1.1449929628128137,0.8460277340229699
171.95874150506904,1.0932365063726728,1.3301976192769376,1.1566295018779456,0.8555693414335298
172.5512837655448,1.0937248305392284,1.3226804188419818,1.1558425807034869,0.8684220139245042
172.87533128657083,1.095250653657861,1.3168787064685035,1.1588390368610848,0.8841822363632522
172.85816632955445,1.0883641487925118,1.3104715356939112,1.1559157297347395,0.8884677517842502
172.84093966744507,1.0846632240554623,1.3080183429412757,1.1630623290093955,0.8927563429991908
172.5540398935974,1.0956973332067712,1.3155477149363242,1.1844542927043868,0.9176554929948487
172.2904314212256,1.1084091826244777,1.3284116524092575,1.1992221200365767,0.9410368809098182
172.17327025419434,1.1118784218792488,1.3315612538198134,1.202068629487502,0.934629348472593
171.9476764289846,1.1074823128803692,1.321182044242141,1.1980657173110216,0.929409941970196
171.88652225298958,1.119267437245036,1.3219088402576826,1.2199909865232597,0.9579276904307937
172.01938244814974,1.1236027053198343,1.3144697804963539,1.2339600766994514,0.9747961824285808
172.1501658630838,1.1249590855695575,1.310657605501437,1.2397498587250386,0.9806423624947419
172.1448331780439,1.1183836590305092,1.3037101324471443,1.2338590486367205,0.9758380815484278
172.01048819489444,1.1110451703633388,1.2968126164036582,1.2257868591031766,0.9769569924603234
171.7600673338461,1.1009638599824587,1.2969140872197833,1.2104298652633199,0.9726989333961593
171.5720861690276,1.0854853643575328,1.2830254513341142,1.171715458709775,0.9709479389868323
171.44651018376132,1.0823400588579093,1.2858729190498974,1.1878210234657478,0.9728091483648496
171.15623893051722,1.070518790853653,1.2754419148129843,1.1683655642811388,0.9657485189116827
170.93407755632708,1.0759385303671227,1.2849186129375294,1.1689742551506055,0.9653744524904095
170.67666209245556,1.0557646092390627,1.2714177839148582,1.155519147839462,0.9327855175868147
170.8682661541472,1.0390112389752566,1.2708986691287791,1.1133421827304164,0.9096381266770194
170.8041494566355,1.0293780631144185,1.2501154074692957,1.0670411613074198,0.9031250639284022
170.36494369510135,1.02274603907353,1.2408483939862407,1.0786991372441075,0.8841018107048976
169.9674391264363,1.0246140950358207,1.2444058239230058,1.0976682033351504,0.8834285889908308
169.78236751887897,1.023180793606007,1.240961211703824,1.0885098831730298,0.8910370543069058
169.78490135484137,1.0142025949439788,1.2352338818214612,1.0256295921048824,0.9044207335171677
169.5607312649778,1.0118080702074592,1.2375075716122728,1.0229976740864704,0.8984199928884793
169.3553235282298,1.0170444693801253,1.2343325240992604,0.9656446524162896,0.9210939315791664
169.48714676965054,1.0169244685681607,1.2351123058417546,0.9792502878988435,0.9327290772989736
169.28932917417134,1.0244338133918813,1.2464714614070813,0.985745864059953,0.9358485699402562
169.3515807598764,1.0195738307791302,1.2460930876587664,0.9875027882599013,0.9430457200866946
169.47409373033403,1.0110879077711716,1.240226381403217,0.9597012039221332,0.940253499756556
169.6348022330936,0.9973615349801258,1.2356927362343195,0.9598202925486429,0.9313192419810834
169.76680572781004,0.9870014404150272,1.229756928163309,0.9615085667596152,0.9286545619940415
169.87843990532815,1.0127751093397923,1.2600449870035968,0.9980092496196327,0.9504774748794546
169.85467741120988,1.0327714652958675,1.2798389356316604,1.027854476245066,0.9690599534773608
169.6490173083144,1.0313414001521914,1.2727096409714178,1.047540178166464,0.967917494321996
169.61336010100138,1.0408184845364972,1.2803611262686945,1.0564620251101737,0.9791272933232846
169.81190721852462,1.0387904556548584,1.278086984277464,1.0742523898300373,0.9613417768836535
170.00885076605138,1.0348112065744153,1.2694222708278693,1.0753787687780605,0.9556276978892693
170.04885800970135,1.040441585037588,1.2726244918622471,1.0789402132487838,0.9668128868672603
169.93561899005175,1.0435712890804467,1.2684119054482486,1.0390432586067302,0.9838093837101533
169.80070368481591,1.0342215830374537,1.2518276061825548,0.9630482877020947,0.9852606385806594
169.82309536412694,1.017631744809027,1.2316827165991726,0.9330092004701828,0.9743732915114512
169.61505753872646,1.0082507063572566,1.2239032600746598,0.9568153304678605,0.9593682747380855
169.48758562758684,0.9947042550971313,1.2196786962161301,0.9725363094693018,0.933929468521113
169.77845070881042,0.9982557888112142,1.2283625837635932,0.9877851312141374,0.9277282245378891
169.43772278261733,1.0104359667520344,1.2499220819766825,1.0303777468070767,0.9215725600551972
169.41562310346322,1.0037831461260813,1.2528475778886106,1.0475651037874742,0.9090649498336955
169.42136686382756,1.0231063676921466,1.2754348544616898,1.0685723461386896,0.9300583609482248
169.66457270007496,1.0268391305752032,1.2783308745596615,1.080321768284573,0.9246741213511817
169.68804619766885,1.029847728418239,1.2945563150854262,1.093431840904167,0.9031743985875323
169.88601165895582,1.0369825597021938,1.2937896460737373,1.0968488832674876,0.9079310023976969
169.85461913630095,1.0361976466624752,1.2966505311797338,1.062510255805345,0.9223989359370911
169.94317478465888,1.0396261753467353,1.293782643858796,1.077021614784214,0.9248003315525197
169.53042148041445,1.037392926176019,1.3062778300273188,1.0733765607998036,0.9178905955200449
169.79180279155335,1.0281255311752435,1.2907999406618893,1.069950814611587,0.9054451800330425
169.6374599834875,1.0283418551132666,1.2987538138558148,1.0885367082785253,0.9102601399509196
169.5058972370463,1.0371661134537404,1.30320238283743,1.1091013215600556,0.9258155528482188
169.44181769803978,1.0461672648224953,1.3131061636981871,1.1277319429336934,0.937458271057403
169.68194443759333,1.0530364457567665,1.3148237587939315,1.1393860592776828,0.9455923505566571
169.56050532409944,1.053956301986771,1.3190910600266235,1.1239593461645558,0.9580370679925412
169.6354970051615,1.058177618407852,1.3159816609832686,1.0676757732784263,0.9655869241798504
170.01606027971783,1.0494744445353643,1.2925077106748193,0.9192145240455419,0.9588623589871846
170.01334948416377,1.0442319151050314,1.2948633869070763,0.9336638195965826,0.9494250216920447
169.8376382131675,1.0460029340881227,1.2907905298339095,0.9605541962296799,0.9529070069701319
169.83371782667484,1.0331446612672448,1.2908891736078336,0.9493104398863145,0.9466801509574383
170.0129058870128,1.0311201509337384,1.2740565128628278,0.9748349503322282,0.9401216738724097
170.07577946271647,1.0532829118156297,1.2926160872733006,1.0404430489185723,0.9477189025589796
169.9023904205977,1.0669662020062072,1.3035426835237618,1.077580548262404,0.9661116493682037
169.82187956657467,1.0784069094313358,1.3194929494089858,1.0989840690260995,0.991431805745052
169.83110436648622,1.0857564640291815,1.324371868847228,1.1079690286698567,1.0196333828776873
169.84639971824626,1.0913399806874335,1.3288018654265334,1.1325267442436766,1.0272469037655212
169.6097229446978,1.088048113349532,1.3261935653384662,1.1292859746963557,1.0331595459999685
169.59249825377555,1.0868690783171724,1.3293820460248613,1.1378103992912414,1.0295495128098662
169.57576959988225,1.0946952837202477,1.32933176980054,1.1009330955390284,1.055740097646251
169.56827519502465,1.092907795053422,1.3292193828431302,1.1139109538721441,1.0536346516166843
169.48315489966734,1.0990577500530603,1.3316538796933044,1.1077163021407062,1.076073928037173
169.65450087048904,1.0998385745390271,1.3299691955298982,1.1084400380984707,1.078179715268367
169.59074980971383,1.1073925178983892,1.3312127065347594,1.1303740179262127,1.0721263173782254
169.64954588766633,1.1016732469545458,1.3255246147809319,1.132201362044657,1.057424309885745
169.61450475965717,1.099897127979505,1.325341282174176,1.1377408609028148,1.0443513836479086
169.66246546443048,1.0930165947149124,1.3198535098211692,1.1323420729468905,1.0388014474298422
169.62843339369599,1.0888990410410935,1.314608103516167,1.1296822604902492,1.0346609032862288
169.65535046596588,1.0846848804713434,1.308983412636553,1.1236105535612906,1.0329193619604178
169.71427129018795,1.087373016060662,1.307730266402407,1.1250208509898276,1.0311993087645204
169.77953450609306,1.095314463501509,1.3094803289067087,1.1312138680137835,1.04645176156849
170.03480714099564,1.1047290381426207,1.3167159496958778,1.1438101126155784,1.052985122219063
169.85933816571148,1.1152427579174853,1.3203894978836124,1.1560212948856115,1.0741017850294168
169.98797898726215,1.1180435828110524,1.3255972106818463,1.158972889007633,1.0894182638004704
169.74221963272777,1.1236849928131938,1.3247750615018798,1.1526772492788835,1.0993284351536277
169.8325200523079,1.1258927332096775,1.3300789334889915,1.1493912392013437,1.092549839595
169.57738196759107,1.1233149005792487,1.3298921992387784,1.149248353777402,1.0771633938786693
169.43282380609756,1.1242408544400382,1.3317501399364258,1.155842306199832,1.073176039533236
169.42914901914062,1.1280749373882382,1.3353812455464669,1.171040438391492,1.0800408822484773
169.55423838887032,1.1283339865007769,1.333614730308717,1.1692353318270474,1.0809574127235093
169.7299112413439,1.1234898529374595,1.3254338718463845,1.1721457856820225,1.0807806729544358
169.7022513132262,1.1180027216853328,1.3175989007666722,1.1826646460605463,1.0605681306571002
169.88323987361287,1.1137436524505266,1.314222927749404,1.152832463636547,1.023357996665587
170.3865860537806,1.1040720889313023,1.2869676160887753,0.9512947205301819,0.9764929006001632
170.97421514077126,1.0866071978180705,1.2571974676989643,0.9481706893780542,0.9192702300539659
171.09036868469485,1.0826516790852272,1.2418213080468032,0.9544928955515578,0.881885928300761
171.37278538143644,1.0890458250723076,1.2389508912511495,0.9662742047582398,0.8780389890564986
171.2612786395682,1.0816749816900992,1.2339563215831084,0.9897786841894409,0.8623727957492348
171.41082062177261,1.0647858914601136,1.2185131850236521,0.9994818275134429,0.8394243235165557
171.3475563997909,1.0581337757455642,1.2112602387023095,1.0130976237174096,0.8549314751841364
171.4209168910747,1.0501708457496268,1.2043779476180725,1.0118335693709741,0.8623984682887371
171.50549712408042,1.0372985989568353,1.1857014170682776,1.007566220747751,0.8341904568262879
171.49543534925283,1.031850678074344,1.1831344368865442,0.9974646001705483,0.8350633475581868
171.5647366632122,1.0308745341132686,1.1828736413940508,0.9913915585435041,0.8220472248745294
171.54030483713836,1.0311189082579246,1.17876108137433,0.984920329102805,0.8172179884095682
171.5429633725874,1.0226716435889056,1.1644952456608637,0.9702437845823464,0.7920076687962968
171.5979557828016,1.02829984839131,1.1612799840916155,0.978769593094514,0.8087526832860442
171.54384475882574,1.0321795136949865,1.1556233987715294,0.9790661168539848,0.8160173590483015
171.48716508794584,1.0298536847427935,1.1495984343664998,0.9841383773054525,0.8138640188397334
171.41015349144573,1.0234609044666267,1.1437194762447571,0.9891291070662837,0.8144617203272401
171.29573178736572,1.02037190390391,1.137717918062986,0.996139903680666,0.8151389003752244
171.28674852825537,1.019241337115111,1.1353834984080375,0.9968181351965308,0.8212700135596612
171.2337474334054,1.0226348133922347,1.1344186479497131,1.0067927088266146,0.8204116737123452
171.2827394036185,1.030148757846613,1.1395115040766208,1.0257581940162537,0.8204617233826392
171.60121529086686,1.0381414668398132,1.1451687401039683,1.043005355909301,0.8182944891154786
171.9317709986792,1.0349545448218305,1.146347449591009,1.0431259314452535,0.8039111102915494
171.89036395693756,1.0332813183685454,1.14616472137996,1.049190438065832,0.8061390057812453
120.38490984491744,0.08059896997188866,0.18129255740699493,0.140813823585841,0.20552945128442995
157.4140634921033,0.29841704155239623,0.4253420404210028,0.288178037660763,0.3183083715591489
170.1860710213306,0.5347613810157119,0.6643492644478605,0.542768052221861,0.49566263736050475
172.43770179936325,0.6811755490484623,0.8132301501552062,0.7393165963756226,0.6237381119055323
173.04733407376452,0.7883825976803972,0.9191377779147345,0.8321426498023531,0.7388610696112347
173.03599528427105,0.8455619611986784,0.9745948055973557,0.8959615588999762,0.7716325460374125
172.7858381440141,0.8883035820058598,1.0175506502881972,0.9428341602603123,0.7801263239509555
172.7385028244066,0.9155479944809405,1.0550800827093814,0.9612535580296062,0.7807132220158175
172.70056040570344,0.9339558534203267,1.0767909890747385,0.9722793356504066,0.7844091115933169
172.70520218694904,0.9351218227417485,1.0898954807161267,0.9829873081850117,0.7766827283355631
172.59135169960808,0.9335461636229132,1.0892137479830273,0.9829537494386463,0.770495371689677
172.63568373461231,0.9301816500742577,1.08670418242669,0.9831362938776639,0.7635036943353127
172.61023462022226,0.9298673736725205,1.0847030634661416,0.9805503166117786,0.7579092744153565
172.56074786951663,0.9264282556839095,1.082577491326134,0.9819044070392624,0.75196764942965
172.73607769756782,0.9211345213715926,1.0770234040351456,0.9804150664912651,0.7452361260024197
172.68680016564124,0.9168703449470721,1.0734164792816134,0.9741783127024309,0.7349643225658379
172.9837332832929,0.911345229360596,1.0662579644554229,0.9724446249191308,0.7329817444932806
173.09346517254912,0.9104993153434593,1.0620124878967143,0.9661772734628051,0.7318403192563175
173.17401896681,0.9016164547148654,1.0529462554218385,0.9478575693395068,0.7218659155170037
173.1506324097287,0.8946726913849425,1.0449052864642743,0.9313088348280754,0.7073864894145779
173.27847767420064,0.8892311427800514,1.0380162646024023,0.9219093242140489,0.6961111629487823
173.35603339807446,0.8869459873259695,1.0375051290390702,0.9179793150395466,0.6990979950039208
173.43781506342359,0.8949317889956143,1.0399570288611655,0.9301703900692243,0.6980778120544171
173.22049442328444,0.9004781047664093,1.0426266803553161,0.9371594712203475,0.6912672734262586
173.0358742240315,0.9034652983575081,1.0409163595649058,0.9413533057624998,0.6959966705044001
172.9424964815611,0.908434636227021,1.0449750171609333,0.9458349041203904,0.693402266550273
172.8777965279947,0.9122033097505011,1.0518961527696815,0.9551907297411704,0.7035780552294184
173.02273871969996,0.9171506217937284,1.0574073473218943,0.9655751586644621,0.713522565852265
173.07237889334198,0.9162516630529078,1.0593719641488095,0.9616404728402742,0.7220216603370848
173.0670712474666,0.9165680915733563,1.058366225129971,0.9579289823733064,0.7235196993329217
173.10290969197553,0.9176416219569768,1.0624343334615374,0.9649148921885403,0.7277939831339313
173.06658384769983,0.9166857336799796,1.0626741627433844,0.9629067594000461,0.7311272335433092
173.02754402620965,0.9095709703971883,1.0567299596178952,0.9490819122222327,0.7291287390562331
172.79755660314075,0.900339020280386,1.0450897105917674,0.9282690510005149,0.7228329232311808
172.5846816408536,0.8917039329906798,1.0406987508886603,0.9308093021734914,0.7200948001956554
172.60103720784883,0.8942175866057903,1.048414484752029,0.9237906554235473,0.7292903345710648
172.60385917372395,0.8949304473675155,1.0483868207974067,0.9284037783772509,0.7224341037949997
172.41838454420218,0.8866697032515329,1.047103129896827,0.9281811570195783,0.7209518926610871
172.28696203433742,0.881938188797677,1.047867821808351,0.9114135764501767,0.7170250428311755
172.12018590518812,0.8800158093524101,1.043002742652523,0.9086610917457268,0.7161312773107328
172.03796060552992,0.8761623050723345,1.0331581279524553,0.9029438034596257,0.7087895428896073
172.0820777692616,0.8699240710606602,1.0251074770447282,0.9054936960235119,0.705832498469747
172.16517497207292,0.8700730895159351,1.0225438621187475,0.9153528498621313,0.7020771773833305
172.17005036737362,0.877223161256548,1.028111795852927,0.9217575921189385,0.704385079121411
172.19846405776366,0.8804571975287832,1.030580176408729,0.9248705921234979,0.7089389414583268
172.21323440875292,0.8852459525791996,1.0421497516934368,0.921376832629219,0.7208380962196885
172.27411886915286,0.8969982377991168,1.0494605041308196,0.9319571338559705,0.7287483572637384
172.49090074113582,0.8952495914964617,1.0432524147803894,0.9195617825546253,0.7359346772001311
172.6552615442901,0.8987499575713683,1.047106137914105,0.9170483721181744,0.7360369556488248
172.71754352103278,0.9050936960926113,1.0543476450875786,0.9308467449329624,0.7389541302420476
172.89174523352878,0.9108732817796592,1.0619097782409457,0.9281496287566656,0.7501183090496244
172.95232007874725,0.9072092407511766,1.0535973239914576,0.9273408474436241,0.747161132455474
172.90092511881107,0.9142251475442873,1.0613364930498292,0.9320422549971698,0.7587135817597752
172.97613094344715,0.9148540733384947,1.064314642553102,0.9318944314986567,0.7613009591967932
173.07274327556223,0.9146844102080731,1.0664712742301856,0.9408885823855077,0.7649554927523554
172.91054796003058,0.9165703586902552,1.0702798523649668,0.9510922212358544,0.7656422647333955
172.9585644399967,0.9138069465178142,1.0676170353427585,0.9404795757807815,0.7665806221139608
172.93703398192477,0.9151956130656821,1.0713752149859685,0.9342640333606258,0.7626405010300953
172.87400449918076,0.9150987499918363,1.0699317438979885,0.9300287143290722,0.7562978398244232
172.74771749767,0.9184346179695977,1.0727905109460727,0.9412404251131696,0.7604238975316877
172.6759096931794,0.9173433288402264,1.0688172735599928,0.9481626243988904,0.7569849631656842
172.51552453603904,0.9107922829905625,1.0665383616618183,0.9472044758308816,0.7475824614457229
172.496510278011,0.9102025731185468,1.068171572559731,0.9435434473068285,0.744158941504274
172.55397756556388,0.9144906827320077,1.0696004993666328,0.9497570001529391,0.7474779416144095
172.63936003094148,0.9179586420381485,1.076661481759768,0.9383636058848259,0.7536551435628239
172.68970525090435,0.9225960435806961,1.0830502998343179,0.9360728421400486,0.7634714173430346
172.68895306211445,0.9282709021124338,1.090219138929403,0.9454379190760254,0.7691540833028864
172.68787138217877,0.928265771958218,1.0901270264439586,0.948603118199762,0.7714692442710921
172.69827868624535,0.9321347831877449,1.0944847887326121,0.9527697296725423,0.7708014337072302
172.7610140615413,0.9310405120418556,1.0971235786484037,0.9436723133673579,0.7688347393596592
172.718980175985,0.9332919120956895,1.097478913698778,0.9529124832952581,0.7674347231260995
172.83019920610747,0.9326551129207806,1.0938201502963967,0.9489752271959746,0.7700183040764866
172.76551704700245,0.9300279496866413,1.0880479357445696,0.9486476088156865,0.7697471687240133
172.6831646371101,0.9275741488483173,1.088344496145923,0.9417873596744359,0.7696836303841774
172.5235735293223,0.924228607924912,1.086922048980757,0.9518735952297616,0.7621747469596947
172.42914459131737,0.9201655095165145,1.0829746380613874,0.9547618612023544,0.7592638940703765
172.35160571982337,0.912805677178326,1.079426061455771,0.9559288768295905,0.7553366817069146
172.28527336198394,0.9141506868432953,1.0835328795893815,0.9595060945645079,0.7502384799298842
172.14657563013188,0.9092220065382124,1.0773594232924697,0.9618165917814002,0.7382109129580864
172.16525459964745,0.9051941786107379,1.0749734360517025,0.9607346061729126,0.7339705344966486
172.052528564282,0.9051651651969731,1.0756695812917982,0.9607175052835156,0.7302717783151899
172.17714716965693,0.900273573993628,1.073653322128943,0.9488244270732922,0.724401449873235
172.11280283804308,0.8971607128635957,1.0741477126810146,0.9409435306539864,0.7263704351689579
172.14253818136402,0.8950909792371006,1.074685020926228,0.9383401007294653,0.7276151154312591
172.26322312312823,0.8980876210940336,1.0742438698925048,0.9308783261709953,0.7360690616153492
172.34637811271224,0.898446771388595,1.070728784265481,0.9225889140307598,0.7328269053119169
172.2614639040237,0.8956517980657205,1.0658635438685315,0.919969948112942,0.7258423946678578
172.20769023510064,0.8942273370062429,1.0640509405837906,0.9298295291003636,0.7232932102864615
172.26988381421575,0.8896978075611992,1.0594790201363764,0.9249518512087718,0.7256150607131535
172.28655206885588,0.886549564902017,1.053995089236825,0.9245657669985189,0.7280036441025326
172.36408174292896,0.8815338924166782,1.0483481178503344,0.9301316599084558,0.7243958989384411
172.43203523817758,0.8839844468147653,1.0552456184176775,0.9372579033509084,0.7294233538036421
172.51711790279174,0.8853189270870514,1.06018406420604,0.9354559684000612,0.729279887736415
172.68196315421102,0.8849780860233571,1.060446315460582,0.9389198666501822,0.7319283644442675
172.87191511805577,0.8835945147652325,1.0585918471194453,0.9359375690218459,0.7312321270887726
172.8824325114464,0.8863835799546822,1.0631815000809848,0.9511539310545808,0.7326823738615115
172.9194796142767,0.8901720445395863,1.0602001644824564,0.9537043088737269,0.7232524393390006
172.93463280692137,0.8898926551163451,1.0640598903346197,0.9567782468295672,0.7210580610334673
172.90627381196055,0.8947828558670851,1.0698518268037187,0.9601408786307853,0.7202858874108755
172.82206102220985,0.8952200092743472,1.0681839090653231,0.956390087946723,0.7216780369065038
172.99007487555167,0.8954640368658184,1.0699732716351988,0.9547747880865836,0.7219729013611028
172.7946179798908,0.8961430249109898,1.0730656373691332,0.9639850966881117,0.7295410037605375
172.82498165289826,0.8959700637754567,1.0684498827170332,0.9608436545236718,0.7284672671256789
172.8785237805269,0.8970252108855162,1.068489925956908,0.9523965919160761,0.7320829542810213
172.870762457912,0.9018736934040511,1.0761830095563834,0.9621182191775802,0.7350456789622576
173.06672672624592,0.9033422514221228,1.07666086631038,0.9575081044383236,0.7351588807406697
173.0684620145071,0.9006944099962937,1.0724047342418572,0.9451835231760503,0.7293984036633161
173.04686157688712,0.9038679002372989,1.0718270216680883,0.9441553284397338,0.7382655951586682
173.07685356262166,0.9025524721709265,1.0720731634592862,0.9509412193702117,0.7341648787125703
173.18737644775985,0.904998049071998,1.0753472372151862,0.9631755091672729,0.742296922178991
173.23268016699336,0.9070525462529121,1.0718444094219761,0.9633322057115051,0.7461737264585117
173.0505553980801,0.9012919012322015,1.0651876726480058,0.9531418626504193,0.7427824261387135
172.77657085153726,0.8988612596874052,1.0657118211730807,0.9430442438087934,0.7421537617855418
172.49846110135513,0.8993881161544383,1.061254551374156,0.9431195990545215,0.7367505766354345
172.33348706090158,0.9001412560537939,1.0587313396987812,0.9372740362991494,0.7404085511260993
172.41747464532588,0.9063773546315358,1.061751912344252,0.9421485938854,0.7463255658470737
172.33071644498543,0.899636179259194,1.0545547679305396,0.943435510543313,0.7482305619756362
172.41781663388784,0.8981646667163582,1.0557761331430728,0.9255948919130597,0.7470478552188351
172.45068974517116,0.892498730786895,1.0506677966011462,0.9146749918433609,0.7476879562117595
172.49044346458936,0.8872116759818482,1.0420908436717409,0.9196742815904481,0.7440498342873125
172.57495542451343,0.8896934318700245,1.038654977942646,0.9324827466756478,0.7430872480439311
172.54621899085942,0.8901443265020273,1.035282607776239,0.9256026378694227,0.7458974187358828
172.52677169299767,0.8907997286483994,1.0325282261697797,0.938337470497186,0.7398545023625825
172.4966851401013,0.8892386676523856,1.0401802487673695,0.9361889284820449,0.7429381431051477
172.638011572914,0.8907454333730265,1.039280393143544,0.9353671168988876,0.7523443247954799
172.71773331203897,0.8872827690566001,1.0330301593338167,0.9415891563278199,0.7607981831297383
172.78670317451528,0.888236684738068,1.0295946659482327,0.9415358377609749,0.7649364570450765
173.08115738685578,0.894484687592695,1.037880767742438,0.941270047653276,0.7701765980390879
173.25583869896988,0.8978735938274316,1.046227809428126,0.94215363058561,0.7694572375716574
173.36083912198188,0.9008630145676254,1.0524539687784271,0.943335918608228,0.764345031986566
173.22795938701844,0.902022182864423,1.0574556144189258,0.9520024271117289,0.7597797682389598
173.19812685578907,0.9060829501158405,1.0617637252758572,0.956349010475347,0.7561655097019654
173.1795275932431,0.9029552630210644,1.0588231174232803,0.9525168682198444,0.7557566241803026
173.17397470349925,0.9007327007176712,1.0603488527378073,0.9462683595032767,0.7544406367584643
173.27227834566014,0.9003658840317609,1.054206744379928,0.9556192227549486,0.7560889304031785
173.2942415025255,0.9015047417749734,1.049307462193406,0.9685992500381115,0.752323960540649
173.2492455353479,0.9013368771796038,1.0440371217636408,0.9772775130517569,0.7531096003344441
173.3221043448611,0.8999222745997245,1.0412305703667952,0.9765665288770901,0.748606385612552
173.34177894018617,0.8978079362383881,1.0380984531194475,0.9741857514888667,0.7491200504256169
173.12750487346938,0.8964673071400034,1.0425052364968874,0.9815542637716156,0.7533981946844341
173.22705903797262,0.9099918210495209,1.053384466907426,0.9888509439206988,0.7650375310598312
173.11892172018293,0.9157050220324128,1.0563411100814146,0.9846264068281686,0.7640223858228248
121.24557221660581,0.21488061893773325,0.1744652322652607,0.16165552977147193,0.16778137356826858
164.44062246984626,0.2553587166873513,0.4508186336016949,0.2553475991462942,0.27156763520924226
174.27492340677662,0.561275155380675,0.731502109983843,0.10850105567307498,0.5239373863008406
175.52913739772504,0.7501657767124517,0.9187452383963849,0.48083971820869137,0.6616700988677029
175.04980516263575,0.84897122512612,1.026422092976899,0.7274067416560748,0.7420247298985931
174.39772341042263,0.9158813133146209,1.0961740368033264,0.9070978588760713,0.8044876426711676
173.9838639574151,0.9515176008822316,1.1386761518618038,1.0367355493537314,0.827685345565657
173.53505032115226,0.9633413523002444,1.150167544275842,1.123813588846107,0.844951756171591
173.12421781869045,0.9733981621755045,1.1658747184707936,1.1751530561674581,0.8684611256942147
172.87131969739173,0.9741145697087659,1.1752659156174594,1.194404951471021,0.8791902554509865
172.69945238073848,0.9771622293914041,1.184797119529048,1.2055719063653938,0.8808070030455564
172.5947723484039,0.983558157696923,1.1896113056152682,1.2203421814012059,0.885676405516698
172.44744717088594,0.9897748399441274,1.190831737688134,1.22628330899703,0.8902168945748529
172.29864703435027,0.9916139365336558,1.190711860897732,1.2407413214546226,0.8926817878673077
172.21274494331246,0.9943185632751008,1.1945549394892094,1.2447559078878705,0.893044282228509
172.09894537093476,0.9927435993224253,1.1922497770702745,1.2421690866185002,0.8931728199822258
171.93491729112975,0.9909282611985513,1.188565491226456,1.2502222938240333,0.8904109012429193
171.80034166202682,0.9913651771666524,1.1877098966728643,1.261094773021297,0.8937591837262129
171.66779922421404,0.9850420283368481,1.1830008611907765,1.2644869396070118,0.8928524654902342
171.57884605653987,0.9878579674102209,1.183471878988502,1.2614455024283637,0.8929609937662362
171.5127081165513,0.9880907873220417,1.1818464571500311,1.2669278941888389,0.898805342668937
171.34955180425814,0.9903953733149792,1.18131894293509,1.2587148611553105,0.8937819298168715
171.2420144693368,0.991648913819076,1.191239596350943,1.260999553632948,0.893544050752258
171.32728064290717,0.9921990259394352,1.195486431907919,1.2618977583718085,0.8956551015776413
171.39845402519444,0.9930757403632939,1.1921424959725062,1.2616323129986662,0.9029425296392728
171.38662250316213,0.9874448490462066,1.184758179470567,1.254699358500992,0.9014367106587924
171.40124767300696,0.9857469269459516,1.1784661593932075,1.2484825642666433,0.8985735564886034
171.42315753493054,0.9834215702329587,1.173602571756087,1.237495815927501,0.8980464825710225
171.50652174691714,0.979823342672106,1.168476685552675,1.225107890114917,0.8924504728117854
171.534934983095,0.9813042300713486,1.1634518712238868,1.2231397554402164,0.8920337373304341
171.56967855864815,0.9833584776720469,1.1626167578481146,1.2193193937727214,0.8927123442137249
171.55861378757686,0.98298908127984,1.1631299654987173,1.217464155412079,0.8918928307668117
171.61042752720738,0.9822023400796659,1.1630045105095783,1.2207606951157093,0.8931869815492564
171.67900274247026,0.9819711516717944,1.1610345974971084,1.2127816978655792,0.8913845008273762
171.6657275476511,0.9815459259645649,1.15966499291086,1.2123117463725652,0.8907943279487649
171.69528986818912,0.9836078303997535,1.161781186046304,1.216540343593119,0.8922407178138606
171.670434213607,0.9850466164687885,1.1641750915218234,1.2116731539189483,0.8919810482356324
171.67550370346024,0.9844274032879212,1.1659936078397402,1.2106914612349358,0.8919191005092302
171.67869361049287,0.9867850727275518,1.1716213869847505,1.2166583579183876,0.8963035547696925
171.68181107791426,0.9879876265714462,1.1741509756464172,1.221673895375721,0.9031995731849478
171.690034527506,0.9880622185882977,1.174113002677866,1.2241293080958597,0.9041651850920084
171.72280772548376,0.9847725458598527,1.1707337662011854,1.2241488916008068,0.9009760002334418
171.6753861956045,0.9832740731185933,1.1705067493926165,1.2241033619738118,0.8993234870640375
171.67944562142569,0.9842950854779212,1.1790080574089905,1.229554850600546,0.8994714283747236
171.70673126506014,0.9872651574988585,1.186082535083981,1.229783536680238,0.8987391522553723
171.80062648390373,0.9876176575306921,1.1895186285462185,1.236475518407426,0.9035216354679271
171.77762525053058,0.9871877327744611,1.198814717484516,1.246859687411884,0.9068168682985663
171.98023233618088,0.9897511315323047,1.2050087261048772,1.255739185053083,0.9134684521154821
172.26893704049462,0.9946072754856187,1.213486450049406,1.2495134824870169,0.9129064053088033
172.2858127011085,0.9916668758958638,1.214479540420927,1.238751108963015,0.9057996211787082
172.2527435680878,0.9946677131546433,1.2184187587083666,1.2427368188784214,0.9072455439923195
172.19580219559916,1.002852603880458,1.2238386956371128,1.2478132732218277,0.9102188631901907
172.22489965776117,1.006768992073188,1.2304385944863003,1.247250301923208,0.9127914126374035
172.1838841194575,1.0064296301579168,1.2316449537658687,1.2478464961723854,0.9131521411092003
172.19015588366514,1.0119986959017582,1.235660013248173,1.2498282103695428,0.9171067359909737
172.20124167181578,1.0133786813474062,1.23740544043895,1.2530264737332426,0.9217654142901107
172.2016893528118,1.0142208008310662,1.2379410927532668,1.256835794826534,0.9228455520959599
172.23570767355704,1.017630011097468,1.243293137759109,1.2657961254165107,0.9259340610917913
172.2340150937267,1.0180464352449838,1.2415857487864144,1.2718145891765986,0.9263859243683937
172.2117324726687,1.0199506828545932,1.2427613406643028,1.2819211891871265,0.9329172293425556
172.20990770850878,1.0181050432778553,1.2388258868534825,1.28472170955376,0.9319688444215205
172.265073339343,1.0214268149283503,1.240487158853279,1.2845664460582906,0.9388914826292853
172.30844321859706,1.023415270192862,1.2405648044436504,1.2866358894108152,0.9433098717290012
172.24993085000017,1.024881815933583,1.2386277112383333,1.2859771507925752,0.9469542560450366
172.3496394289713,1.0237273521979584,1.2373172795964977,1.285250202531834,0.9502045221854548
172.44367045278176,1.02525894550426,1.2422372983999947,1.2875312601638225,0.9530871283600496
172.4331516307129,1.0260175844303883,1.2438897910439912,1.2943295430600747,0.9580762591414175
172.44332602013532,1.0259789527647996,1.2430465056714803,1.2981380827653874,0.958401815626624
172.40974429355614,1.0264988943461109,1.2451725607824737,1.3044004553786268,0.9598847534458649
172.36515989739206,1.02768988033893,1.2458174773564532,1.305926581279714,0.9616689530598082
172.28213326952616,1.0261821919037695,1.2438830471490698,1.3034957364768207,0.9600352872475331
172.28705840924292,1.0292598504616113,1.24666107826418,1.3090476364194,0.962831414009547
172.38178697522994,1.0268636810789606,1.2432250624082946,1.3039652974113134,0.9617798198370806
172.59131951078726,1.0225137925473708,1.2421789862568302,1.2967275798282973,0.9674547775655825
172.51165000855747,1.0083658751136326,1.2264861291155407,1.2904376142785705,0.9567002238116111
172.5173257572169,1.007475946659033,1.2284767626256674,1.2852049505540177,0.9483140511279552
172.50192356436506,1.0085384544602978,1.2287768167004167,1.2840417429907687,0.9424107951764236
172.51417530714724,1.0088486391191138,1.229562600429585,1.2799515230727612,0.9377549708803378
172.55074250498404,1.0084867797289674,1.232591433346441,1.282461353199218,0.9406324188726375
172.55198241539546,1.0047903934162286,1.2345164814826852,1.2837485446024817,0.9416579634931557
172.6394477384914,1.0083953305387243,1.238145681843839,1.2826233697347298,0.9423511481285827
172.6717487528983,1.0080778239569295,1.2381165336114277,1.2820900372603568,0.9443249987488346
172.6375147285707,1.006550342148656,1.238508374135393,1.2801717444453566,0.9460786470471951
172.64346275996465,1.0056295158657989,1.2386850435764285,1.2824812827597056,0.9459142846663183
172.51375458005631,1.0023976807724293,1.2308863493799258,1.2634519258816055,0.9335018349632183
172.30488576408393,0.9938100876797982,1.2243659581393862,1.2497821768051167,0.9182819464090738
172.17209888023356,0.9835705091583837,1.2149405254884564,1.2363395621144941,0.9000928050701471
172.12544239282948,0.9766537914784532,1.2059503642008105,1.2249727453847994,0.8924767900331438
172.1067835206927,0.9772409047321222,1.204612322018708,1.2351778718509931,0.8954465487520246
172.11892225094533,0.9733610293408314,1.2017032247193435,1.2377012308116166,0.8976657419860451
172.01702743130042,0.9686574390561076,1.19781644288535,1.2268514547861142,0.8928727937903043
171.99407512740328,0.9620448912906883,1.1919466642206153,1.2235134421307314,0.8889522095930388
172.01989196146633,0.9640456988834702,1.2018968701484534,1.2250398270592575,0.895609596281329
172.07127132727766,0.963136540652096,1.2066275940652316,1.2285199919971135,0.8990080598487962
172.09486699708054,0.9656792687766067,1.211874856384279,1.2408208252306183,0.9057292465297664
172.08734972861419,0.968849353245591,1.2142865331151842,1.245518600104849,0.9094734036340226
172.0444472035347,0.9698447027754118,1.2152868646061061,1.25007140298273,0.915719215407359
172.0358153284519,0.9715581118278711,1.2163513010117675,1.2504772185017365,0.9196764106100409
172.00615674406177,0.9702923328437272,1.2132837990134449,1.2497093484158737,0.9188759517103318
172.03893989350834,0.9729141908382688,1.2145016029434776,1.2466477836306584,0.9187693606593538
172.0364534415556,0.9711569574591772,1.2151344739431749,1.2479424628704694,0.920681705332689
171.95835506574312,0.9682494971178709,1.214696142918025,1.2532405240030986,0.9191566675230904
171.9897040292292,0.9679213431618103,1.2133144382012266,1.250689484925846,0.9153492477560217
172.03984926799072,0.9659373555577734,1.210616630826756,1.253722336451262,0.9117146682144066
172.02928183322854,0.9576618724076766,1.2006347009584388,1.2409135388762924,0.9048949535638743
172.12882807235385,0.9590769930772884,1.2052360818208625,1.24171596206489,0.9064867575263748
172.21705470151912,0.9601682073042381,1.2087835440033612,1.2441081026611058,0.9087080492868073
172.27424350150375,0.9628832442279567,1.2142842613643543,1.2432898109150623,0.9102416030768092
172.23180412795446,0.9680620274072282,1.2183852846253107,1.2446039831749074,0.9130363668551389
172.23302152213932,0.9728581708702719,1.2193812441496201,1.236914880017827,0.9090616250627758
172.22228546509788,0.9749081508670636,1.2166935846662652,1.237957546722488,0.9112737475717393
172.22709293405146,0.9771637916345302,1.2164111653277054,1.2424549414478157,0.9131242747889179
172.20337190912448,0.9783667728428861,1.2171202493131394,1.254313847973445,0.9136908024726598
172.15000424407825,0.9782323121035666,1.2139603916696708,1.2578238107702338,0.9155254453541736
172.1304673555152,0.9749621725697684,1.2078174525617862,1.2578403173437123,0.9126580980142618
172.10253163665453,0.9705652862369873,1.2030234556243082,1.2572704082938484,0.9115824276628384
172.05162688133987,0.9672006466759946,1.2010457244816826,1.2566332775611948,0.9164440484184962
172.02838507404422,0.9631432824484987,1.199566219840012,1.2577896374483506,0.9194347129728908
171.97082179101977,0.9629110013806913,1.20055164003739,1.2619442633660123,0.920902871810623
171.96225947391923,0.9555132499457657,1.1921687899196112,1.2545620125547674,0.9193684921548442
171.9518415843027,0.9522317530346037,1.1827568505415915,1.2490763379080445,0.914713968738664
171.97635064555058,0.9547244586527895,1.1796213602752075,1.247967881282221,0.9162589630962934
172.01972475256468,0.9579364521052469,1.1792233090749504,1.2508899847941393,0.9156868638089413
172.0876361190613,0.9577427780398021,1.1755820799239338,1.252087098701634,0.9150993196518571
172.08410316172578,0.9578172115901692,1.1741733373575811,1.2465973089763085,0.9143433877398627
172.1096884824345,0.9564444184209527,1.17313275862576,1.2478066402165966,0.9134060583725638
172.07343309888472,0.9534940964069766,1.1743633744094635,1.2444987256769562,0.9116899221720799
172.00237678475574,0.9540459084035239,1.1787774117840846,1.2413288738045576,0.9099928150882479
171.9496353677781,0.9576222762559321,1.1833950698097977,1.2341595490313415,0.9099906701633724
171.91737722479024,0.9585364870054178,1.1838689180977844,1.231316222920232,0.9070680310745302
171.9855058135291,0.9612047200375212,1.1821870627834974,1.2307467033706814,0.9058691850096009
171.9701650808085,0.9624496031139145,1.1832993124288707,1.2352420022311166,0.9096461852442647
172.01666574475604,0.9619011572525914,1.1830931530173836,1.2380767491130167,0.909577558271873
171.99147635683747,0.9645298191333741,1.1839331611116164,1.241056633571617,0.9107828001432513
172.01031382197039,0.9644484698019009,1.184644599778298,1.242109135423341,0.9127993699294846
171.9564212322902,0.9665772749051753,1.1848995435095075,1.2390350007636437,0.9125227541735632
171.95347780907193,0.9665854864399502,1.1852100485328947,1.239987727579347,0.9146247087489979
171.86952006575572,0.9691346122346008,1.1885259649402469,1.242439869649818,0.914418270994218
171.8889848173957,0.9675162125472826,1.188242525432572,1.241021915283443,0.9144840031364994
113.18129544722312,0.09589619185641093,0.39527117588643007,0.3899443980724442,0.30511176339530865
155.13153590566435,0.3225589168085098,0.0844493168275542,0.6596194133963171,0.4811060744271202
165.33837163818455,0.5627733269994173,0.3678813347351243,0.860990370405985,0.6236206639303611
168.4574728742938,0.7341363500312459,0.6397796243272816,0.9702244585111963,0.7317177379394518
170.24844227472943,0.8235748290704178,0.8015966317604951,1.0144607195999191,0.7849787995808136
171.32280096655583,0.8764827939502957,0.9067222175609446,1.0418601795284,0.8236200457906122
171.8397184796005,0.9156869194083614,0.9800599498375692,1.0738107750714294,0.8389368197270064
172.32697795365618,0.9373092357780789,1.0287194250691503,1.0884668871141057,0.8414169265188669
172.67911110844472,0.9422408542441093,1.0524706801687354,1.0849677259563122,0.8265249493960207
172.71166070621098,0.9454313748257785,1.0640815392235363,1.088596820293662,0.8259918606073661
172.73202819981276,0.9495659229927654,1.0751459561645438,1.0886412890841146,0.8253537785490622
172.81637818437616,0.957317293611325,1.0854398464082813,1.0944532623959495,0.8256976554126466
172.8608397586458,0.9593568558945491,1.0980163974557304,1.0897344015541806,0.8213721346100422
172.97516769657554,0.9596766482703976,1.0999389639226114,1.0836490070130147,0.820131483758318
172.9731194308248,0.9624022448474934,1.1062161469145142,1.0673036931596995,0.8218613299326181
173.0101992568723,0.964706604212617,1.1130239589326394,1.0644325825759215,0.8187198431359641
172.93632765477346,0.9693128358059478,1.1144568457047332,1.070456194737038,0.8259419444832837
172.9527324502375,0.9730542097767034,1.119706848471179,1.073156452029832,0.8268813307539791
172.95408851649015,0.9781035661947429,1.1231057438694383,1.077611400382515,0.8329764719220044
172.97057894062294,0.9790401876552984,1.1243628601825109,1.0695228088616588,0.8343339661982919
173.00257283236527,0.9766770446802837,1.121199599119964,1.0647538996662875,0.8331996954594619
173.07266741441694,0.9732275713188059,1.1159159464702437,1.0597070613948485,0.832718072098364
173.14552709385552,0.9750840333081028,1.1157460393230523,1.0581086624247242,0.8289394300368625
173.2117645036742,0.9774141262977748,1.116858256961495,1.0651023659530752,0.8297492165856337
173.29079930783945,0.9734558772429656,1.1091141824069939,1.0431610685488648,0.8225298845482554
173.30764728822575,0.9757916072604913,1.1059547191477879,1.049943686699706,0.8244358411364843
173.29552883335126,0.9746690260587129,1.1067456764126031,1.052527599197631,0.8228578100594299
173.28191780097382,0.9742552075614379,1.1071530402370977,1.0497056606190067,0.8178797695612091
173.35118980722496,0.959019289970913,1.0878823090553726,1.0395622081960263,0.7984550491318253
173.41365221261293,0.9481516266912052,1.0734129810581,1.0229655931508932,0.7904332024113071
173.35180201625707,0.9401819779877659,1.0621168143943147,1.0139499287012055,0.7910504042127174
173.4687517479637,0.9333494163367878,1.0548932289993422,0.9996502662944329,0.7859753080305173
173.51202466044194,0.9315272018144467,1.0480261326026055,0.9991738270272826,0.7895728540930322
173.44271873976203,0.9350820414192677,1.0498626358439547,1.0041584185961472,0.8059423648043893
173.34207881052717,0.9426375380761601,1.0585824545008058,1.0146855971102509,0.808564005360587
173.28278566203252,0.9421498537852033,1.0618837110112047,1.0177794708368082,0.8100855555836216
173.28842431293236,0.9470869374058224,1.0722538644961803,1.0123353109823765,0.8158895355678002
173.15746811527492,0.9561861224567594,1.083724875573339,1.0306496243049754,0.8287910282010901
173.11524198300103,0.9634394870713907,1.0927419565604362,1.0343323244635223,0.8272725408087568
173.06195394271504,0.9681575667073821,1.0994317999904384,1.0437491392617795,0.8252814065195554
173.05838625656392,0.965212319508106,1.0984905125817077,1.0367344517512205,0.8172823099100358
173.13845285978496,0.96335562777233,1.0958576431377454,1.0304438428930363,0.81565489944199
173.2506607455636,0.9572607305356953,1.0894360692250127,1.025472403625669,0.8170432328550781
173.30272264353752,0.9524975012312508,1.0843304457472556,1.0208804180801265,0.8125781436779782
173.44899146729375,0.9485890595544693,1.0790486001239596,1.0182750178918103,0.8057851990185229
173.52456425904296,0.9446319979773024,1.0755126745759944,1.0187662267923772,0.8021098530189654
173.52545228932155,0.9421553200314112,1.0757380584029785,1.022925117050641,0.8018708185683123
173.52838773506116,0.9417582007255814,1.078293107981365,1.0208597933158836,0.8043730945461609
173.51796352113334,0.9454601751171436,1.0839214517478626,1.0283455389429985,0.8083481725100321
173.47030041981606,0.9458927782015435,1.0896924291560746,1.0387698313541993,0.8175940041627716
173.4764428772109,0.9431993078985443,1.0850089399819325,1.0427514904530526,0.8233563078105132
173.55339880442594,0.9396854653545966,1.078063687804715,1.0339104029688069,0.8232584927745985
173.51838891934113,0.9383782304010405,1.0751930906029032,1.037529533980039,0.8227017679108222
173.56669803915412,0.9378709624014161,1.0820504851838255,1.0362289607778006,0.8252611783650227
173.61899858898613,0.9418280618955236,1.0833691146747872,1.035554215482123,0.8253679453377365
173.63408836349777,0.9438045916745099,1.0894967789361372,1.0389776459570397,0.8259207296395135
173.63459922952856,0.9438816124411388,1.0887943382816303,1.0370303886239527,0.8184240712189347
173.64961816459152,0.9446593154826783,1.0890398790914715,1.0346141541244607,0.8083418523844064
173.7364518120361,0.9453066906809041,1.0860661402899858,1.0298101761903813,0.807160297385731
173.73792083913216,0.946290584481224,1.077942782392088,1.029728422371023,0.8089569495871057
173.71551286501352,0.9477668499128434,1.0739075107919998,1.0293494262820133,0.8089211777392862
173.71812565410085,0.9484687362726699,1.073147212006743,1.0292217807097361,0.8113013708832425
173.72252942528888,0.9501556680641658,1.0749453520357317,1.0251491096037195,0.8130206054769186
173.6875757020226,0.9524198410734553,1.0768733235132069,1.0274552279930504,0.8163646862839415
173.70222991192986,0.9515999570182027,1.0733743736414418,1.0258518536646755,0.8140022945472094
173.6778156024753,0.948367485500096,1.0724318932687524,1.027913755254276,0.8128038162826738
173.64170980325846,0.9504527393952811,1.07100036465445,1.0324279397820493,0.8142030690242362
173.5866752290378,0.9504323791671531,1.0707567152874435,1.0305920312672312,0.8161829661659592
173.5699158809247,0.9492996698761117,1.0696258296643772,1.032489093670356,0.8199650621794866
173.5489390210388,0.9503952556244272,1.071502352473138,1.0289376065481803,0.8198404023296931
173.53253319159333,0.9489613093543824,1.0730942693590402,1.0318182071177129,0.8194763552051024
173.57587269441416,0.9493688870383555,1.0736318788175037,1.0311665661475395,0.822301645955287
173.55812063190803,0.9495982772298593,1.0735506982741407,1.0316246130798086,0.8208533794465208
173.58615260224508,0.9510462901284094,1.07992779709108,1.038296649862099,0.8229865067813454
173.63895175467482,0.9542008981239236,1.0866023953248944,1.0434888881075177,0.8260266566923213
173.64650593540955,0.9574743370812678,1.0923579971406192,1.0424525330866137,0.825824263187225
173.64766890288715,0.9605182123211488,1.0935946645356296,1.0435147654413537,0.8280638286241107
173.64733050631722,0.9618486464840285,1.0920724383138807,1.0461248119273407,0.8293601074997753
173.6273367424491,0.9605414128323735,1.0866933180686982,1.043952891796505,0.8286421803027526
173.6434043724814,0.9602613051386185,1.0857335170319262,1.0396054188836195,0.8276378638631107
173.60182628732014,0.9619270843998852,1.0900337886628386,1.0352463771245435,0.8315149177261516
173.57125386931696,0.9586835449766298,1.0889313433694856,1.0358225668474494,0.8284281085454399
173.5676923322569,0.9593658168366611,1.0916513347847525,1.0323681237770335,0.8259004090657301
173.4881840928388,0.9558641917911779,1.0889080472961536,1.0377833641701915,0.8299570668362748
173.5347047368706,0.9588337406803629,1.0889222466946964,1.0341337723548807,0.829075004632967
173.53817933549342,0.9612988914991318,1.0912890806642566,1.0329742657577479,0.8292720315844012
173.5410902936348,0.9596293083473691,1.0895188152352244,1.0321910882503607,0.8267021485961037
173.54651043075697,0.9619427676711927,1.0891000267978235,1.0306597409616112,0.8246038796001416
173.6108210423419,0.958018941766295,1.0834972873400548,1.036272944967279,0.823491554810661
173.62676357855693,0.9564467123320146,1.0846067469374983,1.0391531668669505,0.8264408704595269
173.625679345405,0.9558286956850257,1.0865344986037404,1.038584144530279,0.8287400136131866
173.6091625927485,0.9612814972175836,1.0936022366665519,1.0456589765786073,0.8340232565165387
173.6232861016296,0.9586153233552902,1.092518954940387,1.0507867354536709,0.8350618474739774
173.5831671116836,0.9556832970912692,1.0870811350786933,1.0521097675987359,0.836867409039671
173.58606740756048,0.9528140471734303,1.0881313422892818,1.0535141084953306,0.8352140441609245
173.53777565060014,0.9519525946091891,1.0911142065789892,1.0564445718783095,0.837976256480451
173.53501872438108,0.9511180065134002,1.0902380515928205,1.0565320629989876,0.8391744927138145
173.5035224369851,0.9479477241076598,1.0884416423351597,1.0548781545233414,0.8384153972274487
173.5060903091246,0.9477691569441751,1.0881839649806173,1.0482052771494368,0.8307506544063866
173.4999853675874,0.9482657539586066,1.089270141129401,1.0420706114320002,0.8255824737109685
173.51040989275012,0.9481871526848118,1.0913747746742217,1.0431808519930204,0.8203811410018479
173.51957744445724,0.9497239870047564,1.0920198441913722,1.0384998427206134,0.8183907288387955
173.55224438422707,0.947585196583564,1.089992107311966,1.0368931642022254,0.8108089564785481
173.5696600996502,0.9473723352471463,1.0901377391675724,1.033509196786879,0.8096511130837458
173.58306732315177,0.9499862682214465,1.0931452630482101,1.030994181957662,0.8082138534428457
173.63305539519342,0.951825786466728,1.0970895060333508,1.0264666757610839,0.8064213876154377
173.65257793978503,0.9538903077662455,1.1011345795885783,1.0280803479104714,0.805224159207478
173.7173300432933,0.9552403131207371,1.104177181214465,1.0287703493935212,0.8041322937189718
173.72355891141294,0.9569952015308315,1.1057473019882285,1.0289998688561732,0.8032267675506638
173.76760924316318,0.9543591424862466,1.1010700787398682,1.0294367007662677,0.8052296113471666
173.77179485453394,0.951615622799444,1.0980339743211522,1.0282756201046104,0.8079660822807655
173.69514662105595,0.9491184665743457,1.0954853121069432,1.0309449749907165,0.8122274659890928
173.62158526344945,0.9461692019997344,1.0916205503968706,1.03149630419244,0.8138516799164796
173.58962688919826,0.9474104368558454,1.096385441249059,1.0325011137265763,0.8126894708672139
173.57014876160412,0.9428802570445765,1.0907931706813583,1.0271543593442543,0.8125548455609605
173.54810459530677,0.9410130505687961,1.0879038439991593,1.0328559714290524,0.808787884336295
173.54528096295397,0.9417835880417007,1.0869723938068572,1.0340430154630325,0.8052678473763868
173.53691566858836,0.9397752093535056,1.0855935936888517,1.031916401583009,0.8059297409699994
173.50988434575302,0.9408246886031912,1.0848824132912758,1.0296133400855252,0.8027196305652955
173.50088277626196,0.9397547425879414,1.0819166441475316,1.0290133392578087,0.7996705956053864
173.4593714034035,0.9405650764181114,1.0800696229280757,1.0318451173982877,0.8009083651299742
173.4497947340331,0.9391570547677002,1.0781787713049122,1.0310788407125364,0.7949215108837053
173.4496930337048,0.9383286855245738,1.0818918808846705,1.0264400539331155,0.7897677642513975
173.34465864712632,0.9389643734041451,1.0818795429223118,1.0296901278432997,0.7896804023034802
173.34621805128825,0.9399037190933522,1.0842391371189075,1.032064033267671,0.7908479266272281
173.31210649605504,0.9385046824823905,1.0828771918327915,1.0369005527631856,0.79187540980756
173.32883475118732,0.937699614079953,1.0813821803121928,1.0399429149313848,0.7922608617066461
173.3582786138021,0.940023503471446,1.0826214786048587,1.0396719018091407,0.7933780130799004
173.36961003714214,0.9457629744524305,1.0857593292968977,1.0412086479985254,0.7994735261447635
173.35356711462964,0.9464653189828319,1.0864925661558134,1.0413643572379165,0.8065158811804122
173.30566948436345,0.9478517601991375,1.0929219317930179,1.0373781635301516,0.8180774599172367
173.33230432265793,0.9490970538068623,1.0989299247344226,1.038456595520607,0.8256758129009726
173.36616449919745,0.9495309796921069,1.1021767902840938,1.0301674481810832,0.8345099509890459
173.36937233557083,0.9473299544090023,1.100687885268756,1.0250859014333107,0.8349669836868775
173.39627185550194,0.9444796514005405,1.098499122202126,1.0239247323040872,0.8346924929182794
173.38059184032116,0.943392508210419,1.0927047918622297,1.0205628911143663,0.8313475363482385
173.35970749911505,0.9431530091789418,1.0883286591156445,1.0239257366077308,0.8241767429250692
173.3289829003857,0.9449878861972499,1.0873894086858278,1.030378921218939,0.8205188190438549
173.29672636474777,0.9462932939816657,1.0890712353543388,1.0345242496183251,0.8176525914238733
173.32749546649504,0.9438789865028182,1.087147702639788,1.0355392432444044,0.8125512173508882
173.3934538210314,0.9460719489125458,1.0890003108284232,1.0438464482810716,0.8150998603200107
173.3946857064679,0.9493079150437654,1.0898893163960974,1.0470740913464838,0.8133809156033461
173.34848529414916,0.9498284822213953,1.0927784169335688,1.0417965553857051,0.8141490741796888
113.0326440617314,0.13289872254580465,0.23535117989861795,0.33514184794531876,0.27991554485696163
148.7268923461822,0.3705345156970692,0.5044254788464266,0.5454669659827329,0.3047628219402741
165.52312213143506,0.5805656977014894,0.730410120515638,0.6956285561058099,0.43752369108485395
172.33582539665727,0.73109268092625,0.8950377270147122,0.8013552841110604,0.5494409207564114
174.68441297939597,0.8372342976134671,1.018579588604553,0.8848696974818329,0.6376364169414017
174.80683072065318,0.9061270322301471,1.0944859691086302,0.9861558228748423,0.7442600379286516
174.65762409420176,0.9551808758298409,1.141168756265721,1.0857201017234772,0.8246763691835888
174.53066024978523,0.9845331327240169,1.1696495894691796,1.1585220921583916,0.8848994455715408
174.25963942767208,0.9856229060578753,1.1671167391076451,1.1711644887354926,0.8946404403164973
174.14445894879157,0.9907826052271922,1.1726744037501535,1.1910800302659155,0.9039407972190866
173.8805777589485,0.9947141537616041,1.1725898167958064,1.2103671091380106,0.912761580817074
173.6383156273305,0.9943670841885086,1.1708818564686518,1.21906553545291,0.9235377796187845
173.33444335534068,0.9995880105507667,1.1733837952793749,1.2133542336965883,0.9298655776905832
173.02953437441866,1.0008595392345605,1.176118960421162,1.219604880247317,0.934941685223584
173.0601110835111,1.0021234611043357,1.1821226995951493,1.2268554999058854,0.9239435623962757
172.88485143521964,0.9949721148911533,1.180006458640795,1.205204890823894,0.9031642620830385
172.6781336839242,0.9984548805649234,1.1815894217532388,1.2074889651892746,0.899208782616956
172.47373493906454,0.9987839944884702,1.1801689981017398,1.1956978389119242,0.8899151150046971
172.4370453885099,1.0015475995212866,1.1825037463572812,1.195559280467982,0.8890048161238945
172.47427181415046,1.0042265100719623,1.18017281554863,1.1914229652777055,0.8873613628614803
172.5300360832126,1.0047558248568664,1.1736924782826164,1.1895761915117273,0.886634334427833
172.37541297299313,1.0078451015310679,1.1659550746575311,1.1809784019670788,0.8886900067564368
172.2790750481626,1.0155498062354797,1.1744680499533404,1.1726808408481775,0.8968766666117547
172.33613195312606,1.0270938230070823,1.178878722416982,1.1784974161494512,0.9008885653553321
172.2346124632335,1.0317257124890704,1.178892027910894,1.1851371382548586,0.9065705840278093
172.25324122678157,1.0322995521415779,1.1747164069682234,1.1772292071056127,0.9070159781184628
172.31000725949738,1.0270431784219256,1.167416926849004,1.1639246783189225,0.9023184913400865
172.3705861626224,1.024126500039601,1.1647867574368755,1.1736288175044665,0.9028724900047144
172.33291458929523,1.017918953264404,1.1556591533568705,1.179515207502753,0.9009039626630023
172.18506843654572,1.0102491421687485,1.1465530793117282,1.1729394903032213,0.8923026812943433
172.06950890229493,1.0089734758041218,1.1429501445521346,1.1845339362415768,0.8961928765189898
172.07071197025198,1.0113250767614466,1.1449681843097064,1.1914180381488861,0.897766498341677
171.95731271920258,1.0147059529175104,1.1469723996853527,1.2000688142222127,0.902922297460414
171.88092188807232,1.0104395891389943,1.14300586758446,1.2020937174172313,0.9004336081061922
171.8248812807355,1.0097229435477273,1.1413120895615563,1.2077829098321677,0.9020539957156999
171.9639786936836,1.0085393585559024,1.1412332824639255,1.2091340723915933,0.899200657937944
172.00816507157512,1.0120830893486321,1.1514039340385798,1.2108148467079811,0.9051247652486266
172.14092776190154,1.0165695764360296,1.1586186147651276,1.2030212368769844,0.9001864277572386
172.14121012324242,1.0210751246894874,1.1678098580061886,1.2033031113391048,0.9028358958841332
172.2542081775207,1.0262249346674586,1.1724780555557859,1.2133155734282837,0.904840096626837
172.40247296349764,1.0303152096234494,1.1772248956383027,1.2194760210852256,0.9066862021624856
172.50798987203868,1.0296597280012665,1.1752085456404433,1.2214346442274182,0.9040409964113817
172.6323366801089,1.0293855616495238,1.173474015620942,1.2180335492626897,0.8985166693377641
172.65111380012337,1.0311364382278263,1.172074726729134,1.214308011432949,0.8907020591859905
172.5443880315855,1.0353277632668343,1.1729142046824128,1.2170850998395881,0.8981124330208449
172.48575731102292,1.033467070554858,1.1715878976263823,1.2131434045080736,0.8981178519950073
172.46294658023768,1.0297475084110963,1.1792320840789512,1.2150262513975068,0.9002988620685242
172.455970023773,1.0334853911416853,1.1895745893426946,1.2286581119737217,0.9105972849898164
172.25241283062005,1.039869251998344,1.194128427729585,1.230555687889494,0.9121456288763273
172.05486358580958,1.047000792865215,1.1946674286859127,1.2232585346657543,0.9080554258856147
171.91583115968587,1.0553735560465662,1.2003103383046778,1.2171881143924768,0.9082452326080188
171.85506216181406,1.0587622101580423,1.205445771060524,1.2200476505808455,0.9135543058594562
171.87568834737283,1.056252684413299,1.210432310296249,1.2275577611617972,0.9199549757854523
171.93214922149676,1.0541165361063964,1.2168267062873275,1.2346213089962894,0.9297959101034644
171.99990952508014,1.0561066764495013,1.2217749734483343,1.2398180789851796,0.9381976486472252
171.96480857654885,1.0600294278686517,1.2218838549601936,1.2474486447415112,0.9476770401183829
171.92765073534918,1.062828133830873,1.2194627448237179,1.250497134418676,0.951438843018573
171.9539438152368,1.0629371981849138,1.2162091434083033,1.2508958683383822,0.9538831774406786
171.95356700669382,1.0661575586961274,1.2190451173993586,1.2487212139137687,0.9546979281899729
171.89447708423387,1.0660797059475198,1.2214575493155968,1.2486096432822331,0.954758646458286
171.82830331156055,1.06660976302973,1.2234100111665578,1.2443905461911158,0.9534977008503991
171.6243151034128,1.0652217866550506,1.21888441598056,1.240777074415958,0.9459192698528947
171.52331447877705,1.0602329669184078,1.2118070446151712,1.2326437014673435,0.9347669965619407
171.45074328134044,1.059559110839267,1.2139358500106543,1.2263485520135933,0.9318900072293145
171.41324641353017,1.0572257188462895,1.212201797904371,1.2226378165882874,0.9235988635420834
171.33402152861734,1.0594035489894966,1.2164728305814119,1.2225274646770758,0.9191953491365713
171.22749183265464,1.0600391707184473,1.2168718216428063,1.2289233930961616,0.9212648910389558
171.20974693745399,1.0569541727665475,1.2125050266207587,1.2249711170383961,0.9143711138751456
171.15366309003159,1.0566094615613522,1.2130648127025077,1.2280135025434138,0.9137398966394796
171.17621051614063,1.0597728113553984,1.2133774241575557,1.2275365258076878,0.9156209477634111
171.19344485537707,1.0640631425842562,1.2161552529520243,1.2290415302391564,0.9180224927656535
171.27506876863671,1.066460411664803,1.217230095914879,1.2319726688942911,0.9201562997742954
171.24475447789243,1.0658026962402989,1.2160164137538083,1.2306432492392687,0.9179143490459525
171.364733394555,1.0624882251051442,1.2155793213277086,1.2329472434904996,0.9220802286150116
171.35794268295683,1.0556743030193712,1.2118590041491277,1.2354762531095054,0.9158661371343784
171.38255957847693,1.0564416310282982,1.2119191441962192,1.2419969317995068,0.918516479946638
171.33475931341175,1.0563139209719838,1.2101835337047087,1.2383902502042565,0.9195739065688617
171.37855039744375,1.0579812047033228,1.2081600763123033,1.242629455625572,0.923990463023575
171.36162075698996,1.0591008884502005,1.2080881862125616,1.2441989541735567,0.928006928591713
171.4930716998357,1.0539135214317723,1.2068076474813625,1.2440286220561683,0.9306154108555308
171.57206851765628,1.0563463371009356,1.2070541067121079,1.2435060060005552,0.9345382130313633
171.69303141979174,1.0524154085262343,1.203102456119607,1.2360899739073257,0.9303426297944853
171.74697106847032,1.050538096416099,1.2033027069893103,1.2366459194262616,0.9337901460525008
171.7655612331401,1.04770547293816,1.2064201823897138,1.2284265093618918,0.9289398757585794
171.76577412426272,1.0440014425070456,1.2039133907716448,1.2228430510771182,0.9246295189339395
171.80104376664175,1.0443030070765527,1.203092548797181,1.2210231865178964,0.9246355142362352
171.93473185804325,1.049563603760894,1.2086576954512558,1.2187222439330847,0.927555078865615
171.95562784831554,1.0476277578509534,1.2069725609807707,1.2131841262638372,0.9276639382127484
171.95089180580555,1.0503392519576462,1.2079994792163222,1.2114385354869486,0.931440430876421
171.87239184577734,1.0486636566877086,1.2062644084891105,1.212301887804022,0.9301072982240637
171.87885286167895,1.049265758156431,1.2016559604562491,1.2190338141589174,0.9314715901236492
171.88205131082321,1.0507116092195063,1.202531988902883,1.2167926323278788,0.9278818455461864
171.8311001921566,1.0504877845456282,1.2029431033529479,1.2188627579190423,0.9272364865517295
171.8757023982403,1.0524283294733001,1.2065521060251145,1.220730106986396,0.9315131123890255
171.94519215406586,1.0619699094917434,1.2134337434732088,1.2320954001096616,0.9435955522302585
171.96030083289247,1.065313323801278,1.2183970270066158,1.2375093170608387,0.9536568440518295
171.93572590731614,1.0689711888325415,1.223957352302906,1.242598827398812,0.9621170842468691
171.97179441049542,1.0722471010179173,1.2262269651464952,1.2470141129580212,0.9716864312348017
171.99394930844994,1.0752929794389818,1.2333948320872752,1.2469959681868155,0.9804660782529206
171.9227037116172,1.0728767058573287,1.2266063672973542,1.2451893191283185,0.9758985535106408
171.9297584681972,1.068351230899058,1.222382719228297,1.2372551969143049,0.9651575525935169
171.90570573995444,1.065843073503275,1.2188490397405747,1.2360951652178935,0.9613499038135918
171.9221955373423,1.0604767656141922,1.212338371160586,1.2338550880194827,0.95870325548199
171.93858425331274,1.0615571508373651,1.2139910578929964,1.2314353129915268,0.9542403800141768
171.99432085517964,1.0652242009891069,1.2173426021426694,1.2370663756066054,0.9592617069513635
172.1057012598323,1.068309795429533,1.2217014515337574,1.2397538677868096,0.9637273279545645
172.17380305060584,1.0711452149920337,1.2230845672770925,1.24431234564456,0.9698890799925155
172.18638904067487,1.07503704568361,1.2258896707409093,1.2496173165345046,0.9751340681598816
172.23431642511122,1.0740694216747626,1.2242184001029597,1.2454576470827587,0.9734546792724752
172.2129587522054,1.0693275737915833,1.2186651319603594,1.235248935674043,0.9639297460594689
172.25511592812018,1.064831937632538,1.211739404194859,1.230870176275224,0.9582601523059778
172.25443783981908,1.062157223361907,1.2078950844019418,1.2280108428663365,0.955518130911005
172.3329846146236,1.065273573224339,1.211788006893818,1.2257581922078205,0.9565146823026475
172.3602940687229,1.0593547535167966,1.2093060110368192,1.220824672594977,0.9507147334929315
172.38877313532768,1.0592908414569315,1.2117289417910162,1.2250110961648049,0.9519841487162635
172.42497232320085,1.0608384998466402,1.2137075821747358,1.2237969749471014,0.9533827300025296
172.40926486263442,1.0589715304427643,1.2137378545000572,1.2175627631540664,0.9471726121095767
172.28876824363147,1.0530162119942157,1.2080731380834384,1.2120369581596218,0.9399710820834063
172.20209006612745,1.0473655969609241,1.2011019199037274,1.209875991248311,0.9313523574411603
172.15536424838507,1.0446920847282317,1.1975368289203272,1.2086692552390719,0.9277544615120511
172.1583469738875,1.0438376761557149,1.1947621513333755,1.2049308020502891,0.924444902006937
172.20078216970367,1.0439045777231404,1.1940258952669331,1.203013173555703,0.9249707963455995
172.22490152202747,1.0427496876357774,1.1947165829895052,1.2065407285104202,0.9282310881075132
172.19792298745196,1.0419047749263892,1.1937238557230838,1.2095166408029558,0.9285753723506256
172.1603391655522,1.0410611721235044,1.193729685283851,1.2039388044324593,0.9236238533389167
172.17393455755146,1.0401492986153695,1.1913395491564307,1.2010651535685029,0.925000531734637
172.136879142915,1.0393842404212656,1.191730013160239,1.199261228480036,0.923329070774864
172.11610475593676,1.0387187585673152,1.1893106666896,1.1979974412055012,0.9248330863134745
172.07121906900264,1.0403933801911605,1.1894287412258215,1.2010869148411636,0.9262825173713917
172.11412850091295,1.039913327080378,1.190792955528023,1.203676626820043,0.9296791866789605
172.16069488552185,1.0388467557177457,1.1897627838588916,1.2101146514337844,0.9337059965548488
172.13383216339668,1.0349472717244521,1.1867463583628768,1.206241074956127,0.9292088838762882
172.02701156079897,1.0328829298183988,1.1828191119296636,1.2057744598443323,0.9249563788652382
172.09735300679517,1.032858116075496,1.1837779950629521,1.2044279692692919,0.9252471625830027
172.01333742348274,1.0346966969548481,1.186134152847299,1.2079695772375645,0.9247297127949599
172.01634756213775,1.03314933871475,1.1861654664556198,1.2080792830668836,0.9233851115569437
172.01538943487185,1.0325167869960679,1.185630938518396,1.2064260593247549,0.9227297852224455
171.93924472979333,1.030775865545471,1.1839230124846076,1.2118112338051161,0.9243546020534212
105.86365025265798,0.18872836111829885,0.2016692771998821,0.28593549226696413,0.2813291417738655
129.42060387632543,0.2135419787085871,0.21087992481163811,0.42383783181377643,0.5139914315930173
149.93660570604766,0.447813970770724,0.45284311064990224,0.8483657069463595,0.8210297175564197
160.21455149314852,0.694547802447558,0.7450312097827511,1.2054373764280768,1.0395422425047647
164.96503404998722,0.9077220700071457,1.0199682082326833,1.4852200319295292,1.2297604801927358
168.21388356477073,1.0266598824751525,1.1732705243002293,1.616990779720264,1.2777579039828981
170.57265356769287,1.116231696207723,1.2775776746058995,1.6765035769802872,1.2858424082581175
172.9710964379525,1.15008927134934,1.3270961430658428,1.6813643753868601,1.2458961803848219
174.04164635853888,1.1859538198053197,1.375296037318481,1.691000734813507,1.2072602253164717
174.93191107154942,1.218046950796785,1.4236659678215662,1.7033359248311757,1.1958217237786837
175.38862481127302,1.2511386985644886,1.4727730079912595,1.7056933106395897,1.1921992012549596
175.79885015820437,1.2425748285859497,1.470270957192974,1.6712021688540923,1.1235450183755789
176.18812432826337,1.2535361520800798,1.4825173861103456,1.6482715176529215,1.1344831736698895
176.24765114047653,1.256293783359124,1.5024905484519337,1.6243363124393833,1.107196179473233
176.33862096355836,1.2548885446188711,1.5057503181235146,1.603139415702573,1.1007400856938525
176.00410914173708,1.2477766362887321,1.505777535808421,1.5846106170228742,1.0741661849370405
175.9236772032102,1.2419112026220382,1.4991382309909842,1.5869774975657185,1.0571581275774213
175.7508847147229,1.2416123188356918,1.5011134731380606,1.5786812010276419,1.0512490965528656
175.54702210978812,1.2287204781580205,1.4918978397076819,1.570605660244563,1.023746967226703
175.49773389588563,1.2336999280792353,1.4975067534475375,1.5750998826597213,1.030273229290808
175.44282726471738,1.2405305263309898,1.50354660248115,1.5683884511400068,1.0179472472929834
175.43789470342907,1.2286138838108502,1.4900464401388025,1.5442017985302132,1.0053692488024417
175.4501414356817,1.2294159548131167,1.49999789855083,1.537763651647206,1.002831743444891
175.43499320913216,1.2222002359002275,1.5017446585352061,1.5399954086868108,0.9822470427277157
175.3157163284326,1.2022013435185492,1.4756658462360972,1.518001755504448,0.9795093199046916
175.19270789125926,1.1905523875264705,1.4592630285441204,1.5058590499075641,0.9869767248428558
175.0180207031571,1.1953161202735587,1.4573648547430043,1.5159988243774503,1.0032527497928643
174.8584839083308,1.1902351236269237,1.4495711287135997,1.5208497620586379,1.023995226938814
174.82962836860807,1.1840342788294347,1.454762934654867,1.5040607669944865,1.005493258673964
174.70866192537082,1.1795956139510138,1.461191537045096,1.4999896053042472,1.020943313973664
174.4757816442392,1.1758892630518174,1.4694752948699787,1.5058937830144978,1.0307939723393518
174.22288698233734,1.1630662706808328,1.4630184431044646,1.500732895486639,1.055309016200798
174.140118751872,1.1504318302858487,1.444033902746442,1.4823123286115734,1.0468778354119195
174.07110295926674,1.152710001942318,1.4514477060261024,1.4904897541762374,1.0604220649387526
173.92854434141736,1.1493035708091996,1.450427005690802,1.4938690545809343,1.0598764061531025
173.80398608051297,1.146122340123271,1.4532184151085403,1.4996359892149738,1.063838668280632
173.95262214561538,1.1358327079723116,1.4411707163216658,1.4678196899711098,1.0639611588988993
173.95852649833637,1.1440294417792942,1.4653800257448435,1.4835701865887778,1.077793885236445
173.87788449454533,1.132087038678023,1.4625749641967674,1.4773927868187653,1.0673864592403137
173.69028370161593,1.0979355361158871,1.432317904221123,1.4322409980500057,1.038383535781419
173.6856109716069,1.0912177737975763,1.444305716379832,1.4272450167684223,1.0322553505589944
173.8073883627241,1.0753541613504218,1.4325853004227043,1.427836488335812,1.0381708831672287
173.89049882967953,1.072148843738634,1.4377858486828305,1.4477079099715815,1.0409405271679597
173.9590660920314,1.078355967292984,1.4568521252971554,1.4590692765238173,1.0492843343949048
173.63131357438675,1.052300285107936,1.4216642162420965,1.438556398091439,1.0335643276242055
173.8620322429547,1.0702103635732418,1.4466472595948765,1.457591167711081,1.0220623701317073
173.9836643163966,1.0746685366950914,1.4553776201308315,1.471579360227571,1.0206624778604139
174.12902210628303,1.0708925320935283,1.449568327015086,1.472834910507493,1.020744437728215
174.25698125498835,1.0699421389013433,1.4378792285998494,1.4887923637886729,1.0054515857634885
174.4608563681136,1.083767773949453,1.4515904237455475,1.5180205982964192,1.0087242210003822
174.41978388040286,1.085615945549028,1.453207235736705,1.5243466766592175,1.0225650298550097
174.4597363173645,1.0787585689200443,1.4525443294992133,1.5253155615842888,1.0199571815940571
174.44298965664194,1.0758449937108148,1.4514268120900917,1.5236838285782228,0.9932323213419769
174.64369741855268,1.093577611715645,1.4847095599287412,1.55243034377341,1.017087608463924
174.57461691580838,1.0979269585989075,1.4927014611293727,1.560908387138133,1.0044575317538205
174.49867562737367,1.1131169902926643,1.5168317002679386,1.592971640722014,1.0166002404532446
174.34068139010213,1.1050657782421378,1.5043034231635224,1.5798861844616672,1.0173228716071356
174.2818926905904,1.124572371983308,1.5300774353908255,1.6057253893630972,1.0355558988091451
174.2671046679276,1.134825866544852,1.5417711934725244,1.5892898252550853,1.0475527239398035
174.14229392581677,1.141973254138624,1.5447783812431828,1.5941346740146303,1.060381016303547
174.0014518926959,1.1443000872696052,1.5313219547967754,1.593314482322756,1.0765140169910132
173.4650026302628,1.1018072394803722,1.464043162642866,1.5552312964524326,1.0603050165006103
173.0363971823602,1.0734706701580212,1.4209270140198287,1.5541473694423615,1.0544849687694908
172.85353275503417,1.0531385524785795,1.3860848765815426,1.537973748792746,1.0434536707363982
172.80172928615386,1.0378646371074534,1.359897462044107,1.5096663456546224,1.025047430484414
172.8220061796448,1.0420077313189806,1.3549353095776617,1.5477230194559815,1.0501375117455214
173.0575890474746,1.057982240997181,1.365594783836482,1.5719940781429944,1.0779201341073266
173.1354228619292,1.0790874562338773,1.3830350912446214,1.5964553055107524,1.094213006847935
173.10600915373402,1.080070272146442,1.3772147118583853,1.6113919108320165,1.0938552963708807
173.1751049291283,1.0951996367573704,1.390388816444165,1.6294732593893817,1.0848258703606553
173.22682740022861,1.1061255513746613,1.3964992010850104,1.6253935880155537,1.075291760681979
173.24705803423169,1.117563510580729,1.4090295856109212,1.6222093011695966,1.0727646044753552
173.2979272912037,1.1137094663161218,1.4053957252409146,1.6010583945151282,1.057976779687664
173.44329955187246,1.1095694844997086,1.3940353796507805,1.5858253154961228,1.0384140299493434
173.6863278852704,1.1134022968371557,1.3911931838238842,1.5476285837494757,1.017823229591435
174.04544335454096,1.1198499247253781,1.390474386202546,1.5157680768657393,0.9995199304394474
174.26854118025116,1.130752309590212,1.39033670900877,1.4951816100188065,0.9906909526145544
174.54001648049717,1.1332133075365753,1.3843831046600572,1.4746916110131423,0.9767262839494455
174.68776594426964,1.1339680662379557,1.3829716653543498,1.4518441217714844,0.9760610992159634
174.7170543317253,1.1301623593041934,1.3771199866599697,1.4378877135828811,0.9779241778754022
174.75331508229104,1.1243820815842263,1.3699247888913777,1.430463227730136,0.9796375574725763
174.77042677954947,1.1278760201057705,1.3704357251782984,1.431845831630288,0.9836646019365205
174.82276028020118,1.1309635064533523,1.3692299289680978,1.428298963221026,0.9847256551258581
174.86780532430726,1.1355190496189596,1.3741790965777674,1.4216255858765678,0.9845298712633364
174.84958360560356,1.137638342787918,1.3794281772969246,1.4030457034439123,0.97395188940219
174.92243621277862,1.1417374127349422,1.3821275140353477,1.3902222123996326,0.9765705195151577
175.0952159260641,1.1329762163914305,1.371646772921107,1.383275618552044,0.9723317823265412
175.09095920991115,1.1334409800908434,1.3702123447886634,1.3820572978966859,0.9672347808111771
175.12116805615292,1.1209294467213584,1.3597045843053577,1.357293158091381,0.9471373428171692
175.050857808037,1.1160276321394738,1.3536854975948878,1.3581117618023995,0.9365617194595605
175.02435851296124,1.1120968903344712,1.3456680796892717,1.3558135074108937,0.92405114401612
175.03505287229856,1.1139813515475743,1.3446601215432814,1.3618324365678944,0.9374037557811238
174.99434529878116,1.1061472185041326,1.331866899285527,1.3509166030766548,0.92558399085256
175.0505804909966,1.1033160638096007,1.3279487237910166,1.349719254872818,0.9203827272062155
174.92229499670157,1.0999014889615517,1.3214643084092326,1.350529093822848,0.9118983756514079
174.9154212350732,1.0961177882880144,1.3227346546603704,1.354208956887637,0.9144557442351443
174.8358942208177,1.0944881916524591,1.3182975974992095,1.3515007689057,0.9133834389099996
174.6795283211623,1.09427093840784,1.318579474928068,1.3432870064192473,0.9145710276807076
174.63403107260734,1.095925759905283,1.3174460286640068,1.3397514167547997,0.9059960418587966
174.53341250909543,1.0905110282790795,1.3149721580031957,1.332049208653333,0.8981220554959197
174.4991476156727,1.0840296297604137,1.3148892472381255,1.3274499929099508,0.8913797731346585
174.46182004233407,1.0801081737842453,1.3123823931342613,1.3134615630230164,0.8842523374436149
174.4108114337653,1.0796981393113851,1.314133270366992,1.2990253030718333,0.8838396838021416
174.4466914311284,1.0767605260171749,1.3105749789605627,1.2898590594886605,0.8859124890381491
174.52599606932935,1.0741792209594772,1.3098909807055623,1.283592054000608,0.8897299572784272
174.52958975008028,1.0684529189842247,1.3046280117287752,1.2797573137396114,0.8951867431423962
174.59184416722573,1.0609729821191236,1.3010563580277923,1.2650847736471507,0.8969560726400562
174.53225818501562,1.0591588869810296,1.295693361958682,1.2511983815399763,0.8942156756301212
174.4776807788844,1.05424374844585,1.2859843211049264,1.231182320547325,0.8820977666355182
174.2634717522196,1.0588733190562032,1.2859544184344642,1.224979536731172,0.88229865724055
174.13093366561873,1.0643797118590823,1.2857629237853383,1.2170195050473693,0.8821938433288953
174.05114771570453,1.0640395511062042,1.2826660627267812,1.2155947918884922,0.8829147671625763
173.96855729204245,1.0650155389346712,1.281010715942643,1.2169502782670183,0.8886106891667391
173.84731710324024,1.0653525650261841,1.2819169515799296,1.2084571612227277,0.8908784880830897
173.7217175607522,1.0597381236154053,1.2759876308174056,1.2004703672828854,0.8798693474769179
173.68572289840387,1.0562878412112944,1.2727367405550127,1.1934657313433654,0.8715895074184682
173.73943665522646,1.052013780453859,1.2675853636665781,1.1937639895505068,0.8645258129970151
173.8142773876512,1.0497127591943278,1.265489815269873,1.1929040392578172,0.8607718334624471
173.87270690410458,1.0489386931107305,1.2648487396876744,1.1984777961183983,0.8598137003657517
173.9553760791856,1.0457901999679993,1.261742687805575,1.2002598808952938,0.8595955939502322
173.9382624865064,1.0409805327271757,1.2600132954265852,1.194448832536592,0.859526306837066
173.98599500792176,1.0400915236756871,1.2601265977904874,1.1911770358589326,0.8634224561746511
174.06043852975273,1.0411700407481046,1.263196728778135,1.1771002443976661,0.8647800288094765
174.06966627281494,1.0402956751203185,1.2644233083105485,1.1684165992715927,0.8639288575880758
174.04402732118473,1.0364715447910091,1.2612367494721013,1.1689955588167378,0.8625382596240894
173.9266106120355,1.0291772623251294,1.251476712707939,1.1718032281439086,0.8608290348556913
173.79875493348214,1.0262506258891448,1.2508365232263294,1.1724592828133107,0.8644327464882987
173.7007754791759,1.0347057009990874,1.2557978616800416,1.1784865123720227,0.8662266485591683
173.61302281632226,1.0412814433957842,1.257632432895766,1.1829600384435033,0.8700912690615016
173.49024521895427,1.0383774991723222,1.2514613090173698,1.1758088868933283,0.8643581221288833
173.50444010501806,1.038953143817222,1.2506279441760189,1.1582579434177331,0.8609801831974149
173.51090494385465,1.0434023491833655,1.255394666923745,1.162558286106265,0.8583975826355464
173.5057491503513,1.0423176722728402,1.2561286297116254,1.1595460899756396,0.8590671046226755
173.53287428096473,1.0432919337269038,1.2611664521578871,1.1495907462487582,0.8641433330080116
173.50503408283737,1.0441111228923798,1.2647378734360566,1.1453525777423892,0.8676992959638774
171.9135743098742,1.12521619509701,1.1343964483530806,0.7256770420114645,0.6497611803528195
172.21337129451945,1.156665863855784,1.184303298500444,0.2899778176229212,0.2796935473643244
173.3905276945182,1.1501904150045097,1.245816262441113,0.2671626911491152,0.18958689644169432
173.83929375470078,1.1333598932600428,1.2561747573301791,0.39273205593048177,0.22815411567579238
173.10376731686975,1.1446691956532344,1.2762318545567153,0.5480717151116438,0.3336218918218029
173.19401983569256,1.1589270026619645,1.2943451177670355,0.7354590472310739,0.4902129979548503
172.98970842342086,1.1453664628765061,1.2763494122146724,0.8567578210299001,0.6092016866362477
173.37286118528,1.1373210917558978,1.2716070133292217,0.9284017741415657,0.7375880835401094
174.3153502005966,1.0916394460955168,1.2357365819745934,0.5024724008318331,0.8211449839711386
174.76616150163616,1.0605676158961928,1.2155574500470914,0.4283576422884148,0.8748668740114801
175.23293182146497,1.0549535904224228,1.2162354933930306,0.43038776479765384,0.9242856111404102
175.04750206200242,1.0570674863420058,1.21594042560654,0.5617906844555398,0.9507113189299383
174.76193507460115,1.0568960327622583,1.2075712476523708,0.7234185349229683,0.9697644228187071
174.2562806600948,1.0434498297639418,1.1990344515471276,0.8486193546315131,0.9705091012997857
173.93015927006294,1.0246958293796402,1.1852607126387409,0.9129596292932185,0.9533878778538568
173.71570922619077,1.0164591456813223,1.1819808077766243,0.9576499932223257,0.9445083721045232
173.86734069047986,1.0214158984135504,1.1845067756333962,0.9956895281577406,0.9492960559948023
173.7307005724782,1.0230781582499617,1.1896700821319783,1.0351495799816075,0.9541691727280783
173.655040826407,1.0189347502407027,1.1873501654655931,1.0697162905860758,0.9537045769439005
173.63109895714481,1.0078335437607804,1.1804037132501635,1.0812229186826972,0.9393046942411903
173.54943744126257,1.0045002762948898,1.1703032300853295,1.0843437005287195,0.9307487170057631
173.64828359234858,0.9960175759835673,1.1544591258963273,1.0552115397017132,0.9347166903764645
173.92932393323937,1.000299997877876,1.1538984596486066,1.035365807487565,0.939313755241835
174.24368229567347,0.9985613753770417,1.1587472235380962,0.7253247718742477,0.9307338957225306
174.1637607082683,0.9977215167601613,1.1541970579749965,0.7599403150345806,0.9325237321438861
174.78567317495376,0.9949836014928355,1.1604460472345817,0.4135141148464521,0.9350661823159402
175.27467041743378,0.9910544810852562,1.1552245949906095,0.34165539061626365,0.942286802385281
175.4483345119402,0.9864443660947516,1.1345775722281952,0.3782503934266126,0.9471325491740757
174.92735833972736,0.9956066284204518,1.1556755974828476,0.35874123316667,0.9690173367523934
174.27449081534039,1.0020614546643518,1.1692562354331986,0.37858452559208494,0.997214627608832
174.41669801749478,0.9882994242664258,1.1351926717778522,0.38418585243486897,0.9932861293790864
174.2031236232443,0.9918899630152307,1.147945324611594,0.35411752415049463,1.016251407568071
173.38648050291988,0.9923819930089276,1.1586875434869643,0.47551321882289804,1.0280646482929294
172.82276362955284,0.9997684558993277,1.1663158391062034,0.634194434979216,1.0469202923495582
172.7069121119183,1.0053895836853992,1.1717566556613552,0.702676423195033,1.0462080745854412
172.75936699503535,1.0111286574826643,1.176978865308223,0.6846534174898676,1.0540478864916007
172.52125264521416,1.0120872610937592,1.1701344442557093,0.7611223830311932,1.0603397383570663
172.51356139109538,1.0080717518988775,1.1663538252487904,0.7375192925795451,1.0617467034567116
172.20375209421488,1.0104104949677373,1.1685395132871643,0.8678010861051153,1.0540124319767161
171.91638981309944,1.0178886151538074,1.1741241799045818,0.9726199863344696,1.0408311062256763
171.7387441802171,1.0257941115356397,1.1883469503764983,1.0614044974716408,1.0221965942859115
171.5439361684292,1.0289789722665712,1.1932798902433062,1.1197910193868972,1.010173977697391
171.52850400422807,1.0322734925283883,1.1981693512751432,1.1709431246563387,0.998521793891344
171.42792229940702,1.0351660973539871,1.199400787894983,1.1889010199856056,0.9937778386627989
171.27290309098134,1.034431344015035,1.20420124750206,1.1819879586042492,0.9731298441864522
171.37008239520782,1.0264807932940736,1.1999423236821218,1.1630758115780502,0.9525701557924315
171.40891205649652,1.0162321135422485,1.1905776672047597,1.1424971494111078,0.9367033386431297
171.31682927268764,1.0113362394271852,1.188835330129951,1.1405435835314057,0.9305947951673587
171.31726930599908,1.009016663881288,1.1842547356590027,1.1360356398357667,0.9263749018848859
171.38120950171685,1.0191295986068674,1.1881295872163342,1.1496146046800302,0.937859659138777
171.47751119904754,1.0291503470949726,1.1963534409713947,1.1732263695959322,0.9437579471038843
171.43944409511897,1.0344058080624796,1.2029679438690064,1.1916440027680575,0.9474012944985077
171.32558316222153,1.0360742857040148,1.2049542293169735,1.2026221453558776,0.9410418297354144
171.23493353282564,1.0329458599900538,1.2048219551423731,1.1993438865163668,0.9384017978284156
171.1174383550856,1.034735302485981,1.2126638924711997,1.1974394350005235,0.9355173798490108
170.84081276371552,1.0349501537719208,1.22432818198644,1.1981015079945105,0.9324070465122013
170.69080086653688,1.033533515446473,1.2278839521808038,1.1975855793623624,0.9383710763634053
170.6981901168121,1.0339427208903784,1.2327866941402834,1.1989102777348404,0.9409028842051615
170.65416122987153,1.0343658827017805,1.2406885930458726,1.2022830978426218,0.9419563605179685
170.66288104401335,1.0308166633916394,1.237656738709578,1.1979344437399715,0.9376132267146072
170.65700450395047,1.031323634056019,1.2372211358069014,1.1940739839565941,0.9336691803159125
170.66905227774,1.0371189635764495,1.2420087633066736,1.197884888185194,0.9321594760511964
170.7361885423398,1.0432370414510093,1.2491257097978317,1.2040225437333,0.9364937168799949
170.69774699619546,1.0466532872934504,1.25283324410956,1.207618577967955,0.9447980953524547
170.41506306394,1.0422210317664453,1.2550207179410213,1.210393826414632,0.9447054505599863
170.31392753155905,1.0369796412840864,1.2507238993558631,1.201606755417578,0.9385223897761303
170.33694352589384,1.032157278808883,1.246240831631269,1.18946383509176,0.9366606606505193
170.2454356507793,1.0305724567463324,1.2504785694304308,1.1830852629432709,0.9362528522004124
170.3021931656423,1.0305745595657296,1.2520257037614115,1.1810521999616523,0.9361897608829751
170.40965707610917,1.035671555412652,1.2541591102191483,1.181414663187736,0.9390775621204779
170.43267119366757,1.0382132926218886,1.2545285547362017,1.1725171746124123,0.935359341610137
170.4885967807845,1.0418701649073907,1.2582448716738959,1.1692539276242928,0.9301410657667385
170.49757117658183,1.0429934365006106,1.2558156139419456,1.1695901139261302,0.9275965931300365
170.51874400479323,1.0429387480938412,1.2562049118069498,1.1771126162313885,0.9296971614425996
170.60395099949633,1.0449526128262703,1.2522728379297752,1.183893214863869,0.9320670335851096
170.67227752794278,1.0435433638457445,1.2534870832970721,1.1885000987325374,0.9353383573900153
170.6588548778957,1.0405676737848422,1.2553798301309274,1.1803885180526288,0.92443584814464
170.52911676732035,1.0398731443637332,1.2620699786030518,1.181040212003528,0.9164460170458967
170.70684275592947,1.0389485564370793,1.2598975726670674,1.190087719837402,0.9149191786443748
170.88961436255323,1.028693628360948,1.2368209959214849,1.1896900651430042,0.9069631278249916
171.13465619365684,1.0142063005083521,1.2092171789862547,1.180854093096539,0.9022435628242635
171.3848904242843,1.001403540518442,1.1866936450470722,1.1665279346635444,0.8913546274242583
171.4086661301927,1.000556662541108,1.1851116665693018,1.1603460363398723,0.8873706612914282
171.2858951943734,0.9971367620779288,1.176483896318799,1.1463081364727101,0.883189436736389
171.18386339175936,0.9948336695312473,1.174423983590059,1.144100578738328,0.8836061283086983
170.91948833651432,1.0020580645634907,1.1884064162291124,1.1576785545259993,0.8878049963982282
170.88011381808178,1.0075935801337146,1.1894093803609678,1.16294562940879,0.8903923556860754
170.73946416304483,1.0129083267808783,1.1945140816745763,1.1702253583743998,0.8969205473437849
170.64456269029904,1.0115250849254842,1.196849947114179,1.1688907090641156,0.8892392149930478
170.69640097841955,1.0076621007595794,1.1929853465398714,1.1635799225899375,0.8886083108215865
170.533563028504,1.0070284846382613,1.1988468687730955,1.1509564427381465,0.87227648761411
170.71761283923084,1.0205507558378517,1.2194076525614295,1.162248971918012,0.8837085468143062
170.95295201726293,1.0173031922997493,1.2183322171763158,1.1597076517378524,0.8838675605195718
171.17551529314366,1.0143112771459948,1.2141409507699343,1.1630073293163126,0.8880972380753881
171.43330179174535,1.0043560167877745,1.1971380541953462,1.1504464429118335,0.8843731602070397
171.46327775729904,1.0042556805200877,1.19289714135677,1.1571607694592059,0.897695198633424
171.46573233249202,0.9998651886437578,1.1788965651357939,1.155000009110237,0.8986269915648947
171.5299801537309,0.9990688762835116,1.1722922717979491,1.1525727276099986,0.9004402707644718
171.56585840853742,0.9890515043971873,1.1606989639962848,1.1345304348961103,0.8937797055601279
171.56365079905052,0.9843140650444798,1.155597022571842,1.1192605868368615,0.8904096488768046
171.4871955231691,0.9817244938048287,1.1538587761703951,1.1172921960166513,0.8901104755866015
171.24370585815,0.9797275517993749,1.1606384212244587,1.11826164390362,0.8869965316710876
170.99458137441687,0.9768470630736344,1.1655740359393412,1.1137279907413327,0.8854241026332256
170.92859413568496,0.9810791318881482,1.170927126124036,1.1092945510411927,0.8824132247742004
170.77083735451188,0.9848156743395958,1.1825090918278998,1.1139857101430348,0.8883129672942307
170.68334888503094,0.98885816940446,1.1937607840980708,1.1219499442322358,0.8963238971939327
170.78483372028327,0.991161596754608,1.1948523241872995,1.1184934181350885,0.9019483250049618
170.8054863081775,0.9947451440326337,1.2027434092963387,1.130142539610103,0.9054329362617365
170.76785643578816,1.00082174216671,1.2085456667188992,1.1360440093941635,0.904292443603415
170.74466659385942,1.0028560216393456,1.2035311172413894,1.1332056855316337,0.9000280295904157
170.785522481583,1.0011130507894161,1.2013356698544841,1.1199786135710679,0.8909115575372165
170.68004050512727,1.000825257341047,1.2057388357671948,1.1220840658548619,0.8919060743151389
170.6682194517371,1.0026726626868718,1.2082222449668703,1.1286643979890476,0.8901235884317775
170.74181734400818,1.0093310057992793,1.2112204838875358,1.1304357356911225,0.895145742829005
170.5704836117951,1.0186888545445605,1.2203008330143081,1.1380753542008017,0.9011608513486137
170.60716935503237,1.0240103628542534,1.223330844315844,1.141750624726047,0.9025587567406306
170.669350838415,1.0259601120152926,1.223289796031383,1.1443873179889374,0.8990802429871148
170.71286187553775,1.0312410359808482,1.2289208098039117,1.1485407987067613,0.8961011519725137
170.86446189495507,1.0162174577545078,1.213969027849043,1.1147326549963374,0.882176823956619
170.85851945398784,1.0051278108940966,1.2027846535378623,1.0939687799868123,0.8748171379810977
170.68180051882493,1.0059271220121067,1.2085637361081183,1.0863638001163585,0.8684121855702098
170.91889740163816,1.0078981004343235,1.213884854405512,1.083209114465373,0.8755320680262093
171.0474260791823,1.0045004414364975,1.2110036227620404,1.0750546627201354,0.879895417056847
171.16463451549035,1.0028565700093846,1.207316546633072,1.0692424949848767,0.8815598936556523
171.15665014524666,1.0005150471748638,1.200121948371579,1.075041364447744,0.8869884987882706
171.15780993126026,0.9998431987812367,1.1947752385437798,1.0832157385166297,0.8895420769305489
171.1319951340112,1.0016284010072158,1.1951523982319425,1.0914097106432374,0.8932569250795545
171.01067724304227,0.9911534028325945,1.1855283982971712,1.093003584437316,0.8845484964452945
170.97151737756928,0.987499185969513,1.1842882826744798,1.094594734029624,0.8834749251740207
171.00702504802956,0.9860615719217563,1.179748401482578,1.083937204055606,0.8839350069937373
171.09415444778298,0.9853513716064214,1.1761415879794985,1.074788781724605,0.888168701904648
171.0919252448292,0.9819095555762416,1.1731918110092248,1.0742286752059442,0.8910552899353055
171.01083049369234,0.9763771564909511,1.1694867574307852,1.0626829999252307,0.8856552430370609
171.04321001804954,0.9808650588748362,1.1750183173962934,1.0674834784297027,0.891745468155461
171.1323198803046,0.9834654709848966,1.1719310473586189,1.0704548851843194,0.8969119297704413
171.24265977481863,0.9829344263152086,1.1708789058351876,1.0745027446974227,0.8987129687446912
171.23797217962507,0.9851367993107308,1.1713323725473879,1.0776797338493413,0.9031903573463371
139.61254758248157,0.2582478383205712,0.2343357227441228,0.1272098641145162,0.09243227873906337
165.43946871388957,0.39620793194445264,0.3965690029320992,0.21399576722920916,0.07709637256857095
171.8566664189195,0.614846656128246,0.6090420949546012,0.33717141794224126,0.18020258567186778
172.7822720589422,0.7757361406753592,0.8146053200770665,0.45347745954917795,0.2458353423494287
172.32664054757421,0.8770202655114036,0.9676139340891261,0.5809212830270399,0.33700073134863207
172.26904178279733,0.9504643722015078,1.0493472912152886,0.6393433610038018,0.4442679155352875
172.33281682963866,0.9630767973405808,1.0744171698307934,0.7440820192476464,0.5085961843357428
172.43559990418402,1.0032871702064479,1.1349562260398949,0.8504241488970955,0.5747674362523391
171.96063917087025,1.0473660965650378,1.2056444765120935,0.941595804427655,0.6503937808388972
172.04091990365774,1.0620322039188475,1.235907639115726,0.9835070091395167,0.69964615575186
171.5628011954593,1.0416014756761895,1.2192792779376518,0.9980727983366094,0.7146301674401062
171.57662199017074,1.0068570628645974,1.1884818023271722,0.9979890710659499,0.7495376428405107
171.36567344146545,0.9986280115962407,1.16849250841934,1.0309579026374158,0.7844105875870347
172.5693543727946,1.0386633942457124,1.196198386243174,1.1012178857732624,0.843692191686577
173.10422802898347,1.0512425204135558,1.2040680173211726,1.1645423831208834,0.8771606313389281
173.18285523102261,1.0479293091435473,1.1896919376812358,1.1747629240200004,0.9110119124429681
173.2494516009015,1.0495115765159269,1.1862094770742715,1.212345974882286,0.9272207037130369
172.83573397870876,1.0296694051376596,1.1651708274307429,1.180861938507676,0.914508283026435
172.6430212836132,1.0152997726952147,1.153365536311556,1.1636023491981318,0.9115780596955954
172.40131409048976,1.010307748746985,1.1491637339083614,1.160807484831517,0.916542388760674
172.06481889369508,1.0242308031328977,1.1700398963719856,1.1761530503038455,0.9130726657808523
172.06438895740723,0.991708043586828,1.1379488957451391,1.1423966627818376,0.8889131209343468
172.6632338685246,1.0016904944687695,1.1402438832589876,1.1404025647452318,0.9034763589386147
172.74307663738713,1.0270906853020811,1.1658472833376163,1.1813494288994066,0.9224503319530167
172.91429069615643,1.0608695583650771,1.19698710552392,1.2224731039545076,0.9506833671826515
172.90349466149328,1.0744236259654258,1.2090122704851056,1.2485201435601383,0.9615826758095464
172.81011650195873,1.0645867552535146,1.2008408683735257,1.2486435606050421,0.9519633898816211
173.30354746424555,1.0808192939792711,1.2147115097627332,1.271288529051631,0.9651934957486051
173.61596738049184,1.0932515888743455,1.2208198570315154,1.2893915529305766,0.9704502890603637
173.59472457748467,1.0958221294911665,1.222966893991557,1.3030234011892738,0.95850477993477
173.7938920852012,1.0988789608260392,1.2247420701538638,1.3198232069480331,0.9584707340138336
173.7455216242994,1.0821829405440428,1.2075162915523976,1.2946629172037722,0.9405263210141906
173.87767664999836,1.0816792374718829,1.2090570126960885,1.2948490014000935,0.9351443345035267
174.40601600562817,1.1029086282312768,1.2287719062891598,1.3118243950886244,0.9376305284163534
174.66919557921946,1.1010248831556435,1.220247200405973,1.2908066976659642,0.9309758096483395
174.95582265958058,1.0904963096416265,1.201050658400485,1.2609879500020589,0.9389059801853327
174.61752640270467,1.0704105801527508,1.1777266087353329,1.2288378593940992,0.9081795404152856
173.5889835122504,1.0445374447410267,1.1623128983933801,1.1904700495895497,0.8853683507743436
173.31328593357358,1.0494184301704481,1.178010008345429,1.1980391342436056,0.8983485703284788
172.8421703898152,1.038147834471036,1.1778613737643082,1.1785811709558607,0.8887044648515093
172.35854383047584,1.0297636791949083,1.1787172355809945,1.1684582688708647,0.8788829084499618
172.6535190299456,1.0471316028165631,1.1998248307977204,1.1939759169861939,0.8928102136034638
172.86484096623903,1.0697685397246925,1.2259485994955643,1.225112146292767,0.9111914605881036
172.71905166093504,1.0866723207762772,1.255254600166607,1.239712675225869,0.9110170478223651
172.86797683593082,1.0874930386494006,1.2556726854860831,1.2337222729713477,0.9120110501627855
172.77858525516916,1.0845382442725786,1.2538458686601615,1.2286659564222224,0.9144990495620596
172.90004285987828,1.082670335597457,1.2528753035322227,1.2309543475188922,0.9169157997606224
173.2026122510812,1.0824796766218976,1.2501367476721432,1.2234280055314184,0.924447021759741
173.33274907598604,1.0881117103016449,1.25589481699244,1.2184439399823341,0.9336083477203575
173.19236013073146,1.0751338157116004,1.2428252271640736,1.1994281889554481,0.9267976766700193
173.2702097714599,1.0698676829598646,1.2394004705814736,1.198956792907396,0.9292719614977952
173.28368718827048,1.0661411987588132,1.235137107907142,1.1902196107667764,0.9220504290993314
173.51445208945458,1.0610437624590299,1.224770212648182,1.1806936406926818,0.9156924730643793
173.69963384949622,1.0692651087152945,1.2292990942078577,1.1865524430280887,0.9067824267957639
173.98551630546686,1.0718448261695188,1.2269639951411015,1.187931674353112,0.9068686294592306
174.04406208142547,1.0743098678276464,1.2285033988774854,1.1896390670224646,0.9007226723825529
174.08262661501826,1.076714802049545,1.2278827748176773,1.1890219195991496,0.8968662915988551
174.14583435655462,1.0733696500044103,1.2247142310725956,1.1830751823396661,0.8985942491276142
174.3471201763462,1.0678464017267384,1.2215323664995574,1.1893011865705136,0.8998155146614508
174.42529672004028,1.0624228478237656,1.2144155490402748,1.1880604244234747,0.8939300442867418
174.43240392873187,1.060179848324169,1.2123994966536296,1.1883003423848415,0.8948006026006463
174.46487376132725,1.0511300140757143,1.2054777187769974,1.1796389412237127,0.8934657957322549
174.34797274975,1.0447698543899222,1.203224494718831,1.1740718150420955,0.8948411512214017
174.33002953702177,1.0369232742600965,1.1961730520622562,1.1596572607921118,0.8934443742384214
174.35374431074177,1.0342171506894962,1.1956034821254509,1.1532313034745514,0.8943217875732093
174.16423990651012,1.0331362615136557,1.1961149475578554,1.1441339029844468,0.8909902225108451
174.07725202198242,1.0359019534867833,1.19864271017881,1.1511333708289644,0.898078645206354
173.92409101405437,1.0441259680994677,1.2097794516082483,1.1583215200501897,0.8991715230652699
173.80460001113016,1.0509413813081525,1.2134286449266414,1.1655187562356042,0.9061366922710155
173.70508318974404,1.0525679816501325,1.2133771201299675,1.1659971432069645,0.9038261705734116
173.80341829923142,1.0515079767784814,1.2124421686821838,1.166621263058797,0.9037327807105354
173.82494042493198,1.0443737022464692,1.2049045098872508,1.1601423515813685,0.8963970885939438
173.83821352773427,1.0427299122244467,1.205222089704639,1.157501460058969,0.889302673776072
173.9011386188021,1.0430587437207697,1.2067491907339356,1.1611112256798746,0.8905861555895774
173.90615864765593,1.0471566104502936,1.211369269811277,1.166522460056415,0.8955179407920288
173.94370959820756,1.0492881394750935,1.2113869910364738,1.1671362124053248,0.8923264939925175
173.89674657900554,1.0509523346173169,1.2155503366954132,1.1701312330022686,0.8969439865369498
173.90502650939067,1.0501861989570118,1.2122179380627727,1.1662798530208542,0.898523567872802
173.78884931506698,1.048991721734852,1.2116369519452364,1.1639741986607353,0.8990600623252105
173.6543147954299,1.0503873970395174,1.210440601723125,1.1556046932633905,0.8944487377046472
173.48765064552862,1.053002990985654,1.2106066780142286,1.1504679471585124,0.8898274571694502
173.41470519462803,1.0546487571403644,1.2089552033262685,1.1533583902575872,0.8877728177130101
173.31373381342394,1.0493470652011483,1.2037397865736161,1.1460078387153843,0.8839102161937487
173.317667557427,1.0484640685524351,1.1994515832294306,1.143633108218192,0.8811027197520828
173.4076370521475,1.0452298182465323,1.1994402348585913,1.1445107141900832,0.88804595771143
173.37831517412127,1.048078867326724,1.2041403957191554,1.1462409295500118,0.8950568843495966
173.2260288351584,1.042059269781633,1.2002877936759988,1.1343695450475468,0.8854248945089517
173.26838897051022,1.039306796473632,1.2005235436367245,1.1243940761253026,0.8848125619080618
173.14785511828572,1.03588394756639,1.199007580032008,1.1214498948615765,0.8806878653226036
173.0652142730853,1.0367885228190177,1.1996813511650049,1.125343505692629,0.8773035444609503
173.21505300439804,1.0403645526231433,1.1951618479825625,1.1295710832302595,0.8762915256004016
173.35437077809345,1.04529091888312,1.1934432137406668,1.149262393113379,0.8795114393931069
173.38420669094617,1.0445625372371834,1.192016780105487,1.1599524319913206,0.8827311922771407
173.44257737707585,1.0478013302761053,1.1954882414027004,1.1737178931905465,0.8881110170691798
173.44397910698805,1.047858966706495,1.195900100122742,1.1766328875483854,0.8910126365502838
173.37087346178902,1.0466752821572993,1.1951920469395942,1.1794014894265583,0.8938047648477311
173.31108860924846,1.0486178352154274,1.197138173315704,1.1802067909310496,0.8937682155290054
173.29320665661743,1.052421727233189,1.2017553583902512,1.1816856466471581,0.8989533220435514
173.18550018689962,1.051532756534097,1.20718974786081,1.1805959428899078,0.8971669387469215
173.011228564153,1.0550298463453578,1.2091858101156157,1.1781878215429953,0.8975778482119917
173.02242581086222,1.0530780536296955,1.2082143332764197,1.173235003418805,0.8984825871070674
173.12780159638103,1.050045262928909,1.2053791418517918,1.1752900741769408,0.9009665741121784
173.232381074307,1.0476598118338567,1.2033015035797934,1.1871403492138255,0.9038611905728936
173.2793857173667,1.0495289009756243,1.208199067066933,1.194741597010507,0.9088628402978249
173.1971294151284,1.0517839512945906,1.2115948041370457,1.2069524322831302,0.9167856648926184
173.27519428867856,1.05262128681188,1.2119619292182484,1.213744221384232,0.9219316011451719
173.25513633234027,1.0498264091914837,1.208014385432257,1.2093951382930952,0.9220707000993306
173.2847618669295,1.0494220758235546,1.207451345781437,1.2087342133837384,0.9217273689563972
173.29041464168336,1.051035457292134,1.2101820699375638,1.2109674970546596,0.9220761719959361
173.1811732788671,1.0555352821594621,1.2146245477118556,1.2114644944453627,0.926666318348534
173.24395095025758,1.0500536548469506,1.2125376839878346,1.1979051525546438,0.9189806062370326
173.04953627458124,1.0502210491842943,1.2175463917935672,1.19305118669118,0.9178299013125627
172.99369659027212,1.0536068476373444,1.2205380498878429,1.1991208721665794,0.9200957409783127
173.19690946012764,1.0561815836678505,1.2199057967390838,1.2048217456538273,0.9267820115711116
173.23447664598766,1.062096117638587,1.2234788201963762,1.2163692688967183,0.9335734296815186
173.135817814998,1.060247290002387,1.227694356820126,1.2187653258514757,0.9343109272438846
173.23797501679257,1.0631002844249844,1.2269548837390871,1.2321365306606922,0.9393157812532463
173.27293504750355,1.0566562824959005,1.2215508019940882,1.2428962000242896,0.9424226503881806
173.3044368320968,1.0616055406250586,1.2264762321205689,1.257827168517259,0.9461262070364511
173.3906749783145,1.0636903105630588,1.228916528033509,1.2661456367955375,0.9509177538441644
173.16777736239692,1.0567506991740538,1.2185413985079128,1.261559025685842,0.9501613144174034
173.05807185370966,1.0633794395185072,1.2281480838626166,1.2673452920657369,0.9529742187739828
172.94689391353248,1.0588223309412588,1.226081788873385,1.2647630963611645,0.9538019875816852
173.08325137251674,1.0558422626030997,1.223382067159838,1.26119765994217,0.955139689776819
173.1261477901304,1.0559076503647158,1.2287381789854286,1.266126451982328,0.9605016139271698
173.1743188608785,1.0575220350158125,1.2311505168470849,1.2678945339924765,0.9676998999387033
173.33258441274145,1.0617759686352966,1.2332157721316754,1.2732982371366555,0.973490137488743
173.49218477783407,1.0674718831554464,1.2346794586537693,1.2807505273529438,0.9791262437050895
173.5550571643035,1.0718729391212096,1.2355702911274822,1.2919424249857407,0.9846180544829842
173.71024365965107,1.0789433521325984,1.2396268431101,1.2994927078495304,0.9931063876467129
173.71051176776203,1.0938283005200304,1.2479655600845372,1.3092171060337854,0.9963720279602463
173.5953498576056,1.1190913177590456,1.2773020822463037,1.284604775487043,0.9562455105625783
173.365372656369,1.107178327564908,1.2737200163351527,1.2172880260707162,0.8712982441639577
173.38434309116755,1.078727443406706,1.2426215687542335,1.1818320302404208,0.8285080277370679
173.57627994630556,1.0316176962808674,1.197025728619799,1.1294357356851377,0.8230242523135034
173.6092846328552,1.001434651280707,1.1750293939493954,1.0996937875757336,0.8157816294896935
173.59705030868318,1.0135421483430926,1.184225944356995,1.0994114991670456,0.8132483581126915
173.2141345615031,1.0060852726563343,1.1731949971261888,1.0915093888714533,0.8066308934391943
173.17707239705808,1.0056968169462945,1.163370352125731,1.0900056756832461,0.8044725598634642
