169.7021027341318,1.0155137487312287,0.6265013446281498,1.1552557751057697,0.8573992254291651
170.39620586777687,1.0362576564284867,0.22231058260171593,1.1267917956537672,0.819087602825439
170.77948469962658,1.043673610526955,0.3146811022034851,1.1173348511660262,0.7993194237090036
170.86140291685723,1.07243236629227,0.556080598428906,1.1518425096678155,0.8040383347635244
170.62157994586147,1.1153819430763723,0.7405544994211335,1.1921943465496931,0.8156941830511405
169.92105971639123,1.123562260388893,0.8897865915709373,1.2325196916028323,0.8446491630135052
169.87117459414915,1.1402110436287527,0.9816358251126013,1.2547945968662482,0.8697943451190071
170.25212502007685,1.1434505565152195,1.0496203856667685,1.267780859230535,0.8691432756852067
170.4528993700647,1.1518487163979159,1.1012822019125155,1.2787282053503517,0.8785462631372767
170.98207469698818,1.1518195554883803,1.1276065207058463,1.2700035481748697,0.8717696084898255
171.38481808743205,1.1450742205403883,1.1379816077430396,1.2633428531023183,0.8610063780801168
171.50565617829528,1.1487039166751825,1.166370453594569,1.2720040557693393,0.859789414300218
171.33810073559215,1.175963569391456,1.2052720221577409,1.2908879557427912,0.8759197035291059
171.14062898466182,1.1782179381218392,1.2384624283537113,1.3086219142839395,0.8849965936921508
170.82330498044286,1.1855265910422221,1.2490944404278055,1.2989999017606717,0.8714398901152735
170.691517628275,1.170010911998801,1.2491515567097968,1.2851813414781637,0.8594272725179175
170.4306026867627,1.1600952070268378,1.2520672820779772,1.273045782298809,0.8491680134584119
170.55517381301814,1.1653017547974842,1.2516894323249337,1.2873074586499167,0.8620739140172651
170.6703664533075,1.1788969848443174,1.2700646230644146,1.3100064002877854,0.8774873846549676
170.74398816970424,1.1728612858225795,1.2636046195902526,1.2992001544165488,0.8750491519094563
170.56618871789607,1.1542646670759884,1.2735452376030043,1.2950305773952164,0.8761492360815843
170.29637044330505,1.1483194551351232,1.2670870891679429,1.2921314375515285,0.8760128367473387
170.39259626174402,1.1414028768956028,1.248835180379909,1.2744267487335963,0.8702856962951131
170.63291666369932,1.1464089255225558,1.2588114294647617,1.28084738562638,0.8782874334132178
170.7343033508374,1.1412434698822636,1.2667515882862903,1.2870400503744543,0.8793723493408698
170.941102005016,1.1466766520913503,1.2762374964953151,1.299565661726016,0.8831636573667986
170.85317438599284,1.1511234145779947,1.2954996231778488,1.3119115836247852,0.8876293668551172
170.89278856478887,1.1600087376889223,1.2954653649412213,1.3200204435594758,0.8848166425946342
170.7929695749758,1.159452633765562,1.2950667373034386,1.3179289404043535,0.8845413922260948
170.733415353185,1.1684029207539066,1.2925379837289093,1.3213678748000328,0.8791935912862103
170.69403848069302,1.1651863622681347,1.293820118559211,1.3227866983163739,0.878971460444675
170.76317356576882,1.1647720972936544,1.2931036248901464,1.3290453081677451,0.8775560254694199
170.94827773122438,1.1698589142329474,1.286069656331554,1.3323276839098617,0.8865933294724743
171.08155615188358,1.1691321487147857,1.291315746171609,1.3344850908350703,0.8968819802376318
171.1734165343555,1.166369656095314,1.2946468467034122,1.3344908106427065,0.8974890844864832
171.2855101845587,1.1612231933365682,1.303954577481512,1.3350810135094051,0.9008614846279996
171.3938691196531,1.1586695240749874,1.3066247900202486,1.3371419887618885,0.9072843641324846
171.52826242245064,1.155516866976396,1.3065078789954268,1.333859147758086,0.911591632041333
171.59483265189775,1.1517272534625984,1.3083827186193182,1.3331399493626976,0.9104346846320714
171.48072624207407,1.1556189564879815,1.3105555517923022,1.3366478403991484,0.910997017767087
171.3713295649281,1.1553613935997573,1.3079593132253087,1.3364947347814617,0.9068139876897043
171.16811226841966,1.154967359480108,1.313185943629206,1.3394622468130422,0.9073961697841736
171.11062892780404,1.153604604988291,1.3070433196610909,1.3373773316800899,0.9038345971196259
171.05983092288486,1.1496816258685203,1.31015604356326,1.3362685605298754,0.9085716865624944
170.98752935123923,1.1452963706142445,1.3082025804204007,1.337187762199152,0.9085370846456864
170.94806711341724,1.1510625321436503,1.3149945148716473,1.3523429014948039,0.9144699534239664
170.98324240401863,1.1585328250728624,1.3218658339295386,1.3677674628768197,0.9231430650612836
171.16438606736577,1.15778708211081,1.3216275268308786,1.3754118622916625,0.9272590188193508
171.22287903926374,1.156933411415828,1.3158778260908948,1.3741932699992996,0.9257808275795705
171.11453910003632,1.1529646409139775,1.3057757431705233,1.3641032887345501,0.9168479099704518
170.9944945935215,1.1511952613860712,1.293167231851634,1.348563794757732,0.9050893644096687
170.84673936042807,1.1503320214419255,1.2843451533019998,1.3362209618009766,0.8963566792667551
170.62100475916986,1.1511005803523742,1.2775264468848584,1.3262943955437818,0.8875177235484653
170.36093292759114,1.1476141196137284,1.2683789594839152,1.3071014422213378,0.8715985749840788
170.4273874406923,1.1504491446106317,1.2643779242874031,1.3022922914026644,0.8666226794706358
170.3922815563824,1.1477766823717488,1.2699831456004844,1.2912063431286824,0.8639818307574116
170.437670036861,1.1445843610085475,1.2659443574433602,1.2844471497035195,0.8638836618554526
170.62649777690402,1.1419048525938422,1.2689885084490444,1.2885078476771974,0.8662204491263832
170.77185019273534,1.1504364649850807,1.280900819162037,1.2967800058874752,0.8770554342210235
170.91451803991214,1.1447750689284497,1.2832180800172546,1.2998247876682725,0.8807554748005275
171.19789951580933,1.1382044404023652,1.2745804376031196,1.2974135270012785,0.8852123930809928
171.52835061265046,1.140825970079829,1.273682670570637,1.290241551885442,0.8846783488823099
171.66397038841487,1.13876679091397,1.2686051643949023,1.283093643971345,0.8817665644482008
171.57733801548468,1.1400354351546718,1.2604158977334239,1.2773309964322708,0.8787238322620817
171.54885768781259,1.1435725421659961,1.2632597691722502,1.2861552859475234,0.883743761882219
171.55356805592973,1.1369776252258292,1.2583997695811326,1.285745038891437,0.8814818297858983
171.6127458688548,1.138842362079116,1.2566890133523223,1.285378738337667,0.8830656651180979
171.73060401981584,1.1367194468835802,1.252009970339139,1.2824814779945068,0.879943676884812
171.6345993454953,1.1396340094490047,1.2516449664288267,1.2883036635823386,0.8827745955386027
171.56537599940148,1.1285987471130094,1.2523626416326015,1.2924102838554725,0.8839089492814877
171.60536735487855,1.1310601202585806,1.2543836220221483,1.295562111651708,0.8893983441607218
171.54300263064113,1.1314941768573574,1.2546845892593972,1.3000419375636134,0.8908390397304118
171.5641612782324,1.1329437091539138,1.2527128970672725,1.3050630874405524,0.8930628275206383
171.47973266299286,1.1309050333169952,1.2516483169430337,1.3050740899361122,0.8924705209829652
171.38605081815496,1.1363461928944296,1.255704386259703,1.313437941128553,0.8972093838490711
171.42443352728915,1.1324577260379143,1.262750072397121,1.3210825189001434,0.8984935605619457
171.42449211790557,1.1345820339581523,1.2684888532192622,1.3298621478817088,0.9039389448500501
171.46325032502466,1.130993216894306,1.2696200329857723,1.3370606838092034,0.9042324852254451
171.52576752578693,1.1302833770764764,1.271039197273133,1.3457411879744308,0.9056355176300503
171.57165386885862,1.1312605063611378,1.2765822880173796,1.348975741886556,0.9041734632551929
171.64666405782597,1.1306057200210657,1.2773134477403094,1.3467580007111037,0.9037021746899957
171.6877305176736,1.1295447567735202,1.2762070110967112,1.3403979178274064,0.9038822449214058
171.62761824759897,1.1293965993092894,1.2734495457687482,1.3337874510038814,0.9024031640250433
171.5855875007363,1.1272358147216177,1.2731915869162655,1.332538507664435,0.8971158295966415
171.4663861048479,1.1238217927145213,1.2643684581784362,1.3172768405707365,0.8860032573140274
171.45289212001228,1.1229731633415156,1.2596503293030952,1.3153606733828311,0.8779893554273955
171.5089132170445,1.1255388977945004,1.2646263711035428,1.3170473850817028,0.874956443155622
171.66772522949452,1.115747424665253,1.27064416169983,1.3125031101385534,0.8660210580975412
171.71028125690478,1.1245398203860928,1.2791961670479617,1.3085482828731738,0.8660069714749187
171.72684082110058,1.1255192610978857,1.2816156109519774,1.3052929048769446,0.8610104877069582
171.95574047408508,1.1201572868652043,1.2846054714615243,1.3045851062714289,0.8591814014180191
171.83599218835136,1.1322013930031802,1.3010435531492253,1.315022109638537,0.8656953947123331
171.8470102236293,1.1291446508770355,1.2948664312497484,1.3024102635643533,0.8574246869273534
171.76620769367494,1.1327853337067015,1.2917369926475626,1.3007400672637899,0.8610672202842773
171.67356631254344,1.1245744956827508,1.283850728151963,1.3027359466839075,0.8578360537829786
171.45011467488075,1.1226641821921148,1.2758321065160745,1.3023763858573862,0.8603951287600355
171.33507963628,1.1203884143006397,1.2722911804261896,1.2922316959265652,0.8560508355903768
171.32872234809412,1.1256537012564765,1.283402468089729,1.3066856946497194,0.8702259598604999
171.37645314770936,1.1194102336277876,1.2861566658989054,1.29949550292329,0.8713936844995218
171.43441633192134,1.131379507574318,1.3002459134703688,1.3129685520163543,0.8824844895569373
171.537442891645,1.1318987283557165,1.3053625170810903,1.3116226114609109,0.8888145229989244
171.58074210305426,1.1339500989269575,1.3041310527455852,1.310667932267377,0.8954341441916106
171.53337256896012,1.1277309831567304,1.2927288692095191,1.3097232509932508,0.8962282484192126
171.5456686359561,1.1194625213415288,1.2876358244065416,1.3113799633813787,0.8936178532860098
171.68747893407607,1.1265060539469944,1.2889136249780184,1.3153892699319791,0.8945276125227619
171.70753210986518,1.1266207468357594,1.28316999654743,1.310087825905624,0.8918620482133135
171.70538215356098,1.1221161461867615,1.2742496231770806,1.3041024809943762,0.8865139974720807
171.7396975251736,1.123340760347571,1.281354265171892,1.302575042713556,0.8842198622347015
171.69151370955447,1.1260316185161288,1.2872342651408077,1.2973131812891636,0.8814933203949543
171.61536443412288,1.128613940324921,1.287313542648262,1.291591247232665,0.8772585625280337
171.63007565380457,1.1294460308326395,1.2834529269888277,1.2985121734560403,0.8783004206954712
171.60332333698446,1.1351817499509615,1.2887366483950435,1.311854752620428,0.8859646914222332
171.4717324921551,1.1282943028788772,1.2795095697637884,1.3072477374815892,0.8794839082692083
171.35433550387225,1.13315781028714,1.2809066028556362,1.3136708700820536,0.8770420181873742
171.28152918131278,1.1227925815705664,1.271805243391597,1.3048935605449272,0.8705789720259848
171.26650116201026,1.117991768287017,1.2743822872026258,1.3016667953564747,0.8656254056793128
171.2541678357739,1.1120550034126286,1.276175921030964,1.2952674991094162,0.8658033288515158
171.3376886418209,1.1162048312306956,1.2747018792476323,1.2943388127410067,0.8688969390906114
171.27652150751595,1.1203574767306914,1.2836592524987294,1.292390460475167,0.8731029324951692
171.36564440594543,1.1233915335599889,1.2863271487201053,1.2933481297049634,0.8818946684665853
171.49157407668457,1.1163945855291146,1.2779726560798357,1.2934591458100209,0.8853266635930408
171.61332991305042,1.1311326809899107,1.2899705578718976,1.3087713135706098,0.8938883562730513
171.73805892751318,1.1453255415401873,1.3001901281393726,1.322610496732984,0.8965901222487238
171.74738618182997,1.140846402708643,1.297438040116955,1.3144322359599754,0.8917731766792464
171.80061732409072,1.1390350140607204,1.2961095381403247,1.3123213002573328,0.8882082742055044
171.82963562980427,1.139827745907539,1.2985808595494632,1.309661857238386,0.8874606324296724
171.81803752633735,1.142520690109917,1.301306670134277,1.3035500732789222,0.8825412877844138
171.74788712542247,1.1421505756839385,1.2997984165164795,1.2981814699257437,0.8809286755676025
171.62474799759073,1.1398552712954897,1.2966340572467492,1.3021189272186617,0.8846507174539112
171.58564982590704,1.1481102028920327,1.300109103027874,1.3127910288539877,0.8865485881476189
171.55394290601444,1.1451552274579266,1.296414364767894,1.3111634976081274,0.8891265844766214
171.54427997972564,1.1460104562164715,1.2952737530956302,1.3140687501723411,0.8932239424468242
171.45866351361315,1.1420393371524733,1.2916917362103064,1.3129424686070665,0.8923334884279669
171.5141623750909,1.1420775769852305,1.2941873816065144,1.3235648521430725,0.9001470747828524
171.70979985100786,1.1397532456680606,1.2853161115298977,1.3184106525778312,0.8988286314867726
170.8707824831106,1.0166443077255816,0.7056507674231811,1.1653987017175544,0.8146007869683998
170.15313913664116,1.0164740991553156,0.2118727702053365,1.1335161879642737,0.7776093337706804
170.14259997063905,1.0213160620603252,0.27869585790424406,1.1175878106392305,0.7440251494361205
170.38649653160053,1.020142559177587,0.46246510530528745,1.0915090716593032,0.7365091190957582
170.4937126028095,1.0205635878403179,0.6127282874967067,1.088487319192641,0.7336775695924436
170.39986776200882,1.0146135700890209,0.7315939138227096,1.0883217560079828,0.7333329089122662
170.16471061712716,1.0090397750698068,0.8031792676578074,1.082084349095828,0.7362441190284396
169.93072777699467,1.0051702871671997,0.8586012089868384,1.0776789670294706,0.7397722276304958
169.75102729892814,1.0040662518805126,0.8967329537146758,1.0788441446824082,0.7398848947306487
169.62560597217802,1.0151325798569268,0.9056847983268027,1.0804663045858938,0.7392651536764668
169.45269956300916,1.018694455592623,0.9153122807172767,1.0782740175219658,0.7296551539347216
169.49613464194067,1.0190809282472795,0.9263745632783473,1.0815356386388206,0.7238042222265154
169.50198543532517,1.0204202829341211,0.9491977123116988,1.0882933742265322,0.7206654443282186
169.52276007882597,1.0189626046514775,0.9533716378730934,1.0870732704260488,0.7126010358369679
169.39159564566737,1.0215959943155746,0.9635622251549479,1.084845741440591,0.7104139961088188
169.55310353860935,1.02453200448335,0.963779192191505,1.0806804590402117,0.7004881649587893
169.6323406699614,1.0326748427255004,0.966187440563984,1.0793366769418278,0.7016217870968795
169.67545448069293,1.0367033732999575,0.9592130789407447,1.072413865383941,0.69997138865567
169.66805024817504,1.0404671105065193,0.9670581691471872,1.0733984787122515,0.7047024541322752
169.65038192134944,1.0435817064208674,0.982089182385972,1.077747477374932,0.7090899825895076
169.6606087776371,1.034626202800361,0.9806640846370387,1.0794093018915436,0.7034826015160802
169.75758314299895,1.0326804664585756,0.9845189672125909,1.0839173780533953,0.7053326815660766
169.82769478337866,1.029787170692257,0.9790593768096054,1.0835976223119486,0.7064997987432318
170.01556774599416,1.0240996253873595,0.9668823708933174,1.0685648338992373,0.692708731976008
170.10902667351866,1.0120711687196926,0.9506944823885798,1.0450966097121028,0.6837237118616776
170.1973721434643,0.9995526753415478,0.936196319507281,1.0289784170035803,0.6749537343593701
170.080863428631,0.9983731292229115,0.9326381716728894,1.024865980938427,0.676894524956557
170.06571255632423,1.0005268457345076,0.9303706297666222,1.027108901995753,0.6863115554863791
170.22659250880935,1.0033616362480493,0.9326487133207836,1.0311104514773304,0.6948346118392777
170.3117677182761,1.0058614108607777,0.9471311873631449,1.0339478614252446,0.6837089798042516
170.45447808446525,1.0040406305428586,0.9571970185500022,1.0385340479744827,0.6647355855572877
170.47884962042278,1.0114092723930954,0.9623983137046579,1.046802539078796,0.6517744284360694
170.3386920681632,1.0238754501971559,0.9465987649543267,1.0532302773607622,0.6597294526221738
170.19397001336716,1.0314203246158609,0.9382333172000841,1.0591773882624378,0.6717888926099387
170.04990280311554,1.0295229739318066,0.9420886500596456,1.0610306139999752,0.681025965502328
170.0941503047967,1.0270385113689064,0.9640109074740606,1.0593948334585486,0.6823980116888257
170.01880683972522,1.0243024702444143,0.966672394770574,1.0605152261388482,0.6780036725115218
169.9043614821345,1.0238616191316956,0.97102700722831,1.0642092557646665,0.6713229416371549
169.94094196954657,1.029569263311548,0.9715098694464559,1.064789656712859,0.6765475635006951
169.91417818972687,1.0284795907670774,0.9756698479205481,1.0661555943412564,0.6805468931589768
169.86626894684022,1.0361930186744317,0.9842658875164467,1.0729474281761284,0.6903006302607171
169.9054551407095,1.043437887801797,0.9710625048207308,1.0749590920840133,0.7001850010475181
169.88070470215106,1.0441714412051777,0.9665318742005456,1.0805743162203048,0.7164300120390168
169.89697961425586,1.0496151460618328,0.9557760430327916,1.0888053407621645,0.7233585091462612
170.0819060151312,1.0582330807928153,0.9582021446825322,1.0993737282210647,0.7334993312680271
169.84159762617415,1.071816448685449,0.6034621276136128,1.1183467068078985,0.7332870390921645
169.94212875237483,1.065591053333031,0.7073724623087098,1.117394996992283,0.7299510134077379
170.04042865336777,1.0620418186959992,0.8026105828319322,1.1156379999527013,0.7260790850552047
170.0370617208672,1.0614347907879074,0.8624124503082271,1.113098705486317,0.7211721935285214
170.04700528789948,1.067398335725137,0.9146168167991847,1.1215211477605127,0.7208029525849954
169.9520516291622,1.065144170704055,0.957947041855315,1.120815518843718,0.7247919393846
169.79542854161562,1.056877436615046,0.9845975802947841,1.1164572809562217,0.7414130709830705
169.65900965151846,1.0377188021969384,0.9961624237642759,1.1099294468190144,0.7504229767468121
169.59892801790267,1.032663524004226,1.0074492287302488,1.1031459053468287,0.7617003025722194
169.49310236551202,1.0292633305349863,1.001775157956026,1.0982622365767365,0.7659904484867973
169.3460342089981,1.0240622189653672,0.990502823467446,1.0990702180632115,0.769643995018835
169.4117748090851,1.0235131445493515,0.9763762685374698,1.0997498280986082,0.770385076514264
169.29596546384775,1.0218987643598196,0.9636487362506535,1.0966363644268746,0.7682531138809855
169.2740628752714,1.0259603397575854,0.968039830589556,1.0981827125171784,0.7737674373074799
169.1540379336254,1.0253922799775115,0.9670869692837966,1.0948668358521054,0.7729620129974902
169.1822835240147,1.0264205782396976,0.9776559904096596,1.0975874727086916,0.7696374689607534
169.1225812662277,1.0324300676961706,0.9801522381193899,1.1002903817491994,0.7725212417774543
168.9294361263104,1.0240802970669045,0.9762138609648852,1.0970405023528933,0.7732713994964947
168.75044786479737,1.018927978446926,0.9707948691660705,1.088111572751599,0.7668715617432494
168.59898664558736,1.0151046315906913,0.9624503102432502,1.0856339760966864,0.7653572876907305
168.44615530179647,1.0233914211724802,0.9446444231750325,1.091184270846749,0.7715625305931582
168.57084670641584,1.0305677902991057,0.9169879142250718,1.0875925369995951,0.7732789962747152
168.72017925574113,1.0356181340214747,0.9210666689018686,1.0813854055066037,0.7723649194339222
168.78522600118467,1.0409919780920946,0.9289952944990078,1.0779259468026723,0.7705806735915085
168.86862902214253,1.0460277877376671,0.9294705513390025,1.0818286337661864,0.7742659531959624
168.9973355802032,1.0530539358523958,0.9309987937667895,1.0823923205514694,0.7740010903632863
169.1173854476177,1.060406465079386,0.9357068330901247,1.0827906132141267,0.7784844007082643
169.23016946133617,1.0676234615105993,0.9413853683194703,1.0833092668003834,0.7858910315828286
169.39044160756364,1.0674192877658744,0.9494277593051116,1.0850667826083178,0.7869644997789123
169.46463405631883,1.0729056684516278,0.9562023060111129,1.0894708678085836,0.7890120834037136
169.39494605148428,1.0727079857622093,0.9696014977497913,1.0909727816180546,0.7871559399628101
169.46218696477996,1.0730540923288225,0.9722940019407397,1.0904421084583549,0.7887046700041433
169.4604381919655,1.0756633259857542,0.9777511437012372,1.0897686178683734,0.793189004803275
169.43975928446983,1.072215542105305,0.9799161833788762,1.0883753117320447,0.7912852195616003
169.45400358711424,1.0743987393125343,0.9772226318275694,1.0931681639329631,0.800023660013018
169.38946196177804,1.0752956603293558,0.9773787631981283,1.0966689074663472,0.8046984407826822
169.36527996968948,1.0706659015230806,0.9799846318508757,1.093662026473096,0.8018820389047184
169.34672120837726,1.0697196171377743,0.9812093260822549,1.0925974916810954,0.8018857074054246
169.26293749347695,1.0743587574388018,0.97605502909504,1.0972947470095509,0.8070773439182589
169.37620085363514,1.0749153244843492,0.9807725549257541,1.1001239487102532,0.8101774712497221
169.37879507835325,1.0739915381314729,0.9876316719357556,1.0999696738361369,0.8106734008611974
169.44094447974112,1.0707110858232416,0.9868257598843939,1.0981013787080596,0.8127050925362862
169.5181555804477,1.0687788872054371,0.9905868148462503,1.0954245897011035,0.81287686012903
169.51535586768728,1.0695378309179426,0.9852853757269856,1.0946471348235247,0.8118545680206415
169.54075107822004,1.0710687121428903,0.9863683155528846,1.095687823090015,0.8132898016790472
169.55127445793744,1.0736222971420648,0.9847291582281337,1.0934680273412472,0.8104337741147581
169.57351480204167,1.0783005447042344,0.9884201710774394,1.0891435489221204,0.8086511950810649
169.72909203211336,1.0797667516150313,0.9812911770902905,1.0875401327072465,0.8082052613141331
169.67965447504352,1.084454698899155,0.9846807774562069,1.0921504388812249,0.8072535984616878
169.73242765517503,1.0856162995483665,0.9843237371859043,1.096217737824597,0.8068587837400188
169.82287040227226,1.0810729428736887,0.9931689981802937,1.0952189073872574,0.8028646871400396
169.8611479971122,1.085302653912457,0.9871095146723663,1.094514125422895,0.8067035345002436
169.8710594364456,1.0850198701269094,0.9829091795677766,1.0972890941419906,0.8058266507998452
169.72760720453329,1.077959939361495,0.972142993645261,1.094749056732936,0.7977933533544115
169.67123914238925,1.070862902707134,0.9675569332260945,1.0938454070167032,0.7901961001748664
169.5291251745356,1.0716754518893328,0.9615576324328102,1.098565125857195,0.794474846367205
169.49934113557177,1.0762873684000285,0.9529323695049382,1.1026009034298834,0.7935494145717353
169.48488942470797,1.0774881576973814,0.9365726463612981,1.1000280113032521,0.7898435099324859
169.4603819187489,1.0749537325605414,0.9382503339537237,1.0991497028896062,0.790339823253425
169.40281673995284,1.078071855361715,0.9379886689344011,1.1046749727281753,0.7930351786990871
169.54139845961328,1.0746827300330866,0.9405070838470542,1.1052305200579595,0.7966848361718983
169.55044095013494,1.0786624422109539,0.9492826099399143,1.1077233024199549,0.8014294486306971
169.59192071055662,1.0772869614006357,0.9447067456821412,1.1044236532000076,0.7988982169953043
169.5766545997113,1.0821461502918055,0.9517465728440672,1.1044267524830824,0.802508643389332
169.60901674647667,1.0853076896008471,0.9542366282799899,1.1020835668563347,0.8045115415491338
169.64126815691972,1.092678367067006,0.9530456398670051,1.1009069131202471,0.8122675766541574
169.709018210768,1.0899460122203917,0.9648885578420464,1.1008509098012829,0.8135058532422381
169.7496610031084,1.090229701534389,0.9657966998032388,1.1006019268941176,0.8161385225774753
169.78490660724233,1.088454131595283,0.9729797232667793,1.1000734932580727,0.819709483356415
169.82516858238742,1.0868270746517343,0.9667657526029474,1.0981542702176499,0.8210544916046421
169.87655665514265,1.0837350149998628,0.9718174594172753,1.0955945542811636,0.8203886745391281
169.83368574071358,1.0811616287124908,0.9721933131763204,1.0923873122016003,0.8180803898613154
169.79875689498857,1.0838649081861156,0.9710434047394559,1.090402668668793,0.8220696837493812
169.82419167007208,1.0836894783128017,0.9704076490230468,1.0880931235500328,0.823174511574112
169.78828734890863,1.0818096509098811,0.9607842210616153,1.082159831859392,0.8207694787624059
169.79588103817898,1.07409207020087,0.9626792471606627,1.076100368502512,0.813853976240351
169.8386358006406,1.0698304427082166,0.9573107508256582,1.0681725404388605,0.8106714340790285
169.82075439681225,1.067718999655584,0.9642389388138448,1.0615328636047898,0.7994781507538321
169.7647103912792,1.0647507741864435,0.9674490883446903,1.0590533967051494,0.7957976547772118
169.6851804272189,1.0598442454429613,0.9666511138425881,1.0608758304201484,0.794101139235863
169.70584667753786,1.0580247981869055,0.9632286401523181,1.0638878109206042,0.7953249328912737
169.62217094020457,1.053017175692287,0.9586150715692868,1.0662557474031593,0.7913773037568369
169.6059521987396,1.0534541848088539,0.9642658721157736,1.0706318943579611,0.7925830884882005
169.69403692814652,1.051786707810018,0.9593254121129885,1.0715499091510665,0.7992097010164357
169.72541135353882,1.0548438460688574,0.9616289074643072,1.076073809572797,0.8090996753437035
50.295892314047016,0.2909797606559303,0.2512798514863804,0.2004890217092812,0.19244617760785093
38.66487716778097,0.374944907716647,0.3140177927313125,0.24800293965038134,0.22975212626714875
152.30740885809865,0.10107427449151941,0.31999862459781125,0.28125265426891566,0.1892830502926907
170.3298012673215,0.2982330052062454,0.4717775085570232,0.45390405594433586,0.29342633844247734
172.12394625827983,0.5185478932881935,0.6335187746047003,0.6237010943156628,0.4286775238721909
171.78700643605347,0.6936917355316434,0.7865194463901178,0.7697119162123943,0.5352375890556024
171.6917249392949,0.8168283182825451,0.9093877907079086,0.8837373046622788,0.6257397701859572
171.60776258732304,0.9216313487315899,1.004971267999393,0.9804811848531729,0.7054202351727032
171.54716496799983,0.9889219429308859,1.0678385815607003,1.0335335564868597,0.7524267516461465
171.31134815805217,1.0432852848772698,1.125670272954048,1.0802436932783592,0.788642946393272
170.91674012772816,1.0929419494963752,1.1749729738260357,1.1210448041314052,0.819541932537796
170.68394766932846,1.1413099462507226,1.2311091164875878,1.1734828715249435,0.8575579797370642
170.77694498092436,1.1603447418793236,1.2550758609067894,1.1912096300976354,0.8762301271499426
170.7242503341691,1.1715601671637994,1.2699500987376011,1.1876690702093455,0.8764854945116494
170.5910082926116,1.1692695046932495,1.2676272912331012,1.178246904103074,0.8682767142617193
170.57440926253955,1.1620143847982687,1.2614679343511994,1.1699949317454488,0.8558122592133024
170.9085776440961,1.1528540140881522,1.2542034826499504,1.1617418991687987,0.8433295967528306
171.170281966709,1.1412258864897056,1.249790757243096,1.1531594260789515,0.8357256273166525
171.31403350010152,1.1481180477867883,1.2474880413781773,1.1505247997460775,0.8360360370359899
171.46161940906032,1.1497260770763662,1.2462769378635454,1.147541384759429,0.8391176460541875
171.60363645846274,1.1633408644876744,1.2587733177596065,1.1577249940352143,0.8469393287381289
171.34356767495257,1.1559624846979897,1.2544469128638895,1.1513112609097411,0.8445873590266577
171.37837950456046,1.1517510323576954,1.2476973094673387,1.147059702744281,0.8416890499344256
171.7044404837188,1.1469114044651394,1.251192707645566,1.142074352442792,0.8338292736044705
171.94783562908526,1.1421642674938515,1.2485026130387942,1.135424884011034,0.8242163445461599
172.17215161346945,1.1320227774880165,1.2353924706967079,1.1250503774067175,0.8164911828117662
172.43658565662318,1.1268171876808422,1.228031282001167,1.1176055074252673,0.8120371928251611
172.61048677753175,1.127439070528857,1.227512774918362,1.119997351112727,0.8137949263577214
172.75390145113516,1.1340625848411883,1.2341309136255976,1.1275284677596165,0.8181456501358755
172.93646394176338,1.1418211072123101,1.2328784817533198,1.129553643049022,0.8197834493034335
173.04225371074602,1.1387045230512522,1.2326271749727813,1.1334497628136062,0.8220604728666582
173.02928474691814,1.1214846939301242,1.21619859442322,1.1146825295970901,0.8071627461826869
173.0951120482168,1.1246316202641107,1.214566610651004,1.1086016990652694,0.8015860713113097
173.49738697391516,1.1333898707847812,1.2203728279551664,1.1087506759817296,0.810053678062893
173.63063212817835,1.1210011682254488,1.2101570496887761,1.0984990709220057,0.8023478776418632
173.84420258884484,1.1179034155431333,1.2077347431044914,1.0944953929319132,0.8039643586782329
173.80807859712283,1.1126937859441888,1.2024254035138386,1.088596368812177,0.7974537751286526
173.70309650375543,1.1179754922452565,1.2126670458283801,1.0987787222770362,0.8016443718680908
173.72761875299153,1.1163005535743018,1.2062840505702905,1.0922423929870524,0.7969382586659649
173.7302148389651,1.1139663205130683,1.2045702675318917,1.092068830159379,0.7995277196198023
173.76221410674526,1.111833895189443,1.2087689136051252,1.0911440921340603,0.7984812065714261
173.73301521316728,1.1180701232906394,1.2112597505066574,1.0923356202780907,0.802799959752321
173.59300954404387,1.1323702840127057,1.2217362486712513,1.1146695587895805,0.8151368912522734
173.50008344432328,1.1364314403063362,1.2274320020636496,1.1247570463497427,0.8173983793012359
173.50390527123633,1.1370862031554398,1.2295898535388818,1.1305239215408458,0.819943579488611
173.57486031424273,1.1351677746631115,1.2254810183075269,1.1221313223941,0.8143216859308817
173.4318165647557,1.1294237212405491,1.2230672210267333,1.1264103929301374,0.813726404080252
173.53464635108406,1.129376372141931,1.22608154070242,1.1265046034685986,0.8162239910405744
173.52420537707226,1.1263146813271392,1.2265435286387802,1.1282948804309385,0.8184145132731513
173.4544479970307,1.1237422059667879,1.2262236107544402,1.1225382340255947,0.8178036720747398
173.34456462435517,1.1199682091240413,1.2251891596928095,1.1221817569451549,0.8180473553463955
173.3001519864973,1.1212254416026672,1.227362642976941,1.1257275120929129,0.820312631603151
173.20428071001996,1.1316000682721492,1.2248930140719618,1.1324034663299214,0.8270439640528898
173.16060642875786,1.1357539642054706,1.2217481696901298,1.1309448474840211,0.826773859346457
173.07961148615348,1.1412055967970849,1.2201126324048166,1.1312014591761341,0.8306533751176693
172.97948200027932,1.1428078238202959,1.2248531573797112,1.1337965316094705,0.8298716391201595
172.90748341514342,1.1412054225182302,1.2263955232465318,1.1405849209177592,0.834821154248358
172.96305594924394,1.1440353010197197,1.222241336579859,1.1413659668275224,0.8369643141195655
172.87093874341215,1.1402417447113349,1.221163393597756,1.1458110782342328,0.8378084808960311
173.02447006368885,1.1435624792682053,1.2168070735632068,1.1504072426300842,0.8439391116936956
173.2408973051339,1.1361403298265087,1.21348126036771,1.1416936916655944,0.841051008681583
173.40160560388702,1.1422802129987268,1.216928898903451,1.1463605900184664,0.850003993367761
173.64311042800261,1.1426543334219919,1.2205437323274448,1.1513431286729354,0.8555725183886024
173.7622736419361,1.1474858075986865,1.2214774598064806,1.153998756768827,0.8609887798580514
173.82992652253472,1.1526627836196077,1.2224860204749168,1.1556442505238802,0.8643909360712249
173.90004099152196,1.1454164815451309,1.2110629756983486,1.1450144132157152,0.8592290587174252
173.87236342873223,1.1500558618977594,1.2085070725091256,1.1453596319413664,0.857180501245256
173.9335831830505,1.1496369886533107,1.20539589031448,1.1426908587917828,0.8588285870025566
173.92389158656275,1.156262101437144,1.2083458005075218,1.144753915033307,0.8601995687850369
173.96713063636773,1.1564959763046407,1.2101804470872473,1.1448950732357097,0.8653702681669037
173.86418939866857,1.164196789866916,1.2102988144151674,1.1424068435322188,0.867992192276162
173.83260777616533,1.1666262131585314,1.2124425258350733,1.1444670607881542,0.8723641551896752
173.77807017781015,1.1660431497133226,1.2096709516330515,1.1452861875052096,0.8744559723607764
173.71457078102503,1.1630738794817124,1.2090268878241286,1.1457298059969039,0.8746328945993421
173.6519971946606,1.1646281649734718,1.2052524016143906,1.1430134908206542,0.8780443323729025
173.52273708633535,1.1607584523080283,1.1983187295860602,1.1315536290115489,0.8657340820616803
173.41419352354345,1.1659094703533999,1.204694151557961,1.142779794521159,0.8706711154369051
173.33516095280535,1.1667984160623004,1.2105131323128775,1.148764241288433,0.8724373715791984
173.2715924048606,1.1705430419019554,1.2139190914435982,1.1541367971926377,0.8770568033230083
173.2048909089841,1.1644602286532901,1.208956870356071,1.1430811222769617,0.8664123969765697
173.12157878882212,1.162342303546198,1.2110872495568212,1.1463028126987014,0.865585416664431
173.1275919216845,1.1659805164999426,1.2103858223965376,1.1437827501618911,0.8690482001221559
173.03354378629564,1.16545904577548,1.2147049205213518,1.1487613951579834,0.8691756130381907
173.0010043488762,1.161521867575682,1.2170948465153555,1.1441102804106889,0.8641583817456436
172.98486890713394,1.1586414183732092,1.215474667657071,1.1428734347565142,0.8662606686222919
172.84095356501234,1.1517223087882766,1.2101556744533606,1.1351074498018772,0.8598810108356097
172.7991459511088,1.15499136978939,1.2104904445873714,1.136519944556153,0.858686575046402
172.85289002878224,1.154812915042333,1.212245043101814,1.1401727981977916,0.8608423734051456
172.86670132509414,1.1601824739842947,1.2084670937108215,1.1340338600965074,0.8622325203105115
172.7739245917909,1.160114763248782,1.21338280677445,1.1416108251548798,0.8624080996230415
172.8608900917606,1.1559862850123244,1.2064329619700478,1.13390459919031,0.8579978362354279
172.9701195962386,1.1589390858694444,1.209976939186017,1.1370296158599924,0.8603756597161684
173.00928796400746,1.1677050038214636,1.2168597834037964,1.146369910924429,0.8655408466442344
173.06365285291093,1.1679537648622833,1.2161016819605162,1.140869756429983,0.8617742293545965
173.11433158191844,1.166700170189564,1.218601887107142,1.1376825880257937,0.8521424254416079
173.1627990568057,1.1648709642381967,1.2221160686310166,1.1371128731117472,0.8460659496046786
173.2710196361102,1.1590830344968643,1.215932445013137,1.127424721554906,0.8372511639585897
173.3435150788664,1.1547901410323052,1.2157337066372023,1.1280827744864912,0.8332163223563128
173.41754853016832,1.1523914766968755,1.213798827379169,1.1294229185105251,0.8336848863426792
173.5470539303682,1.15237702231747,1.2089222476545893,1.1258561716645514,0.8301108322434596
173.7169301936552,1.1523267229721301,1.205587909745019,1.1238165371498277,0.8313860903946263
173.67471600193616,1.1547917322528811,1.2090671919166607,1.1315141761998135,0.8392267800394069
173.63127821492665,1.1626850679820888,1.2157312673950367,1.1390558264023216,0.8464111410234718
173.60477556976105,1.1684508464147612,1.2145301915558475,1.1405758495297653,0.8481556210703498
173.5430175802047,1.1755340049246137,1.2187759357628183,1.1456331524918273,0.8538588041533118
173.57767733211875,1.1769223567617397,1.2264649353421222,1.15081954252285,0.8612942847616022
173.60194526383395,1.1728598726853963,1.2198791306565533,1.137068815119167,0.8489683592785465
173.54280099013081,1.1645477485630005,1.2141210627573449,1.1256622859311614,0.8353274519026426
173.34421645117095,1.1532235183155461,1.2099506071657034,1.1208842530134606,0.8232113821716044
173.28423307176251,1.1488128046395303,1.2069518030089916,1.1206690413194698,0.8240481883158057
173.08144950282818,1.1455883512402312,1.206745952796987,1.1184549371047297,0.8187037468786579
172.85620538909106,1.1484224587074712,1.2146460408428463,1.135292052225855,0.8274125926223337
172.82241495369396,1.1523517419515072,1.2172694611217922,1.1377916091460987,0.8335148951354069
172.73100430072765,1.160159988459659,1.2226115962637443,1.1435442984493962,0.8358726554121063
172.82968242387543,1.1556427531594744,1.212654475579678,1.1307001015745624,0.8360748508410857
172.89722745044693,1.1608339862325059,1.2204965549306888,1.1363223613166034,0.8398175536343793
172.96629781719662,1.1586765257199756,1.2184256117135552,1.140428687381729,0.8464712159187872
173.08942331685324,1.1629494214021783,1.2189138118008103,1.1370406976891012,0.8474226935462007
173.09030680040286,1.1661950865508013,1.2166848351939306,1.1386344722525659,0.8540541205178288
173.18419974958482,1.1642324086676954,1.2111848105193295,1.135681998070187,0.8559175997875307
173.2848491768553,1.165686687047574,1.2103080849296692,1.1404520267968399,0.8608823469500493
173.38996792664088,1.1660465328941598,1.2123745989365695,1.142470917968451,0.8625316691679529
173.42833887406388,1.1698931192032487,1.2199610934564038,1.1454146012694932,0.8622285753507476
173.35420377772684,1.163860060163771,1.223460660736542,1.1457788753536675,0.8599495623456346
173.38239018027375,1.1606482806528118,1.2161945023607685,1.132569057786946,0.8468836532278315
173.17004720970436,1.160347832703824,1.2188969702559465,1.1406130698268213,0.847157410060405
172.98874290510918,1.1582058167563756,1.2162767087060455,1.1367861286365264,0.8406731112744465
172.8053448859004,1.1547425270682206,1.2175380138882363,1.137943731328399,0.8380298877047677
172.71991485441245,1.1536536868908647,1.216091305394513,1.1376850397490235,0.8364129087836083
172.66574369236977,1.1550845593292183,1.2157428152929985,1.1393172388476578,0.8389614282453709
172.6407221763367,1.1455568626368156,1.210234844902247,1.1317988314603873,0.834772651473407
172.598040005267,1.145719847657733,1.2078920020419512,1.1234296018561454,0.8281413901512393
172.4881545054838,1.1354609855700986,1.2009449656587414,1.1214777718767377,0.8234974885518679
172.4269167439285,1.1225592152366142,1.1898226911396923,1.1087708347218443,0.8122773392171424
172.5078615194921,1.1200669770395664,1.1869186985550821,1.1015787946690976,0.8079620527135478
172.49632047519074,1.1228358868519115,1.1917379666493524,1.104891528111828,0.8101810305373853
172.42309723185411,1.1232012018483177,1.1967836777202543,1.1198950414504898,0.8165399528431311
172.42154493498995,1.1286055254814427,1.206025888703802,1.1316093669252851,0.8260263891119412
172.45272474394176,1.133989084728065,1.20958096529718,1.14097844246427,0.8316725413655198
172.39109308646835,1.136197303989752,1.2146575645438789,1.1472602118516098,0.8395602966517783
172.3973698701405,1.1365881340139945,1.2164651706723488,1.1466867733544817,0.8398206165188388
75.49850173153483,0.4198242903682628,0.5188852903386585,0.48409037684671324,0.3379795371060186
62.904944484468594,0.6214190083049652,0.7508613796960119,0.6380648592959812,0.4258291983560187
127.67272922977533,0.14348693935359036,0.4256975322185447,0.3778190615519133,0.3307974818430167
158.25970820621475,0.3620289638411655,0.5963250875035481,0.5419656796406886,0.4395386790357817
166.73574439002613,0.5832282220908934,0.7476263734803278,0.6884557938065845,0.5381077856924156
168.0569401521386,0.7459399303750774,0.8451220166272394,0.7836145568863575,0.5896804953909405
168.14183887082936,0.8552414579966738,0.911132906016921,0.8360300577560464,0.613700592114628
168.12475295230436,0.931009411146844,0.9552905230348754,0.8820600958949545,0.6352760740070084
168.28336133812874,0.9782332970008709,0.9811795113505496,0.9185373938142777,0.6623015410561282
168.32578879014446,1.0151255985786107,1.0064038344811332,0.9453688906702187,0.6835054093447026
168.30583744973154,1.0347653828006838,1.0210208741245592,0.9768788311107645,0.7035860529728035
168.1906243617491,1.0513082637534679,1.036420792008972,0.99977857822096,0.7199028532679752
168.19780067470379,1.0630753124709025,1.052909786463875,1.0131864030240068,0.7293151540734498
168.3060580893907,1.0710447609463458,1.0599035413914415,1.0273795394456176,0.7395596746061346
168.23934706275503,1.0777404552832848,1.0689003885599526,1.0455504389599837,0.7543906291693347
168.14190561158503,1.081933219372861,1.0805310628513087,1.0579176431971964,0.7672460065058769
167.96559747722515,1.0885532873520671,1.0860496694885857,1.0568269028305914,0.7712915659720689
167.93488558465265,1.0927989445444044,1.073779595667512,1.046586644115432,0.7687064277691594
167.80478467338358,1.0941790528169022,1.0595236334689357,1.0375259914242534,0.7671506011330705
168.03615484604774,1.0916650299050656,1.0692636110151554,1.0371812317988216,0.7686114406807331
167.90695364933373,1.083807681954642,1.06672711860205,1.0325987342695173,0.7660589790967008
167.918629106274,1.0843405961443566,1.0723659585819705,1.0265320987088362,0.7635144876887057
167.88862698908432,1.0821734808940002,1.0680615310784976,1.0195647040930855,0.7621160830644199
167.92970709784544,1.0822743749770685,1.0699203691294241,1.0169604191306367,0.7610479495166721
167.90962472428694,1.0842392789756732,1.075121305693329,1.0183885171110358,0.76855697170568
167.84783467533643,1.0803494600147774,1.0661913198639692,1.011064869867218,0.7620907966948149
167.85631364258396,1.0777071230014468,1.0682510587135736,1.006387476141445,0.7568113797220082
167.74983200183775,1.0828839579296285,1.072949098829369,0.9965829744626876,0.7366837219825683
167.7252873286269,1.0746264085181687,1.0758830138758504,0.9851974017994487,0.7260936543099213
167.68364014710394,1.0726418680268022,1.0868928203111632,0.9780309299456136,0.7155354891479714
167.67834612131398,1.0722347444493934,1.0883489461221578,0.9727706446555973,0.7140040892522429
167.79144601129317,1.073936010281621,1.0913046004372122,0.9767679674723401,0.7147747282419619
167.94308642658027,1.078783710347788,1.1014853637296116,0.9888891504946871,0.7234792849879844
168.08704735272528,1.0813633538003307,1.107352989044114,0.9989259061990502,0.7337718875352658
168.17263202359618,1.0880355377905304,1.111577130569769,1.01388442976403,0.7471993291711092
168.27566132164492,1.0806153248142598,1.102220370993577,1.0276369119588047,0.7572038083010605
168.12424797884614,1.0702363220865394,1.0857497307458392,1.027385647799421,0.759765783550861
168.07220215699607,1.0564110424250708,1.068227987863084,1.024249014506932,0.7584170750609814
167.9714236171567,1.0499477021941996,1.0614994358203138,1.0201088392826274,0.7541407749415009
167.88533886652604,1.0523981045163853,1.0544717958340553,1.0248972486620558,0.7579334404647882
168.05981796876776,1.0593192804890612,1.0423112675849124,1.0245835631441242,0.7595076571488152
168.18106994004577,1.0643652955267424,1.0389623394570677,1.0248323600637614,0.7609539418678345
168.20189470762722,1.0595301433730382,1.0288422909323613,1.0141442966821503,0.7549529709092163
168.20571099520654,1.0530344930822466,1.0315683134936817,1.012706909883973,0.7519267123733225
168.16247033167573,1.0541946754541536,1.042243352331854,1.0116351856114434,0.7492536599567543
168.1169790730189,1.0540928641799716,1.0339363833430013,1.00405938867751,0.7456828262477294
168.22439808504157,1.050582107320202,1.0317870728700984,1.0024222005789507,0.7511212676475103
168.29432694682538,1.0458970324921093,1.0347754670049771,1.0011094654869357,0.7528174065344865
168.24070296427143,1.0351873009076733,1.0399643243296264,0.9891544102589082,0.744809108522814
168.24004435267156,1.0385219930942975,1.0347841140383534,0.9814641707117464,0.7454624540910957
168.20552396975637,1.0448129243582776,1.040035886333774,0.9827451855402568,0.7518332850004571
168.0332922683253,1.0434284591447827,1.0458511785113955,0.9823300662418112,0.7522538123383122
167.91016591624944,1.0430298487824847,1.0524703751859683,0.9852568059877492,0.753778958410421
167.98686687137865,1.0468993394546786,1.0535266429145165,0.9922715863204488,0.7617416565715106
168.1309056870285,1.0468606072342304,1.0565369779520932,0.9968775828396823,0.7670164831278795
168.27226156332762,1.0489393415028665,1.0552754365212758,1.002728686495097,0.7726563971313185
168.37341792383148,1.0516581645888399,1.0560891681261715,1.005784861981608,0.7768081914286675
168.3323059412418,1.0545952620714554,1.0573697642206605,1.0047632452128152,0.7760298724240086
168.23628139622178,1.05649198848599,1.0566023922739625,1.0099041520294243,0.777569360948595
168.2902471033079,1.0545281871972614,1.0571955780163593,1.0150272380582899,0.7770951678007888
168.33850790136967,1.056303408278447,1.057145987214604,1.0148373847079175,0.7765193623244475
168.16838262153038,1.0570186570347293,1.0590809478200123,1.0140667962287302,0.7754683529251712
168.12554233940406,1.0600553687753373,1.0502191306397846,1.0139110942442657,0.7762690695074812
168.2285349592778,1.0628985267563535,1.063530439278046,1.0158492779585695,0.7780299799625942
168.21638819149277,1.061311549324734,1.0660792609354606,1.0164036655666744,0.7791036272226047
168.31256925032235,1.0603829500399302,1.0718386532856519,1.0164250161117532,0.7799661772338102
168.23473535982862,1.0578577326132907,1.0753346161125987,1.0159758541994426,0.7781518720051342
168.3851578660209,1.0581130205221956,1.0711470832437202,1.0160225440949324,0.7798766682990744
168.4411085775781,1.0608742689735735,1.0720284158517435,1.0165095075023394,0.7823803240028293
168.46525445629806,1.0624619225163223,1.0686679174114797,1.0156235742602977,0.7842664441708215
168.6334406650133,1.0629339471621235,1.0682974565091883,1.0210466014147566,0.7863175696376252
168.576698676623,1.0605673919082412,1.0674073027731716,1.0194583379645548,0.7844493137193554
168.66683816338747,1.0555604527510862,1.0654054896894618,1.0195137913029197,0.7806829041962629
168.5895623890895,1.052405312214387,1.0666448602557996,1.0183775069237206,0.7761216027092754
168.67112090534437,1.0526645375028265,1.0668380369415564,1.0177545621852853,0.777485323139873
168.4743657533183,1.0468970478632822,1.0697077268353359,1.015123384990137,0.7754758711513282
168.48232575851563,1.0466237414682444,1.070715687479663,1.0179598082880557,0.7777197796372197
168.57814698056163,1.0507734305164211,1.073039261362085,1.0222454113212127,0.7807047557235126
168.52111111606496,1.0525725173623133,1.0713433662740617,1.021448127913925,0.7818480951398747
168.49807399568977,1.0550521060077545,1.0736094651006873,1.0239890594985412,0.7838939263113875
168.4762575423844,1.055179174848398,1.0761295759680383,1.0256613616800094,0.7835003159528309
168.4220345183742,1.0519171421670022,1.0776948008948353,1.0253168561738077,0.7808131776943731
168.2151467694478,1.0482249451825165,1.0780246374124294,1.0275555938037229,0.7778390076890228
168.03361492349606,1.0508141666033117,1.0775528319221195,1.0248814505474853,0.7752997172799793
168.120482611602,1.053276687294913,1.0860100365509953,1.029873656448141,0.7775764583182329
168.008230981259,1.0547792673169536,1.0914657296160637,1.032586603920732,0.7808767780331658
168.04384151750608,1.0583923308728544,1.094826845724701,1.0380571284410758,0.7860815996282903
167.99124194601623,1.0643595173555698,1.0975616964232804,1.0412286863676574,0.7893063256577336
168.05353184403964,1.063707840393978,1.100952357873531,1.0462623254158783,0.7920129361850383
168.19197764964477,1.0642251265434537,1.1066039660958786,1.0502495384612307,0.7960332226892672
168.09468416802812,1.0670175292849329,1.1066938105520074,1.0532578795622132,0.7960029224122781
168.04302990764586,1.0689496410590933,1.1099048894161032,1.0492182031273325,0.7937124120276017
168.0898821368457,1.06826728891586,1.1147297205627535,1.052931875633868,0.7937656979152357
168.0905785638538,1.0686773914904533,1.1102401723081472,1.052627120834841,0.794281444641618
168.11669509393198,1.0672226433190153,1.106878773238123,1.052373337895012,0.7948162295194768
168.17287039252196,1.0645003758068647,1.1052380537534376,1.0520114399851839,0.7945088982790465
168.17252540577095,1.06488565455576,1.1063049249312578,1.0572512354446943,0.7968374286586588
168.0258123039932,1.0702478242929736,1.1028666411076196,1.0612543223702673,0.8011699949463555
168.0021746744934,1.068206687704978,1.1063326708643852,1.0644886214155125,0.8006849514268526
168.00698673523408,1.0634769997074611,1.1117181679423596,1.071734907396896,0.8038780688235675
167.9073671725246,1.0626275299280585,1.1036068338335707,1.0725266740174773,0.8059281561830085
167.87625757349946,1.0634230577765815,1.0950461553743145,1.0740047096699328,0.8115864384451458
168.0089490475427,1.062018405957077,1.0829281074221604,1.0703325779185797,0.8141916140108577
168.0938389141686,1.072745182131108,1.0854506684787684,1.0773642092450995,0.8210146415348727
168.1156649416251,1.073060549863314,1.0811140019879024,1.0726379405710909,0.8184280341961576
168.26520317921225,1.0700675951839143,1.0833433790827363,1.0659499896420228,0.815662745396491
168.21945091986305,1.0650363950246482,1.0854472023115072,1.060886276988412,0.8110012848445987
168.4229768076971,1.065472982292286,1.0784894255105835,1.0549335914619973,0.8067522938615448
168.50384535517864,1.061178187151613,1.0809902773899531,1.0535981953209654,0.8046378339305864
168.56981136334167,1.0640614160453135,1.080963587275331,1.0549686451917206,0.8057937559756024
168.60232457861304,1.0607661748815367,1.088495542059365,1.0591611554892824,0.8075769095213913
168.55209847203756,1.0538160188520762,1.0925189306576386,1.0593389167801879,0.8038631256640058
168.59978526845188,1.049203870457699,1.0953689739707204,1.0620205428931382,0.8023148618116979
168.65377980516573,1.0445195549150939,1.0953463573667122,1.061449416787798,0.8007848838770741
168.80638411889007,1.0429556590280327,1.096956012845676,1.06338768040195,0.8021081209361078
168.6681568546138,1.0366324090584627,1.09478868534702,1.0581581049799293,0.7969859253653007
168.75221611048073,1.0341986642912924,1.0921922496955379,1.0582154674395807,0.7965886383313472
168.82909579691378,1.0344150302562074,1.090926617419211,1.0595155897045498,0.7968301682423251
168.80913197834437,1.0357212345718374,1.0879972764651349,1.0567927757385367,0.7954306981630102
168.8539791839478,1.0382971518759896,1.089331295836438,1.061666366611393,0.8015683864861998
168.88370768161943,1.0363961333999168,1.0880724352325364,1.0629635643531432,0.8036487759421918
168.890624987257,1.0398257897534915,1.0879004565764978,1.0671206193257774,0.8061276735986916
168.83557369583716,1.0471618584343647,1.0807192818246583,1.0634818141238573,0.806690313688281
168.88848754787995,1.047560067492933,1.084483586780469,1.0648102024275994,0.8061972610235485
168.77110345788958,1.052202701157467,1.0977028523456056,1.074053180305328,0.8126353207679234
168.81552971890085,1.0506824080146695,1.0939197255805724,1.074276388341228,0.8136697929351727
168.91402643503918,1.0461643878011828,1.096625348761219,1.075793845033225,0.8147722721878492
168.91687470679523,1.0482528400328293,1.1004187752013246,1.0787982292206184,0.8166004660127173
168.9471760205667,1.0511575642550892,1.108643463226673,1.085271014487959,0.8184386051874979
168.92207530865377,1.0496640926290381,1.1114688984358416,1.085234035146718,0.8172396933738406
168.85357698569823,1.0521031443403577,1.1179785972822953,1.08945173411686,0.8177824423754316
168.774055479259,1.0456680342269642,1.1160035415528233,1.0843467006064855,0.8141199879238333
168.68188335193648,1.0451651878516013,1.1175583840597483,1.081647405444502,0.8098761122702218
168.65448431933132,1.0477863948125328,1.1155242961311511,1.0839308508540224,0.8104615872250566
168.71541933950465,1.0475805885521077,1.1077205792116547,1.0821130780570039,0.8101032958140459
168.75145580965702,1.047927451083463,1.107263687795815,1.0817171988730123,0.8087006870803185
168.67405090020748,1.0525881874771674,1.1073811175238943,1.0792114445419116,0.8036801135536534
168.76525956221346,1.0535162427300653,1.105893605156448,1.0776607685555362,0.8031435526956504
168.82049442117395,1.0570408324471954,1.1104079844886463,1.0780849219859652,0.8050517410860543
168.88097711045293,1.0643559929293602,1.1028941567548862,1.0761315418432027,0.8061397114991928
128.31070263582865,0.13987691312513073,0.408667372178883,0.4000950391755912,0.2820214794654144
168.40529977971525,0.43509039605577154,0.6937851842920916,0.6866782648706121,0.45539603978666876
171.48597522519725,0.7448433331310401,0.954942038253021,0.9559377972533052,0.6312585133316808
169.78115334374976,0.986029573021132,1.158867401501028,1.1726146652393958,0.7847625251755692
168.60271708536777,1.143922978518135,1.2839820898968088,1.317803541040341,0.8892235335543132
167.8343599309765,1.2326474678606394,1.3482937033808784,1.38572085796295,0.9378929560889496
167.0248990071419,1.2863396268863456,1.3870426383777859,1.412573034686831,0.9552660167540424
166.47000805264284,1.3309712755733616,1.4066667645344877,1.4265264334142804,0.9711550413652067
166.09230452550278,1.3707070975934466,1.4193343290361233,1.43359126329863,0.9874191481150225
165.8444079788016,1.3931958473227446,1.4272387133776538,1.4320508418860964,0.99829579406816
165.68993020880356,1.42042907276947,1.427050753379986,1.440333738757263,1.0014047219081352
165.52340294630875,1.4573361630016355,1.4361668889176533,1.466909529634881,1.013776343126481
165.20596684683568,1.4825010155155613,1.443597078742803,1.4789801303716095,1.0235336394959513
165.07984133650925,1.4986471016122391,1.4416291385266373,1.4909940181998749,1.0394252559544894
164.87880393697762,1.5097686925458953,1.445395733978623,1.4936208761680347,1.0429686713202215
164.74301534827154,1.516949095670358,1.446472348238727,1.4855305622029487,1.037370240581862
164.61001770460769,1.5228054610062753,1.4637479010146124,1.4980820835692625,1.038887752832128
164.3484021557953,1.5380982188297116,1.473816970906325,1.505065267238414,1.0394787908725538
164.35192638697598,1.5475440342453448,1.4549387168404513,1.481980556905397,1.0398249134443247
164.34529209786024,1.5472968085008614,1.4478999613037193,1.4718402643769137,1.0329610945618852
164.39595070463753,1.5203560048750708,1.4346363478091264,1.457664345618974,1.019336402120344
164.603278033682,1.4985285505062287,1.4212437631416088,1.446768490459438,1.0126439897827197
164.86095839477053,1.4793051754823046,1.4027164680396762,1.4299151629122748,0.9888007869833312
164.73440291371034,1.46106024835045,1.3851941282676543,1.4160978130744832,0.9664010834773855
164.68653093098263,1.4560571376782347,1.372421748561737,1.4086882917337347,0.9610786808396324
164.61355499835463,1.447125070165151,1.3626165193660464,1.4084834461331908,0.9561025333931971
164.45530471614077,1.444778466612824,1.340225541025455,1.3965022025761136,0.9459021984257284
164.4566672894462,1.4429582933546077,1.338077854846097,1.393954091626623,0.9352289958172872
164.61246164156307,1.4334560099159601,1.3351049882538106,1.3937545822131059,0.9360345936843136
164.7492172628784,1.4285575920743214,1.3363048925300827,1.392947188315657,0.9305532845618015
164.72700611598958,1.4251037393629646,1.3360767616025626,1.3933139140709414,0.9289292465574411
164.85035423084398,1.4269731029897685,1.3388334942841245,1.4002510957227763,0.9226930989925427
164.77059477233814,1.420686764103797,1.326393311547653,1.3817454139427567,0.9104166094407538
164.74776705211676,1.4332852192332952,1.3331405959493832,1.3882900107240241,0.9109028780050864
164.59377327054744,1.4423695700215438,1.3396059937238274,1.3995028729247925,0.9163338916138654
164.6325844087229,1.4559355488541739,1.3567283218923567,1.4146102827301266,0.9265441510689479
164.66373096478702,1.4564422759818916,1.3674205108459394,1.4265669788622037,0.9386309983605126
164.65199057742208,1.4561524123458451,1.3709757361433674,1.431153543339124,0.9510513162026742
164.75318482806887,1.454045670317844,1.3796858858082865,1.4395902823677207,0.9651852560702338
164.8814660444947,1.4531985919595547,1.3867954336566313,1.4522740737774689,0.9782859014511474
164.97098435152418,1.4545739995354814,1.385746586143323,1.456177277072052,0.9808553858125046
164.95501804516073,1.467427789940711,1.3876734076390618,1.471934056092851,0.9989901559586993
164.9452742634005,1.4762918319689202,1.3824196579137435,1.4741617507232716,1.0082204097271392
164.92780087234317,1.4785552640630244,1.3834135292430105,1.4776783303508683,1.0123464453000732
164.81478013784786,1.4795203092625773,1.3812738703334724,1.4817308036599757,1.008856338983926
164.86861788119234,1.4851312832116834,1.375454653304921,1.4821573740878795,1.0027237660212711
164.9372904364673,1.4869184503052972,1.3750409284540357,1.4722490370187038,0.99176847259573
164.9070825072865,1.4795923141887146,1.3746823921967908,1.4632013909814934,0.9800607611744417
164.99908012577578,1.484510304457584,1.384895474184614,1.4663601959553407,0.979274905437345
165.11947744073126,1.4847762580853476,1.3959189913397583,1.4732503878291385,0.9850697772626084
165.2660849303145,1.4814364636825204,1.4030988064408123,1.4772013600876246,0.9887894081016879
165.30296378348112,1.4798998576380498,1.4078388001669573,1.4809096556745005,0.9927691401341427
165.31396547780167,1.4735066648463804,1.4073203199021833,1.4820362615034013,0.9977191497625448
165.26183900199186,1.4718942239296056,1.4075967410853534,1.4869165098973862,1.002604858386836
165.24992518616665,1.4695370133433134,1.4044810198873827,1.4903526263135192,1.0065493355082133
165.2858497473673,1.467519317745308,1.4045321269416713,1.4986330765496203,1.0112175586339514
165.25176653753212,1.4667482120043416,1.4061668241761844,1.505068153737866,1.0127864334630734
165.27040254702501,1.4700872706127566,1.4111309270173464,1.510331491074424,1.0177958645583565
165.31673263973045,1.4724989788924137,1.413706928134237,1.5116390366322399,1.0191390304817074
165.32769151595815,1.4778324465110073,1.4095474928772342,1.5091240786183069,1.0200749283547565
165.29474043192013,1.4763169294543623,1.411152483706442,1.5043225064267582,1.01835887567479
165.2731900364537,1.475402580054198,1.4140944591758893,1.4960940978166324,1.013052473176077
165.2320339885559,1.4705984541851052,1.412523705016698,1.4866032700399858,1.0074447658391046
165.30248782636983,1.4748746006979805,1.4124895244103859,1.4884889971048352,1.0048634007380361
165.17033412701014,1.4711552250632538,1.3960235253364113,1.470861686279111,0.9929135859007091
164.92110701002667,1.4662560735471308,1.3810315038756225,1.4413904782431608,0.9604635682247437
164.81660332663023,1.4397776847785284,1.357148248971664,1.4033493141240625,0.9359476180607815
164.99495704999848,1.4392927861120215,1.3562592029529803,1.3860322092406545,0.923674628705123
164.94021320566583,1.4209850214261424,1.3459675331065257,1.3569341207441878,0.9099229581837887
164.7948248202252,1.4143103105364878,1.3421961524979924,1.3508595842670184,0.9082637220166282
164.8899840017434,1.4163011226849738,1.3508708582960243,1.3554061951464234,0.9147196051807954
164.9244164312409,1.4301273133891692,1.355932261037383,1.3795588126896758,0.9338334896595976
164.86044613642818,1.443740778841721,1.372580657506426,1.3958772081792168,0.944511675524344
164.89804867930104,1.4577981073584627,1.3799128981321738,1.419966517651856,0.9590511553990665
164.87997056967146,1.4601416105026146,1.3793386590404546,1.4223236348636814,0.9636571354593846
164.8485547041158,1.4617859278254663,1.3749918088738093,1.4264570366977771,0.9632408514097957
164.89806555925628,1.4612249389475183,1.3726270804874796,1.426457963468041,0.9617450405729271
164.92107357085223,1.4651217454661396,1.3799939603506735,1.4296996657833945,0.96308632023763
164.97921968505193,1.46495829122585,1.3896002582858415,1.4332253833060693,0.9646860788909472
165.00879739152114,1.4618906375244252,1.391832212851616,1.4290950191553793,0.9567553466106528
164.99709386821854,1.458799629831838,1.3974352330220747,1.426729889015087,0.9494551190187439
165.05382902802998,1.4548340661243073,1.3953462469834346,1.4290628306907376,0.9465267297290392
164.91038212134578,1.4537156388772239,1.3905860882805012,1.4281426178905878,0.9466929233650243
164.83404742379602,1.457261049924101,1.3761807664108472,1.4300016263695234,0.9520896558167673
164.70642581436948,1.458600521050284,1.3729479403737384,1.4321556734618983,0.9591507148646539
164.63371707732014,1.4683901994351711,1.370868455179273,1.4333975838990516,0.9623887346125238
164.62731432360135,1.4727243025014245,1.3550816095757927,1.4205467259301516,0.9546255007148176
164.6406221394082,1.4729341686700375,1.3588165733246818,1.4185312745954464,0.9476501322230311
164.68370318307046,1.4786286475114827,1.3672579714091688,1.4214251975118126,0.9451657750751881
164.71959370612768,1.4844449841651624,1.3787601110393648,1.4311437861933578,0.9448617664631954
164.7733628437806,1.489965956261048,1.3864910265268788,1.4354583068608173,0.9430469153337798
164.82214280784757,1.4899944303228045,1.392277189507831,1.4416096695191631,0.9466413607157949
164.85509939406623,1.4871943839279331,1.391536331137159,1.4447016212659516,0.9487288537547724
164.87251579500972,1.4849463943879417,1.3901028884299955,1.4458495716359663,0.9503564815471822
164.84457684270066,1.4779967916537433,1.3867584372589823,1.4473475457099811,0.9520804026737333
164.85647020394129,1.4783984367317013,1.3941614102435225,1.457446175786765,0.9582480985059281
164.89123684346137,1.4829740441199524,1.3910502330099674,1.4701737102484451,0.966718564637923
164.88537099510106,1.489289540815543,1.3994926786561692,1.4831633262169204,0.9722932459707339
164.91659048168003,1.4895745644475096,1.4050363837612871,1.4810917984145244,0.9733640125966039
165.0340465371311,1.4866243689854237,1.4045085093291219,1.4790563011184383,0.9695542941858407
165.09371731026263,1.4854137857510876,1.4032087084031575,1.4757187667346858,0.9694858754038094
165.09784046418005,1.4865182391931846,1.4039193653056405,1.4758375302854485,0.9733175004633073
165.09932497995752,1.4882249975007487,1.4049546796577284,1.4727446719514812,0.9734213448506666
165.14218407036904,1.4925944305130285,1.407730147887704,1.4707916148245823,0.9730395855504053
165.16222490076026,1.4898811522546547,1.403180384526414,1.46750396529656,0.9742013057631624
165.22716205836417,1.487300148398489,1.4040113784642938,1.4667998265647877,0.9770096509431258
165.27897546138877,1.482630885273123,1.3966474514088079,1.4634800731657438,0.9766985164976452
165.25878210178433,1.477231814917763,1.3931507890131085,1.4577278110466303,0.9743352354523057
165.2681297570485,1.4688022606101756,1.3886291192700215,1.4512285699803484,0.9701791404840583
165.2556222009881,1.4630319968413892,1.3848887661604732,1.4451666072274105,0.9615987402930618
165.2455283478518,1.458735531277948,1.38032881666909,1.4424628670823174,0.9593018574413349
165.22649972907703,1.449218116271414,1.382054980915249,1.441679113847883,0.9570323522600643
165.17931608874662,1.444011367923172,1.3850949267993626,1.44701082278497,0.9583676898159645
165.1872705760764,1.4375816302444937,1.385163078824621,1.4477939505247779,0.9608927971854994
165.1487397853648,1.4325392133036448,1.3820979828934061,1.4435915156625165,0.9593283489839826
165.09240595293554,1.4343957157070142,1.3813500502569667,1.4419107397280466,0.960364110787684
165.0714864937316,1.4387025062622683,1.3836165408270324,1.4422790114347577,0.9647518237436649
165.13259436684766,1.4432954951663255,1.3870513635191715,1.4462575807825442,0.971058269220591
165.11250450662746,1.4471498333048052,1.3897503959316853,1.4475659589621968,0.9740532377955634
165.1687453986269,1.4516244117420933,1.3919757709601543,1.4528448246190997,0.9781110070007278
165.2243718768718,1.454068934681935,1.3960443244506309,1.4598594278503898,0.9853546695644456
165.19475299467047,1.455582410068252,1.3985211120092933,1.466904814326962,0.9912707992642126
165.21394778460893,1.4558875144591341,1.3969726384563879,1.4677183384040537,0.9941380337804206
165.23775888662183,1.4594088581536275,1.3950650619679978,1.4657389784711377,0.9958466493743483
165.232712201369,1.4575976200221028,1.398384282258946,1.4643764226754092,0.9961271174509769
165.26270064115144,1.4592221665874783,1.4002345629946118,1.460703194708,0.9946517799195947
165.31741075462054,1.4626424185112477,1.400353970370101,1.460949186034821,0.9944947183266389
165.38558534709696,1.4625268535270501,1.3964728116198821,1.4580408502308724,0.9902101647280727
165.2538110170767,1.4616473953682865,1.395063474334478,1.45553409437988,0.9851106977999042
165.12921175515956,1.4555129280451398,1.3844945142110519,1.4445070911132512,0.9739890061129073
165.0286461922993,1.444574252859673,1.3782996051918868,1.4448524610640516,0.9703172766170642
164.98641834086777,1.4339093895851098,1.373862979084461,1.4471909649628596,0.9684362897334073
165.0014795742773,1.4257194911190447,1.3686437774217979,1.4442036982112314,0.964757310290663
164.94251222658065,1.4213344915027395,1.3585081636828764,1.434562673029601,0.9541303634200334
164.93902971098646,1.420288542679739,1.3515728826618738,1.4319405933144147,0.9533973673101167
165.01743886800222,1.417157221341331,1.3523582657871793,1.4363609118653708,0.9540052268590244
171.70979994985493,1.1030066782651693,1.01519546361512,1.2799107495123447,0.9071001327995373
171.30469088839575,1.1483087345002991,0.39206151643620546,1.3211708855948874,0.9304232496892059
171.15289697049099,1.1753916984417554,0.24997852033143325,1.3773560277608015,0.9656139680540131
171.02221294041792,1.1887657159692817,0.5827232314537614,1.4056977838604359,0.9854757685514083
171.2454302502238,1.2083071077128527,0.8375881547206548,1.4430836951243813,1.0098248891622854
170.74288808685384,1.2245735139864475,1.0237307227517207,1.4555114788406935,1.0209430366162227
170.48462298735245,1.2561727916218333,1.1742314595255774,1.4873160298636798,1.0374578397271381
170.17907322664288,1.2639213294507359,1.2782361667209983,1.506088349487616,1.0541039961924996
169.90545535044123,1.2893559215113062,1.3672225786157617,1.5388546063563726,1.0758233642289896
169.5814864346615,1.3288566501861812,1.4357249307370508,1.5771741826113481,1.098501989019511
169.48577953986174,1.3573116494883721,1.4817743792546694,1.5975647039705403,1.1146709565540553
169.2816035515948,1.368514071807762,1.5105487383697165,1.601972891386625,1.1248675342069012
169.21910904923564,1.3831696688225426,1.5253396522242995,1.6020024156939852,1.1310713699820905
169.04177028649667,1.3716664548497939,1.523593874978419,1.5902184358114964,1.125991274473729
168.81236952673638,1.3697134004075415,1.522336061914935,1.579103991427017,1.1224454707416898
168.6604905958878,1.360965258432959,1.5066239482189612,1.5648142433801064,1.1153748341310832
168.35192528083934,1.3600204275000969,1.485309423598678,1.5420770637298382,1.1031402710492306
168.31325298142437,1.3355309308477474,1.4551084514851578,1.5148563712154128,1.088409866034177
168.300367039747,1.3102426794914581,1.4317332047613542,1.488984179313892,1.0775730205422291
168.26728745394954,1.287336089489801,1.4241811917057,1.4758415384760097,1.0669260990000538
168.14306203934956,1.2662755571871187,1.4139065917719906,1.4591281746452607,1.0583028975060258
168.12242345804438,1.2561906060122525,1.410778796074307,1.453681446181576,1.0596560120158454
168.0460610070271,1.2487212670001715,1.4063192764194967,1.446301819717793,1.0568432629615456
168.1683313110573,1.2608684092041558,1.4139788141128384,1.4522024001843072,1.0645378194675736
168.10768989626806,1.2773061848462752,1.4077721712059492,1.4615051091660223,1.0790848399943656
168.0743556575,1.2851069557440369,1.383440625345964,1.462558676793606,1.0737115679788343
168.07558946912874,1.292203951412801,1.3559466261980355,1.457329600678789,1.0672705936649336
168.17004000296077,1.3093845412744396,1.3548127902299385,1.4679447748623422,1.0686529845257176
168.19967141503784,1.3146003623442881,1.3311109761176962,1.4683499193453595,1.0644303447382744
168.28749094541033,1.33330653137468,1.326144713595505,1.4932957125503112,1.0679201670820582
168.3402709307743,1.348142092552258,1.3170346123189773,1.494556657001831,1.0693641721711449
167.857325869546,1.3623347513265227,1.2866240860016778,1.4852339660827125,1.0678971228655574
167.66394926429285,1.3728417039180605,1.2938118061068589,1.4761386931050415,1.0639727388592477
167.7471539255498,1.371470119986825,1.2914148419188922,1.4716433549606955,1.0562138722967875
167.582129219791,1.3810228854767919,1.3026081976967834,1.4739940057234322,1.0596971407752551
167.52897062472903,1.3811063137708195,1.3189887906845126,1.473061976080737,1.0567031347122322
167.55541479286984,1.3752589094445473,1.3255497458945784,1.475678579937154,1.05674209208032
167.4615255746544,1.3754417084988784,1.3258375768989175,1.4786986729979212,1.0553623020669805
167.43823361139428,1.3783879777158896,1.3212030821222875,1.4863295275809731,1.056557444205475
167.4442734279587,1.3801767049488296,1.309884365482451,1.4959616839196168,1.063336071189026
167.17720662354813,1.3854848145337995,1.315816061786202,1.5124139953518358,1.0716314969180705
167.13303504680596,1.380480093679273,1.3108065724314437,1.5045998786428623,1.0671795877809211
167.16314164235172,1.3872882494566017,1.3131407610544266,1.5122101363843314,1.0657013628835792
167.32859754070557,1.3932706457781188,1.3243780500679911,1.5114291253786194,1.0630375716025406
167.37558404824324,1.39049123164873,1.3249353270997883,1.5022749137233666,1.0581607728314666
167.30350189733207,1.3846122973686141,1.3180409295581463,1.5000751785638675,1.061509515008563
167.44551074350403,1.3899681226689844,1.3263571324287071,1.5104371472545977,1.0675016147392542
167.5084565379628,1.3907148121440929,1.328693543952457,1.5134687868384928,1.0724063722244497
167.6076177943751,1.3935540967463491,1.3319696605265012,1.5137252003160508,1.0792757575203216
167.52993886447948,1.3793117511350443,1.338022949239748,1.5155398329234742,1.0784910588204861
167.8388107977091,1.380438271643771,1.35550750896621,1.5222875839183576,1.0836573813133037
167.8748058545288,1.3813751962584169,1.3730729286936727,1.5302411748923845,1.0872445962282864
167.6948130491374,1.3841115803291084,1.3769275481213303,1.533769585936715,1.090098877161707
167.75419302352537,1.3861164980787424,1.3789022201797345,1.536032097329762,1.0924364020252963
167.86943423857562,1.3811405563749342,1.3770041145244634,1.523271447852066,1.0929621260500924
167.89526090181238,1.3983638979127788,1.3889271123399476,1.537136748712769,1.1037258753199197
167.64457321095463,1.408112550124542,1.387148756461516,1.5461678889127584,1.1170938617603046
167.55627331345912,1.4183079539573369,1.3952992493731118,1.559249170043321,1.127710428150706
167.54845303136563,1.4179204531602703,1.3976988575637146,1.5565339012387918,1.1282558540307805
167.77509274389996,1.4041837878779815,1.3997972115617494,1.5383515797508889,1.1239493642144396
167.8898786022238,1.4010884803411432,1.4064121863876242,1.5323259452153792,1.125260980094856
167.94834241981314,1.3994921234858109,1.411092424161602,1.5342761626443189,1.123323505932756
168.02670816256935,1.400470247072803,1.4177219244506034,1.5419562439855552,1.1238338316315313
168.2608526399988,1.3891315609494728,1.418650720840252,1.531175387392814,1.1219277059292179
168.3352978149943,1.3934298584997704,1.4123960488513578,1.5332011331988318,1.1215796068635222
168.22674600693128,1.3862884425505135,1.402454775185083,1.5314971950867506,1.1161289254037035
168.33657024032863,1.380292022461562,1.3936128413930335,1.5202033903217786,1.1152629888352188
168.42745985987,1.3733808111465313,1.3947579532512475,1.514615926502455,1.1122321542707196
168.32958140146243,1.3690673231068156,1.3848353019817763,1.512645018279359,1.1110676698586877
168.16157852082648,1.3692133668526094,1.3807717672723931,1.5199513334102637,1.1111764766303236
168.0380485881374,1.376548865046188,1.3905583003306103,1.5354959560274428,1.1141933539557578
167.90188163232733,1.379027636249561,1.3903355097839498,1.5404378498763023,1.1233754581009183
167.5624628417669,1.38354654784173,1.3779308681217337,1.5563157326546597,1.132599027786355
167.7359476360181,1.3839289631957081,1.382582634262516,1.5469578425353487,1.122738531440209
167.64009332238658,1.3674591199185873,1.369393505223819,1.5422587984774758,1.1189907085403885
167.818800364695,1.3712328752492189,1.3661422233210332,1.5353024121327288,1.1216007302373878
167.88571803527307,1.3779958038568203,1.3809349214191833,1.5379438450051652,1.1214352693726763
168.00820827057012,1.3732568013371287,1.3783018700933203,1.531986675101509,1.118223909152908
168.06405931267034,1.3611198102772422,1.3716397413078913,1.5162829354260392,1.1145881131715094
168.06805254066347,1.3633955973074117,1.3794503206430166,1.5133608346926146,1.11517396457767
168.14677435005243,1.3714592502317042,1.3749094234550605,1.5163528139430649,1.1159004305124804
168.26370796931982,1.3703620326045232,1.3799929660902528,1.5079346806324494,1.1101921873696345
168.38896449729313,1.365672595463795,1.3738422059179602,1.5035735940157737,1.1134222383913572
168.40128696008895,1.3574975202805448,1.3680012966664363,1.4947333555274989,1.1034258833614459
168.23442824254474,1.3536512800104805,1.3606672778965958,1.4870480596439588,1.1017528865984634
168.11227251892677,1.3559453251475846,1.3549306679626876,1.4882223313205827,1.1024297781256935
168.0914999290896,1.353303351921157,1.354093615018224,1.4860761011742458,1.0983779466392756
168.05999800915563,1.3539837797847458,1.352364099127905,1.4878997682440767,1.0950893954224543
167.9500513023162,1.358635233381493,1.3534243135262285,1.4947062927836272,1.1001060015446351
167.83320092490388,1.3684673138889403,1.360859580382791,1.4980489461005424,1.1046638577517085
167.7384336540316,1.3727601718801616,1.3553418600913232,1.5025701050931455,1.1071067905497147
167.69284466688407,1.3745445877279736,1.3571998519401351,1.5018473975391777,1.1031176425067946
167.74538891926898,1.3682918046989538,1.3591390869389872,1.4880504767454386,1.0965159956721577
167.82768913713977,1.3678116416748767,1.3657838835567562,1.488341178823039,1.096539661224841
167.62456976334707,1.370765361518684,1.3574006629988986,1.4842249990729048,1.0953629801323697
167.38108861973544,1.3712264543538721,1.3715464462853308,1.4861127292410543,1.0982514347026904
167.28424388527117,1.3750540926719639,1.37239586536261,1.4908291167527878,1.1019003702017054
167.2614088301114,1.3756136390416298,1.369511408599293,1.4914514987377634,1.103414575143768
167.19964046933114,1.377230955477886,1.3544787531330382,1.4925450712828243,1.103350183859753
167.2271417089138,1.3711283939640848,1.3423432537520106,1.4933277490911407,1.0979134167751594
167.32046871904075,1.370275310776643,1.3383505273206577,1.489654458381998,1.098107859942856
167.29807792115162,1.3642847957965645,1.3389830525969013,1.4741395532902386,1.089024818869775
167.23886309663877,1.3615514713055223,1.3239468007083572,1.4807815202400294,1.0897854297250484
167.2085026207577,1.363679856420861,1.3178706157830506,1.493568558492446,1.0917305012680272
167.11544712724512,1.3659029112578418,1.3286626694036507,1.5017373998514507,1.0953789714510507
167.07040981470692,1.3718504701005332,1.3194588018808877,1.5110611623800194,1.0997640338698083
167.10386807146236,1.3679604491359734,1.3209912462527795,1.507242540003686,1.1005831087794007
167.14313087107075,1.3673202497235248,1.312864373815443,1.5092290086758537,1.1013401099349411
167.12764984214334,1.3762466818020185,1.328457580546734,1.5213736347945426,1.1077552678459068
167.14476330646949,1.376347781506162,1.3377739736661691,1.5161143209757693,1.106301842963618
167.38457771637584,1.3788598566031536,1.330391053493804,1.5180572677883097,1.1099586822623166
167.75964746365955,1.3831327724607303,1.337421356795429,1.518956038259282,1.1119802596472168
167.91143790046738,1.3796690329236956,1.3453347877382238,1.5118498166987149,1.113223723148116
168.0371801582782,1.381667136489395,1.3708002469157186,1.5108024480901414,1.1159068148130173
168.21165841662682,1.3818903737964194,1.375835616498706,1.5117874045911077,1.1206074924088567
168.31555740039622,1.3800978261817993,1.3870959618999026,1.512444264376896,1.1283314529134205
168.45175129641183,1.3834179975123084,1.396543998172507,1.517611835675993,1.1324359065198748
168.45257401204015,1.38374777278587,1.3959539099325902,1.5215823174365195,1.137415554907909
168.20703983266966,1.3934827392772682,1.4102064502866594,1.5289548148512329,1.1490282512215908
168.26904267540672,1.3997853671392633,1.402501702471976,1.536475006348483,1.1488245418672334
168.31344596274803,1.4073560205525986,1.4109387623809144,1.5359873314650412,1.1541151645711498
168.21723593412278,1.4133582987801774,1.4119721557205906,1.540087571888439,1.1551037510000657
168.30105775460282,1.4065323876177356,1.3951919235352335,1.5313553144965228,1.1450273349982856
168.1979370849294,1.4115178340047085,1.4121592289282936,1.5243746094470754,1.145973137817025
168.19680424051265,1.4005115280989262,1.4009410514401086,1.5298284975030525,1.136144352965578
168.3404504132042,1.3984088288916348,1.4002409100626045,1.5189020071868373,1.1334386762423878
168.55347620931002,1.3979740227731225,1.4049883217129593,1.5222419323266505,1.1268952916011448
168.59815237726474,1.39446753350054,1.4000690198947425,1.515281523661204,1.1291939185092785
168.65199616950704,1.3899023297277164,1.3971301184174247,1.5192332030289974,1.1260267970030895
168.72354007814982,1.3813695286014727,1.3877850015031712,1.5097538312896208,1.1222750800908285
168.82147103139627,1.3769842638359497,1.3801437539357975,1.5030106207746896,1.1202807743517762
168.84428120321385,1.369868629080913,1.376968346144053,1.498899491371728,1.1205566672584195
168.77852630616675,1.3581821384840744,1.3723630855180584,1.4954693885125871,1.116387735726832
168.73199103755684,1.357113662490466,1.3761883830297257,1.4841969816105025,1.1088132529726815
168.6555985304559,1.3625207199636495,1.3764120938361764,1.480165525150434,1.1084338450591233
173.61673000806604,0.9678767122009438,0.6515548473379149,0.8661846292776678,0.6572464748259823
174.58138882764894,1.0333588464362757,0.19788804624096892,0.913149324733793,0.703408021138853
173.35201667298958,1.1044419617987757,0.18491295220314033,0.9698622424092993,0.7403298001170658
172.14289677278416,1.117336699155006,0.46075714278208035,0.995911517040738,0.7479900805157894
171.2289715772542,1.1041463007722647,0.6682514454374522,0.9910411878263267,0.7381795611214137
170.6805167355204,1.0813262615288741,0.7909446027886938,0.9804344125082041,0.718067921333946
170.19973195625423,1.0713868828731465,0.8625130327003497,0.9872424191070124,0.7153727503340378
169.80984658523718,1.0648580837624784,0.9328720560207112,1.0016381772941552,0.7214822850263884
169.48635593491514,1.060205381005886,0.9844734069108495,0.9956265895134521,0.7146848648531114
169.08903810515937,1.0554133171575257,1.0204424839055244,0.9965994582039053,0.7148747497541122
168.87996143602948,1.0573849757106097,1.0355614722517466,0.9935258132565423,0.7108945506250305
168.4050324939885,1.063116220227885,1.0561668574245637,0.99226512189907,0.7089983228055812
168.20633877265175,1.0607324679113226,1.064472949776585,0.9910848512389722,0.7044275601805238
168.08754932284458,1.0553294117161716,1.067730364830578,0.9908841431115617,0.6979106109693131
168.0652525404418,1.0463698756437998,1.0619450054146578,0.9944412671713839,0.6991454338474791
168.34819958425,1.0381956613618746,1.0617238217757203,0.9965970446259755,0.6997207202326904
168.4534659509835,1.0318027228991904,1.0595437191690809,0.992314188910804,0.6982533805665497
168.48269417950556,1.0343673231584931,1.0569431710110768,0.985835028433276,0.6988126286138057
168.45008924556603,1.036741260479094,1.0693544782597104,0.981724977499975,0.6980641971215311
168.66067524846682,1.047084821379512,1.0829015543919491,0.9839118049253935,0.7055409048255405
168.85277924724284,1.0475268915290172,1.0886243812284886,0.981961410516022,0.7091550186541992
168.93031116893732,1.044428895669465,1.084142043501763,0.9832827287070878,0.714802594502529
169.05255215177027,1.0411690985734594,1.092746570584046,0.9893357980220593,0.7197331666612584
169.1271874513098,1.0445865365526399,1.1104188490823061,1.002144802153898,0.7271431082724494
169.25930001878174,1.046739061426571,1.110211056751495,1.0117592660103953,0.73621786620798
169.3150586315072,1.0514567580663128,1.1168311781357252,1.0204550441586862,0.7449530880100708
169.50570298431006,1.0580444292419149,1.119141357493884,1.028030500922437,0.7506260943185741
169.4258868372036,1.0628550340684049,1.122930061954663,1.0328452724199964,0.7590909537048498
169.27103334296962,1.0713883851981736,1.1272525305479868,1.0387165449913447,0.765615094649617
169.1788335288603,1.0674558944380814,1.1178378014522408,1.0315115654859104,0.7623245921826896
169.25692566803716,1.0711056101667373,1.1112209308151542,1.0279057828851133,0.7633635406038647
169.36685504830902,1.0751323157930657,1.1097546140895758,1.0292559747474324,0.7617173627925646
169.4028661458901,1.0696546149952313,1.1102823404906665,1.0251085373715012,0.754063083559399
169.57327857383228,1.0583547060631031,1.1016156941394561,1.024812075707842,0.748730412562518
169.5800595335151,1.0521958922931929,1.0963892972819975,1.0181843988026806,0.7419674783144059
169.63841989562533,1.0411393294696574,1.0825329298754571,1.0080575656920923,0.7360560260949753
169.8150469653894,1.0428482791288396,1.0829006031510073,1.018818470745614,0.7473724348833641
169.71452085931992,1.0380262151465314,1.0759746038869573,1.0173545691549697,0.7501115405078392
169.79860236763514,1.0438906290461514,1.0715379694782057,1.0163636100580031,0.7528658689029466
169.82712744260218,1.0573213050208663,1.0832486392911587,1.0286807102647673,0.7604620060286812
170.0314371675185,1.0723637242571578,1.0955625339642776,1.0390020400625788,0.767778684541038
170.05123159132762,1.0795376939844943,1.0925529920544663,1.0432778491437258,0.7732066934409167
170.1364053403232,1.0799400690107839,1.0926054256801727,1.040213852762092,0.773236127724128
169.7903415580218,1.0827135343989611,1.0970651620771779,1.027472014174763,0.7629578248590784
169.6204112485625,1.070857175098685,1.0763285007535655,1.0073515753130056,0.7480123360443153
169.63170932003564,1.0593408763924426,1.0493135178262274,0.9821761568371469,0.7311026885676435
169.85869803617706,1.048865638351673,1.0374114114043842,0.9627314414223416,0.7151079317672806
169.612172771821,1.0386270393998773,1.0318685027497156,0.9459826445384526,0.6985769646676236
169.9435212971901,1.0361455623327755,1.0179200850187893,0.9421599265808762,0.6995563777583753
169.63124193321232,1.0404720049039282,1.021104113540743,0.9412096231020464,0.6971584858971364
169.6629935454569,1.0464760295297502,1.0203846514025736,0.9474755994083484,0.7045907219008604
169.70041484769246,1.0500234133564588,1.0220194884330205,0.9479631968469949,0.702418965647835
169.89558056226682,1.0461026114016265,1.016519456420126,0.9489115871020392,0.7076744295090783
169.9624332982218,1.0503588223852187,1.0179989846178528,0.9517553699485358,0.7123026372449293
169.9036678297006,1.0551507206245763,1.008786077116064,0.9485291870316533,0.7115485377234514
169.97961042805483,1.042914770066325,1.010466216325071,0.9411482827066248,0.7016887799675462
169.89140320130187,1.0396768924341213,1.0252499888866882,0.9461317223989552,0.6977065475341181
169.74917443151887,1.043795536536101,1.020258091594567,0.9420599557663532,0.6928823305725036
169.7881911987155,1.0358546799903297,1.0130201391595695,0.9335733413266436,0.6860154856559116
169.72800671129892,1.0287880897237078,1.0055545430961859,0.9215728994379491,0.6838283461712923
169.67849823860686,1.0310635211811858,1.0054753292853722,0.9133494811772153,0.676892053788871
169.58447022149102,1.029981328199139,1.000851751480471,0.8965323551787906,0.6701047929717315
169.7496371598185,1.0314913583807828,0.9975453969460851,0.8938353607408372,0.6696939123383766
169.8870631889248,1.0258887267439196,0.9916597240465963,0.8928231065580492,0.6679709916167622
169.97447398767278,1.0315180406101738,0.9959258576320826,0.9008143131500073,0.6671770181129273
170.0909776870404,1.0312175599127609,0.9947588654995518,0.9015355495611759,0.6662381884486783
170.10839337582195,1.0307834865419534,0.9952244486019248,0.8991366069974763,0.6651100047312352
169.88957120000222,1.0279293669598977,0.9971381845328929,0.9005534617226922,0.6610428129936184
169.91301157141595,1.026629287591721,0.9970122747298149,0.8978155944035119,0.6606934586672779
169.94183946688455,1.0252858037005155,0.9941725669951983,0.8995419363424945,0.6677651927391275
169.93240527092928,1.0202361373514388,0.9902656029281269,0.895117427883727,0.6649675289358716
170.1152772255763,1.0223956705698822,0.9882112555189185,0.8919308700666361,0.6626393988980541
170.0671844825552,1.0278353941660325,0.9933677816007065,0.8926505591837447,0.6672104371718027
170.11301163250405,1.0325875558563002,0.9921491410458922,0.8877375008046725,0.6634366501332987
170.13282224842888,1.0355717025124451,0.99034103723101,0.877673820934316,0.6603706957765452
170.2664093924279,1.0408315304781568,0.9897090794112066,0.8720897392898116,0.6598680873898721
170.32244326307105,1.038562539451375,0.9861277752813824,0.8671174496557646,0.6524559385661927
170.41638577343772,1.0278976128726431,0.9800629419997416,0.8530799858363051,0.6401934775201015
170.37038467789037,1.0267731787240046,0.9848679546423529,0.8581398800064352,0.6409859871248591
170.09674134777276,1.0226490718964893,0.9811494867988887,0.8555317590028285,0.6394090397313266
169.98379524445798,1.0306353689293455,0.9973283061868919,0.8726060325467622,0.6486307099742418
169.92919180685425,1.033170087761194,1.0026824879896377,0.8777534834082704,0.6494012261291262
169.9482087543557,1.0331360805532417,1.0024202544023373,0.8832530482453821,0.652785359471919
170.12158011915048,1.0345622775161665,0.9997633178243694,0.8905925975793789,0.6599790878945381
170.16572017214645,1.0312725443844855,0.9907049184068333,0.8807680597345073,0.6562777166290972
169.86721113453467,1.0278727917352246,0.9801146544775556,0.8667399038268216,0.6488790989263094
169.76739176194195,1.0264626046483218,0.979416141744227,0.8716657372304004,0.6496584280850951
169.6279951875065,1.0243276265464314,0.9877050302576531,0.8805104965280071,0.6542138516387326
169.72436091088866,1.0315761829404324,1.000770027161337,0.9026102314265907,0.6657752256633308
169.9912088876507,1.029678049216609,1.006016782429274,0.9104495964985821,0.6687334242399814
170.087071675589,1.0304524430552062,0.9985694896420533,0.9121666013147102,0.6698073318495433
170.22241404272935,1.0264924658644818,1.0012704817144529,0.9198152505328993,0.67499163093538
170.23797619288865,1.0283507097144764,1.014214762682453,0.9249911609210631,0.6799336846753564
170.4023749336151,1.0280443848226846,1.0189924910711012,0.9218348484257253,0.6794508922858532
170.43963955734978,1.0270764546130964,1.0163082036064583,0.9171071211538705,0.6683635938274384
170.49875049135838,1.0295460578166007,1.0184555197707086,0.9170672935691296,0.6712394992563507
170.61069037811464,1.0297826213248324,1.013387804181869,0.9182305238399263,0.6695793051201117
170.57011480859262,1.033659472707061,1.0134399039701305,0.921438417802152,0.6721838671024847
170.67577762495984,1.0329647769889296,1.00783355987259,0.9155629908505662,0.6669504749691039
170.7624377270745,1.0348667992565617,1.0112868136121442,0.9144411298242308,0.665878100827863
170.81547445556686,1.040201434958792,1.007190103181595,0.9099921381141792,0.6616076715864317
170.94942043087423,1.0427858684477196,1.0018503390714537,0.9049912355922342,0.6602168472696374
170.94434873735327,1.0477214056854949,1.0039269418403411,0.9015991874143997,0.660260646779902
170.9683496753522,1.0482836544932754,0.996467053425431,0.8935750803870339,0.6568276557204298
170.97272010867567,1.0526853235464906,1.0024418662318069,0.892291755744162,0.6583404631654047
170.90322754619544,1.0540420106596105,1.0112810765453464,0.8894106665052741,0.656820121260369
170.79178819831188,1.0535890817244198,1.0126326646739903,0.8860821068604023,0.6553646174461026
170.83328148694554,1.0507105081147692,1.0135408048015553,0.889512776953348,0.6630919640651914
170.79597991916637,1.0537859564586813,1.0139072122759178,0.8916010423952595,0.6621080506607825
170.9694214456459,1.0591005996862648,1.0156411405380734,0.8965172456427449,0.6677434110872914
170.919810022217,1.0554253698928495,1.0131180125370063,0.8941727609325992,0.665118395499647
170.77641748397173,1.0543031119415318,1.0144955994018172,0.8953211340577671,0.6633382188265099
170.70787169614763,1.0577356003444582,1.0218986239127161,0.9017092487300473,0.6664792130640244
170.82895516854276,1.0523434824656686,1.0139864316155494,0.8978136944577859,0.6670462948185282
170.77847836964074,1.0461393012014804,1.0052104229751377,0.8925673863646593,0.6636498490537813
170.7662403311953,1.0431332595398375,1.0009210203992522,0.8918695357340354,0.6625417000988387
170.7220556785566,1.045248732648491,0.991682532223134,0.879182529779329,0.655142488183039
170.6189528950221,1.0435926964399866,0.9995170855384358,0.8824645194182927,0.652724326525632
170.70275904710704,1.0475161425562745,0.9950346383051978,0.8764181168394933,0.6535444392853145
170.81113103092912,1.0495742593146942,0.9909773755147734,0.8699899699803048,0.6510724225662611
171.02274479923474,1.0550392009202045,0.9868052243991625,0.8662148195646612,0.6528969026522774
170.9317593855189,1.0498600266493878,0.9921993692780755,0.8678534653465187,0.6508754656668236
170.90661622652496,1.0446581439847453,0.9933237875343249,0.8692857114620278,0.6460444272222859
170.8339070802952,1.0408775323508508,0.9959880371588156,0.8742228938529953,0.6480462081815791
170.77569627870855,1.0407102923609095,0.9973273812547596,0.8776305520083693,0.6481420247771368
170.6146520423336,1.0391442884308828,1.0043963635112458,0.8779799773044094,0.6491627982488116
170.62818008273985,1.0369319427186483,1.0027715410667333,0.8730780090834321,0.6485873239460299
170.59594317690576,1.0330902020866881,0.9997231826952242,0.868566479397844,0.6478855333870102
170.51729607079847,1.0319694252171354,1.0055046938011052,0.8751092460308906,0.6471968014910572
170.54773792236784,1.0297339269915045,1.002522862528965,0.8727140729851036,0.646141221713011
170.64356074015168,1.025501239453895,0.9972280035649426,0.8673691732851224,0.6410547031166112
170.59312371096695,1.0278091847073827,1.0049065905474666,0.8696109903174476,0.6392127612128875
170.66992184368198,1.023788196549528,1.0036618409273228,0.8722577501132781,0.6404975112032184
170.9139006211484,1.0246094962850207,0.9949188263371639,0.8649892807425343,0.6385814861806166
171.00471572557518,1.022599028375542,0.9922153036053553,0.8560967553330954,0.6293762345461369
170.8272353323579,1.0199503043269125,0.9943700189934899,0.8536056531754034,0.6216321119106952
171.01152518358768,1.016031900104233,0.9908730136197826,0.8571001797447008,0.6210840243348166
170.81404702137345,1.0144176682055428,0.9902696121375566,0.8539869111712787,0.6169889120631896
170.59175087788623,1.0129440584208573,0.9888759184639238,0.8501052209093254,0.6154841690335273
170.39138820990377,1.010474651157696,1.0001442346035718,0.8638135705368918,0.6231401130832234
170.31164594597445,1.014416897997839,1.0012128440222556,0.8702750702575488,0.6270098960492166
170.27131800266798,1.0143069263749342,0.998367549287271,0.881093633952564,0.6382950502323996
170.2521936783556,1.0104130533444162,0.9970952815714019,0.8842873894259573,0.6405803398257897
170.2885020299308,1.0092812467316665,1.0054858128601472,0.8921108802161289,0.6405525344737802
170.19153956838915,1.0064567574346488,0.9995804859870288,0.902505172329635,0.6495016064733772
170.0936372294716,1.0048068693042798,0.9987786573921283,0.910923469738821,0.6621666418485881
170.077817514319,0.9727493721144701,1.0471646323914263,0.9623537578421804,0.780584618623505
168.86291216389213,0.9766235449547214,0.4231675712976705,0.9514687469795279,0.7538027630428683
168.22101116117165,0.9962134420445852,0.1722649780726436,0.9709846072640816,0.7566187035276404
167.60216492348295,1.026489272690783,0.3697262724014195,1.0189725020679452,0.7704630455474246
166.69340930317884,1.0449318324976542,0.5677357378964991,1.0504580548780142,0.7811834189844666
166.01653089373167,1.0830283648651862,0.7335843413765564,1.0931019566580615,0.7992342239029999
165.4802491078137,1.1184419299280548,0.8480669247000212,1.1320454630570975,0.8136690183215081
165.4721980880437,1.1501588415297452,0.9529290540495021,1.1794878974844583,0.828154173781371
165.73344731525182,1.1625557043290562,1.0192291572567207,1.2058968841437283,0.8386526700888872
165.99773172801466,1.1755253851439535,1.0762299604516066,1.2268723963964034,0.8495136876480155
166.05500377951194,1.1823671754176075,1.104779855245871,1.230201637236895,0.8560545186149491
166.17038171674614,1.1994767046863863,1.1548426720149052,1.2437376122940664,0.8649886992022947
166.20584623059293,1.2117861734482163,1.190791963870628,1.248461242626285,0.8684904228619621
166.19816490317558,1.2246186758518962,1.2214421722243323,1.2561296545586986,0.879337039474361
166.2468827265035,1.2192555640666578,1.2292537483927917,1.250254724430655,0.8757410779444487
166.54313033204173,1.2012239659415003,1.2253637316266273,1.2311158373766369,0.8668671809655296
166.98848818315125,1.1821426784127984,1.2243058908633426,1.230905590426002,0.8643306751378624
167.1480164508948,1.164878399284249,1.2252970864283652,1.2215647892800292,0.8577381057194756
167.48459535341482,1.1508046553572124,1.2261640347529879,1.219054798188475,0.8536681345315569
167.4506587957016,1.1448104191657957,1.2246501434843355,1.2195182699284597,0.8505737984684791
167.58966593812943,1.1377781373319231,1.2273554935738848,1.2258943694275037,0.8527220923611968
167.55537806668795,1.13895938704149,1.2333912399726796,1.2360120319655958,0.8594233450091439
167.44347252961964,1.1388064873572248,1.2357852794706417,1.2488798447308513,0.8727748329867359
167.37728464273675,1.144473971135425,1.2359132217957631,1.25572615683005,0.8823103347184981
167.36859872015998,1.1524199949852505,1.2444487083122844,1.2670448055921633,0.8890751257073056
167.207943587033,1.1475693223442789,1.2405468350831066,1.2619566448176567,0.8852167792316702
167.10372110516823,1.1416831295060184,1.2358711362591455,1.2566945303283068,0.890056605166026
167.43879748823915,1.1360054756706077,1.2268052527217472,1.2414119212092676,0.8847335207908561
167.90034595712063,1.1265070662709538,1.2164414378297748,1.2315303269812545,0.8815865091183663
168.2778335648781,1.116227631490758,1.2186383440444644,1.230415008110541,0.8784831432355195
168.33128960055163,1.1112042164749885,1.218280485239589,1.231116484774783,0.8741886824545217
168.55258473444735,1.1097958537864507,1.215208003905907,1.2311835163571072,0.8708896761046031
168.6715583874346,1.1104593641396254,1.2239591202051936,1.2320975537364067,0.8694641738941744
168.81100007274438,1.1154693199944936,1.2353894656309516,1.2458726631388735,0.8773549559067623
168.95578069177714,1.1111915139902384,1.2377081686282057,1.2472823021164827,0.8741311951286157
169.13596768606564,1.121182993808258,1.2535714448798263,1.268274593977694,0.8850656385638787
169.15671235471098,1.1245173358499991,1.2557931117674552,1.277184071462598,0.8900896099562758
169.16372740380808,1.1272511409120627,1.2551002321097853,1.2791430499308014,0.8917056906486085
169.1632166582309,1.1273966387371588,1.2497546170548786,1.281776380918277,0.8927265900110505
169.14487199563047,1.1281573339009747,1.2470605551630787,1.2801093768348935,0.891172288103553
169.12848030404535,1.1281121599441097,1.2467595355834347,1.2768126612706652,0.8878537618839908
168.99956333371466,1.1262333703066887,1.2431891038023568,1.2745524402412414,0.8891968235413303
168.96488066576455,1.1267522771001381,1.2404667239782392,1.2717767315866375,0.886559346231404
168.86566317937053,1.128007548742715,1.2344175051458646,1.269021862886746,0.8855159222189558
168.6806563113973,1.124175478209914,1.2344271924274797,1.2641950013027559,0.8808297546152585
168.557601496437,1.125388952481574,1.2325875495400647,1.2596623272444747,0.877084306565914
168.55338634446716,1.1309887151234774,1.233909060654583,1.2619156515404564,0.8759855009237597
168.57936212539337,1.1364335847494138,1.2341068213006778,1.2636074861474542,0.8760718255711245
168.569211958899,1.141551469438998,1.2371371310334671,1.2679214647311745,0.8792604222119387
168.44559905792653,1.1491226344497905,1.2447588616018912,1.2763335353998329,0.8814156499359834
168.4676820721613,1.1557858867989839,1.2577801306029053,1.2839010308692822,0.8882526063274564
168.36852457788615,1.1575364646768171,1.253488624420952,1.2812683435236996,0.8857150518624972
168.1570830861177,1.1629554518368372,1.2518513644567013,1.2836307439188748,0.8895020917344136
167.82064643136766,1.1747618522759822,1.254258484753062,1.2889284649402974,0.894250429208874
167.58406558720438,1.1791463717799044,1.2519210505198217,1.288787474384995,0.8967928197195638
167.31953288680137,1.1860430341893229,1.2523228570744782,1.2917555743243312,0.9003095098651888
167.1464494981393,1.1857066128870193,1.2471363582585306,1.2861575715294669,0.8979671906514063
167.10966231094127,1.184277703434662,1.242528117797991,1.2825028253472273,0.8994817221774903
167.1122085421603,1.1807018769372069,1.2404762732653898,1.2787367220571164,0.8986272474039851
167.07835720962538,1.1793087491858036,1.2368421261202434,1.27551591631988,0.8963275553073604
167.20953466307952,1.1779832707011342,1.2411032398703254,1.2795780107067047,0.8966638046011637
167.2368381729252,1.1750910181379832,1.2427506333726988,1.2801221827579463,0.8969561576693251
167.36678904671015,1.1768516609789639,1.2504110931091348,1.2894401090845737,0.9029260260022388
167.5554883370009,1.1744151927197657,1.257528687119094,1.2965940445654789,0.9038388036280787
167.54181943195812,1.1791987778113595,1.2667113386254787,1.3064723188241731,0.9093143368479905
167.71089804181716,1.1769939714297324,1.2615046811081818,1.3054971496069956,0.9059692740815111
167.56804454925006,1.1842133691929901,1.2655601265412955,1.3141190706120476,0.9093748987894067
167.54106231671423,1.1880965888512474,1.2651385648423366,1.3102358608037763,0.9096589225096657
167.4734977041911,1.185967545040971,1.2601172625159,1.312463345732023,0.9113678047677938
167.56712007794425,1.187111942060732,1.2643192362956726,1.310599881870406,0.9129140365670251
167.4587700421615,1.1930021801867638,1.2715431736042317,1.317227578477217,0.9161192007533625
167.32744478346925,1.196878181970397,1.2731124906116609,1.3155637301929672,0.9157133658431182
167.39044563273885,1.20178818112529,1.2743075355974671,1.3233266610851524,0.9187475007423005
167.37015764421426,1.2060742850711998,1.2723494213285147,1.3260127107402615,0.918339076730008
167.38215091030557,1.2100638545753228,1.2768329998824448,1.327976997383046,0.9194354656268015
167.34849450879884,1.20846573162826,1.2754692414650397,1.3274116161325304,0.9178152281804278
167.26419290193314,1.2098317741703284,1.278553295383982,1.3261268294654183,0.9193048281872087
167.13211142989402,1.212165002846367,1.276965514603966,1.3222491897657993,0.9190150230945402
167.00408781970296,1.2157507672605485,1.275791756234818,1.3182233759779667,0.9204878006913739
166.90031236190868,1.2234493806828348,1.2789418997074895,1.3182000070772453,0.9238196351673712
166.73488229885356,1.2244337640572984,1.2835639951595046,1.3167400008162486,0.9237544297280731
166.56555290086456,1.2273422296704575,1.2874935604996012,1.319830705630973,0.9259871646721056
166.46200693517238,1.231726100480074,1.2960996107399794,1.325373296161757,0.9296347237530946
166.3230120251737,1.2369746820007697,1.3007154427430896,1.3299570281126192,0.9330358380960094
166.2494551308145,1.2451941979055037,1.2927145661539892,1.330478438082603,0.9307411147533238
166.30287599882095,1.2410946826865712,1.295869555991399,1.3272196469885826,0.9293806026202218
166.0992564212219,1.2395299000115543,1.2937152361079949,1.3229001245063896,0.9288610089874544
166.18890539671267,1.2374291031122253,1.295826083692555,1.3184026871143932,0.9254015140419011
166.15953059594588,1.232065477193193,1.2910891107411224,1.3126388206165875,0.9219428632006
166.31993512272365,1.2287922692866236,1.293226018530649,1.309243449253314,0.9186253988917439
166.07576776892932,1.2218241934780973,1.2903851271361622,1.309848510205993,0.916963633202588
166.26264029828442,1.225365377482432,1.2937048763105985,1.3158406118065555,0.9212617020661651
166.16629537084202,1.2252185872636225,1.295240912636353,1.3170248408673637,0.9211744438271922
166.20358465372416,1.2232678061974847,1.294424764292272,1.3176941090354894,0.9205123177990789
166.13869603108728,1.2241253016266498,1.2971495136612277,1.322461930387039,0.9225677333742728
166.07314879256188,1.2273798674219163,1.3023007118026801,1.3292699408419937,0.9252526128957166
165.9638144645868,1.2273206963254282,1.2987890629940502,1.3250360782840216,0.9221384426130866
165.8882737974002,1.229081888066451,1.2914161612773052,1.3185873031729884,0.9210127872696595
165.76095463100654,1.2308109618688403,1.2865490955427523,1.312273870750092,0.919782307422227
165.66764075557614,1.2356146432123853,1.289113993601624,1.3126897199905299,0.9202064784909937
165.71115695058785,1.241588783557958,1.295846859731831,1.3191029748596597,0.9257425803984503
165.7698645481331,1.2426507644564084,1.3028905660508925,1.3260655923604803,0.9311251336655312
165.61671446269023,1.250958229348717,1.3087262583196058,1.335440459681447,0.9351038184095488
165.53482502851645,1.2518557525678249,1.3083371965527584,1.33900217897219,0.9385447630320818
165.5091529362054,1.251317716761874,1.3026853006532058,1.3341080133647711,0.9368694674695841
165.50031091424728,1.2546137073663566,1.302310196352015,1.3316060884926717,0.9360060600130101
165.67492350384407,1.2559695780563005,1.2954417558602833,1.321909139604913,0.930931330176815
165.7665640277754,1.2495600592925185,1.287056850056246,1.3107138621589796,0.9238336107462981
165.87220000029396,1.2383963013328525,1.2780203419208283,1.3023485911856658,0.9197591364857506
165.95398583415692,1.2378947906068176,1.2808485018929967,1.304041871921084,0.92058918916074
165.90290932463844,1.2369297680599203,1.2785309066074255,1.3022350887687442,0.9199414888302847
165.83923539005298,1.2349388855914007,1.2771753119243197,1.300973080556427,0.916480158888433
165.8487464809209,1.2290713048434165,1.277008565771076,1.3063218507384804,0.9192944037649997
165.81933361487785,1.2251437005960868,1.2747339923356245,1.3082785291688663,0.9212279108812006
165.83866587687587,1.2239156067255617,1.2788343027612676,1.3098094735302213,0.9235188700189778
165.85587025373545,1.2235885627095446,1.2778698743101846,1.3095816903799737,0.9239746321026531
165.79555935514074,1.221928637394023,1.2816128927729713,1.3114538972225551,0.923563623967819
165.82809436135824,1.2210973331091404,1.2849247841053633,1.3102136180495363,0.9235269974597479
165.81301483278426,1.2228625403694926,1.2854624953905405,1.3097200595325709,0.9231874571118501
165.74262789257654,1.224901524501218,1.29104716838554,1.3148406238617758,0.9250459492278051
165.84448294792946,1.2288131348022582,1.2926927965227657,1.3168769249394372,0.9272976370374272
165.82290712619715,1.2289248935928208,1.2898045834505008,1.3146344928964373,0.9272214734865255
165.85439935657027,1.2251614487462545,1.2837295497180685,1.3093169576021089,0.922403973331063
165.81970272626222,1.2251550223923326,1.2851922944650482,1.3110730541772944,0.925348750450032
165.77816943636518,1.2203143425042091,1.2795400853479526,1.306387758795671,0.9217188697707149
165.77879747051037,1.2197876250529995,1.2832198923952123,1.307811016171286,0.9232057339917608
165.71985410775264,1.2194181827439552,1.2838450034927156,1.3100914517066118,0.9216704720625715
165.8695165425991,1.2275885918618767,1.2916079478484617,1.3152604587221053,0.9258647848810047
165.87352010083742,1.227634126756896,1.2860822901553284,1.3137588858219373,0.9249212591698155
165.84940923833938,1.2267398988739067,1.2846410470011251,1.313678211484639,0.9268572488170689
165.89421717359957,1.2304940128744073,1.2855728997112834,1.3184074022505607,0.9319805445677904
165.95250567390073,1.2351597638188525,1.2911332671295574,1.324063155016162,0.9362969793904243
165.90851696620985,1.2339503599247565,1.2873592355517962,1.3200008601066588,0.9355590739368411
166.0061541934362,1.2404488353725294,1.283864886262839,1.3212950037374684,0.9359566560555118
166.08837792346915,1.2377503433719184,1.27569391244745,1.3064499084100007,0.9268480867946458
166.07799610414375,1.2363536453625805,1.2760132600829037,1.3054566355378123,0.92551616383379
166.1520984768494,1.2267578431062265,1.2671597075190053,1.2969183834980285,0.9202830817335655
169.34248339818114,1.0029564679441412,0.6394677161711223,0.8391400771604277,0.5957156862405583
168.37150781972161,1.0393507465796472,0.6957100757987698,0.9214146920103066,0.6562569215647942
170.7718658562889,1.067776084185919,0.1957208775078439,0.9708752480009825,0.6990715517506347
170.51213090826974,1.0937559555174698,0.2507210332039443,1.0156440456225668,0.7036335002278304
170.38010862258616,1.0952408667950404,0.5292349324249419,1.0447324782733414,0.6965084559593419
169.96677746967998,1.0828205982493864,0.7197195667534434,1.0568158296722179,0.6834348450151703
169.65045104101114,1.0814175781510895,0.8463343362155339,1.0399081916617379,0.6651987366988484
169.15486614098288,1.0839928333798792,0.9443602428742398,1.0466184874194353,0.6625450969157066
168.8457473554189,1.0906240640465257,1.025438761435641,1.0559560815683386,0.6713894219293892
168.51265544256893,1.0886512573096818,1.0746514611167413,1.0598762687785692,0.6645368854435856
168.37383725975644,1.0979163242531753,1.116629937234465,1.071486560372939,0.6716459525094424
168.21744013535,1.093780348845348,1.1425559462775532,1.0737837903257066,0.6761165026829037
168.19993364909732,1.092527723290236,1.1539358921904046,1.073122430809138,0.6790929130590451
168.3057544743371,1.075802069265771,1.1540628483008288,1.0653846184364535,0.6779835189442724
168.25407413827318,1.061448543092888,1.1523050954804297,1.0528913452504178,0.6711728294563364
168.24558435325793,1.0580510234966467,1.1563113751807859,1.045670874564231,0.6649382308431908
168.26788533420577,1.06102303546314,1.1576257210612813,1.0505501499360423,0.6729296700247474
168.06168233095693,1.0593468902663483,1.152380967443941,1.0410341642319236,0.6721382910692705
168.01049420810918,1.0562382563662942,1.1438023330206504,1.034191292661735,0.6631459024952012
167.93131553040342,1.0561396963636878,1.1303027685036477,1.0306557316311051,0.662758690845688
168.07766191644106,1.0611711042557515,1.1221539805905274,1.0320746686378295,0.675190844683555
168.10584154755827,1.070153408407097,1.1192462869069766,1.0352632304877163,0.681164177398279
168.24663881047934,1.0717413830709674,1.116209137397779,1.0337440457745772,0.6874567113741292
168.4171215002866,1.0792657501904748,1.1228658449806974,1.0413781693714506,0.7000097377006603
168.40113975665983,1.0804367137774722,1.1191156427453566,1.0353691347945544,0.6956485050954161
168.33199990919834,1.0787864484710104,1.12318528889301,1.0360428519828466,0.6971145165945454
168.41203000364536,1.084206705259719,1.1273323628026557,1.0420943328727224,0.7028225938465822
168.39764476653556,1.0890176292269478,1.1258778644029686,1.0410073442748202,0.6946029607123553
168.45284856502818,1.0748025204837983,1.1185737102379176,1.0315261654510715,0.6878472348670844
168.4704600483307,1.0746804377806465,1.1185441699935603,1.0307972433350434,0.6901687245294352
168.37715047305707,1.076516425632434,1.1287452030243486,1.0358191581836318,0.691300779790448
168.26409790766155,1.0752678612080442,1.1300828997706145,1.036104738349279,0.6892287215703481
168.27270447268825,1.0726920776532336,1.1303625259033983,1.0315917296776367,0.6840115054589315
168.3114101884682,1.0807851916143576,1.134070583381404,1.0461732842343388,0.6900187473113937
168.23419954719247,1.0854242696202556,1.1363330960256346,1.0430185956333724,0.682387475670884
168.2669665419972,1.0848665218257805,1.1381611265396245,1.0408640455771443,0.6782991083048675
168.31261684593125,1.0863332496146305,1.1372162338744154,1.0400770679118447,0.6821639075694342
168.34255602601118,1.0872747722849698,1.1379328647374878,1.0371002712408166,0.67742398783914
168.42055659824067,1.0962501594495742,1.1400390016370883,1.0410323550828056,0.6750323956572496
168.495108674644,1.098695275795002,1.1440317947292433,1.0499502384496922,0.6793428304056686
168.4215269413158,1.1018660150389505,1.1484559279636468,1.0588393911518368,0.6782958861559097
168.46408369859793,1.0974440632182447,1.1473012387031074,1.0612885977583557,0.6796058810556421
168.31157515260747,1.093567525401955,1.149194118031116,1.0572472558157753,0.676492196453688
168.43239894062336,1.0903276420868353,1.142597598111659,1.05423239247355,0.6814228068659803
168.41183636035467,1.087702491811106,1.136149654992558,1.0499673119233695,0.6794083610702025
168.4917768161465,1.0800765095307263,1.1283961870314352,1.040461851499383,0.6773902556429794
168.6240289666572,1.0729785650312604,1.1295594859032048,1.0358042780969248,0.6796134167286805
168.63100242872704,1.0640869419038705,1.1292044472819516,1.0296185192895917,0.67372193639332
168.65073622299593,1.06416609249327,1.1248308834717498,1.0279576211805737,0.6768572869542749
168.70347814691328,1.0622560710951516,1.1223763323092646,1.026037139652517,0.6761452826021932
168.68899089381037,1.0545769704132018,1.1177886312769192,1.0167397483890444,0.6666937961054612
168.72732793096873,1.0576378263351578,1.1134359746187308,1.0204453462707794,0.665117574848668
168.8060857988089,1.060700820021653,1.1121260422940877,1.0137040922272256,0.6549840185181165
168.7383257929906,1.0648566047256363,1.1166986268200128,1.0133471700849688,0.6478654543955988
168.88521320473674,1.0637139109595846,1.1080527209253497,1.008249054330002,0.6433228344333293
168.9692366389198,1.0618884589293758,1.1035430611227677,1.0071465879155712,0.6426999809895092
168.83271027220846,1.0602650141460588,1.1032407784460958,1.0032938977138983,0.6428038840196488
168.82146461313553,1.0625859557212889,1.1018292163502343,1.001273531366782,0.6435224576370921
168.83439373041887,1.0614104048898807,1.098285224990549,0.9965865535089166,0.6432180132863492
168.84374987742328,1.0608208844114082,1.099899258820249,1.0010577084954524,0.6533526706095437
168.7945728773938,1.0552010897784698,1.1043232932277443,1.0069194357205675,0.6638526792197781
168.68240222394,1.0532647471293155,1.10143092047518,1.004407847881439,0.6613337563554155
168.67460119007532,1.0515226025910307,1.1074439101292624,1.0081366572477153,0.6695099808177237
168.60345932373352,1.05187734158833,1.1036670595109723,1.0087310298446313,0.6709140849944483
168.6869648062497,1.053184101211466,1.1023178697084022,1.008731607559028,0.6703447694224942
168.6518294409982,1.0539898315836118,1.103866810834621,1.0082359384640727,0.6700310447813541
168.72101430569924,1.0537359678612148,1.1028491534097804,1.0071970500597192,0.6722013307864463
168.80069510496597,1.0560994264986667,1.101235787893798,1.0067197649188118,0.6775093457870625
168.67718229314303,1.0499858602410035,1.1014816917909762,1.004170496614053,0.6769041219618599
168.65862394340897,1.0511083546469755,1.1022159630414852,1.0037948308746656,0.6777051930157424
168.57491144212236,1.0570636650993708,1.1072451525619262,1.0045204110290957,0.6776841309318066
168.47240000583986,1.057497277411059,1.1066408177518086,0.9995220052043642,0.6707989897945941
168.30957949979071,1.058226924844926,1.1061829100775384,0.9985935873769383,0.6641755886504229
168.1981712879635,1.0491319708425726,1.1038463768628126,0.9911674549659508,0.6553727696721343
168.2730821278878,1.046810410771565,1.1069926405579802,0.9960533303587515,0.6628236357231164
168.3240480832509,1.0448101151593363,1.1066040577004743,0.999402208250982,0.6630783328664759
168.42103578815085,1.0455779321574878,1.1101843313000022,0.9964664928635787,0.6577092421538878
168.62321739606827,1.0491238907721712,1.1151812516634907,0.9968058827960184,0.6543363146621469
168.63907257989192,1.051558011125631,1.1178217034563729,1.0010782172379415,0.6570968292903006
168.66455471711097,1.0538277342469564,1.125111612304714,1.0066607925896156,0.6596800735502288
168.57189386391505,1.0472901163493595,1.1273139682745283,1.0072118120215254,0.6592115621182301
168.62966538672617,1.045268796955257,1.12205890132261,1.0036842631539253,0.6612344432095953
168.5752466615776,1.040294898335147,1.1171331526120154,1.0002464278921674,0.6556234521792436
168.48174296346116,1.038731415208199,1.1158480988860047,0.9957293494824924,0.6490856666870785
168.45841707693432,1.0307251898933634,1.1100514757196451,0.9922993257016589,0.6452679963564091
168.53646698765286,1.0340874786026641,1.1081018466434176,0.9918139799287023,0.6437054468600665
168.43927682301918,1.036050694523184,1.1141268222595293,0.9945945115431634,0.6456319298539203
168.4945289576289,1.03670185184001,1.1127735572809851,0.993457873238577,0.6418847604945694
168.49360541545965,1.0414028638304587,1.118888277200677,0.9993645869938952,0.6442526152611864
168.54049925253548,1.0453634217104553,1.1218432645233418,0.9989270145134604,0.6442885632824519
168.4871954289409,1.0435001258747696,1.1218715399762884,1.0002482057034203,0.643644672432949
168.44544146535785,1.0512899648805658,1.1192641665457252,0.9971501355722562,0.643399294669863
168.47518603030235,1.04675757288559,1.1172285364934151,0.9998393076003623,0.6471923667879358
168.51589412594186,1.0469256189910738,1.1172205578244647,1.002363266231863,0.6524657411827738
168.54735418304298,1.042458849434005,1.1141812265186832,1.001088240935657,0.6562487043103467
168.49450504032458,1.0419344267432933,1.1199792181349097,1.0077197974370888,0.6583612798700436
168.54183125308253,1.0411131722602711,1.113779948712905,1.0102714419833017,0.6560686814381089
168.62913364186608,1.0449506159486022,1.1081822397577286,1.0108995414865933,0.6525412320181199
168.7912650260167,1.0560825582339997,1.1226070034930156,1.0217743569081412,0.6604105263767784
168.96656408958134,1.059760085086949,1.118548551182135,1.0249057488230724,0.6577695037724598
169.1228085011806,1.0680691053014237,1.122059553535622,1.0364925529589788,0.665029435915521
169.09680616237938,1.0689320614922473,1.1206334238195843,1.0350052780438594,0.6656650043993032
169.03872138865432,1.0642080426817087,1.1171402612399537,1.0359805229311023,0.6664060392121621
168.90482192352772,1.0585434382789942,1.1184174114276637,1.0339960127802343,0.6643464363588669
168.81675664918563,1.0562575952216142,1.119362377061558,1.038669673354981,0.6661117903922968
168.8852997912766,1.0623665956838964,1.1196054413752718,1.0461655759861868,0.6737611418349477
168.9240629154814,1.0557505660539601,1.1176546532136526,1.0440914057438913,0.669446890334601
168.89938988606437,1.0624740195939493,1.1273773246397771,1.0505258247034484,0.6724322222894878
168.74619443382406,1.0728975441985,1.13053016923494,1.0523167354238716,0.6717500663101414
168.71978149546325,1.0652412105073121,1.13662378935515,1.0587296664998225,0.6746759184747536
168.76459455276645,1.0634617950917005,1.136018436885566,1.0482198434109962,0.6669485131876517
168.66023608202303,1.062992786649864,1.1360899602361079,1.045785454919375,0.6648397874991031
168.61968430421211,1.0595447001849398,1.1359641161309533,1.0377595660255852,0.6564941077984651
168.5620706454745,1.0658493598891827,1.1409323839717123,1.0440124861169127,0.6593692419928168
168.5159624335733,1.061855126468749,1.1410535430219981,1.0387906287247244,0.6548008179835316
168.50339506847712,1.058062369092457,1.1361064846411368,1.0433935467023208,0.6562038857630687
168.3375478616043,1.0572728146668853,1.1386507412386926,1.0387374863791312,0.6515008659269081
168.37213072855042,1.0483001771528504,1.13821297081772,1.036524390360354,0.6518521741726364
168.2199270301207,1.044343956708272,1.138112103391345,1.037081074737648,0.6485268834116263
168.2222914211822,1.0418198169184338,1.1381162839449406,1.037066371332198,0.6451722054958862
168.24015872366454,1.0413334141995874,1.1304330785200105,1.039500370445875,0.6465053110468111
168.28693942081654,1.0552636686649355,1.1326349385268724,1.0479261409293996,0.6516647209273909
168.3531402612619,1.0557507675937416,1.1351070615030636,1.0484089975098494,0.6527773776704409
168.39282544875647,1.0657692435045996,1.1374595786653892,1.0546916710019576,0.6602270157365727
168.41564009864814,1.0680394314402804,1.1411817644949804,1.055599663347944,0.6616470875506475
168.41954976126553,1.0698124271451674,1.14536747926208,1.0559266041461841,0.6646640046557892
168.47930412774363,1.0636873166881096,1.145065132672703,1.0527984237854708,0.6647920556534281
168.3901708389964,1.0538250830533435,1.1363636236519699,1.0438779187364835,0.6629563207850666
168.26989251429652,1.0553742123201932,1.1360818423612293,1.042459025871816,0.6612493189265313
168.30894693107746,1.0545414302243703,1.1403245405490217,1.04310480444295,0.664601268409987
168.2135631795273,1.0521548793951605,1.139833290379884,1.0371796462858125,0.6613859003372297
168.2553575372096,1.0534753678883209,1.1367631929743345,1.0358613207621763,0.6627708855017479
168.27974987457856,1.0625093371568881,1.143271882992673,1.044918121388342,0.6631805026424649
168.17062187426296,1.0596264693200719,1.1436073630897594,1.0463652266290742,0.6604179254557581
168.10670952828076,1.063725978252138,1.143764378421436,1.049168804140553,0.6616765945425347
168.13331176577998,1.0640647816000621,1.1393707464891383,1.0452419413950387,0.6654983389176244
168.10173153234877,1.0568227982497334,1.1314553484477141,1.0393231944259333,0.6643560276658632
168.1125758929635,1.0487919392476464,1.1258069107453745,1.0370007848076628,0.6635667686768691
168.1401718814775,1.0467360404990227,1.120592081659039,1.0417329697950597,0.6728768191774748
168.1126623435273,1.0456068147428481,1.119961086569991,1.0419499314522256,0.6773736008331276
173.353692654619,0.8567184809369179,0.5264353445374463,0.9875576600601893,0.7660980129853276
172.78095586944343,0.941518113111459,0.19137318858482869,0.998052730570979,0.7822789311801212
171.26544771400958,0.992689312557586,0.24986874214549862,1.0541014709419376,0.8036045153333352
170.66552073964988,1.0455286516961604,0.5013446215814527,1.1178765141939064,0.8291430457163655
170.25407247975218,1.082020931757564,0.677391289736031,1.1619091705681899,0.8470237524440476
170.0841391002417,1.08830746356049,0.7891166236939706,1.1737428084153216,0.8522097794605927
169.96806255927845,1.07414776395371,0.8522600715719049,1.1615216717491927,0.8391134919275007
169.7535499280881,1.076925988165171,0.8919678364881497,1.1535703762420675,0.8253763385995577
169.41660959013979,1.062509594372901,0.9513096109382779,1.1485327430592087,0.8093804573724841
169.44078337242942,1.0633220407891772,1.0049322957088749,1.1601536208689858,0.8111829758663924
169.45111073789062,1.0614427412701095,1.030244828376076,1.154569389551317,0.8056357240255867
169.6160828499713,1.052834025819985,1.0365140361479137,1.1404395704748906,0.7989217056447991
169.83061549944458,1.0549964350927956,1.0550386262702578,1.1363408381073008,0.7995817158508111
169.89260877821314,1.0599018950547698,1.084838758988977,1.146910486824113,0.806940783287516
170.04896550414006,1.0779420469892234,1.1059561649858158,1.1588003773190585,0.8233881037087776
170.3850266153252,1.087905112626681,1.1122900234464852,1.1608629864308566,0.8369139929503935
170.53214708184117,1.100853489814246,1.1323305568158764,1.1761606074329503,0.8511652318914299
170.6974826110884,1.109766487714194,1.1355374888001457,1.1743338371397058,0.8598162652558297
170.81666127142935,1.1228518780963823,1.134516668376785,1.1734145257528108,0.8693902708193169
170.843922719483,1.1335391436579263,1.1512231722597805,1.1884789329621226,0.882218901259315
170.77155574897662,1.1347252744061531,1.1630755874847705,1.1998339977415202,0.885214550764487
170.86298619438242,1.1299211940183258,1.1577285863942326,1.192118234689269,0.8814621775188947
170.7702237901756,1.1336159496773144,1.1720053385182674,1.203179206807497,0.8853223667738788
170.69023823713314,1.1369760015531252,1.1731507577180331,1.20834316865648,0.8838802896648688
170.58156145936957,1.1400913320246435,1.178800853394687,1.2196662942789775,0.886598178670647
170.42889487811613,1.1523844012699074,1.2007598517638072,1.2402681802623814,0.8948295287040582
170.19562449745797,1.1556003376837918,1.2011734767708842,1.2459353998977891,0.8994671522924221
170.18575489728545,1.1579987862248047,1.1921132260298402,1.2459041701838043,0.8989412046743448
169.95493196878195,1.165556643537866,1.201280840736132,1.2568574840364557,0.9035758424461577
169.89765195025717,1.1758937271682002,1.1945749621427872,1.2552672409075651,0.9041651905965712
169.74976108735126,1.1884481237341737,1.2056876070930904,1.2641945574782882,0.9068951372247813
169.7260672745982,1.2067230466087884,1.2120010860359673,1.270026482668902,0.9099290370153801
169.7703992943232,1.2175054422141958,1.2229082083628822,1.2758788945417794,0.9137091209734923
170.0444323961186,1.2181405379388837,1.2304809765607514,1.2758419845405489,0.9144780713328771
170.21684292848744,1.2136010976433933,1.2297765972566206,1.2761831931408283,0.9186553526153262
170.51084889438326,1.2089370007795812,1.224807472635355,1.2695830096527139,0.9213526778272647
170.47903733386815,1.2087510805604853,1.223390073643787,1.2723589928812635,0.9206384193174548
170.4072867897131,1.1948232581024316,1.2091876705770972,1.25885815359078,0.9151352656581024
170.29214024223978,1.1800204829286105,1.193988111493894,1.2456426933911362,0.9099424128483352
170.42597697573333,1.1790685224541002,1.1856407662693007,1.2365372356306534,0.9114442672204559
170.2528457181535,1.1869280647419442,1.1770028052267407,1.2273097131732134,0.9086199668719148
170.10197060724732,1.2019354231264496,1.1817435436881811,1.230051789595997,0.9153349600189022
170.0610547864297,1.2171740180361341,1.1974678609573213,1.2401644886739132,0.9146177233180645
169.9601856848139,1.2287760531265495,1.1989693538060175,1.244943773043427,0.9116974398359086
170.00047775445495,1.2298292140698102,1.204965744754748,1.2536408597716975,0.9140851007270131
170.0572166803672,1.2370499688052694,1.2167261106774263,1.2636050414178035,0.9124909141056973
170.08665691894188,1.2412901758564756,1.212439101740581,1.2574280965060862,0.9080556178042533
170.25270485994037,1.2340598844939867,1.2012466557782957,1.2454118035702715,0.8985770585734593
170.32013185948637,1.239752170904962,1.1915994094052458,1.24359348751568,0.897378513195727
170.39841844582986,1.2513596145699974,1.2026072202679352,1.2576588907539106,0.8980817284733275
170.29153763032176,1.2460307480057216,1.1931985420394264,1.2506312842379796,0.8960707656050069
170.33131308968706,1.239534839753108,1.2010125071339561,1.2523167796694332,0.8973131814442312
170.303566938159,1.229849575920828,1.1967646497938962,1.2431357238516254,0.8905811372688892
170.26978419418492,1.2305266808446147,1.193043839532527,1.2392427413789786,0.8929364900217642
170.36280100495284,1.2261966631493433,1.1884641204265738,1.2303610015008242,0.8883592319361746
170.25464294918365,1.2362955186214841,1.2106711361520657,1.2479973718527206,0.8994390490415866
170.26142659707173,1.2344792459088654,1.2054285000949854,1.2463277489038225,0.8966305528044656
170.1363603328891,1.2409276460685672,1.2182747356859274,1.2585923805049297,0.9005371614659132
170.28115329546154,1.248558178368444,1.2186874230089066,1.2658856386514938,0.9106476566132845
170.31133621626444,1.250945452240168,1.216768788690701,1.2671462218293286,0.9161826668103183
170.33367361848104,1.2503992101714723,1.2106453868139384,1.2695512559521704,0.9226828366737679
170.45617782647747,1.2455523973662561,1.1987666459833037,1.2672804336173091,0.9223070063243445
170.43699999317303,1.2467929331732073,1.1903587275389111,1.2637878238946225,0.9232489881336479
170.5433759613179,1.2395244972796555,1.19003763854063,1.260350918702518,0.9222387579420683
170.30715681557396,1.2439000799744322,1.1794612634884707,1.2627265061138855,0.9252094540197977
170.50732571032032,1.2289598076057184,1.1539705982815092,1.2524649437332984,0.9231937991099389
170.1610075671914,1.235239926193054,1.1668996533421288,1.2610740663334041,0.9239409015263095
170.21402166266805,1.2280558326041564,1.158657304643358,1.2592539459057286,0.9278802654615561
170.25188713521666,1.2383761258279553,1.165964141681064,1.262611215562055,0.9238479985814664
170.1525205012314,1.2408028727777762,1.177957115283244,1.2685821639901818,0.9225369271188798
170.2613611239662,1.2372399243195347,1.1590098104042177,1.2641069056224363,0.9209563430909383
170.1526906358704,1.2334743613170362,1.164682580712749,1.2608246668375431,0.9211110389821646
170.22261422615458,1.2295780481596164,1.1646348296533076,1.2604139144113262,0.923386449598461
170.20154139188122,1.219827427985664,1.1711503629002888,1.2542639802460576,0.9193186577899
170.2069316149275,1.218588668900202,1.1806008673486572,1.2550383194091155,0.9165419526657539
170.25386707744005,1.2066727717722645,1.1762262275590574,1.250000696196844,0.9156463877678047
170.32377729624884,1.2065600973027693,1.180650981976741,1.2520964031562825,0.9160909000161699
170.30528116192556,1.205244790777967,1.1813550973154603,1.2549794555425824,0.9180496912499315
170.3235440011336,1.1997084108854543,1.1699371800060265,1.2549815719196291,0.9177997289195188
170.4146637058982,1.1870927294288731,1.160519129200078,1.2461378272193908,0.9104592112305354
170.29899428496756,1.187860948042559,1.1695087210588524,1.2512868438308111,0.9124225199033833
170.27938791162853,1.188076907188326,1.1648106832299403,1.2500732374433698,0.9103413130439199
170.18608103954892,1.1845768019886043,1.1630609604622004,1.2474979023221995,0.9065024651452168
170.11071960908333,1.1789553039130138,1.1579499014953811,1.2432166177906563,0.9030293497413657
170.09814589737013,1.1758666754773854,1.1579722606945788,1.2466331081130089,0.906029331860743
169.93615965641277,1.1674327652344483,1.161932576504794,1.2482530817319244,0.9031152523191723
170.03937428926187,1.167249169803825,1.1650509523700938,1.2514774852448265,0.9022451033468509
170.1820151307275,1.1649599070811054,1.1609674705603885,1.2508827087523333,0.9004533145888933
170.0989118002086,1.1787792257941927,1.170001572019952,1.2668168496492822,0.9141151431692056
170.1696237473427,1.176608487236213,1.1658560478534574,1.2659852964058995,0.9199926032374083
170.15352365407296,1.1752246982253671,1.161330672279258,1.2596020081718209,0.9184449208251313
169.93575318885456,1.1771248685929998,1.1668515018978631,1.261693885579928,0.9205756956602585
169.98293042263046,1.1750254212745612,1.1647408750797101,1.2580100697442553,0.9158079924875439
169.96444104120658,1.178910085695781,1.168468947835477,1.2602222693848029,0.9130183495798261
170.05762437452285,1.180419196541847,1.1661530151892532,1.2603566714737324,0.9119186632064769
170.1318053896849,1.1825968397791193,1.1662689818014917,1.264198623326863,0.9105914958437941
170.2089809978617,1.183183003505852,1.1596165484196068,1.25908962106516,0.9083705939275122
170.20909237469482,1.1868841132921324,1.151518641501272,1.2522957096498095,0.9051830198400879
170.30126850374745,1.1805189628721109,1.1454096364169974,1.2506224602683194,0.9054636541737908
170.3380406809206,1.1805152012551183,1.1489117947779501,1.2513723821606029,0.9055681629632119
170.24400948820772,1.177032784054449,1.1428762916522794,1.2493070689936685,0.9072017715513947
170.16143295255023,1.1751071626006266,1.1422480791837466,1.2487710113277586,0.9080094958587251
169.92761999737627,1.1781253654689356,1.1486356570163023,1.2519869778954804,0.9104553838817323
169.99902180913264,1.1766064387247839,1.142651952315645,1.2490366678570022,0.9087645347527957
169.85842700251717,1.1722260633660664,1.145327442573461,1.2471817478928713,0.9075247654026617
169.9431098617994,1.1657074530102005,1.1445150740866603,1.2431907694784088,0.9062254763290392
170.05769704794668,1.1558041538018355,1.1323480035626945,1.2330530016752972,0.898739959062479
170.0128598381542,1.14941755139303,1.1286736482176867,1.2246285996989523,0.8922009743234512
170.08057251896153,1.1435906243678884,1.1287247625098982,1.2179236737046462,0.8852722210470161
170.07313148823965,1.137900019748462,1.1282906953626086,1.212022719278696,0.8815103006586194
170.02845860302062,1.132575362199208,1.130015315488054,1.2136220939359073,0.8841484187624918
170.06030034084367,1.138672087756332,1.1353147860127457,1.2193364099285346,0.8891799343081239
169.91614052486864,1.142023357631588,1.1293759108884762,1.219221348683165,0.8903580387555718
169.95903885250593,1.1488906367894534,1.1303242541781513,1.2250239729134134,0.8924281888218285
169.89844632011514,1.1537715373829067,1.131114744080563,1.229670432322716,0.8939607927925977
169.92171332929766,1.160935581763808,1.1304699361648793,1.2368806631420026,0.9005529047767764
169.97096081565346,1.161301774858773,1.1303901178389952,1.239646793863079,0.9008354211536398
169.9105283891721,1.1568505920798013,1.1274563897794507,1.2341389058688697,0.8985716306559516
169.96867912410093,1.1607648329263867,1.1283449659031126,1.2407149051409059,0.9004228268756003
169.9917404191865,1.163246963985051,1.1342497680947319,1.2468327800440968,0.9048813562323725
169.9022257520449,1.1655840731310878,1.128838358118966,1.2441500670098116,0.9002687108633627
169.9437279418823,1.1683987047694162,1.1252876426119327,1.2431753226617026,0.8971624963970014
169.9980011615673,1.1721080802147186,1.118634881263032,1.2421279503466416,0.8980774168630586
170.0513134112201,1.1733888771339145,1.1189599503751944,1.2408499491089708,0.8983141097745968
170.07246039544506,1.1726045241001033,1.1287790039219248,1.240271557053984,0.8920986599640074
170.0920516126787,1.1689311029686977,1.1314438584493143,1.2367885762091004,0.8870713294146331
170.0881233381891,1.1574591443642286,1.1236054248192802,1.2272875077257617,0.881910886683736
170.05292612352488,1.1528347175283944,1.118858903395013,1.22390502564117,0.8810800512367806
170.0624126305385,1.1470700951829593,1.1150699122387544,1.2184590672906899,0.8760133988000968
170.0794891383131,1.1501960054196791,1.1260992338775704,1.2229044743656179,0.8782281243727601
170.24579012466603,1.1531039604393276,1.1306468163716703,1.2284661120065192,0.8821009457618614
170.25391532262563,1.1623082012725925,1.1416765639730766,1.240339943725593,0.8897602493823495
170.30975740112248,1.1647967264460224,1.1351234967491712,1.2452396048961638,0.8963456944208009
170.34748809056444,1.168598828292271,1.1460781880385842,1.2504187562539737,0.8968911885567366
170.259124047516,1.1685517640116392,1.1372335721662257,1.2537058269814607,0.8963972024330117
170.35635372219375,1.1643586502103613,1.1269283133695391,1.2481759505277448,0.8981425956391966
170.225689448107,1.1664135805674332,1.1205615529642023,1.2486322131587644,0.9000737333069941
170.34172990755363,1.164248802521402,1.1154794220346513,1.247701666590808,0.9022192983252525
170.2648601973885,1.1681338221908395,1.132461326289412,1.2532680338850137,0.9070050292565928
170.21980217727116,1.160835469322528,1.136660955228955,1.2523507776593479,0.905879501313018
170.22808613769584,1.1591280901347298,1.1411612220064318,1.2551616864340418,0.9073917558143303
171.42769225445758,0.9469613798035448,0.5494754500978827,1.1002928783910195,0.8168485383827776
170.06880140201156,0.9849361462889906,0.18935117529528192,1.10821059120154,0.839578273825646
169.35675511038713,1.055123885788978,0.3607311907394318,1.158725797586804,0.8771330596259266
169.05463942394135,1.0978061380444806,0.5905978077900401,1.1829453405326837,0.8857163478754804
169.00647061439332,1.1154719848518218,0.7823022369328269,1.2063706983335265,0.9009241121344934
168.55222321666062,1.147131272622814,0.9367557954796502,1.2433737893797372,0.9205327090638387
167.9031830921758,1.172074112965393,1.031365558111443,1.2752139190640082,0.9325759710104103
167.63298238722348,1.1986779227953503,1.1161429659711997,1.3023315698188231,0.949670403420868
167.31691390707306,1.212143852383615,1.1617585524709637,1.3111811743470387,0.9535586043278989
167.21600191948104,1.2114043856205816,1.191088900147686,1.3119411593844894,0.9516449967602726
166.93742617941137,1.213232536614319,1.222621807916968,1.3237553580197086,0.954035003150912
166.75063963932342,1.2112823516773445,1.2623272069056934,1.3381727627982813,0.9598212962814705
166.51139640704628,1.2088124102943199,1.3025165536840029,1.3455502747407526,0.9547562970194298
166.58055979578265,1.203079867821085,1.3218654309972007,1.3360829232868063,0.9451417668081457
166.63443716734557,1.2041871711663459,1.3290497374515688,1.3330293782878728,0.9404310561978082
166.61712451959323,1.204826877028937,1.3423366058391109,1.3352385941364198,0.9346156152616076
166.62306934313096,1.209583926396535,1.3544632527196026,1.3389904817810394,0.9363142190214635
166.67497694537886,1.2053337342672503,1.3501359613604205,1.3328572916983505,0.9345476152467731
166.7906653427349,1.2033596013240262,1.3530798526796923,1.325195209936961,0.9291665054101225
166.58298339576572,1.2013529401363565,1.35122902023827,1.321499253307349,0.924698844111075
166.43400176156317,1.2057982805952947,1.3557292577492062,1.3237885592965852,0.9240764261608065
166.41860779558868,1.2098669851186934,1.3692617977709696,1.327428595585542,0.9253600244771741
166.38710347874155,1.217574283066325,1.3719410336125268,1.3284993046956137,0.9270002628285493
166.29514407174327,1.2224130806817977,1.3745576930392538,1.332157244464007,0.9292530008896412
166.41255713569427,1.225786815361423,1.3805325437571063,1.333468775455428,0.9308244525385343
166.43724690642009,1.2299069308787596,1.3792199859298138,1.3366777141966721,0.9331677454034563
166.41087238738757,1.2296188678703188,1.3773560444746815,1.3392765652464558,0.9343450731456172
166.3045263391021,1.2334229201944953,1.380617732669911,1.3405713358300322,0.9376588601705245
166.39131818172368,1.2425822345375268,1.3817777256868997,1.3453765336477606,0.9394997634121272
166.54710710647132,1.249363788007263,1.37979649139266,1.3505390871370522,0.9413539734979539
166.55415488628174,1.2612598715626597,1.3858623456683665,1.3597649120506379,0.9416458598733839
166.8518275241743,1.2574618851133126,1.39268539111889,1.3607784885401422,0.9417582016436071
166.81207509365805,1.2617929825099337,1.3897788814087872,1.3599738660578033,0.9354608052259187
166.94728555786546,1.2553107198041522,1.3860071183835205,1.349999066111002,0.9263491855988398
166.8232959364791,1.2537188131609354,1.3810304914816833,1.347424462892462,0.9212333392478422
166.8483907233968,1.2475493595473353,1.38055553327433,1.3440819055114874,0.921044311214637
166.76380531338066,1.24557451358685,1.3834793668064824,1.3496549639213589,0.9229140241248269
166.73825351445063,1.25589626777818,1.3877254707889797,1.3583911896249143,0.9289221394258749
166.7102126624208,1.2561121384241398,1.3914619064322196,1.352746150812068,0.9280180030133757
166.70063173666495,1.2595134361858353,1.3932349403517719,1.3539821024486882,0.9234143671290348
166.73637966686016,1.249801204907024,1.38411166261681,1.3384774927002778,0.9141342557830792
166.72440599954496,1.2451810828260617,1.3737866755165689,1.3325791287142426,0.9064132266008762
166.5681700497232,1.2413953371084996,1.3726006773466741,1.3323386354764617,0.9047579252393688
166.68220607325017,1.23757174708819,1.3683127775271084,1.3272704765204577,0.9019427847451461
166.4984758380196,1.2341425068636231,1.3691691609928422,1.3250571789195433,0.9006427859967642
166.43568743139215,1.2316767017473569,1.3638159793659397,1.31798048865622,0.8977609937387839
166.56048100148476,1.2252150515516593,1.3581800803710782,1.3126249776936934,0.8965674564979339
166.52021169390895,1.2275247754734426,1.3532961666693588,1.307826888907582,0.8940736962525998
166.55966780202462,1.2220991296463364,1.345117998596349,1.2955526313222718,0.889945540687524
166.54520739508462,1.223251932788543,1.3450290710601833,1.30030146874027,0.8926103144410888
166.4097802694463,1.2270190892914963,1.350347122514625,1.3027694484433046,0.8907326709734879
166.3183279309856,1.2300904392700538,1.3461780425923626,1.3033213483473627,0.893026529659776
166.28922582143704,1.2300111504413038,1.3493951226078438,1.3001920677734395,0.8923825252158599
166.17447309226392,1.235268521348828,1.3587799990956186,1.3093712715155017,0.9004481538885138
166.2144374822484,1.2340681517138574,1.3531108358708763,1.3003285223389986,0.8954643463592534
166.19201995230117,1.236280875365066,1.350700305559863,1.2994908459134331,0.8928382541191595
166.22494024978857,1.2395476295485948,1.350173772749466,1.2979462144353062,0.8955033310380589
166.24239620885885,1.2457603214042314,1.3556640638367112,1.300169848628116,0.8988200553514769
166.38159013896285,1.2457138435328812,1.3550183149102304,1.2977834994089503,0.8981015528125954
166.3700931046997,1.2461559077328332,1.3561274503506284,1.3022260154900867,0.9014854333823037
166.54925307107314,1.2392570713405469,1.3557871498054277,1.3008684282723928,0.9042120655371015
166.5337691973048,1.2394497189024651,1.3575881149280349,1.310396399944868,0.9086698162226431
166.70897409056016,1.2412769296903785,1.362278035701973,1.3186150261237268,0.915268186710792
166.62596727558295,1.2459042195401826,1.360522993513548,1.322624529161405,0.911966498895186
166.66001836644168,1.2424323097927448,1.3591687064036244,1.3180833582505627,0.9108215905442553
166.72289074330556,1.2451571008072204,1.359654047711136,1.322186070273883,0.9080603042479053
166.76666571181693,1.238546793048633,1.3607528172878645,1.3191944782078415,0.9081452324522611
166.6661421660717,1.2451161028434048,1.366198979229147,1.3251323178388825,0.9090469314252968
166.70574826310187,1.240626097956248,1.3672273600208638,1.322711748979688,0.9142844453843156
166.68427808136013,1.243064214322236,1.3692272642353052,1.3253780659770082,0.9156220480085443
166.96532847783604,1.2396443749197132,1.3701108328730789,1.3266992997682314,0.9218289181200158
167.22141971185573,1.2329216019237326,1.376524073500146,1.3272704943582079,0.9217271881346363
167.22962355804515,1.23719407263432,1.3783101437392653,1.3313812596645034,0.9238221819706348
167.10576781015098,1.223392135394489,1.3670215544945286,1.3213333108439986,0.9183813288245297
166.96364741694302,1.224315477491466,1.3654097422389944,1.3188638998133997,0.9124623314238299
167.00745953516568,1.2255548954218725,1.3723918285982148,1.3248365027436568,0.9189384736874046
166.74064791919037,1.2265978178202284,1.3701186782614754,1.318009009826379,0.9076396277674174
166.98173817140656,1.2303205964273838,1.3650692093085641,1.3165227242509534,0.9103663691714364
166.88683457887154,1.2308469025268272,1.3684039954049982,1.316900256639314,0.9035814578277589
166.90860997918233,1.2359574228740229,1.3681875536432242,1.3159856912261867,0.9060077533165293
166.75295151683716,1.2306090914252164,1.372441326017756,1.3175935874437894,0.9089367539839409
166.59267780279148,1.2264745967430448,1.3698038185725832,1.3160833858805248,0.9022907474446487
166.69129940989353,1.2252195644483903,1.3654661314765633,1.3162971831884382,0.9050739878536529
166.76009582472247,1.2245496207565514,1.3693719626962189,1.3169464349493158,0.9097727311726015
166.69075621986204,1.2305628038454735,1.3710915727397317,1.3203967956816445,0.9121610775792084
166.73732613801627,1.2245174054616943,1.3734426700889857,1.3225740052306851,0.9189984814606418
166.92010439472693,1.2265168859559312,1.3755379543511708,1.323663284499741,0.9180750213646728
166.96162552935405,1.221557855157176,1.3783785937553463,1.3266328207507414,0.9234915086570061
167.10547110649162,1.2196931058596339,1.3750871997946896,1.3178105370182467,0.9166051090966779
167.07314879292312,1.2181610945912529,1.365647016143848,1.3093159441697098,0.9109377302089114
167.04668599710286,1.2102726654471072,1.3669191851317792,1.3101710428370477,0.9150682887363957
167.29206680279935,1.212056934440903,1.3682551963385388,1.307931287075817,0.9134448962870332
167.33357182474373,1.2170220791999937,1.3686375737411083,1.3096035939498238,0.9113192162696829
167.4797596995177,1.2126020160605944,1.3643893409417374,1.3002842457571997,0.907271264633477
167.5445144185881,1.2203456623501163,1.3700972978313932,1.302669754695412,0.9089642413890648
167.47169568638546,1.2270291902087405,1.3771616907084079,1.3124207501107017,0.920660925761738
167.57281447518162,1.2302635201092473,1.3837249760061143,1.3236329302421934,0.9320741891068081
167.63335832880685,1.2266674843210041,1.3832580365311928,1.3223669000364353,0.9289785009725866
167.5943602699429,1.2280696409528393,1.3796528858224606,1.3152995723245886,0.9190057405828582
167.39719132771393,1.2284100539769962,1.3820469594729277,1.3210070640508442,0.9240322480063016
167.3827807512822,1.224615419444847,1.3769240899160011,1.3161246124091897,0.9178043039415816
167.23209874924333,1.2239156890481464,1.3764857807556474,1.3161919842589223,0.9114037847714901
167.0568104022853,1.2254325774422936,1.3793511799324745,1.3231523524477826,0.9089531204509087
166.9314422586676,1.2306754916089673,1.3888627142781,1.3317757083504633,0.9166737452462286
166.85716920578082,1.2301262305514191,1.395527738200064,1.3337641084630254,0.919405585541267
166.8177908782107,1.231690333281468,1.3952072906145998,1.3359219374095732,0.9182012643114714
166.783404833163,1.2305312754001763,1.3978247706896763,1.3387576080768955,0.923470517320062
166.9150842099623,1.2359614379717416,1.4025942606800084,1.343971163353853,0.9270833027522999
166.970660676351,1.2326956942478458,1.3977498281461052,1.3351734701992601,0.9245306723306794
166.96142269544777,1.2293984820453725,1.3927543877338648,1.3295544270270934,0.9179618196498183
166.71068211712725,1.2298996467759797,1.3900709298743492,1.325478858983831,0.9172493757467357
166.64850155017794,1.230732471362834,1.3911205036101204,1.3315443818472341,0.929055596140512
166.60575231145816,1.2264513963320711,1.3885673832154635,1.3289058965315794,0.9325936382661382
166.62658823209418,1.2289751369227293,1.3846506284777251,1.3270881385803006,0.9310826634308234
166.60237209303355,1.2348728903291781,1.3913702631087952,1.3312226997727823,0.9329470451561773
166.59082667959734,1.2309873488155263,1.3916443091937314,1.3274117431659411,0.9312873251487945
166.67417806994774,1.23482947331618,1.3968770864455284,1.3289505452718626,0.9318601700123309
166.72330721308566,1.2358079023438855,1.4029431423484064,1.335011847301772,0.9350467961289918
166.83775142399398,1.2394465432347692,1.4142968395727704,1.3423629489659845,0.9420001975701949
167.02467261946006,1.2349711340830007,1.4205202283390654,1.3367945154587049,0.936898621687793
167.15097500192667,1.235558966716821,1.419184335282091,1.3400151214267364,0.944417005617712
167.08015795935847,1.2370876823205852,1.4197888434355317,1.343057816678079,0.947883966341916
166.8985863923564,1.2320304646274678,1.4140592653283455,1.335861527216386,0.9440530936416006
166.860194243141,1.2335461943226678,1.407780227694901,1.3347787665533049,0.9428798140756967
166.69459181127826,1.2263282470087562,1.4076857960566114,1.3209278026482785,0.9280231112721995
166.6042437979234,1.2257505194423055,1.4068605046629743,1.3151789509511636,0.9211876806696266
166.53888201073966,1.2231571854952874,1.407458813701237,1.3108903527507925,0.9161772348842077
166.507643693071,1.2204119230494268,1.406900255970406,1.3047496796548161,0.909069051658545
166.52751142622606,1.219619753405059,1.4135961743989987,1.3119739423641428,0.915544583914214
166.52037079624614,1.214987721331634,1.4079505395256748,1.3049728769260356,0.9087939445794372
166.56226164188448,1.216810357265291,1.415754724776021,1.3118494517644994,0.9136435442145714
166.57198134759707,1.2273179655356938,1.4320326620341866,1.3322520857319298,0.928487692873012
166.39002981111466,1.2281291261055356,1.432234692038708,1.331575000382364,0.9229935369527595
166.498874641342,1.234808767621392,1.4326325284088062,1.3377110223478814,0.9324142648823546
166.4108703177117,1.235141533962936,1.4302395933436511,1.3348866079004882,0.9282413507552367
166.40507294767133,1.232609631106175,1.4190826609847011,1.3259334591068213,0.9252076395081508
170.9297111452972,0.5390407228402646,0.5687378633473618,0.9692168170762072,0.7344768645484722
165.08854820012945,0.2864799202212008,0.22115950913854285,0.9587668769837125,0.719067086199497
163.36242382653347,0.3182650998663735,0.28534298925518575,0.9808380876323836,0.7056671871444559
165.23421183908093,0.5285822725945057,0.4918985054766069,0.9575835355970929,0.6783421652264613
167.29175002910466,0.7058594957012334,0.661776552810442,0.9423391284642297,0.664035572814288
168.2540837062933,0.8172921693140384,0.8104122995476903,0.959968600730271,0.6624029827191458
169.06551822250418,0.8880537174883303,0.912862540057448,0.9808792291861899,0.6649726154127437
169.5618568198578,0.9470829202058669,0.9921129494299165,1.0116498433496222,0.6768471354827692
169.91964532243458,0.9838075157824802,1.0538838809197395,1.0288686550863053,0.6935649447181197
170.08623309857,1.0169514305157354,1.0910166119714984,1.0511304904450218,0.7101652850702911
170.1154705562105,1.034077426793162,1.128344942747769,1.0585393366132216,0.7156727457167279
170.2794311483456,1.0438435115712617,1.1430085299974837,1.0573678128978952,0.7249649817368532
170.35391252856527,1.0499354745017722,1.13870778530203,1.063764324821981,0.740864354074295
170.3883380253022,1.047955053087278,1.1495752616932036,1.0715448201909847,0.753636306144602
170.34227258460842,1.049431127353182,1.1623154777232256,1.0689549216196281,0.7508302689776545
170.354780072599,1.0485041552914174,1.1719742095388817,1.072876135713904,0.7420459056880162
170.2611085760178,1.0454541655293839,1.1737288752592963,1.0803293541766144,0.739656180023099
170.25993471585025,1.04973422931551,1.1705133848186406,1.0890496413791038,0.7503048607667624
170.28932432685536,1.0528358032141976,1.1751177837081002,1.0951532227440453,0.7552928733907373
170.35224495301006,1.055267835308029,1.181052079946575,1.101982125373549,0.7568884549797733
170.516449858425,1.061440483540336,1.1771488228559637,1.104561996334786,0.7641724661921245
170.58258801481497,1.0602170551441052,1.1693667596188346,1.100343049763517,0.7640060558590546
170.63781041307143,1.0570718597359092,1.1594313342594258,1.0954008462154305,0.7631957714649776
170.60531087842833,1.053992912465417,1.1511803032938417,1.0929276960451517,0.7649643800187377
170.5513315899523,1.045348267242093,1.1626509807273788,1.092376104898393,0.7627458470691948
170.56355641039195,1.037909931292168,1.1717636383662087,1.0983784433777732,0.7661985413402508
170.58627013926363,1.038702145666438,1.1716026864937552,1.1038067612019442,0.7718186231280129
170.48885140015275,1.0348918130136624,1.1818699067437548,1.1051301290064985,0.7648676929821425
170.50382352899354,1.0349614159464735,1.17529980010592,1.1029543469906027,0.766355757199529
170.53798469061988,1.0291179911793766,1.1710333404890576,1.0961446953817948,0.7601579601288829
170.64314562896098,1.0283915981328495,1.169853326837611,1.092783859152148,0.7592767255373901
170.73577058285608,1.0198627077613847,1.170574431555188,1.0974683703310602,0.7647494583596175
170.72672460611548,1.0176747290324173,1.1614110110899625,1.0930063432220516,0.7648570557028886
170.75197524835542,1.014509916741442,1.1614681713755841,1.0859352747807125,0.7588161827259126
170.8154742764796,1.0157506485524932,1.1731809743369472,1.0890850166937365,0.761491206632805
170.88246946858914,1.018148238376387,1.1769332215365378,1.0882725566782925,0.7653239138964625
170.93201255349004,1.01171180239438,1.1733864401054723,1.0834377868868645,0.7610350840507427
170.87900212406782,1.0150007862452557,1.1701651520031366,1.0860840317714378,0.7605763959846367
170.8540276950929,1.0239335466735373,1.1634114485026417,1.0828227992194042,0.7569844283739544
170.97908684659996,1.0314553991304753,1.1641416557080226,1.089169318074181,0.7615193681552881
171.0583129830733,1.0433117064183375,1.1681470167823889,1.084790625461255,0.7572249859240299
170.9824690013007,1.0465502372797042,1.1737404658347597,1.086891122898402,0.7580264877913271
171.03251432842933,1.0516354008892617,1.174681870558471,1.0909403367930466,0.7618006922252963
171.09283154670376,1.055251301203799,1.1722091538074093,1.0935236244118984,0.766063370944516
171.0062970823126,1.0478727871851357,1.1736862645375838,1.08660029131681,0.756258788785944
170.93260181501188,1.0427257263780019,1.1733049940723759,1.0830787770810635,0.7591983043533247
170.91928683214744,1.0399082590096191,1.1667411518922577,1.0783616607378819,0.7579225974893679
170.8874630270403,1.0381068573548726,1.152914926179309,1.0700577318514286,0.7587663730142281
171.0939534811542,1.0419575103043035,1.1455366611018123,1.064979966718866,0.767498054329631
171.14638048959773,1.0531514032349694,1.159837092114329,1.0690116341963438,0.7666449627601443
171.07326370128985,1.0537832636784874,1.1611932602637798,1.0694083457192158,0.7674498635499654
171.07138382547586,1.0548918767632989,1.168297958361897,1.0658964726735256,0.7597736426587515
171.1006787521019,1.057612418721972,1.1728148168286974,1.0657716059090199,0.7595342800680454
171.09392446898167,1.0607812560432812,1.182034873090707,1.065217978495347,0.7549251429369408
171.20241925066185,1.064220116038574,1.1841345698640695,1.063954633145729,0.7574171552192202
171.13635024773728,1.060409240264352,1.1784096866004314,1.0621713554160577,0.7573221143782087
171.18536190571854,1.059752242633434,1.1794021043931742,1.061635693388918,0.7563762208231795
171.25593968525152,1.0632063632877047,1.1770015629561823,1.0623340968038242,0.7559862968873707
171.25434986639513,1.061946156476932,1.1824258401103422,1.0639147828389057,0.7555702095006248
171.25829599599052,1.0598023583525744,1.1798182484344952,1.0586670459381593,0.7533436860942629
171.21675349779844,1.0586287568581971,1.1776454682393716,1.0495446263611188,0.7448546639097453
171.095260298701,1.0588443303007578,1.1785099683946079,1.0488730292661275,0.7399081140299827
171.07239780053814,1.052342751219165,1.1758208160562493,1.0489645725647379,0.7360970348468758
170.94198342828193,1.0460212256567938,1.176983953081741,1.0551397057221086,0.7380153476263961
171.09891129567285,1.054502455676934,1.179377448184787,1.0760220576198967,0.763272105433257
171.11819565806556,1.0551170222203163,1.1819776066048264,1.0922842713495804,0.7762182827010018
171.19109136570387,1.0584308767106134,1.1780963777127658,1.1022006305392267,0.7917561752819543
171.12702060990026,1.0565823943276038,1.173706504321748,1.0984110724943872,0.7942482853318503
171.03322646739775,1.053794296208208,1.1691473217104873,1.0889279830229386,0.7880836786972921
171.00074409464293,1.0538896788850354,1.1728923893691183,1.0942846757131808,0.7905970391133204
171.03511125355124,1.0556115379587314,1.1811129036465533,1.099049432785861,0.7913750035869983
171.07093240572638,1.0623387944756686,1.1811083928522488,1.1025468052681784,0.7939041840145915
171.1589530244885,1.0639906784486104,1.185640472620787,1.1019709306250889,0.7915538884005318
171.19199726095115,1.0641189652717924,1.1838801987674568,1.1040165569115907,0.7894500131379851
171.2214877309955,1.0625733368126185,1.1780708974955973,1.1096996997875654,0.7920077328753765
171.1612720843372,1.05659806977526,1.166629663936907,1.1048372722927076,0.7868905963460164
171.21479168036558,1.0544813426331647,1.1561841752170925,1.0986649338179397,0.7815750674582899
171.2118551226504,1.0530522691867428,1.1500384350025263,1.0987154079385468,0.7806583662162008
171.35341155028107,1.0519178487130183,1.1540000633424143,1.0932861845679622,0.7781085073988567
171.3321611691596,1.0486682447234135,1.1503994247369473,1.0956942739083124,0.780277860002631
171.37560569390018,1.0501630288717316,1.153104252177163,1.094428097346448,0.7833673698981016
171.30143871384894,1.050208798066706,1.151624446371749,1.1041600128780629,0.7912206178491454
171.37501677753633,1.0551372251073894,1.15783590703155,1.1041381010126472,0.7928812852628938
171.32604230049986,1.0593971147245846,1.1553956216756796,1.1135302011344377,0.8000212531673481
171.23259810505937,1.0545205276907768,1.155395492659741,1.1088847453801072,0.798744493539892
171.20752215048952,1.050809217645487,1.1546182520125086,1.109147014451752,0.7949585503287597
171.20415089004456,1.049778003423787,1.1498382362421213,1.0972376484309219,0.7890660748078123
171.23589645656926,1.0510452885568926,1.1437462476553544,1.0926198584470543,0.7880569385071566
171.2756488252499,1.0515708816615013,1.1427591423352759,1.0895627505053387,0.787959321387269
171.17414547223115,1.047127657697035,1.1404315465132526,1.0879960158520976,0.7833441871883339
171.13035028464037,1.0441246240550552,1.1506395876591966,1.0801437437619636,0.7731196465302332
171.00773425845912,1.0416577299484318,1.1481883253716858,1.0774169966438347,0.7685556669409298
170.9454711790419,1.0417204904300712,1.154925310348892,1.0777673614052994,0.7666313215016948
170.8768560977528,1.0342749761989563,1.1455233095782624,1.075895706655882,0.7616952776533275
170.92895183451344,1.0370564016826123,1.1515898689013089,1.0698121334075514,0.7568007975545424
170.95029467466142,1.030301740117777,1.141780677817802,1.0676790756868155,0.7526862089932173
170.9564303687686,1.0342953846688983,1.1450201505414375,1.0677445225530546,0.7521081301837101
170.84982518416135,1.0274586921896809,1.1408136669503808,1.061314569898991,0.7436766814506646
170.91591261743696,1.0255214727276383,1.1414372879797308,1.0545314776002823,0.7385552560952682
170.91002220771884,1.0235495691446934,1.1344743266040789,1.050180926851633,0.7362247856563183
170.96614060556655,1.02914636732243,1.1389867855752926,1.0529235574040814,0.7387451345187706
170.9796480786536,1.0352806911320807,1.1455983607410078,1.0627755467857276,0.7446545582904452
171.05532579864598,1.0357909336066757,1.1515860907693407,1.0702399705447343,0.7487487142252653
171.04384444309625,1.0378108123282437,1.1465506672763135,1.0789708465387198,0.7563806699475777
171.02184144269282,1.0381415624981367,1.1490541487737493,1.0759447075628972,0.7552765100689709
171.00456243050692,1.034066468810012,1.1485183309936289,1.0729923130041974,0.7525316570320927
170.95869778631828,1.0330100721775795,1.1537691020867076,1.076324572269556,0.7518815572100565
171.12343969887533,1.0333097323971387,1.1580994490411318,1.0827231153891963,0.7612363473491082
171.1505209379639,1.0293211230730859,1.1594234425177041,1.0847424955045217,0.7635325437741436
171.2939649973945,1.0363177082577897,1.16660234155996,1.0783955568306394,0.7615199541027513
171.25538999677963,1.0400605735349373,1.164084976488613,1.0811374641494145,0.7609666872910135
171.34202455664277,1.0456466558997959,1.165703835300906,1.0767356425002834,0.7580136554774345
171.25465738287036,1.0440573134166293,1.1583901792453355,1.0761147967375893,0.7579071238366588
171.30898444139905,1.0459587147396459,1.153842959825392,1.0748272341937122,0.7605155201685142
171.25698250918066,1.0461624900669313,1.160770398645465,1.0805469967751231,0.7617756703268698
171.26140217866234,1.0478053354552042,1.170930864472339,1.0858327637566907,0.7636211674566723
171.20800985278458,1.0414161461845,1.1710817602309007,1.0805139385849067,0.7578675035762066
171.14198650465386,1.0347492107957479,1.166459193446402,1.0729993265445454,0.7524735930656334
171.14254180664696,1.0404162608588854,1.166884268674443,1.0708229131156979,0.7506802478327514
171.17443526019943,1.0356880956540886,1.1671205523357364,1.0747961987644563,0.7536057689954727
171.14283509713752,1.0383677295523606,1.1621151011315716,1.074426107170711,0.754740270991197
171.1400531322528,1.0334066888935387,1.1610209927791557,1.075612375756438,0.7560176675946654
171.1761252140345,1.0278925146666582,1.1612805356728821,1.0632966747643464,0.7442694768732586
171.1053575334341,1.020818699110564,1.1443421158606355,1.0595552402148294,0.7420566434282166
171.0375106303086,1.0160266427521196,1.1372544974269614,1.054133737395419,0.7394602900340583
171.076931230607,1.0209576396994988,1.1292748632223693,1.053183016286625,0.7499538945279178
170.9163886335841,1.0289740721159821,1.1287835381331244,1.0533001145983458,0.7485686563436276
170.8341245590337,1.0488730890172349,1.1236430616184045,1.0656800742173183,0.754865237860867
170.81904118896563,1.0584365700112106,1.1268051163273447,1.072325494865653,0.7608684471984628
170.784461398095,1.0637273775484362,1.1339038388459628,1.0825700692427134,0.7659673136767785
170.7455167782511,1.0655909553615255,1.1412740761836468,1.0888115799218236,0.7666084378260766
170.72088743090774,1.0628927926927008,1.1372448128267405,1.0839718718527964,0.7624963149790127
170.64937286412675,1.0615025540343626,1.1454014332621376,1.083086457914596,0.7573861196758288
170.5879622284155,1.0620867026061658,1.149717449617956,1.0864434592432977,0.7579989560311526
170.5842235581312,1.0553313806881481,1.1563496750092586,1.0737450648103322,0.7457527019292908
170.5568628487726,1.0515315088624304,1.1553441267352418,1.0692664292544052,0.7387036638879687
170.47563664281103,1.0479482169980114,1.1538575285400972,1.0680974143063406,0.7372233788840762
170.34777957147176,1.0473671920791114,1.1449135175451743,1.0613944322517657,0.7311867113369878
170.28523013392163,1.0402430744484352,1.1390053200223924,1.0573251054043271,0.7294295873831836
170.2929602118003,1.0362936740620023,1.1386317550843066,1.0569311857964863,0.7302859971505667
170.3465245106348,1.0275477995536357,1.1333750854831761,1.0518203948162266,0.7288744149811651
170.64092670472357,1.0290369988362396,1.1370829535741662,1.055604702558104,0.7356996792013195
170.69547905808906,1.037388833240235,1.1458188503969458,1.0646883436799481,0.7445271180722393
170.71777394635495,1.0451668924970265,1.155151431185299,1.0702649846458778,0.7519448507364623
170.68587165896497,1.045655749397237,1.1594487575822952,1.0742818623633195,0.7582648642026371
170.69263416510682,1.051777222926147,1.1587161194413123,1.0840749141325225,0.7692112787048322
170.71463814381636,1.0446612192305629,1.162231925440014,1.0852507657975767,0.7655059831040927
171.74989099888995,0.8905211848930984,0.9634375628891777,0.989183492206932,0.7729878152813779
172.40096764547073,0.9071230646043491,0.5229453266688433,0.9465173387093625,0.7355077769153886
172.07508767376387,0.9485558488759752,0.18118596429181572,0.9706820594350694,0.7611339405331142
171.12573489171203,1.0067877249238326,0.35849162166636833,1.0203465894396417,0.7892408649352587
170.48630556132147,1.0652253086414103,0.592595427609007,1.100009308460085,0.8339211645717798
169.79606571610216,1.1184770196023024,0.8147362282925739,1.1921129669716084,0.878605050615919
169.2181395738133,1.191670563897445,0.9954120293299004,1.2855011862972514,0.9150190232498219
168.897204474877,1.2487665480518555,1.128663442754953,1.352769915292401,0.9464954498837856
168.7364569381577,1.2697350954617452,1.2102502338276058,1.3863894470342095,0.9669671066972145
168.704686422134,1.2774587214360718,1.252291474327979,1.4038889841028384,0.990249560309301
168.81582080869524,1.2689843219642805,1.2847902917500966,1.4047312540139067,0.9855554127875534
168.8705539111074,1.277785963274108,1.3063710847178167,1.4194104108618586,0.9954895820572418
168.60965897228422,1.2931707065972573,1.3276308342731897,1.42427816040282,0.9890386387362022
168.35172805023356,1.3040422038108253,1.3524360261245878,1.4265586658447333,0.9879651942325629
168.11387167259045,1.303067711721901,1.3618337012401907,1.4246511091933216,0.9783265818810517
167.87446412928045,1.300761031698616,1.3810720558029461,1.4285314053412435,0.9780424557034307
167.67389175353404,1.2907577237858046,1.3872613767854027,1.4194933273272763,0.9660134002129872
167.5391856560303,1.2813045848001041,1.3963234073871418,1.4150208006958702,0.9604945106526533
167.514358206047,1.2719511984151568,1.3919445286697174,1.4048242670318973,0.9508912264895163
167.4635195084963,1.2604920944310998,1.3761071139246015,1.394904659961609,0.9469532633962303
167.3904197447348,1.2496557248524276,1.377062683439221,1.3973688887119957,0.9467946664154282
167.20326862248749,1.2401220322271531,1.3616110399240071,1.3815168863385496,0.9331281714129416
167.1503948119078,1.2407422600905833,1.358722817746626,1.3808048506554174,0.9348084720777895
167.0574163221954,1.2423255712802723,1.361845280963908,1.385289775248256,0.9364334381470258
167.11079309560364,1.239802141184463,1.3647302872499292,1.3835142666525466,0.9346336600884665
167.2381880463415,1.2447707636992622,1.3633142199897554,1.3868532466105952,0.9306083741528914
167.40872512257377,1.2483490539240314,1.3673448829636659,1.3908243459164082,0.9317693852465335
167.56936064801084,1.254937971448286,1.3643932343246945,1.3944913442404716,0.9315941793643638
167.59933198360216,1.2531718421937101,1.356435960030098,1.3896042764151282,0.9280319076695622
167.46382538141765,1.2502456106907136,1.3548561308208564,1.386242958075935,0.9201498260825224
167.39220063425142,1.2424490278078115,1.3503253371844033,1.3754287541867165,0.9089253861245573
167.37717267593302,1.2391391005167283,1.3531491567633858,1.373160303980289,0.9058316296264283
167.40747691295596,1.2321675330792679,1.3496034010496467,1.3639220957643818,0.8986165038861756
167.64296217583063,1.2244278755198323,1.3459302476102752,1.3554221934609403,0.8978385223116322
167.8313317485599,1.2181526959985431,1.340219568264707,1.349749858330525,0.9002617239819426
168.02928054244381,1.2112207654519587,1.331356102333873,1.3387880505034384,0.8960038640337691
168.1457096641072,1.206666450960425,1.331916904920789,1.3388530248305666,0.8958535093323275
168.26873501040646,1.20986792235766,1.3313467754906125,1.3407216822201744,0.8964552587065049
168.3666584172701,1.2115272852157062,1.3337892161460638,1.3464271437797255,0.9027842192006986
168.32623109092827,1.2154591388460714,1.3412754160073586,1.352402140460622,0.9080209238084237
168.18412919324203,1.2136575278826873,1.3476494453077368,1.3534004763139469,0.9117245372972403
168.15651942111302,1.2204319952120797,1.3518304998234847,1.36290407693562,0.9198870918190992
168.11977227185523,1.2224946642329964,1.361605047908195,1.3739272947381955,0.93075341950494
168.04087829255448,1.227487883706347,1.3669155775828468,1.382650285924801,0.9369390926872808
167.91443030284347,1.2323177117976944,1.3714659609029758,1.3874967767998017,0.9455616487314684
167.69320549563568,1.233589280163331,1.377383467935328,1.386008372911704,0.9459502797642453
167.51260125571636,1.2285211246949035,1.3773394055361408,1.3837084876118095,0.9393522209625315
167.36524362161234,1.2266986112468508,1.377628356888009,1.3841926195164225,0.9352885982284335
167.29473685549365,1.2252034123291229,1.3710126031278969,1.3817928475332577,0.9297805636057235
167.42988375966493,1.2276259349431373,1.3700473275660712,1.3850842702419504,0.932746596669375
167.3924208606687,1.2320587806437806,1.371054696099331,1.3842633348280597,0.9332404969016708
167.26143825755923,1.2318347294368348,1.368650745578956,1.3788970854341813,0.9270824429436317
167.1713602822295,1.2282526727161458,1.366529770338092,1.3740164599578004,0.9214776781144409
167.29010971178909,1.2322158379502541,1.3618140558936533,1.3711618379578976,0.92115043983091
167.3959158823749,1.2321712276599994,1.3557277387251574,1.367112083555639,0.9213751903229518
167.41041095030138,1.2318634571743359,1.3566746070541733,1.3690494697434312,0.9236053938210321
167.2047719553786,1.235369332309246,1.3582102580069195,1.371850207102886,0.9236629642938976
166.96161622590637,1.244045465919236,1.3567591670043107,1.3801059700524876,0.9265247644275276
166.90679197584598,1.2458170898761296,1.3501534344342172,1.3817827375180585,0.9265143503349486
166.92965821115607,1.2360282136868117,1.3395785643859024,1.3725308238163,0.9182883912327808
166.9226417657603,1.2318794324753426,1.3331053049456438,1.3758628295291793,0.9146599546010628
166.9914421590401,1.234944656323972,1.334536607820581,1.378131133338416,0.9128525236228551
167.10564308344723,1.2398560193731647,1.3463390833555966,1.3872960202602613,0.9217224357612535
167.11769867849634,1.237111507163332,1.3452807900208952,1.3828346721411617,0.9134343592884036
166.98455245548806,1.2305547486594963,1.3387118721677285,1.3744966752041592,0.9048112389787163
166.99576286944762,1.2254640112406048,1.3386807321192729,1.3705464215530592,0.8987489076407053
166.98082974741408,1.2215175102547289,1.342187500725373,1.366826909832767,0.8946081370854922
166.9795451764403,1.2177587744964349,1.3408620668291817,1.362261288829266,0.8905494288074525
167.00928987326856,1.2202911585561618,1.3421207501607706,1.3619421728109231,0.8918699537120638
166.94128044876223,1.218392794075478,1.3446402902959846,1.3616561971067545,0.8927610140838779
166.8880548806921,1.2193726986825824,1.3438035755116569,1.3648261821876084,0.8928261750590307
166.7434729319583,1.2163447317727762,1.3500015814380937,1.366833033732021,0.8959978039262447
166.64863071205713,1.2209892958414141,1.352886129252583,1.3724092769591276,0.9025836874548908
166.67507517586384,1.2226717452287823,1.35665887002834,1.3780862618383432,0.9086666609524934
166.76928445002616,1.2256480702166135,1.3623883287667244,1.387680949910705,0.917094320572633
166.81590290442816,1.2234213490949815,1.359995567369164,1.384967903584702,0.9151273632925621
166.85832665437533,1.2209536271573525,1.3566402431427182,1.3838355932708966,0.9173522847716307
166.86961715766463,1.219990048299799,1.3478178803772136,1.374352081340095,0.9094492301723247
166.86902088322032,1.2187554039862856,1.344643634669949,1.3672844273262377,0.9058449605717206
166.89117867897053,1.2150285367431197,1.336887182378316,1.359409219101576,0.8984559399196621
166.93041479263545,1.2167497331513137,1.3362428432847675,1.3574808966112353,0.8972881542773895
166.94261353383982,1.2065140155750274,1.3270763477581642,1.3482266977954733,0.8895518086905094
166.9870664569883,1.2072573102034383,1.3244161782310249,1.3475490299301522,0.8887860088948457
166.94463564485778,1.2067916961726062,1.3311327740639196,1.3488561600843012,0.8912712625425486
166.96808690034948,1.2074626785788172,1.3290756602677367,1.3480599514830147,0.8879812194459291
167.1063650552363,1.2028798265191822,1.3264634212565203,1.3446931575883843,0.8851003700590894
167.22670793424967,1.2036930364947644,1.322839186269832,1.3443694409555516,0.8835315660979847
167.39460341379828,1.2089590547098668,1.327984656038464,1.350918637486246,0.8892333368241958
167.5722877991659,1.2123137578394512,1.3346088529792302,1.3600215141867031,0.8987423125849179
167.64322193362187,1.2183788254728287,1.337456813083253,1.366721210402932,0.9036957297578058
167.77791819265263,1.2199541270111636,1.339207049569975,1.3702933424976798,0.9063737285825539
167.79626421389784,1.2238110222750354,1.3384333165229558,1.371762578349162,0.9057913243414343
167.83930880904663,1.225425881001359,1.3443704486666117,1.3796244042369363,0.9125666471524261
167.82326115559337,1.2213092283680016,1.3473403570194074,1.3816306387664385,0.9103695836684718
167.7278473331108,1.2231678077378114,1.3468575846012523,1.3799869342779982,0.9076760923930125
167.65402631576066,1.2263474637744747,1.3549791846678738,1.3817180462632654,0.9098498434116631
167.55540057136494,1.2233029851520916,1.361110210403494,1.3795848569632039,0.9098814269224926
167.6330595498084,1.2213247323801932,1.3583690825889427,1.3735599425130307,0.9065598588328018
167.62581722850624,1.221547590253854,1.3577622286172422,1.3718968538834286,0.9043799155143672
167.62203915667968,1.219015956664853,1.357096916532346,1.368849256165985,0.9009598266254303
167.669595446474,1.2208554862671683,1.3579805304564605,1.370411046855483,0.9062776689837131
167.64789229340118,1.2187080393621434,1.3587717171476652,1.371925870389177,0.9084858876289479
167.64892994876527,1.2168785819184744,1.3597400703325382,1.3749133345902678,0.9122299915183428
167.63177036850757,1.2131294134427275,1.3583419423150453,1.3749391963546969,0.9097178383929445
167.6797386755577,1.2104329457442093,1.3606908492614354,1.3757124906907003,0.910455314691403
167.7759133689057,1.2094566774338207,1.3554317491732353,1.376338748480059,0.9096021943944694
167.77806501960632,1.2056125056197815,1.3535741117114934,1.3778690291859965,0.9091722505206346
167.69729410339062,1.2049344909061055,1.3542299660696369,1.3766703758350654,0.9069294403649458
167.6133345059334,1.2028850287755397,1.3540370987454875,1.375775585279572,0.911060416088638
167.60266155934758,1.1970605394635319,1.3548418899624852,1.3754612088556668,0.913721988413413
167.67207716932435,1.196692500260245,1.3524166847535142,1.3709890948229746,0.9130699014141376
167.7738056630279,1.197271388861407,1.3448013041056883,1.366633693044157,0.9104844820194996
167.92058058160157,1.198457845592469,1.3452423194095402,1.3658590792751901,0.9111202452869326
167.9526665129863,1.1985374402216837,1.3405391345129605,1.3611868622458407,0.9086546186402025
167.88174861332732,1.2027643115854352,1.34291506940167,1.3627299743329497,0.9111617887928108
167.85827055139987,1.1958242663318956,1.3454969964702306,1.3630260324695138,0.9115194980924429
167.8170602937451,1.191484287727415,1.3405244484027685,1.3614754765658033,0.9070806282423246
167.81303160969935,1.1912576491248725,1.3438967816543634,1.3665293991317353,0.9078997938806408
167.90181396948014,1.192234939087493,1.3472750210492295,1.3688000833294036,0.9094097766173382
167.94151260051208,1.191471960696538,1.3508312865699164,1.371228320604457,0.9114589873216604
167.95403474364508,1.1967781302487694,1.3553498293878488,1.3738250204694469,0.9131312669950856
168.0015271461481,1.2062428556392744,1.3607168105669316,1.3785110758381216,0.9183420599947995
168.02642874028126,1.2106708197955607,1.3664896325049707,1.3813921969621892,0.9214177230601454
167.97457526867439,1.2125399013296072,1.3676700269383228,1.3825721956225099,0.9208379357765969
167.73507511178744,1.2125214535474895,1.367374987834515,1.382932986677531,0.9170713423164181
167.6223191157493,1.2115840989098183,1.3675589406075483,1.3854582143454486,0.9195581406417365
167.48198876535292,1.210197473012969,1.3714931320311043,1.3874097303332555,0.9185915823746941
167.4372108701514,1.2079065204052744,1.3717191711522052,1.3862624951170912,0.9168748440509942
167.5137236042956,1.201243025787246,1.3706056011633654,1.3820705669830926,0.9115826413863524
167.69311565212524,1.1959029385144506,1.36169389184598,1.375027208733608,0.9048360629893052
167.93392714976935,1.1940653768383134,1.357801790340057,1.3720591845594141,0.9056795384755408
168.02332966294847,1.1906735680931224,1.35282267941073,1.3668143491822247,0.9021863694952864
168.00485187395367,1.1911524254153885,1.348973699338741,1.362053579285892,0.8982300599567534
168.0336354933057,1.195467746625347,1.348338065104493,1.3634608236235226,0.8995811845362253
168.04708915774376,1.1976630283412497,1.347414289339329,1.361724835577681,0.8996331497786676
168.0376740408307,1.1984325909442826,1.3504502163781122,1.361934588238211,0.8997724933870873
168.02064635595374,1.1955033674848465,1.3447100675533674,1.354373711330474,0.894335819600767
168.0152058637568,1.1935232869368306,1.3412345152990015,1.3504271767883835,0.8932007018978022
167.95612224722626,1.1906487438907443,1.3345015087563439,1.3467536633934447,0.8908211116752495
171.2802009057353,1.0683093390828609,0.6463190069558904,1.2422911190816437,0.9397390234443693
169.56850661924219,1.130961237816542,0.32093607950009473,1.3702513748835063,1.0409490105625268
168.56733064233603,1.1983728891038383,0.5134496344307243,1.4798547955020445,1.1256016025393147
167.99727141338215,1.2939101262058423,0.7927915762201889,1.5889033860791137,1.2021926606948583
167.3922334531019,1.3644068617533531,1.034809914948719,1.686027485784226,1.2776114512911518
166.7292953576801,1.4183700513101216,1.2119198741365294,1.7566466360059516,1.3421706967835696
166.21063109519403,1.4496581697122517,1.3264707965785714,1.800002545832569,1.3773727091289016
165.9083068407261,1.464694882853465,1.393573131580625,1.8014573554657056,1.3633825917346198
165.7591278583387,1.4784446600588568,1.4340273774263088,1.8078889253096004,1.3610901076995996
165.4506975665492,1.4765522801245332,1.4257763505386436,1.7838451395609507,1.3474354776607087
165.20490990465544,1.4637930957453387,1.3984518132707817,1.7625870400780992,1.3295506399004469
165.36334093871025,1.4581057408602458,1.4067387367243165,1.7571464871198943,1.3363838195976934
165.2028116505945,1.4742286249234238,1.4214948432865087,1.7751188922307202,1.3536796393061197
165.19456435359035,1.4917315419396822,1.4593767532802675,1.7964048460958517,1.3714969758532682
165.21168716164405,1.4945441924096508,1.4729630809726066,1.7955120076313211,1.3565650281412989
165.036426320944,1.4847904702367412,1.4709987676408267,1.7848739950308117,1.3538171693207262
165.1887399941066,1.5054919880897855,1.4988680097933194,1.8111663340990642,1.3774589182902863
164.96823194860667,1.4788073104968031,1.4852100243576727,1.7722466651823248,1.359326078830062
165.12449954811723,1.4932161710305,1.5148832606890688,1.7996444510001628,1.3835620073763024
165.28127612156686,1.51950090754265,1.5569286743963193,1.8351966781257967,1.4096982247815595
165.1729333169875,1.4871186433229162,1.536570901605188,1.7946869227657005,1.3795330543086664
165.4911960836912,1.5031101309395283,1.5587464227743872,1.818027015556762,1.3928407874133373
165.67119016113628,1.524083591642748,1.5712713947783128,1.8273108271514937,1.398371901407331
165.73536989233415,1.5184574345679596,1.5677881321584695,1.821058358304714,1.392194570436479
166.0610602817941,1.5613727357063831,1.609504589020689,1.8704887334222156,1.429666147623726
166.18396890872333,1.583996046037598,1.6432991075993433,1.8967338131088898,1.4437780686828192
165.7604382649816,1.5454064050418086,1.6060336244041864,1.8492376070121033,1.4084757138529127
165.77498771260716,1.5486622402447878,1.6046798260756412,1.8468387105351973,1.411783548834864
165.5356054146694,1.5267340492782178,1.5827783836981035,1.8166321791095026,1.389681324655155
165.76837337973046,1.5553739943620306,1.617194845469069,1.8436799497242808,1.4037971548106838
165.96807171943067,1.5843571278868276,1.6493519912770418,1.8693326050513772,1.4165332380753626
166.18263442251134,1.6042759258097181,1.681892874607672,1.8941428659249615,1.4237650125939085
166.2854025748355,1.606598055437672,1.6742082749429548,1.8785979260406689,1.413219456551372
166.56695260855219,1.6290996593381886,1.6932044995827626,1.9004371133873381,1.4242032512467078
166.82662432639165,1.6362394066176023,1.6974447759225386,1.9061000620778168,1.4249826771371679
166.93717185609248,1.64694257364892,1.7072317617784412,1.9188996318709826,1.4309028987194945
166.88820433222824,1.613482479185376,1.6710419816177298,1.8760313727223328,1.3973681340348068
166.8414854139501,1.6113231521088922,1.6703489117546233,1.8661149394410077,1.3788226455079589
166.7968930825376,1.6201630782393883,1.6951361275564678,1.879501353890458,1.3770526564668533
166.65321643232804,1.606996736370051,1.688524714380538,1.8600345224316233,1.355681851598855
166.61671616605585,1.5990653696002415,1.671744921655028,1.8343942486040834,1.3344856929106428
166.51498940492024,1.5693848296388404,1.6575084177664097,1.8107842016760842,1.3050211482969236
166.32091538156916,1.5489231441560847,1.6354888925709017,1.7765187772550608,1.2754429178852549
165.69367675973805,1.477175008777774,1.5627924585032207,1.685181804026057,1.2169658596360293
165.74045675326073,1.4938554208611867,1.5766544298705538,1.7031592327737632,1.2282319532954717
165.8208640631785,1.5098187326016748,1.5952230935417813,1.72159544004741,1.2318928299152276
165.62492266326396,1.4848658113168867,1.5660523761065734,1.6944858469064532,1.2166796664405088
165.67712248459765,1.5094643306487978,1.5993806911113086,1.7295108551322773,1.2380269241700572
165.6310390546112,1.5182787924831809,1.6163111120310796,1.7542453893764574,1.249875271015304
165.69294743043017,1.53326252035423,1.6286021990462185,1.7738366576232398,1.2586393692906686
165.71937072634702,1.5434611432589587,1.6491578443835235,1.7856285387182154,1.2678408499872753
165.7204555622734,1.5370630920690649,1.650736157911216,1.7765040258228153,1.2637517407793457
165.77377971288465,1.5321026538323907,1.6490288910526145,1.7695226767072196,1.2620209149906836
165.69613896945208,1.5159793111938253,1.6393826222105237,1.755077745113873,1.2518273059961247
165.51942434771306,1.5067756855703387,1.6306131863193387,1.7461636530999782,1.240647422424808
165.30707140343196,1.487211347417101,1.6209132600642373,1.734443780495897,1.219889758530963
165.21270884508422,1.4820852401150935,1.6273048936089587,1.73084270366086,1.2088201039331652
164.95005660234114,1.4697367349598416,1.6259205813882638,1.7230473907429795,1.197445837777116
164.68126001216768,1.4630210888767117,1.6236775276223367,1.7218697300003958,1.1967107347854267
164.07238193729862,1.4562861065053334,1.6096334820776927,1.709355373259344,1.1871992621662861
163.56946342078692,1.4402553929041464,1.5944871828829335,1.6946989460457689,1.1749828954907264
163.55169337389012,1.4502859062936861,1.6083545278800313,1.7085943837950404,1.1789062917018236
163.35434050294074,1.4445355820417463,1.5975182547840043,1.6943888108037506,1.1659716820093147
162.9835404185548,1.421518626106991,1.5626003302912197,1.6573993524728619,1.1386072009932973
162.9606628865129,1.419277627430269,1.5524827014272957,1.6497272350380476,1.1299259026989277
162.47012259822586,1.3850081370545406,1.513178538484836,1.6034550379762311,1.1038019048054832
162.4603299335022,1.3879791460619086,1.5090982384413147,1.6032836454875252,1.1048738021560098
162.53258289391871,1.4194926453848704,1.5391126845789036,1.6425592154281128,1.131535392583161
162.63055437443685,1.4573021449362147,1.5732463936519854,1.686412306273524,1.165772896681883
162.90120637264155,1.4946551839009166,1.612251637977256,1.733747299571813,1.1985291787978254
162.87755852456652,1.488645393824924,1.6104562828736626,1.7305137556223158,1.1972969757302543
162.84619137100833,1.4905213413084466,1.6165649349472375,1.737334871725681,1.1995691629580054
162.9745680164479,1.5011299462671446,1.6305519516325278,1.7531916946814496,1.2069847716701294
162.86050248125838,1.4943889215577355,1.6171598891028471,1.7410288927419628,1.20168020273413
162.83155514781075,1.5013217653897013,1.621292254250857,1.7474865809984768,1.2032020493570832
162.9227905717202,1.5148123382848084,1.632985615688201,1.7558014973914506,1.209118206751078
163.05011923676705,1.509773568272884,1.6263766768466428,1.7441773851456954,1.1980725679401176
163.19709660019694,1.5213264544305494,1.631687866814125,1.752200935957756,1.2031745758592076
162.93076887343622,1.5071435963435835,1.6118689509032094,1.7257042543510632,1.184073906298791
163.2224214392852,1.533400800789598,1.636906511351041,1.7482686952421507,1.1951551601180543
163.27608746505086,1.5270586777629083,1.6356654693229111,1.7387211246088075,1.1882552930051067
162.86476234400584,1.4952412541070783,1.6094144885180706,1.7023000612819614,1.165208788071712
162.8302504909037,1.4911864341057386,1.6076309352974216,1.69908066028833,1.163734747349016
162.77119018957842,1.49310495826234,1.6177093155671465,1.7039966071723882,1.1651807064878785
162.4656962622083,1.471712736442557,1.5929661354415914,1.6670820324879834,1.1417294271447591
162.34219919642885,1.4665702152091749,1.590004077203812,1.6503628318805046,1.1318760498291534
162.12521039125437,1.4431908586124427,1.567057757755356,1.6193354998403982,1.1133084089317786
162.14863384505603,1.4382451181195897,1.5584001957114426,1.6093395881743915,1.106460027565362
162.25873025581166,1.4435481895013327,1.5591988656778513,1.6077801290628484,1.1058658807847308
162.79252047329348,1.4832642636503377,1.5999340266560853,1.6530912500027302,1.1306399857944112
163.1241761399583,1.4959047172821047,1.611439249694771,1.6713479403387173,1.139646312873663
163.67421606425307,1.521804423223292,1.6258274504674164,1.693834207519604,1.1540351353037448
164.07348434594007,1.5417937512511386,1.63607863534935,1.7225275033892267,1.1668093404205502
164.3125573168269,1.5553813992926562,1.6318673127082186,1.726673996645505,1.1754447036960667
164.4511945834001,1.5522305781063999,1.6149106471785093,1.7143310124952345,1.172768131572158
164.35261768670603,1.5388400949969268,1.5882681143114221,1.6826961908064872,1.1609220294833154
164.54888436170526,1.5473330543489905,1.5920267728081683,1.688069347847062,1.1605489049295405
164.41634253794527,1.529668187307747,1.5698705766274668,1.6596949403712706,1.1503779832445111
164.45678086200363,1.5205871707640384,1.558610511987685,1.6573870871350307,1.1489270133844152
164.4906356909601,1.5149336990270246,1.5518926458666462,1.6470092369806708,1.1553128472242433
164.66697645531772,1.5177939727514111,1.5526317329195338,1.6448358104638516,1.1551121559866424
164.90479246258707,1.5017570661806203,1.538090603544787,1.624415629437156,1.1383020863415299
164.76299944064795,1.4632390817412926,1.51515961345138,1.6048903410976791,1.1187955095859787
164.79108195270715,1.4441785604604025,1.498402918267502,1.5909983846230906,1.1093908537828023
164.83869462685178,1.4247381739719385,1.4829696765822293,1.5747994214496337,1.0975981289845893
164.65131195127006,1.4139173264587614,1.4773851158748958,1.572717828792009,1.091305050357313
164.704641311852,1.4081870241060015,1.4725569733586257,1.5694610849347084,1.0870419461514031
164.63283576137448,1.4046389534161232,1.460556536435593,1.561981893609018,1.0794715973131728
164.84742110209706,1.4191927712509684,1.4557180713721514,1.5704615025242437,1.08656546492435
164.896135902031,1.4236091187452626,1.4512842714934315,1.5719616540904155,1.0929693919824874
165.0185461829921,1.4310328829690095,1.457368530874979,1.5829508761471516,1.1020381852964818
164.9989537767079,1.4264587113361842,1.4558653205157084,1.5744768415507133,1.09718654479946
165.26250142405712,1.4298103826063824,1.4615417942023539,1.5844283649227808,1.10293828778837
165.38122860606208,1.425742042754121,1.458656598679086,1.5781569752011524,1.0931592807180275
165.42935808764128,1.417660455883083,1.452933020634243,1.5795578191884139,1.0969014176129184
165.47104797304408,1.4125612742928295,1.4513172394183527,1.5825505810918918,1.0900052978521193
165.51867209345886,1.4030340705688398,1.4391830933032423,1.5738308029963888,1.0879154981157488
165.27092037201308,1.397185853180576,1.4343529403565098,1.5724794889706684,1.0866842436203041
165.1195191171959,1.3943844897672983,1.4276209324403288,1.571896212366273,1.0848396859700427
165.06194533593236,1.3850151055840734,1.421962262347064,1.5642702481659303,1.0831652492875135
165.2650279624345,1.378750252871654,1.4047044608368213,1.5442230458395823,1.07593651903572
165.49237683396737,1.3616604075566656,1.404572742279113,1.5299485780555548,1.0657304507562964
165.74012805871658,1.3474759212708431,1.4039253669595972,1.5207778803279404,1.060097970802137
165.86534220974835,1.3307776007757102,1.3874378198181931,1.4965302578295385,1.0427862850908867
165.93772448462974,1.3193980262743823,1.3739106395426364,1.478777554909722,1.031578500144643
166.047635003857,1.3073675625469041,1.3626851920578251,1.4661258701340831,1.0259568945157043
166.0805982275531,1.3045175477619626,1.3666574503606461,1.4675047946380142,1.0261147439940377
165.97911542622836,1.304890508696722,1.3669841610171725,1.4678242824092622,1.023534030558324
166.03123753250975,1.3020704402168897,1.369537611361466,1.4700164575254877,1.0235550160645424
166.06908866026532,1.3007958497991903,1.3706078468678211,1.4700467297691666,1.0243206176810706
166.03800735832715,1.2901301941148338,1.3651532480760538,1.4643689372921271,1.0192316734712956
165.97523700295912,1.2903669790020966,1.3625051823580356,1.4616140262820516,1.0173149421302563
165.9542309976414,1.2907354294474431,1.3572561030773131,1.4581274096102368,1.0161659958391895
170.6524434457694,1.0493719006325368,0.876681428559944,0.9165735361731403,0.7301850487501148
166.72552899390294,0.6608806969134676,1.0132008186907357,0.8978262703347994,0.7550017191915587
167.07058527646078,0.7658219571032172,1.091126476783712,0.9157316794216924,0.7495469957953583
167.8201287384388,0.8400259001611204,1.0260008753520058,0.948034904418471,0.7503033916208031
167.9404290925582,0.8926359957322236,1.0232016566665254,0.9899889433276446,0.7429021023860689
168.16815662679926,0.9734350818623102,1.07554289971084,1.0517725482589775,0.7883754337493846
169.4840074606381,0.9878577275458571,1.096143040726272,1.0345391021300216,0.8389492198540106
170.68070042262784,0.9870161944854144,1.1056123745871378,1.0482528069361008,0.8883699680803561
170.13788773162526,0.9836274192590087,1.0878650177550222,1.0475116239765971,0.9021010123674432
170.0946148021692,0.9855891208494342,1.0819024592167112,1.0365033197769407,0.9032903688071673
170.23579765405987,0.9791376145830561,1.0767227115371052,1.0234348243258184,0.9268788444624692
170.55105120757725,0.9921080842740418,1.0913155894921722,1.0281002109665436,0.9578328661434065
170.85428939135954,0.9987069895541603,1.1068623958476045,1.0315259490099407,0.9666748151756379
170.65663913051574,0.9980656079171955,1.1257461012961993,1.023055228199152,0.9778297995235187
170.38919165220557,0.9904784475574152,1.143581177969885,1.035221602033103,0.9852143203638547
170.2203640658001,0.9767676248439311,1.1536067612493728,1.027798787663486,0.9811276223716439
169.73885140086153,0.9440579807775549,1.1640708268942255,1.0206591936228127,0.9631947322452014
169.37263366453715,0.9282024776296819,1.1706154925706385,1.028738211577069,0.9523950144897209
169.05947097488033,0.9132585698583456,1.1548191033558939,1.0173962553183031,0.9226941559773435
169.45514550314877,0.9064295326102727,1.1344360781545992,0.9994402278107747,0.9093464184475124
169.62620690813253,0.9271162770879373,1.0800694352932716,0.9860694865241587,0.8879142123612418
169.3491067898173,0.9527163311817892,0.8637957064053764,0.9603243064046908,0.8453090658965127
169.21292953370198,0.9309082491982471,0.9258620232142677,0.9429065357658327,0.8291984865740339
169.6905827992147,0.9365155937694382,0.9919622097617171,0.9330633993533626,0.8471313990968731
169.03021633129214,0.9515562775230345,1.0494936748759154,0.931609431631571,0.8592893642333643
168.2828347205043,0.940760885068196,1.0950707430969848,0.9313086260108999,0.8743985240318138
167.43534904432397,0.9326244116558172,1.1278544178248326,0.9451249634684117,0.8779894089033909
166.6466071397411,0.9186454225982738,1.1641418042768747,0.970065848790756,0.8873573445429594
166.7954335294173,0.9374273761471507,1.1670145820339657,0.9810926203621627,0.9063299669494032
166.67269789756574,0.9476992886024559,1.1716767891389146,0.9936503637845229,0.9196292037388261
166.46629255976237,0.9483356287470929,1.1699713270051828,0.981237803618354,0.9178314552785106
166.43342173568888,0.9593122041633704,1.184378165165927,0.972379319940919,0.9229404891947779
166.59455558563357,0.9632620698059943,1.1786813864155778,0.9828152560176786,0.9341435224712902
166.410909779875,0.9640715764192509,1.1889516562882865,1.00520683075374,0.9385992519085712
166.3555192225483,0.9734156217536821,1.206018085859591,1.0205805641887473,0.9386893895962063
166.35998777787302,0.9769737186804978,1.2089149613328027,1.029050781365376,0.9388406698871519
166.2325543808852,0.9730274251794379,1.2168711739731035,1.0376885531509779,0.9396658423973042
166.76439585947563,0.9813213993944466,1.2099955537967844,1.0354578069925415,0.9438963948187606
166.83922557163862,0.9923512189366035,1.2111680251013919,1.0459602175846614,0.9389171968695902
166.48169514184718,1.0112321060907643,1.2269085109714346,1.0612201338901697,0.9357823382803179
165.9753251620979,1.0192965598504522,1.237953597764707,1.080642385582114,0.9369504189928635
165.71775543569854,1.032763909941952,1.255433270079433,1.0793019549624503,0.9361025645201623
166.32703271747909,1.0397467164913061,1.2461215664249239,1.0385525686402335,0.9325098977119364
167.370626776394,1.0375795488897948,1.2567032437968195,0.9331286841390846,0.9330494889428171
167.8997445016456,1.058051176180004,1.2531670584343049,0.8795197246062305,0.930885236781236
168.62684626121214,1.070285115618889,1.2569764226123439,0.8624327592526186,0.940074473573426
168.6948383352729,1.0790009825968279,1.2720860021528528,0.8778173281859718,0.9457394276738101
169.17130344078612,1.0782552011934865,1.2870328690259536,0.8724952933967816,0.9624504691537529
169.36028745687705,1.0640281687049202,1.2895998224372667,0.8756456489263547,0.9603208880047657
169.22852430542414,1.0439579752290007,1.2770542432390168,0.8664489554029787,0.9447741546356586
169.0592864905878,1.0482301107730887,1.2815381244129158,0.9073492340040522,0.9437672131013424
168.9160662280058,1.050796869305069,1.2830336000276361,0.9224189813511962,0.9592251367869479
168.60392614038463,1.0412575539916302,1.282894009553175,0.9402255851822826,0.9644978774904073
168.5062782507453,1.0370473988680189,1.276123373337976,0.9566458432707182,0.9685328617318654
168.30313450211057,1.033256806694648,1.2774700467956588,0.9641343361126657,0.9618404730284129
167.85545873101626,1.0238403073930245,1.282703653698869,0.9806758085719475,0.9579513075513761
167.69503801671513,1.0256099623419725,1.2897267453450565,0.9906117436097792,0.9588380733221403
167.39361068418228,1.029495886621942,1.3011693147778953,1.0145842439685353,0.9588540727130925
166.8929207872091,1.0273743244648295,1.3029683413573439,1.0364184564906778,0.9557393889849783
166.4802929452189,1.0289536074213257,1.310831956649022,1.0657038704496697,0.9604345565900146
166.42565705978024,1.0324949383800086,1.311897021071464,1.086034832899602,0.9611555083213116
166.48143195091401,1.0360320851357971,1.3140918168431608,1.1005903646865896,0.9698719243358292
166.54275134563485,1.031568477744855,1.3085465375188643,1.0953733907405407,0.970962039034962
166.7268290368868,1.029672833495986,1.3065307867304838,1.091061581661319,0.9763756863124778
166.77196693543422,1.0251649547797452,1.3035690112258094,1.0947492365391702,0.9723917035891342
166.91935322174604,1.0334891662539465,1.3111097498043207,1.1013594808778566,0.9815496714236375
166.9343965435171,1.0278043415535327,1.308557439699175,1.0928167423893629,0.9816941125028155
166.95551847464262,1.0282906664926794,1.3056163960622813,1.0885922829525012,0.9765443664444842
167.0220261428268,1.0296805342244086,1.3054284906654168,1.077976445306179,0.9748188575706733
166.80691699146183,1.031939997349086,1.3119174014318205,1.0756773249841436,0.9815854869353093
166.6743971417896,0.9828293093849089,1.3129988591849728,1.0458268881975388,0.9745078539719872
166.65969772811218,0.9890077198871815,1.312328557413815,1.0359659598507749,0.9697733462864446
166.6770701277766,0.9949010251872341,1.3126975378923367,1.0309316499084669,0.9752619801834465
166.75001958693187,1.0015181871193142,1.310531434618696,1.027710759916794,0.9771827375165442
166.743410210985,1.0045776392358554,1.302348354030017,1.0340056925253123,0.9738940189326775
166.92513414418153,1.0015272724897106,1.2959805107000582,1.0425157603377608,0.9700561820747396
167.27998022254363,1.0192627750911456,1.2786275743767803,1.0472313925964556,0.9745311438482231
167.65304400108138,1.0318890269227743,1.2654387174798012,1.0371217104514683,0.981926441199578
168.09113730414123,1.0633404121818195,1.2523872743100486,1.0399091997096395,0.9709308415364795
168.32864970299605,1.0718344433050073,1.2401547363046819,1.010988961689495,0.9633505776731378
168.5756885672,1.0783645158959776,1.227262431555893,1.0168927112773805,0.9621993905633482
168.42811148130502,1.0857399483747623,1.2335037313912132,1.03513644652659,0.9622151716964571
168.17092566880422,1.0836029508368559,1.2215562769691208,1.0476343230663383,0.9546536036910829
168.06391963316065,1.0929789572467004,1.2123242650606705,1.067916327937517,0.9511849970257985
168.11418405266062,1.0999409171966934,1.2142826805496265,1.084015475238497,0.9534545667562427
168.21407675973293,1.1063521123384326,1.2155144591756657,1.1079908631665487,0.9566257201021943
167.97896067710855,1.1047106290984976,1.2288945071299602,1.1219234524917692,0.9614929063119356
167.73422843917285,1.112284893006809,1.2340744792259384,1.1254771498831067,0.9601992578005641
167.48031614102592,1.105413082293688,1.2376502169182078,1.1287056116246261,0.9522756275355547
167.43321390603185,1.1025320708252908,1.2350479252101585,1.1295197367244911,0.9523333938897816
167.3938590062325,1.1033966255916614,1.2490402639145968,1.1316438962696684,0.9559891066085109
167.37906381668046,1.0993464752834907,1.236116225693696,1.1252831820747673,0.94146952191773
167.3726901025076,1.0948531399219685,1.2308071426943417,1.1145419859071382,0.9316027335016693
167.44954030566552,1.1028004821191386,1.240157553379988,1.1315315610644026,0.9472367636472411
167.17677818337305,1.0974568105219547,1.242817609219692,1.094107113816912,0.9261820104899953
167.59740048245732,1.1040058812240667,1.2403174424284371,1.042938299441175,0.9035248124472068
167.48112813776785,1.10276258911448,1.2557045508495326,1.031951609697003,0.8986823532581573
167.19907992782862,1.0746002313778398,1.2482375261255212,0.9999595114466815,0.8704290949618662
167.2693638745302,1.0636743330270093,1.249782020689248,0.9782053221116209,0.8542164941192678
167.84899326099452,1.0681821481008194,1.2298457986129225,0.9986243445941767,0.8558726310904693
168.24865571885374,1.0863637498425207,1.2453660498996406,1.014338438235555,0.8691286540600129
168.27395421886516,1.0960000082960277,1.2696475244796748,1.044760431391486,0.8767987371160582
167.8483823121232,1.09813974249656,1.2918711501914448,1.0512694773154807,0.8817092666387285
167.19642533526206,1.0948072240892126,1.3145191446459203,1.0536686300383293,0.8849862746339566
166.9924516633112,1.0907399302294496,1.337040566468747,1.0645948351090655,0.8953564624943751
166.243293140001,1.0973787658193286,1.3493768526899168,1.0698860503837921,0.887479728138037
165.67671114300705,1.0956832927613545,1.35574775687015,1.0675449764098275,0.8816765368928818
165.5155583611624,1.0978049272538875,1.35805899641421,1.0687987227725302,0.8824243661730669
165.41984077153882,1.0977935454258825,1.3659023775925625,1.0742831621784499,0.8847300699324909
165.5197635191592,1.1064578210721776,1.3612175230542112,1.0712118366284846,0.8836024535188767
165.61039723274084,1.1080618400267237,1.3586624342405342,1.0635107392868337,0.8857525530394764
165.67200500093477,1.09054655642063,1.3434029346019662,1.0484071793958887,0.8889450846859966
165.60254980906606,1.0977618024246583,1.333384632536643,1.0550157050068045,0.898936857118591
165.78919027768896,1.109891913540808,1.3195668219048864,1.0677122023200472,0.9106128802953496
166.02786688361104,1.1181352542699123,1.302477852386716,1.0865661640849116,0.9166093940878811
165.51057868466424,1.1238148834659383,1.2868048849256126,1.0950051619971903,0.9073563600985233
165.2642738428269,1.1322108382027518,1.2863919264383772,1.1093428095539182,0.9085545398429885
165.47674986973078,1.1327860592684107,1.2718186813570362,1.0897605961397225,0.8979044868222515
165.67183372597947,1.1271546329711697,1.257438468376838,1.0643888304424445,0.8786464985852537
165.8812846001983,1.1215733415357318,1.2551433787765023,1.0605966414091192,0.8734096800630404
165.97645660220277,1.106210920394921,1.251735973291343,1.0533708356523317,0.867252484403108
166.14310280631534,1.0886363595266049,1.2619270438548813,1.0423087687889678,0.8714655634849346
166.1783924411736,1.0700108239307573,1.2612741292692238,1.0436672420239559,0.8764742091407213
166.16815019607188,1.0646959789774089,1.2693142039733267,1.0497011492171306,0.8805408110657439
166.30212485390678,1.0617474860824057,1.2740837632919364,1.05704783419685,0.8825918038473751
166.36190686845174,1.0663147818417655,1.2690387809500956,1.07578219362863,0.8861050333105857
166.25681661422703,1.0738021068442383,1.2710151894491792,1.088198728445209,0.882357386120557
166.11972924431595,1.0832253105747471,1.2686976423328398,1.0989326384369915,0.8794327837986717
165.96214566438616,1.0930529652441392,1.271001634325076,1.1019097038271697,0.88046223879498
165.882467401366,1.0944807935142176,1.2736521635520437,1.0989467092204397,0.877006027185868
165.9928943176221,1.094875800164771,1.2783863247902478,1.0918283716413328,0.8759394198498675
166.27979423817365,1.0962615099539863,1.280913572965607,1.092041117493721,0.8791641437045441
166.32676762888286,1.0965807705030697,1.2830616305662081,1.0931200402290826,0.8845256716718793
166.22216821559888,1.1064390086088978,1.2936402317305564,1.0953840096753342,0.8860327586101844
166.14724527888018,1.1186804427512782,1.3059006360158778,1.1052495977420835,0.8934627441686488
166.1015472354897,1.124658971589839,1.3118398893864032,1.1023140061080252,0.8981891749428159
165.94117088033406,1.1251789830579875,1.3121820454092263,1.106587337337727,0.9016500822895436
165.82697657901193,1.1261427868791467,1.3171201571968758,1.1134696879443182,0.9053528535308257
165.88949225394774,1.1366522559620833,1.3104704937307718,1.1214558584299887,0.9135530881541901
165.87346305989328,1.1335933083590837,1.309157522385406,1.1190608450178416,0.9119533473189647
168.28577393389614,0.8531724969061433,0.8611416567055515,0.9799033306315427,0.7273878361660252
167.0055968577819,0.9022650088286778,0.3424968042356521,0.983534710855951,0.7350856704440177
167.6269532142789,0.9762769805425815,0.05360727064250281,0.9695195328870077,0.7353000910173525
168.27411806301433,0.9994371857417099,0.35826705636397504,0.9821653136197251,0.7537988724279296
168.73851117530322,1.0078275874994314,0.5580276306348452,0.9852969613032466,0.7584477982185306
168.97664987225798,1.0034835043657513,0.6892644967183895,0.9906416568913967,0.7661450283118049
169.02990014512636,0.9993427814558218,0.8011391473611585,0.9958695255800362,0.7752794160593225
169.13121662273687,1.0053959187352335,0.8619203419551772,0.9974440748892178,0.7812619603850519
169.19262073349623,1.0040710838440523,0.9101631315884078,1.0089669167377082,0.7838486304894495
169.11764848755766,1.003753158501292,0.9408131654706948,1.0103949617183738,0.7807597362936911
169.159579745491,1.0016547007392687,0.9696902423470877,1.0241602188344212,0.7856834008119522
169.4306479756202,0.9982934731400965,0.9840682046143444,1.0429325503150089,0.7928893036348116
169.47573923931475,1.0053148299132957,0.9928062987485441,1.0515685874284626,0.7972503224514323
169.53805306705317,0.9933547292554821,1.0053071750206977,1.0453124988040345,0.7967685583256331
169.49678332334688,0.996741068545739,1.0126032597417542,1.047475025652343,0.8062929964714368
169.34536096740172,0.9981648793386887,1.013953942408255,1.0519324842209175,0.8110896266863178
169.4695938662669,1.0042274361609445,1.0259319050513933,1.0639381036470632,0.8249582651364643
169.58933267792855,1.011647191861072,1.0259811739320575,1.0725531373576003,0.8362452422444382
169.6327294496192,1.0160823126631258,1.033702695949549,1.0808420968908263,0.8415357357317544
169.677674223246,1.0196893835462657,1.0343986529971254,1.0833979015967345,0.8422925235299543
169.58364976424005,1.01058434135018,1.043768848874118,1.086313672726374,0.8384276800634378
169.53503545001286,1.004040583584456,1.0408604428954202,1.079928064228818,0.8303181541441349
169.7022424656076,0.9854473450039264,1.0358008948842592,1.0718824716322324,0.817427435475208
169.7979990617747,0.9791315518741381,1.0407440439418327,1.066805236386609,0.818561309957165
169.88591452249509,0.9707790484058311,1.0474494705020965,1.0628509720549772,0.822404097136094
170.09479140503876,0.9641330348850499,1.0308528088946125,1.0515563622081812,0.8166019859673088
170.1295295617514,0.9594539699658704,1.0311961978857733,1.051732157492946,0.8178957544489391
170.10736414628408,0.9535868893178068,1.030733072820722,1.050207520855725,0.8124943942395724
170.2165306148154,0.9579285334180195,1.0252412236190376,1.0322472149007405,0.798941651402133
170.33946208605354,0.962536107286386,1.020815370623036,1.0240284465606804,0.7957755585708565
170.29642867457517,0.9710741396783806,1.0160050609412343,1.014891935787968,0.7929801823285882
170.26303465626196,0.9766196822386972,1.0195921256304257,1.0159044198432223,0.7948946753738639
170.14985711078612,0.9873660732393875,1.0304770701385273,1.0249526597634164,0.8014064311080925
170.27956425314858,0.9871368851140303,1.0351191355697413,1.0311958551053142,0.8052640321971933
170.30141803605042,0.9870616301412112,1.0401683580104495,1.0371260515739937,0.8088974003411976
170.38541730218523,0.9865552426752774,1.0442117508276083,1.0422735703088526,0.8119491279864585
170.50140681881493,0.9914615400213987,1.0466506837595961,1.0510222459569352,0.8191492625235989
170.445492980937,0.9904284689698376,1.0557874467621096,1.0554891022170771,0.8223364936661669
170.48868118267043,0.9969864983462723,1.064463606286528,1.0670737293356365,0.8278059424367056
170.59291624584498,1.0060074703332016,1.067087408064263,1.0809847770562035,0.8363322823880288
170.6519278545435,1.0176178383474965,1.0714283222660972,1.0929413689681169,0.8430087714831456
170.65094409839335,1.0205376591925024,1.082756467497387,1.104330496263606,0.8466615990296835
170.735650963352,1.018505193357549,1.0840284618683442,1.1047741474861048,0.8450850658725094
170.58912014225317,1.0113134297490356,1.092032432138575,1.1092374560292406,0.84581615855635
170.36017787995405,1.0060865137231185,1.089975689090516,1.101563097204436,0.8401485277862643
170.38137161142424,1.003073152072945,1.0879969428430816,1.0922940759962252,0.8370492188920424
170.28535256857407,0.9941656502660501,1.0867542562796517,1.0931532702519884,0.8378781088778637
170.34977852894352,0.9936451720546381,1.0802129648761756,1.0889104423581677,0.8389529159147545
170.27010767132302,0.9933756486351453,1.077012239435326,1.0839565047439932,0.8337723805787098
170.32735399875654,0.9930237496778841,1.0772258057395283,1.0856854285074875,0.832670353730607
170.35601831287633,0.992077340005469,1.075445530521798,1.0871631275373947,0.8336371425916025
170.52358547966017,0.9974247710992236,1.0774890937940702,1.0928403958054866,0.8369172970124583
170.5558605897274,0.9984775437431889,1.0769071722738852,1.0952400577413353,0.835879605962628
170.54129014322893,0.9976134660918585,1.0770477104280143,1.0960889632895578,0.8357402229975297
170.48903507525674,0.9968086048421541,1.0844712685544453,1.104206125355655,0.8409271959086867
170.47677327152948,0.9977036152068588,1.0806885981967496,1.1042001477757861,0.8424060952645547
170.37532763748146,0.9933205142184891,1.0790041590510928,1.1013112235851372,0.8384798428185944
170.27308260228256,0.9884849545480661,1.0844495010276178,1.1010469462593808,0.8352005843979435
170.2061011366722,0.99148134238712,1.0853334442184717,1.1042308586822782,0.8355175647937632
170.01495795263324,0.9879248117043332,1.0845771427329676,1.1005572059630493,0.8330432185351959
169.93231305931425,0.9851310248254231,1.0796381684454435,1.0987620919864554,0.8289082701883044
169.86698254445872,0.985603799061961,1.0793127951223724,1.0959412340784271,0.8287483949626591
169.88886955648087,0.9859756766939631,1.081877108026268,1.0966898192098666,0.8299921030074585
169.9213337286833,0.9895443824309553,1.0894148076606682,1.0970911414156097,0.8297971123853747
169.92809598778246,0.9879080660256064,1.0926299806330597,1.094429694461145,0.8249012269404721
169.84201736415497,0.980469334856301,1.0937729774862401,1.0935404812541658,0.8261904522201127
169.9224930257818,0.9750575339997404,1.0926233049026235,1.0904975860528046,0.8239338158896078
169.94575469207732,0.9722243598552784,1.0906671845576141,1.0890656049153642,0.8233790384939861
169.97514720639595,0.9720547013020034,1.0890377878060957,1.085648352689923,0.823146513161421
170.03614182183546,0.9789495953734336,1.0858646059749184,1.084867454705247,0.8293205284915994
170.13723207011333,0.9841087388883284,1.089938813260145,1.0895659917187313,0.8363967522624333
170.20303716981329,0.9865643168166748,1.0838260003682167,1.080589858368611,0.8360701019039457
170.10347351823117,0.9851751866968306,1.0781468739040185,1.0667835689796772,0.8308816800441287
170.14222472480543,0.9772707946555305,1.0714143078067053,1.0534586149783132,0.8224350965073758
170.1633769290949,0.9704117338854525,1.0677154319477404,1.0489646148467962,0.8203207264083469
170.18055171780944,0.9725256636986406,1.064153207033701,1.045114823395922,0.8170865262587051
170.0931561858155,0.9719019150181754,1.0575585381399146,1.0338799586417138,0.8098497055390959
170.03846737898016,0.9682058035261177,1.058738685931785,1.03480050714572,0.8098452958347392
169.95774240465624,0.9674121786007146,1.0563560131894092,1.0305230573564976,0.8051296983183768
169.98065261798467,0.9692940206954868,1.0586112371245837,1.0316146720873325,0.8033619259963648
169.89750184523038,0.969854827452983,1.061314180813575,1.03153939489483,0.8032267228558754
169.84828317232922,0.9760652161263094,1.0680079012768122,1.037519712552281,0.8078066388561347
169.89544711688856,0.9797007757358354,1.0788177707791904,1.0482563915159453,0.8166711352779351
169.8091859425728,0.9817978753923556,1.078234074568174,1.051539505725551,0.8200449354931438
169.76601445194623,0.9835860754889317,1.0837147273429153,1.0545334073353516,0.8234235041787176
169.65441142736663,0.9773434081586988,1.089318906382785,1.05928965789437,0.825135268887739
169.6214145428768,0.9784923822157219,1.0898368782058687,1.0605483495581822,0.8260871371298631
169.70685714369927,0.9779988049060943,1.0926168372506138,1.061747739409751,0.8243499837037195
169.85326398230575,0.9801404966174784,1.0897845359201794,1.064322723673907,0.8280712173628355
169.8773512799776,0.9796463524383207,1.0866670229042326,1.0625311860823075,0.8287477893920002
169.84354295026543,0.9764547172363245,1.077883877996092,1.0514843183129983,0.822566790727827
169.8752679531895,0.9716738673330761,1.065894594317808,1.0411959656395995,0.8199900819026367
169.96767628758388,0.9645626526118231,1.0579597609616695,1.0334477339546864,0.8158333020073002
170.08282143275628,0.9578666385237342,1.0582344936104706,1.0315406051576876,0.8145435960965631
170.04473373054623,0.9556823318688963,1.064993668478245,1.0332242282628614,0.8117492297968495
170.21832297850563,0.9548248877243221,1.0673556232387582,1.0361347647602175,0.8136811772406194
170.12411043652165,0.9520110525571276,1.0684668524060341,1.0411111729796323,0.8152413191476809
169.9752338463812,0.946118675033824,1.0682234011746465,1.0405822763012726,0.8136747563977826
169.83030851263058,0.9409786496975777,1.0654514878175414,1.0394244032501452,0.8107468593913322
169.8363721829889,0.9408190801885135,1.064879230095387,1.0407330813970377,0.8089057794341925
169.86868682725455,0.9417189853844532,1.067553633328252,1.043921223468417,0.8108544709541561
169.91308966600494,0.9490499922425386,1.0625394441028655,1.0441184660424667,0.8170900527092732
169.8505577740981,0.9510553665237336,1.0622182099128288,1.0473050536940312,0.8214200864231284
169.78680150808097,0.9538658504701495,1.0508162184643228,1.0441481437311213,0.8238652517225415
169.72737434137184,0.9485378431250446,1.0617184717898902,1.0474426337578158,0.8245610714783252
169.84537845268773,0.9394761315603831,1.0559392616321368,1.0458911866723772,0.8227406034257647
169.9696189164831,0.9456029165305025,1.056537866035324,1.0504962541046614,0.8283412779650488
169.96798156080044,0.9461170182247414,1.05219683444313,1.0482744675348463,0.8278210535080468
169.999633572531,0.9537981331136908,1.0567379555078247,1.0488001130687945,0.8268785060517331
170.0489094412722,0.9557263805828765,1.0630381776212114,1.0501015116743553,0.8241243130677427
170.2716909707057,0.9567781670525761,1.060076281698132,1.0510199937240372,0.8224799843434104
170.25737467627934,0.9572405387409404,1.0618392141094437,1.0500244176828761,0.8223861362940589
170.39299759911395,0.9564566367488043,1.063215690761154,1.0444445538469118,0.8191187065555712
170.43500115961578,0.9604612365610118,1.0668838724045762,1.056508304406404,0.8277683704288064
170.51864897113617,0.958060265356812,1.0706742204592425,1.0596214910226167,0.8283408666515474
170.6166018469064,0.9603082072318422,1.0758438027542323,1.0677961102571398,0.8319327660703997
170.54923163444485,0.9591581157911822,1.0784416274552118,1.0734325451274576,0.8335854435257877
170.49790188902324,0.9560631522632601,1.0757282359907656,1.0715787355806445,0.8311067398910619
170.49793849288824,0.9549682150990886,1.071924205055971,1.069025688411254,0.8281724686471985
170.42205795893486,0.9557587983160043,1.0735007029273116,1.0744355120700386,0.8324437157979053
170.35687188181163,0.9534943697800006,1.0725233232724323,1.075577876633463,0.8334382084378682
170.21521750687424,0.949244209715805,1.0738018245077299,1.0787220710427783,0.8346128767329185
170.04717247529567,0.9442523018165387,1.072085832976659,1.069344628698007,0.8277705546277994
169.99226848757917,0.9402113867501442,1.0762540221692534,1.067718776763856,0.8262083442846293
169.92238040994067,0.9421917066532839,1.0809573196582836,1.0675575555641936,0.8278323670498327
169.92440061657538,0.9402141774190462,1.0806632789617463,1.0648629555068085,0.8289461726641414
169.95042015760703,0.9373895145164239,1.0850559378869986,1.067422727403556,0.8321201942488149
169.9523319182337,0.9351269179483073,1.0859289727426744,1.0673754933059294,0.8337135144482287
170.00588692299627,0.9308719967078545,1.090148054065837,1.0701937120857958,0.8351388531299525
170.10136237541946,0.9321849426663309,1.0879133371946754,1.0688260841037847,0.8345826834434041
170.05810264816418,0.9348259257296121,1.0903159493224472,1.0748595332918542,0.8408870562253319
170.03746520333314,0.9409917822143866,1.0914310528879618,1.0791379314331893,0.8455569319716617
170.103399567085,0.9462134069737674,1.0885612113736385,1.08549832286835,0.850491145284779
170.1846437054276,0.950554914127732,1.091867088650744,1.0874061777518198,0.8514597825863436
170.122773045746,0.9505477916373495,1.0933789867584751,1.0826856814124453,0.8475283194325242
170.17047850162277,0.9590074714885557,1.1031959069997865,1.0883195739711726,0.8529761426574213
170.2875440275402,0.956884975618915,1.1113107122017545,1.089308209872492,0.850771275237176
170.3385958214814,0.9574261992017641,1.105549380710971,1.0862174971783578,0.8500528366028443
170.3309591552992,0.9539167142171882,1.1024024964794479,1.0837193254623225,0.84628836846569
170.26751950779914,0.951643603683674,1.0963184220775053,1.0785312898117747,0.8417768062220476
170.22446127334294,0.9490693730100004,1.0894041224198254,1.0757801489964036,0.839120038606247
170.18121912910166,0.9517512089817387,1.0818004310038485,1.08064018697055,0.841664385854335
169.57734273900147,0.6217004536543823,0.6479669233566704,1.1475375737659295,0.8027815213546904
169.0257929912134,0.6564858953651274,0.19946835134097907,1.1995016672587497,0.8694368848363255
168.6846979159753,0.7584157157220269,0.3123133894559631,1.23906221930396,0.9290571486738529
167.4621722127321,0.8627990091080395,0.21219886798249854,1.2381489981887668,0.9118580055941419
167.31544120640922,0.9646780349966121,0.4921761129866133,1.2299203002536454,0.9152672204448998
167.50671204505036,1.0234641790980923,0.6843371881728049,1.1787580465437273,0.8754430583448002
168.1107830799248,1.0548259216515223,0.8254849049820238,1.1651082846561576,0.867548981938397
168.97694485479826,1.0728916074445638,0.9200949117972239,1.1379208469118505,0.8356844554080718
169.50509940550776,1.0868255200481367,0.7894273949612466,1.1305795684226096,0.8200666319154564
169.25064582663475,1.0909380798031438,0.4838250343788513,1.1148714356025913,0.8086548583937276
168.81600966611705,1.0750788255609633,0.651259374377552,1.1037211159088893,0.7829310686908203
168.53548545819436,1.0476547342060758,0.7334297275296271,1.1089260421882325,0.781903101196032
168.24240768921493,1.0356311528073259,0.8107440580339942,1.1131170393914898,0.77937691388177
168.03202931316503,1.033391985064948,0.8725018681422503,1.1319794654177522,0.7906346751563724
167.9545638738117,1.0292755038951773,0.9089123637547409,1.1376755808511347,0.791411909333034
167.89669603205135,1.0205454080246814,0.9396254203214472,1.132138266009713,0.7968620626982919
168.24361731738972,1.029330277911126,0.9531667338467021,1.132652023069917,0.7973051226334004
168.35223882886777,1.0165847734500852,0.9693308243047977,1.113219927144409,0.7889526763935302
168.41520959893379,1.007440456342429,0.992550421075866,1.1011736913143066,0.7867096370197284
168.73469813713555,0.9963980490773686,1.0108614349677427,1.0923233092557878,0.7793385828494799
168.9241376269977,0.9913673188484372,1.0073624634707439,1.0815590395951706,0.7708593913611257
169.2106287736205,0.9893797609966125,1.0168747918380663,1.0750190450969088,0.7680604530121932
169.32657284429487,0.9929525666373411,1.0152031289293617,1.0720638197315564,0.765336356944566
169.4590574192028,0.9889063892035838,1.0184714467868339,1.0604789496314244,0.7549422327439566
169.52374786710016,0.9882986519057648,1.0086198214487718,1.0531977779912776,0.7515512406426579
169.63535890676658,0.9864495243165885,1.0252124657810997,1.0537430442836178,0.7512003585800024
169.6747378918895,0.9881746926756071,1.026645355603155,1.0489079767097897,0.743295907748343
169.6543510987959,0.9915559791735552,1.0177741908433664,1.0470102602866065,0.7328682841135897
169.75044928031295,0.9948134660957337,1.009538370077693,1.0388355706200527,0.7231661211375505
169.7256152605398,1.003591536434106,1.0034017064248124,1.0467355616123961,0.7320325656397879
169.78310378266488,1.0010698854919664,0.9999567828452928,1.0523573498078276,0.7315153630601753
169.7859742486996,1.0077359643103967,1.009745433185785,1.0598024148430158,0.72310736435395
170.01291671191427,1.0081209456050433,0.9946700265913563,1.0486254318061603,0.7191269570228822
170.1156784887994,1.0141667647680608,0.9860089636488052,1.056901142698812,0.7289776124995804
170.23981770025216,1.0171094782556107,0.9827279069335567,1.0573381212748887,0.7305008032331262
170.29789685959489,1.0188744616925678,0.9734011134354316,1.055659057116824,0.7343346639036397
170.33850350985975,1.030503572398693,0.9742554767125515,1.0640071392621167,0.7391694088509844
170.2304263567565,1.041249833567946,0.9839673139155144,1.0831149214847702,0.7621990885588129
169.99405302356698,1.0403329063280722,0.9914488869542817,1.0783451930888852,0.7643364835481715
169.9834265349874,1.048512463599039,0.9961774962580924,1.0733302235005109,0.7635564862539024
169.855347557128,1.0561766370740893,0.989159795684065,1.0761888821885934,0.7706797775387131
169.78604734458722,1.053268688289998,0.9859476173784819,1.0795874232765672,0.7699903188541318
169.78333864473979,1.0504662656848482,0.9875255321354359,1.081894071065382,0.770272397724359
169.73968744688742,1.044289918439646,0.9743150990357468,1.0804991178160772,0.7716310169075693
169.76180228040852,1.0402258326833136,0.9716422447783317,1.0782948586158467,0.770051533116541
169.71069761886486,1.0367379080168937,0.9667049191723663,1.0713840144692859,0.7654107127324993
169.7024670128091,1.0329836610955891,0.974078427159509,1.0772036463475692,0.7722526147584143
169.7775793959409,1.038918793872286,0.9683052805591514,1.0807225585218043,0.7824394700195618
169.7307534803093,1.0355978418094596,0.9653251018917255,1.0867311419945345,0.7893793580593121
169.76775474363484,1.0338112130547867,0.9740931531301245,1.0904366729305668,0.7882891570799374
169.69631575201737,1.0383205815903465,0.969349648482696,1.0974198938463198,0.7992298665304655
169.562313361267,1.0370770183033213,0.9717421059721542,1.0999765974759836,0.8023897332837945
169.63494809618595,1.036931898072287,0.9620860627141048,1.1058901122740876,0.806949360754811
169.3636302830597,1.041175530706238,0.9648408747599859,1.1085173719699488,0.8017365850449311
169.47059501319305,1.0441074283557543,0.9778446618197097,1.1126123795668796,0.8047320632521482
169.37905818906623,1.0458743479070725,0.9697706996677109,1.1042383343803128,0.7954490640214771
169.31777438896304,1.0428504897131239,0.9803972379549338,1.10520498897835,0.7920337609262942
169.3553268438707,1.0483597110885803,0.973682888312652,1.1101218281735532,0.7945255865845767
169.4235554750572,1.0461085617565795,0.9569211753312333,1.0991581755606734,0.7934708667166745
169.4768869375616,1.0447527232659326,0.9495896687381647,1.0998061860073514,0.7952283632477157
169.61501016265788,1.0403110805048628,0.9445530890162063,1.103032070538577,0.7970472237987449
169.59268312316567,1.0480186721834959,0.9439247299417788,1.1079135906445339,0.8040282786462842
169.6736168957291,1.0463309727884893,0.9382101318403064,1.1049923247793147,0.8030381782921024
169.64706423369262,1.0434555106710044,0.9389619287811121,1.103023196555548,0.80128734371445
169.71045062114936,1.0398397917701683,0.9410761825218409,1.1021134683033236,0.7983976412649024
169.6705973345614,1.040636989200207,0.96473799217788,1.1058350365449119,0.7951037760201394
169.58039143409528,1.0302299979240166,0.9581971028725433,1.0877192172602523,0.7856554365386894
169.52215868933666,1.0304570649547193,0.9597852226167456,1.0865281330681318,0.7819588919060999
169.512321224272,1.0289517611149157,0.9391381235739795,1.075319902075363,0.7716564776983775
169.51623831735466,1.027393362881701,0.9482298656732672,1.0786127927513562,0.7720936492557624
169.41219961642994,1.0368692663049262,0.94570634007567,1.0801007729793564,0.77799450279093
169.45874509729694,1.0347819096568898,0.9349504220726296,1.077461171914643,0.783981907435393
169.33971391962365,1.035241816114432,0.9372605577350805,1.0795225382511497,0.7819468608558802
169.18970923773128,1.0338863219518108,0.9314411057985261,1.0794696552705914,0.784411662191735
169.19071912681113,1.0326640537110638,0.9208974124761923,1.081734092869568,0.7865780866825741
169.1860542623491,1.0273747773146762,0.9269705965199164,1.0829609327482397,0.7827289672372365
169.19945854609276,1.024676386310526,0.9241663316791973,1.0861866822583333,0.7866456423640288
169.3270041471772,1.0311766385235037,0.9190205175546183,1.0908010669849069,0.7908723684888598
169.47392878798078,1.036766602936146,0.9128181724494595,1.0900419182486565,0.7941661224102526
169.5348238313378,1.0398382824365502,0.908822273133933,1.0890860300337988,0.793332559568483
169.636668007205,1.0374172732557367,0.9082189598491233,1.0843570845294457,0.7874850449018435
169.60018168310376,1.0374497930609006,0.904642447104534,1.079798261642543,0.7853321417181274
169.5426475046751,1.0363244737080965,0.9044313019789768,1.0780361660734987,0.7827293691319733
169.54866811203937,1.0307908055186905,0.9026575240971382,1.0746725978394591,0.7791912743346913
169.46510621551207,1.031409650034544,0.8997447064356373,1.0768810460086702,0.7768191328064131
169.47546715551894,1.026155528405428,0.9009102556635447,1.0712894262310793,0.7721885715326497
169.49571408880823,1.0252949408079142,0.9047070909524202,1.0743547616296079,0.7727912631684488
169.3945251045277,1.0245489804610202,0.910496493151981,1.0770634573958848,0.7752446611534408
169.2480948681007,1.0279997348075993,0.9121701972711928,1.083729548947958,0.7822681866339584
169.1956280645505,1.0262891353963859,0.9106955738410719,1.0913368220532524,0.7898605781729415
169.17893736141286,1.0226950140046618,0.9118962538476746,1.0887011716233308,0.7866618240804563
169.274938377842,1.0204170428261237,0.9146045567241493,1.0912137702106988,0.786585627354664
169.27389584458854,1.02205394030197,0.9131584979826135,1.0910476614022646,0.7848363101486763
169.26455467487958,1.0173399815694313,0.9034995034890446,1.0819107510016068,0.7764818965841355
169.38454823101048,1.0123126838639307,0.9105829910560056,1.0797867957130345,0.7750438772490719
169.42858129960146,1.0078325018479577,0.9114952889318281,1.0723796881182397,0.7714680464974188
169.49252623564237,1.0005632010776166,0.9162651219959573,1.07015600536247,0.7735207420306309
169.67277850651604,0.9970106917174303,0.9197730359262886,1.0671620460124736,0.7741243894476156
169.7741095488625,0.9896709982668007,0.9209396164615105,1.0596262078896086,0.7692520168908937
169.9564036963672,0.9836277870780379,0.9210254869302822,1.061823025720541,0.7673679098138979
169.90132628944016,0.9822587237369687,0.920404684068194,1.0677073840100413,0.7650820279998206
169.92583700149586,0.9736614582913046,0.915313683451814,1.0677891973278444,0.7628345640104802
169.92897844616544,0.9736570337726406,0.9117869324847478,1.0666379223665032,0.7571552009544408
169.8453021745573,0.9742386117060986,0.9025539337320263,1.0627869015258886,0.7549359679302073
169.75887568132526,0.9694778823614013,0.8993150752818294,1.0605138012753401,0.7470192110039194
169.49910723903022,0.968391117502686,0.8992924677139997,1.0671166738395277,0.749764309990531
169.35114617976896,0.968807547047876,0.9019259397958193,1.077859082045995,0.7541740158294544
169.24142261173782,0.9723450699945194,0.9127729598314838,1.0890042697357163,0.7611464098404795
169.43181574965058,0.9763070370481804,0.924111658494077,1.1002972999840102,0.7715275777036821
169.37596835403698,0.9743983692597964,0.9143970749219634,1.0975332583169868,0.7740950522794549
169.44174474446282,0.9669476834782402,0.9094115208513263,1.0925271327946255,0.7692881137468456
169.3815422791049,0.9681677743967966,0.903217866170284,1.095126344005402,0.7686577409352512
169.49474310090048,0.966404594710763,0.8987718353190232,1.0926305499509668,0.7695028717060045
169.4155947367371,0.9686307164023581,0.8938721877360917,1.0935676299817072,0.7671931953331145
169.40126243727835,0.9679693359714194,0.8959082951284512,1.0956929863199083,0.7676714012646196
169.38948503062554,0.9676553463905885,0.9048499233677257,1.099132015872426,0.7669672824988975
169.49987758492665,0.9706647575031875,0.9008192648615884,1.1002704117873026,0.7694997890993428
169.3453648114846,0.9799710476357009,0.9049422320319286,1.1086330016250323,0.7772153917262187
169.48006770368156,0.982059212907094,0.9133618619453724,1.1053914959525555,0.7789326681936084
169.33569472626058,0.9845145541616298,0.9280686583979689,1.1079284431950365,0.7780870006232486
169.52387615433943,0.9843745274279139,0.9256948205466008,1.095429619376929,0.7740612578350984
169.60332354972252,0.9856910523060237,0.9183856266599977,1.0955324351944271,0.770736132054152
169.61379279218227,0.9839829011758112,0.9088965347929875,1.0872491232851542,0.7700505532978096
169.4052639172061,0.9807436407038449,0.8997406673796733,1.0805707745271385,0.7658777234958347
169.47990427976816,0.9821605946062432,0.8958243397195729,1.0786774053334443,0.7629504478081118
169.44203482044657,0.976469637703895,0.9006315845641778,1.076791261482487,0.7664926911038841
169.29326798847993,0.9783013511910891,0.9149617044676902,1.0786514733729655,0.7658840089912523
169.2234192238753,0.9828682434499836,0.9222167471274592,1.0871363420353322,0.7687695388181865
169.34658932904404,0.9802621223111567,0.9196986853094103,1.082776543947661,0.763786169240941
169.33292039030587,0.9771337766247665,0.9116237980153793,1.0786818825379154,0.7604220395646838
169.42109315137415,0.9729780308963838,0.8991774849202503,1.0713775585611218,0.7566000909543841
169.4310911369631,0.9708542027611681,0.8954713829623229,1.072313946721764,0.7555210169220219
169.3609564573144,0.9772189439977677,0.8898689027404247,1.0785426543405543,0.7637201103689771
169.42314810007184,0.9809575585606468,0.8930870134527304,1.0852230595404135,0.7725147014024528
169.3540540574875,0.9845359475753164,0.9038497229196728,1.0972610256571778,0.7806181393540937
169.16942537793133,0.9819520795195064,0.9106866902328246,1.0975786173439053,0.7800628712084059
169.162241088884,0.9873845160108345,0.9196909389248896,1.103717574311044,0.78110841414659
169.57462567788076,0.9819875337024572,0.9145167146689275,1.0978176855238662,0.7765647322478924
169.44978065859883,0.9871170062317379,0.9116458328116094,1.0982152788764734,0.7769187760968324
169.63106833545527,0.9808378364929976,0.9057045164605427,1.0968930196478375,0.7748015372873396
169.5394257641404,0.9855368302120167,0.9068347520816799,1.108229583339056,0.7789194083243901
169.66574347074152,0.9841324199658399,0.8976366111783667,1.1068408424573724,0.7771000969646975
169.71634135511368,0.9865767050096503,0.9003352213315989,1.1093834487875867,0.7797719741852506
169.89850461175166,0.9851492821621927,0.901407718077315,1.1092621984384972,0.777827248681405
169.92850900205394,0.9821602507504172,0.8941925415080763,1.1007686993681258,0.7735861116667397
169.8653416520382,0.9872848839898133,0.8931720162694022,1.098560885122914,0.769619937884627
169.94525440871857,0.9859856336221954,0.8879111056226218,1.091177617562388,0.7651153851737337
169.9428283110138,0.9862576009156956,0.894900950004883,1.096568866779024,0.7651326009041324
172.10711969277705,0.957541400330632,0.6235490084197035,1.0122658603647754,0.6849312652694555
172.13694824828826,1.0604126066188597,0.3134421075549921,1.077592682584836,0.7171073145578931
171.60731249725848,1.1053220989857422,0.3394884924976404,1.1301870497724613,0.7612138528962104
171.02914632429088,1.1779390775527514,0.5687907331616309,1.2158705087611947,0.8377105523721422
170.33419920411447,1.251626018705242,0.7774544809955133,1.3175278629304579,0.9276286939103694
169.53590055157622,1.3142452981574817,0.9645610564570665,1.4110423811333779,1.0098489842364837
168.6959275092173,1.363901600434352,1.1062255669209007,1.4629372476821236,1.0634370250671465
168.36739177825734,1.3752609185759075,1.2182506705783016,1.4959526769819813,1.0913108114542402
168.20235705572017,1.3842675173625913,1.2968514155685096,1.5152137250740911,1.1099233879011867
168.20926149800417,1.3512398328525477,1.3383277834153355,1.5035537196774655,1.0930677544424516
168.18672500690946,1.3146998965697814,1.3628351402421592,1.494293105738137,1.0802490101818822
168.23432318766118,1.264014344541592,1.3371499256458172,1.450025929725044,1.0511747012422963
168.1619877376049,1.2273170279103103,1.314650975984268,1.4194960845463918,1.0292516721387173
168.25261437417743,1.1977219524489733,1.2820898971691446,1.3830327700562275,1.0022705159309606
168.3115331385985,1.1763499807532032,1.256431640991721,1.3559512857750622,0.9860770500541494
168.36952603452397,1.1737167823140948,1.2466442224186511,1.3390427031297818,0.9718725665718042
168.3042296828645,1.1702919887346823,1.2342678652299506,1.3220901629832928,0.9569066871974661
168.32618809798146,1.1623570448872715,1.2391033235058415,1.3178162538100024,0.9511486249127837
168.3592668774966,1.1481945532407354,1.2310783458394952,1.3004008260014213,0.9373883592621527
168.3294093776144,1.1341862413278914,1.2252324044678846,1.2881798201820804,0.9257475933350728
168.5229537931547,1.127147398409349,1.2252665059235328,1.2835182659032363,0.9211181182568009
168.51353451048425,1.118983134877388,1.2112706987325441,1.2640480164925842,0.9085312773949525
168.32601037731507,1.124030196811939,1.212989036958266,1.2612005046854289,0.9057232129529955
168.17256958869083,1.1283258710761814,1.2172758505921468,1.2705018280700748,0.9095875494141126
168.19406795332682,1.1299396372327548,1.2167600741970506,1.2701216379904672,0.9080412640854152
168.2757214688114,1.1314553321853056,1.2239069895525034,1.274010325819569,0.90585377394425
168.32555293439847,1.1263474108313813,1.2138276084420698,1.257391946599432,0.8949572090720017
168.34790487504839,1.1234938796887188,1.2066380628170439,1.2504372231930012,0.8847076266249899
168.2693982721633,1.132098844994213,1.2207951611195869,1.2572053843904074,0.886169718983526
168.28524301428035,1.129970720663295,1.2170212375001244,1.2538445848407833,0.8854207436552471
168.46429412165145,1.1393199990506766,1.219392360476026,1.2585230998053678,0.8878190408549729
168.62668472803117,1.1378976717184894,1.2197264900202602,1.2514951292144654,0.8848374047974796
168.6463785728451,1.1376477037917627,1.2264895193830312,1.2481610408290422,0.8807480795831975
168.8069322357873,1.1325532593397671,1.2252293500574234,1.2480061727713352,0.876299974097261
168.91022715232717,1.130111831371372,1.2279318449684178,1.2497352988504988,0.8765215837719076
169.0452823798499,1.1255217695168318,1.2143654662562957,1.2337910232255913,0.8673416372311422
169.05429267620286,1.1262479837831483,1.2103705212901439,1.225448008479006,0.8627474195756033
168.93319315122213,1.1249529080388183,1.2020725168908732,1.2200191986564741,0.8599790851207102
168.67941505617824,1.1237732994430545,1.1930014331090273,1.2114224964547773,0.8477953490827309
168.3407149809389,1.1326896857002369,1.1967087055107808,1.2160595674637649,0.8476341767946052
168.27924358318649,1.1406716502992147,1.1942411370388588,1.216310154488169,0.8450964736576863
168.20112233153282,1.151420089176221,1.1958091490641913,1.2274427737181581,0.8490106913532968
168.20948202802683,1.1626200045423942,1.203481147379089,1.2373511364908658,0.8557643876831268
168.12559723988514,1.1632943406835312,1.2096209126723119,1.2382600699014648,0.8635804850142739
168.19378616031653,1.1641183067408578,1.2094958598204892,1.238627110544436,0.8610169704625354
168.12910444577028,1.168293991487875,1.2060931063246945,1.2432282342216223,0.8619003696008944
168.0521788164331,1.1758978418592212,1.2095999046222272,1.241986328070222,0.8593589320915984
167.96243907781175,1.1691308442443238,1.2103283189031038,1.239267167962547,0.8619775029960892
168.02895068895214,1.1704703093703812,1.2063388345893038,1.2341833384004264,0.8594469276508734
168.05714284558445,1.1679518325315446,1.2056702844551248,1.2348375775767062,0.8630021596998669
167.90439016531798,1.1610756154492397,1.2089978803378711,1.2296393046477516,0.858922120361131
167.8937028855256,1.1573618352935628,1.2095923565054731,1.2284121822690048,0.8588516752072521
167.79939034493825,1.1523318423517412,1.2058836228838181,1.2303333414135955,0.8610898162079127
167.7778893065966,1.1497412470962431,1.2033041653549008,1.2309049319812984,0.8570396904052799
167.77852732827236,1.147556643818097,1.1984207134153553,1.2263261624029842,0.8503896113757641
167.88350559175953,1.1520224366218481,1.210606825904886,1.2420735742700235,0.8633869724222513
168.07850659046832,1.1517693638611424,1.2123638719538696,1.2405509158381318,0.8639146664347963
168.38648395054335,1.1483417355261876,1.22251917053055,1.251616607437701,0.8717583279769511
168.48406152211768,1.140444747049678,1.2212215284570096,1.2525594613517588,0.8743296789562192
168.49725363821986,1.1329536102573528,1.2027910186429438,1.2292318998362526,0.8624031001942954
168.50421086303814,1.1227960761719344,1.1883037820724318,1.2110179565534938,0.8500137121368979
168.5363184687477,1.1263022780325296,1.1967004148969962,1.2154086138982962,0.8522792337033533
168.4055857775794,1.1204468828209566,1.1957164293363078,1.2139893822697625,0.850202192786672
168.2680483039105,1.1129649219577202,1.201259833267377,1.2188450778048758,0.848657722245841
168.1229178976586,1.1125993758777684,1.2120163852887236,1.2308703838153423,0.8557897207234514
167.90220791356532,1.1139231798332105,1.2170344018881725,1.2360985969085176,0.8599873459009856
167.73734537375745,1.1154318673642454,1.2207678755486595,1.2435970264850986,0.8651692235186701
167.77726718211855,1.1120380764042652,1.22527118401488,1.2457752844450516,0.8654261319911537
167.9573943897611,1.1024515820674363,1.2144223488485784,1.2371468582405212,0.8557089196389795
168.16555322091918,1.0998532471027294,1.2068439194394789,1.235549245426445,0.8555687988865992
168.23524295156713,1.0983096131399182,1.2019016697601888,1.2329028167908083,0.8525144607365813
168.1797707603894,1.0891774605392832,1.1944463962625482,1.224563568205751,0.8458297592348079
168.10614720730246,1.0810886613644648,1.1915614538626198,1.2249168275668156,0.844130105109694
168.16210695130977,1.0823142437393367,1.1918439937686347,1.224731018714748,0.8455843620898604
168.16948510343784,1.0939122185544343,1.1938047502583813,1.2220821227120222,0.8471014173860678
168.14305832429733,1.1039019009705184,1.208605547897849,1.2323007320680712,0.8579001451335259
168.15425416051542,1.1099866553817868,1.2208846757734897,1.2369430729263557,0.8614616860328611
168.30359309774062,1.1058922755006095,1.216304544852158,1.2315880062144287,0.8609131848357705
168.3681028989739,1.0992597610129742,1.218842291676674,1.2325221203095948,0.8558801368594485
168.2230127191285,1.0987976515283928,1.223851347191705,1.2382200157322307,0.8574450728958428
168.23945311847018,1.1018171345016443,1.2331306191384415,1.2393778819005268,0.8570481421506819
168.1781317282331,1.1083524573437755,1.2431191566109363,1.2518414127118527,0.8669495401507932
168.11140807652507,1.1148359341137055,1.2535001476115908,1.2667556448463664,0.8799689021355657
168.25223618846204,1.1197869790029502,1.2679446127097544,1.2804336937622,0.889825668831636
168.30177651405543,1.1230302548965423,1.2637943484581138,1.275178311511668,0.8891216163467426
168.41117495159816,1.12396485649741,1.2685793384742272,1.2773261025124942,0.8926032854794286
168.32107570352665,1.1303061759482569,1.2619359241110957,1.2757820605111856,0.8983468544330446
168.32332199025117,1.12359527689733,1.2599341028166662,1.2668677531047172,0.8934420599597388
168.24077620036573,1.1289360480357813,1.261655013608038,1.2730776945573903,0.8985769408978908
168.37149557770616,1.1343428019875061,1.274026591122029,1.2821622978929792,0.9090920121201467
168.52624704028418,1.14103323378913,1.2760675286122167,1.2816849645154031,0.907922129035361
168.67710223459713,1.1458228029388775,1.2802366959264193,1.2923234780622876,0.9187459928638806
168.73179438877102,1.1495469418663857,1.2828745195680646,1.29914442292639,0.9236481974391578
168.53376916205815,1.1572463172368097,1.2851077627740393,1.3010888357089923,0.9277394739649975
168.42333848747526,1.161144861553151,1.2901527677491147,1.308000150832333,0.9349331195416895
168.5173211443883,1.1566035104795815,1.2882039480184377,1.3122455422539336,0.9385938737385328
168.51455655017605,1.1598036726857939,1.288904229302123,1.3117555082593688,0.9383972545218913
168.53588356216576,1.1643032647238787,1.290930064630909,1.314019915428779,0.9416370763055906
168.61832132676605,1.16563318948676,1.2971404564555373,1.3215027685107208,0.947311174937164
168.51292665683584,1.1643224853728398,1.3027044777084886,1.3227247558768254,0.9481794738962382
168.45529578342786,1.160319825504419,1.2976044209560225,1.311699108796787,0.9411549037409479
168.53472632256532,1.155531046209228,1.2974144632116253,1.3134007943834283,0.9412261208099583
168.55768186569986,1.1523620834920218,1.300461325935883,1.3185422769871908,0.9459287168518042
168.55737225657006,1.1497243347994648,1.3017434541564892,1.3183892051592399,0.948217336339089
168.49340526366095,1.1454922247300405,1.2963173851587109,1.3101319451008955,0.9444153519325085
168.54833705290764,1.1443654450421605,1.2926964820089546,1.3102572284352807,0.9459646004182439
168.51966642468486,1.145167407636615,1.2914520326042733,1.3096859400953154,0.9486263129414532
168.5633888470272,1.1395290516223864,1.2813157491341811,1.3010281630322624,0.9443667084182312
168.45193804442744,1.1395976259760814,1.2836742000360986,1.3039812476700001,0.9455067005962114
168.3206225401617,1.1337971791720516,1.282569803290633,1.3035012900382166,0.9435634852967723
168.20891415556292,1.1313521925591665,1.2823881319473422,1.3034852321088821,0.9396003121301473
168.0727630112273,1.1244095370866474,1.2808218461183027,1.3008501604844729,0.935475711760287
168.05105275052546,1.1188354032384986,1.2789370279538477,1.294405427173678,0.9288400787491343
168.03015034309144,1.1133533747517859,1.27567727957234,1.2920006426109047,0.9248217249967641
168.3041282194491,1.1106134759519664,1.2755746130288772,1.2936394231240211,0.9267648045357755
168.36357660718178,1.1207018659285752,1.27875724713392,1.3024575075245395,0.930908622277449
168.55427360532826,1.1237808749303864,1.2823323078947373,1.3064832058586278,0.9293703763079553
168.71234416249504,1.130140766739181,1.2825131359406423,1.305921368861387,0.9267741824560567
168.83367182047851,1.1310703592508837,1.2842232547146075,1.3071472482673825,0.9272506628789522
168.88066545038484,1.133639899776364,1.287652533763236,1.3114747116889873,0.9289500234474167
168.92596127516376,1.1363464317958254,1.2914360484222684,1.3165338710391428,0.9323995914217116
168.94060452076445,1.1389188895202864,1.2994583962027224,1.3225031045601483,0.9396705303917414
168.92267795579968,1.140693637751063,1.3091681495943772,1.3345520303585494,0.9500485396882521
168.84546868118804,1.141000760270124,1.3182669244807739,1.3409054497885242,0.9537629614089944
168.79442007480853,1.1438652342046574,1.3205914031585553,1.3436056606447109,0.9585613537227616
168.59325581436457,1.1421126324717799,1.3163419022417544,1.3415374636090327,0.958678209720988
168.59925654837005,1.1382552019074463,1.3124209393493989,1.3365380853339563,0.9558321154968106
168.59756808837722,1.1352190476457147,1.3090791214054773,1.3323069143990416,0.9519600275080682
168.7519317673801,1.1332700539940477,1.3111461239063902,1.330691368591672,0.9505093962781551
168.79034531904603,1.1283793883078148,1.3067260303889405,1.3266339412356039,0.9430305051304901
168.88706160836276,1.119680501873068,1.3008653781774107,1.326692575860622,0.9409652895752115
168.95005937715834,1.1235021813265278,1.300733933309007,1.3298352907188196,0.9437407078629807
168.9541553606196,1.125878456861107,1.305028336383982,1.3254343072950199,0.9397088898906186
168.94426394865934,1.1177479645624846,1.2921995538564373,1.319100244776947,0.935663795331783
169.00455392529796,1.1165872262646905,1.2897394512994558,1.3154027185070036,0.9351427754989509
169.00641626055594,1.1127393343636354,1.2831035165389524,1.309125964346214,0.9337622220887204
168.90253957517024,1.1113186707332112,1.2824310092418745,1.3056675426856024,0.9313354052638173
168.97084067081985,1.1186150451580255,1.285176328634323,1.3121678942233082,0.9347452971582054
168.98888264646754,1.1220600143344959,1.2885399729449336,1.313251405632054,0.9325441838633047
172.21126188859685,0.6776420658855842,0.556351783126139,1.0255980787488705,0.7250073344704091
170.1240525044996,0.6389837309417558,0.11725377029851895,1.0237833836159937,0.7165614919796286
168.7443102455867,0.7339349046554556,0.27771304080310644,1.0864883053020042,0.7656480095749804
168.66745481347016,0.816078742098785,0.5537871741306961,1.1230355556490426,0.8104608630948709
168.3586871535572,0.8674826701723202,0.7438327381123401,1.1262112078927127,0.8177081339312883
168.51307177878684,0.9283201836366882,0.8821008290467384,1.1580878357380122,0.8423594404919996
168.34915924724817,0.9806304277053628,0.9782270107675043,1.2010621494484472,0.8740623702312857
168.1940509508507,1.020028907283837,1.0261898954525317,1.2278127345017917,0.8945230881816835
167.72912499448262,1.0523464974314378,1.0551655686198338,1.2521374537873053,0.9079922740173676
167.23341630529296,1.0843543331231458,1.0786419982670183,1.279566425204647,0.9294433797300738
167.00307166184743,1.0981131170098763,1.0860065176537363,1.2879625628006985,0.9363537078381828
166.83220155403674,1.1213808240547884,1.1029770558845193,1.3086655535276697,0.9526500245277647
166.8144800158946,1.1361150322508078,1.120096910594398,1.3307155631444634,0.9685591251328927
166.5492292157623,1.147209740577402,1.133912024610601,1.347607698609456,0.9817383893310867
166.1749215222592,1.1634549839626205,1.137864925303137,1.363160846695589,0.9953360337249623
165.7852741807703,1.1689066323022943,1.1323547251070443,1.3667884550815386,0.9979026970838181
165.65033844019072,1.1727487892097348,1.125878246546738,1.373145552063307,1.0052183873595781
165.71923044918353,1.1717652620811725,1.1231275880267608,1.3758599570652106,1.0069037501872242
165.75927863370018,1.1650028528039644,1.1297949160241916,1.3752023787233383,1.0093620466805062
165.90495269263363,1.1703228320029562,1.12027159442205,1.3793997393011972,1.0204654455581186
165.83854399207596,1.161186836172858,1.118641119992818,1.3774496753321013,1.021525017057356
165.9791330859069,1.1618670393444062,1.1134376774781019,1.3803933850128665,1.0236004966199803
165.84086935559662,1.1583870234108318,1.1048073862135293,1.3690400747695306,1.02194132652344
165.94356929819702,1.1630758903022043,1.0952680802075623,1.3727770317114292,1.0256836835664165
165.89552196297575,1.1587601810096635,1.0969071719585255,1.3730689968664964,1.025646949867216
166.21474843773103,1.1527007277838612,1.088964402544843,1.3670502672165352,1.0261236531210214
166.37051566462773,1.148681487873231,1.0904140110563612,1.3646054255786935,1.0244436738842009
166.58391278103576,1.1446584421224704,1.0823485269396735,1.3598568268610807,1.0242915637608916
166.85469417345791,1.1396862471989184,1.0710761794618906,1.3538765968946014,1.0234172079823767
167.08464184019135,1.1351839630518015,1.0663395086639618,1.349210321185524,1.02300253086468
167.10164662461955,1.1291697954870181,1.0596643122032232,1.339963029832589,1.0191221485619084
167.20329343010556,1.1270002046174081,1.0624971000436465,1.3350985224682312,1.0157007136526668
167.35119684531236,1.1284282069884832,1.0575445558048162,1.3314585080020627,1.018844421425905
167.40385111609757,1.129271851796085,1.0574751225109422,1.326635384501812,1.0162950846876315
167.3826200691348,1.1333197966207413,1.0546973869192025,1.3306954700465803,1.0209472738939347
167.42110146200525,1.1370430729255374,1.058961054918265,1.3383692889763832,1.026486709166745
167.39265390055292,1.1355955937772793,1.05271643079805,1.3340590634795892,1.0273197338786983
167.34241572521398,1.1418416002678287,1.06035165423466,1.3467555280043648,1.0353373148868712
167.44695984657082,1.142523506613729,1.0675369539621613,1.34973529601116,1.0349839529937332
167.47457658344865,1.1440186772791296,1.0702358773188552,1.349624019793717,1.0363373779315672
167.57893993494423,1.1391069276422698,1.072091159580746,1.3478069445400982,1.0339867636691888
167.65032753487137,1.137212439853321,1.0706460661864559,1.3483767036967182,1.0343125175975643
167.73955164990304,1.1349249542387931,1.0747698641540155,1.3481835697054334,1.0351591033079524
167.88798908594944,1.1345830664273777,1.0784050324590946,1.3505580529356735,1.0383748651451135
167.97390196304067,1.1360647214812607,1.078590027100586,1.3506864981313256,1.0369799214981168
167.90793199420992,1.1358014736036268,1.0774492451137254,1.3474267802684168,1.0376129813842307
168.02150982738814,1.1444292261536089,1.0738919085274954,1.3516632647114046,1.0434989793070784
167.99201899631268,1.1482161739671104,1.0814172985674966,1.360281829779452,1.0443708028646486
168.01561324748283,1.1392959613276394,1.0735766086501564,1.3487408104225262,1.0314777498611032
168.08680374987998,1.1271553028250036,1.0642801106917112,1.3355319338788778,1.0167854117913733
168.04848020976215,1.1196004277868954,1.0578141915583847,1.3282587982762661,1.0083675073594764
167.97432361507828,1.109110180075129,1.0506083651218798,1.3181897813640167,0.9989556888600827
167.98639967086984,1.104706071886613,1.0541761720920229,1.3199523510650069,1.002739817836549
167.86246547182728,1.1023192756833062,1.053713650878895,1.3218649276428183,1.0018175155446463
167.90413712129532,1.1029165643881569,1.0512995678196422,1.3204378719671628,1.001830056841155
167.99525641547558,1.103855906076862,1.0544061895666252,1.3208431085649956,1.0043239983211103
168.21650791728763,1.106670398437554,1.058404962005891,1.3253898209894912,1.0086645794440332
168.13117156856467,1.105754935955866,1.0622997500533933,1.3242727512828791,1.0083895675599832
168.30990323074997,1.111566990559113,1.0628103108082585,1.3278019161686954,1.0127599054371623
168.28896993457494,1.1113739004527632,1.0659288164978369,1.3236420852842414,1.0104117930857301
168.29104693722047,1.1088801325806852,1.0753463781587898,1.3274690021050175,1.0084353298206878
168.2464571772004,1.0998161838420617,1.0815005633823411,1.3233028937222364,1.0009957201153017
168.34918685354913,1.0990122795893906,1.0828258070865824,1.3252094110694277,1.0021289260174144
168.4262791557546,1.1000480846791278,1.0810085427039573,1.3238742617872863,0.9995763891288197
168.4040248317752,1.0971737451785446,1.07877960017831,1.3208351896984827,0.9954803270707319
168.4641804582218,1.0998560489468256,1.078430642179333,1.3222453775048497,0.9973359252897034
168.44053341410654,1.097732072832225,1.0776052757665064,1.3189965542163555,0.9955657891873769
168.5008253753472,1.0976391396575058,1.0749962832604223,1.3131317599912873,0.9923089521427804
168.5178557115699,1.0994514268801532,1.0827578366860728,1.3165381200929323,0.9930798126308654
168.46293973727273,1.0959548346960593,1.0851281257917764,1.3149783928308583,0.9892343855824907
168.46984162723123,1.0958943835693749,1.0838370461671039,1.3112089850890123,0.9864010530161967
168.5399908195387,1.095758543714426,1.0873607148457567,1.3123653770698918,0.9883217773630416
168.56799881721022,1.0941631696773337,1.086808523379386,1.3115016697348498,0.9862571057763307
168.5737443257717,1.0983435488924216,1.0898250104888891,1.3117262442580824,0.9868234816226393
168.55099367482015,1.096090964070571,1.0934867002695097,1.3104672488458136,0.9878824319006572
168.56327760741755,1.0959745951890192,1.1036770742138795,1.3140854950093575,0.9932479112940277
168.5387994955882,1.0962357047266515,1.1027048844822673,1.3102915169681881,0.9959141359220679
168.34008259302732,1.0907837488032286,1.1019204782649552,1.302969556349846,0.9937870335546364
168.18584465224114,1.0943170030020857,1.1012881410508244,1.305331646299842,0.995919093100101
168.09466261512438,1.0964317095550897,1.105056974539935,1.30801945568058,0.9983055067402293
168.10162212610882,1.1020777205676346,1.1134872085044447,1.3170833902686214,1.0036997849621632
168.06060302494063,1.1070160231083934,1.122997777082589,1.325653185847545,1.0086248503502693
167.94256033184223,1.117088304990387,1.1343532590961771,1.3393072480549417,1.02263447354381
167.8289268792434,1.1278811094244552,1.1449139164301454,1.351018494410656,1.031448736978812
167.9093312731568,1.1283019049980751,1.1481142383024365,1.3540871270888706,1.0297243100713085
168.11931943785487,1.1267071141678204,1.1462877214230358,1.3518616969970696,1.030671862316486
168.3081531549436,1.1259252037172363,1.1456653507279242,1.3502059500451133,1.0314753145793043
168.52901889301825,1.1201363671748046,1.1478489590416041,1.3498244094636764,1.0275140251885926
168.55787326805802,1.1145096956342526,1.1436512595293713,1.3421834567019253,1.020684137125404
168.57318149624206,1.1070999788555025,1.1447395096255968,1.3382606871183724,1.0172104464355582
168.58323519154897,1.10437398027866,1.1384306145735357,1.3331472657773284,1.0120334986263615
168.56596269997905,1.1089477240242975,1.12744211817009,1.3311640450310267,1.0122214942899472
168.62047814424312,1.1063136513354965,1.130718744176304,1.3301232420077462,1.0114030050978449
168.55593101617964,1.1042902137634978,1.125726686449951,1.3255841587624366,1.011754117117906
168.58777582484282,1.1027270946760173,1.1282775485926952,1.3263366880164684,1.0101982109131271
168.63559988007512,1.099285227264681,1.1286808670392745,1.3255681384635307,1.0074906059153195
168.68005940128242,1.0960698873871653,1.1233543941937363,1.3195563223246036,1.001044610189074
168.7215422932229,1.0917589890815786,1.1186149842027293,1.3163357228266126,0.9962211874331911
168.71236315432296,1.0941612102727019,1.11150722846207,1.3134078429918001,0.9928506793483255
168.72555493754064,1.097415058846734,1.1121360484011107,1.3154920482714108,0.9969725989197322
168.56178771818426,1.099687845267969,1.1147440658415106,1.3165341191693916,0.9989704420268484
168.62811722929195,1.0953162180407476,1.121016999793126,1.3187386503098042,0.9996192903928074
168.6181838076703,1.0971119997556635,1.1212601469315533,1.3190486730633884,0.998937876692251
168.57013525075146,1.0987405966056687,1.1189849108296621,1.3173210389356351,0.9967874368523882
168.59761498455853,1.1021463366311244,1.1216632052739908,1.3189284090462259,0.998500710196461
168.68990726861847,1.099267145148028,1.1196244911547037,1.3140576057003701,0.9966549650953104
168.6388512288317,1.0972721229043814,1.114118113561022,1.3107656741066323,0.9923697608452071
168.74652062164876,1.0908302452051666,1.114340620631925,1.3109059744682598,0.9906577312526808
168.5852168924241,1.0897294853659727,1.113309269098383,1.30491583692766,0.9826333054312243
168.65539303663053,1.0852946887745223,1.1148856442102697,1.3070978035610628,0.9810761930392694
168.5288374463269,1.0922017687101953,1.1119210999332494,1.3050590191978586,0.9807451095708732
168.49860171092024,1.098852421280176,1.1102823778304047,1.3101843746846058,0.9846147839359165
168.39914020150633,1.101828816696804,1.1119772229552454,1.312174332475423,0.9874533790581971
168.47571362024613,1.0971173042819706,1.1202481479278175,1.3125124474029444,0.988374779578002
168.39379693950133,1.0964429097471602,1.1207002638403165,1.311217260373155,0.9852362412440494
168.38100050667714,1.0931969618730981,1.1180559577410472,1.3085723660689204,0.9845105889584129
168.49134842947288,1.0884605359751616,1.1180237734481067,1.3073262182622662,0.9857221828959722
168.4402355162869,1.0898653338104207,1.1168864965587095,1.3080543896678862,0.9847635274533693
168.59210555463795,1.0898652707661725,1.1187904040632057,1.3112249753361698,0.987405352826366
168.50887841136773,1.0927809111797706,1.1209650417349575,1.3111911190759156,0.9855646337073777
168.61322947694873,1.0948326577274685,1.1277098721142502,1.3185115847304385,0.9919737532420226
168.5041777726183,1.0968293235897526,1.1277880712299257,1.3192720781157812,0.9917252158642341
168.5253083189897,1.099869555747683,1.1227387601119638,1.3215698815786638,0.9958774821921992
168.36699124498017,1.1002823602716703,1.1215876776965426,1.3220765205069418,0.9963632151582494
168.34517125183984,1.0956003382908273,1.1176971437695757,1.3192717548457518,0.9939872376017685
168.27430583945306,1.092421286785935,1.1115581840473792,1.312761666905747,0.9937811140756548
168.346924548677,1.0920994827782624,1.1135381823553492,1.3160210041481868,0.9963195995636455
168.27520240212635,1.0930099992142093,1.1100300874274294,1.3138628349870063,0.9955389754978962
168.39827658016955,1.0884474184914619,1.1140357373466556,1.3139251086402108,0.9931984356785348
168.3955282425349,1.0890185560049344,1.1099359828963806,1.3130432674336585,0.9910265572152482
168.60867612291537,1.089581078613987,1.1107964856819823,1.3126026025625255,0.990063608496439
168.6530021816309,1.0911299809976167,1.1113156621374247,1.3139171907982214,0.9888111179581148
168.67556764731393,1.0923875376916223,1.1122828002474014,1.314210248365065,0.9882534277940471
168.73088561460798,1.0952898151481503,1.1139016524324492,1.3132365886010324,0.9928559422315395
168.73225930375,1.0930479430931848,1.1113081155846511,1.3086094916879678,0.9910039584277183
168.7571201324092,1.0880158249676168,1.111177888870253,1.3032468724530213,0.9891551925605143
168.75487155288653,1.0845624404893754,1.114440768223013,1.301416704943658,0.9896960527728431
168.6804108692166,1.0878442693794683,1.1124285955481144,1.301251818458149,0.991780667222137
168.64569824474248,1.0941367058373632,1.119027157605157,1.3102785230180118,0.999730857911522
168.71364013448104,1.0898737930192324,1.1199498011724993,1.3077044741057842,0.9945060793816408
168.76288600132776,1.0933502099124843,1.120171902253408,1.3078455792494268,0.998393938491742
168.73605516834579,1.0950585706937033,1.120074592436236,1.3087642759130913,0.998279200167094
168.76435520088637,1.092665605085592,1.116052559897125,1.3039886920345343,0.9938540163638003
168.6888272726441,1.0942300292561375,1.111311994608175,1.3047553613422793,0.9953687750269473
172.7198063214669,0.8964743936032492,0.4126382273404289,1.0810606696581584,0.7662031639549564
171.48631986114418,0.9183246630171961,0.10469090896487777,1.0680059857179922,0.742067259137984
170.6986969834796,0.9410199237509965,0.3679259621294037,1.066127230694971,0.7382164210675483
170.57988662703792,0.957671129270113,0.5729042705542321,1.065876299475756,0.7393730439657775
170.41489776424314,0.9680840017691088,0.7071842664694449,1.05220167193508,0.7308174122182057
170.27769624595237,0.9700818565930018,0.8067880399778354,1.0430207866847263,0.7225843498773206
170.25675789383212,0.9694765607034974,0.8725706135573681,1.026768450151404,0.7175201173706207
170.23068756130007,0.9621335323725133,0.9242780519907942,1.0225756552526595,0.7163600521920231
170.16722421306264,0.9558714504779928,0.9568830191950297,1.0201713210822367,0.717328913950048
170.23314152767557,0.951296626808041,0.9766953504739722,1.0174006809054532,0.7153473991180641
170.24993856033083,0.9537473676974073,0.994627198799948,1.031540146880746,0.7266458990560957
169.97691981247596,0.9521654802657498,1.0136317367479004,1.0247926713010722,0.7210331894285402
169.93516397821128,0.9518040440415995,1.0253167000214234,1.016249289339106,0.7187668266116078
169.8881028948892,0.9532518083192605,1.029863962811427,1.0147933802367366,0.7245236006389701
169.88324634187148,0.9656130047465807,1.0379841132158845,1.021054532135713,0.7341333878707039
169.80071903279187,0.9675038430716114,1.0353596473914373,1.0023918300433774,0.7189679809409479
169.6420112043708,0.9740521973275056,1.0362108433535038,1.0041270144989862,0.7248304434675136
169.65006502151192,0.9790842125270924,1.0386299891721384,1.004413524033978,0.7256245630785402
169.64080300902518,0.9880558724076881,1.0500877060670144,1.005845047371938,0.7260962607023493
169.57881863830642,0.9918679275128498,1.0586404494836321,1.005631326845882,0.7256282185221596
169.5746417154351,0.9950969870060625,1.0653714621261752,1.0088703616858845,0.7290667169758639
169.70868388708504,0.9912091148912449,1.0623507623248312,1.0005698173431439,0.7224374847362881
169.6392934565559,0.9913468049491365,1.0621370764516904,0.9913949085259663,0.7172219575106685
169.6998812964229,0.9945115510260302,1.0700945659856862,0.9908029831278053,0.716746512497175
169.6540726534256,0.9963708141014417,1.0662132614082356,0.9811344092103838,0.7087596627983884
169.5781790580249,0.9999827709734511,1.0666454669673755,0.9776110685625277,0.7104949909911971
169.6558246037582,0.9957166699161452,1.0564491410555756,0.9643138790831562,0.7026672613321906
169.53828753845326,0.9881499683607369,1.0492107984729664,0.9498526836073224,0.6910669599524092
169.53289728542154,0.9782600865843487,1.046458202889929,0.9455013810090305,0.6884719824440421
169.6018927530896,0.9754931898840833,1.0467738315976578,0.949174558498341,0.6944997586321804
169.6120058177643,0.9767584058784183,1.0503302293752745,0.9530393440982139,0.6988578036085169
169.56242888993202,0.9839242976280069,1.0556674190295425,0.9589447435448637,0.7037424146418212
169.52048406557157,0.9830508568737215,1.0568696169177392,0.9606913219363394,0.7047342964533068
169.37375108154527,0.9767831156648084,1.0587269152897723,0.96282568011339,0.7029423401840094
169.43642799193788,0.9697646773798096,1.062935120573912,0.9690053604217352,0.708864636174812
169.38131766097953,0.9690701374223906,1.0731408607497965,0.977403196340031,0.7111038967683047
169.392032102782,0.9651142834874067,1.0793413234211628,0.986449862667197,0.7186834813689106
169.42357025734464,0.9658470963336124,1.0838493921565553,0.9922372970018658,0.7204336422154276
169.43575324499758,0.9741131994928406,1.0870196361131363,1.0007218787753656,0.7250996085391858
169.45740808997104,0.9832908872728331,1.0919643743890468,1.0122156147808732,0.7330421824220756
169.40711033684826,0.9886833072112979,1.0959066401696214,1.0183015484911344,0.7380228637629278
169.34163734671944,0.9847127795321217,1.086596932653385,1.0084083110123827,0.7326002845114831
169.45473182872104,0.9807916858487015,1.0859384669373686,1.0058143134493536,0.7321496288864903
169.3921720018743,0.9775947685055186,1.0842891603061735,1.0022595176072493,0.728955811176575
169.48583148583234,0.9750222241228931,1.0823929487239372,0.9997220382918344,0.7266878736564076
169.45447819508638,0.9678001900950856,1.0786004466265653,0.9909627841890756,0.7211013340457557
169.44865602623577,0.9668991155623591,1.079085920152879,0.9893440249895646,0.7208513423683341
169.3602609707017,0.9663312523949821,1.073556500463566,0.9808306912613912,0.7156097988457311
169.40294488915077,0.9650804568185833,1.0659115487764748,0.9742618532943315,0.7108055230656479
169.29845800213008,0.9591420958115054,1.059826879215717,0.964520146637433,0.7060350953083339
169.19366981887345,0.9630522938144042,1.0562435126998828,0.9587316037643462,0.7014840914854303
169.2495308168632,0.9649111825531788,1.0484983088601436,0.9527752605125546,0.6923751468945124
169.18249180592656,0.9709440323279429,1.0475800413818317,0.9516082764629605,0.6897738935991409
169.19461887214862,0.9671603355192994,1.0419149546070332,0.9436072049926224,0.6837582321360975
169.15727314849877,0.9671328918761747,1.0392615990373364,0.93799867584408,0.6829199672613877
169.24405234058054,0.9633631653764689,1.0328978636735289,0.9301982527539517,0.6775801089772279
169.25003810637733,0.9604081451494354,1.0327587408009766,0.9309603745060785,0.6760139417859184
169.3940795989415,0.9633345135143966,1.0305643599606649,0.9388113276298895,0.6779744369701626
169.45284597909924,0.9567565583042953,1.0291658476018555,0.9419667017644251,0.6781703925538463
169.44278881635935,0.9511299266943819,1.027993661803582,0.9419255071722523,0.6770148200026987
169.4660234439572,0.9578402146864171,1.029963276998808,0.9465929387938611,0.6798784130859119
169.51316001864905,0.9586914203188122,1.0317032391845262,0.949772985689794,0.6789017840906629
169.55021476613027,0.9566345052283287,1.033195250560649,0.9523526589688246,0.677993393742482
169.59594327907402,0.9563523466467023,1.0340453800370086,0.9542902385709957,0.6772771657756443
169.656997182353,0.9542029446357431,1.0349091349765935,0.954950852193597,0.6775408749634657
169.6344482990405,0.9541164350843511,1.0314727549028073,0.9506829779038831,0.6757877103492893
169.5851853169278,0.9524549276866798,1.0289264601688923,0.9493670285264054,0.6789682637024845
169.33108072301027,0.9506904048087731,1.0324879110728298,0.9488669951726142,0.6836246585734077
169.16568154871476,0.9460612221780091,1.0277821706285108,0.9381447706538705,0.6799813165425161
169.15461470733965,0.9547543724157397,1.0262234654319968,0.9341726155570708,0.6798551601908502
169.18876984907055,0.9564250609297293,1.0281148747055704,0.93405191492582,0.6819113619830411
169.14508312490813,0.9567683424022695,1.0312528043094114,0.9360999359232975,0.6834563452434114
169.06968905640693,0.9537425283023333,1.0314063295458902,0.9362458377216036,0.6848062292371132
169.05931067393954,0.9529663272804724,1.032011550194265,0.939159151456497,0.6878188294471089
168.87961110601486,0.9550802814609053,1.0373106354428498,0.9428709156177514,0.6880028830167592
168.6753513585352,0.9583944882758078,1.041586289239261,0.943979366006468,0.688705588493121
168.39928373798858,0.9711411949448718,1.0482586054700864,0.9504487451740657,0.6914274653280897
168.40439480968746,0.9830325413527977,1.057239793728809,0.9589681215679647,0.6986498885454002
168.456657646066,0.9905380037563847,1.055500330422581,0.9635245744155617,0.7030668409057296
168.51076213105137,0.9951549477003259,1.0562764446537685,0.967596403268822,0.7063761022169646
168.56374760132223,0.9948396483104318,1.0542449781431982,0.9664661378713953,0.7036192511674655
168.66606537110462,0.9966591443714237,1.0562636607436553,0.9710298213190006,0.7078412268944304
168.63577285175484,0.9990718033504932,1.0580153000540542,0.9745010754983318,0.7080202460518535
168.5368039422765,0.9993790640641425,1.0604923674456028,0.9780292650295934,0.7067665720327467
168.37911260878087,0.9961920281577284,1.0613848031059574,0.9812487933042922,0.7032337628393731
168.4170024113838,0.989644283269828,1.0614910526620454,0.9812810854822138,0.7018980442511437
168.43731287757447,0.9929375643940755,1.0663881004204272,0.9851037290722322,0.7046418298652233
168.41363847162637,0.9908803776848063,1.0623518593628962,0.9830561578098919,0.7038682261056317
168.51541852601216,0.9874028854499679,1.066169728514268,0.9880813730934813,0.7069568323021161
168.6954705695976,0.9813034376409883,1.0645380392025054,0.9921731054802053,0.7101613541680446
168.55740336738359,0.9845165817758078,1.0619532726197514,0.9983059367671492,0.7132160270879178
168.50378537843216,0.9892159076559748,1.0648659378729857,1.008569587726474,0.7181460665516406
168.41438577017638,0.99856681696771,1.0676668194609078,1.016669326757205,0.7232794482841034
168.31277891444108,1.0020034179842152,1.0715176186529036,1.0203521059890104,0.7254540374299426
168.24108048090875,1.002513904180368,1.0752748786482376,1.0236327479460792,0.729644069151784
168.2675015636105,1.0001466296608938,1.0809153329168852,1.0281351486150272,0.7335664712258378
168.28518169113212,0.9973667749307179,1.0833099068212673,1.0334709967007236,0.736226797677504
168.349563405949,0.989350195880405,1.0811958584526136,1.0315305134314232,0.7367106299997562
168.3698190640196,0.9863963414821111,1.0768939428614936,1.0265236649571323,0.7343086263231982
168.48096829440547,0.9845034503362876,1.0756134339400838,1.0244209414283532,0.7350499463413513
168.54878616253916,0.9840255833320508,1.0709603850420055,1.0161687334189111,0.7339201844384524
168.5376823172761,0.97965462135173,1.0630939053988397,1.0058798447486814,0.7276708917100685
168.5418910207927,0.9808530383756585,1.0629594831671019,1.0061465838729735,0.7282310766299996
168.40175747855565,0.9847640731214534,1.0638771411371,1.0093589136312464,0.7273460769019592
168.3505015154911,0.9876333035857412,1.0703580436905664,1.0184556421959892,0.73080449962478
168.31452171126807,0.9988076755935317,1.0801274860635093,1.0238735319756116,0.7314546311225609
168.2095786873635,0.998653740568439,1.0849433789542975,1.0293845203031684,0.736866180819514
168.36888471322493,1.0008287925734336,1.0860629626832392,1.0307013114759251,0.7424127779609242
168.5027996910227,1.0041023275281231,1.085899981081226,1.0293615884504934,0.7458686655605927
168.6437697440113,1.0069570627095925,1.0850656802604672,1.0282884602949247,0.7488855962952112
168.9756557661371,1.0053478075782833,1.0826698248014102,1.0322875271858967,0.7537170085003232
169.16355596532793,1.008182956567349,1.0862832641286997,1.0343118959762618,0.7568535962566763
169.13302263292454,1.0148081860372582,1.0861321403284838,1.0329306923917536,0.7569695092363578
169.00383297936477,1.0116308900563218,1.078718675152435,1.0298774935741493,0.7549059846652324
168.89986047901803,1.0112596166309669,1.0714716853444413,1.0259767673134328,0.7511428563357041
168.78967585914913,1.003546985688824,1.0636224044476057,1.0232780833331194,0.7466027158917304
168.72166101473186,0.9986066945934007,1.0638496185756166,1.0256798847975088,0.7481618872632443
168.78135305145105,0.9919581194911475,1.062540306839523,1.0297237895017302,0.7448044629945824
168.66651612217237,0.9885231630816085,1.0688001436150643,1.0304988940893975,0.7402824580760488
168.60295986236662,0.9995877757752362,1.0708055501804112,1.0307182075318766,0.7442482773475773
168.77806084568292,0.9960601287340874,1.0651233331704322,1.026319636217357,0.7378335372884575
168.84806445612114,1.0018664202359062,1.0658033776510114,1.0248544160097686,0.740425922266233
168.80137502432513,1.0030776084178425,1.065414378747509,1.0249029829398948,0.7412816992827994
168.76610466584003,1.0000048740248646,1.0695113376232395,1.029572521903734,0.7422954816358167
168.73757770926068,1.0035781809836044,1.0755509533960335,1.0401194882129352,0.7464050447424467
168.7236259666283,1.007637021752904,1.0822120669706632,1.0473542272801284,0.7491296014547305
168.6764889457113,1.0189793884908391,1.0874600843820716,1.054765715824453,0.753917014899119
168.6527892139948,1.0221889821995809,1.0932420091112278,1.066471658471753,0.7631686112518719
168.52456780852384,1.0248046499037038,1.0947808578503677,1.0668047292476153,0.7647705576090055
168.41572273824454,1.0248958063769384,1.0867605611568585,1.0578621678602156,0.7594947714404343
168.31538528490864,1.0259208553035788,1.0817989398521848,1.052318502718552,0.7574346182381669
168.20040229833995,1.0277663644356794,1.080573541970423,1.0478444871486834,0.7534201552390597
167.95183246739614,1.0256448616709988,1.0801958500975788,1.0389214097901118,0.7440454671472266
167.8455066980467,1.0235698235447566,1.0819217879629681,1.0372003662139901,0.7417230074516324
167.86503614377872,1.0201845740660351,1.0773232663359988,1.0352427816445167,0.7424727060902766
167.89255574542136,1.0209339567423443,1.0706718719536912,1.029905027142514,0.7393019372335626
167.95578756235722,1.0196083328139645,1.0667211832843762,1.0269702787500707,0.7389445294470992
168.10629910197304,1.0134305549222384,1.0618048586384454,1.0218132620762206,0.7373818776382257
168.24823520987545,1.0112484263768695,1.0606641851008607,1.0256873975816194,0.7374888092347435
168.53567838788445,1.0151531117727184,1.062477800570741,1.030916650395517,0.740957757384103
168.73236243714976,1.02547688722834,1.0662294138726014,1.039426136717428,0.7445670323132221
168.99879254176108,1.0186508476169016,1.0650835816963595,1.0430061736453249,0.7468669291910359
169.11807459491814,1.0158217448897884,1.0603137167273664,1.038558499007727,0.7450384478566209
169.23236945933567,1.0124931201683451,1.0616972364943484,1.0401508225965146,0.746031305696673
169.34602554643484,1.0107378847856991,1.0647732339311429,1.0446356768979297,0.7504456412325174
169.38536052566047,1.0092255537845882,1.0638763493795806,1.0413146791160133,0.7510735541849619
169.41578108834722,1.0093661510710183,1.0667825059467435,1.044945364051156,0.7569492427816162
169.365728376756,1.0087707524797929,1.066218780338591,1.0464504399758048,0.7579873332824749
169.36162002178875,1.010013255240652,1.0673240972409432,1.051161181165665,0.7588022869895368
169.32955336167439,1.0078415145182553,1.062806175562673,1.0479389454502002,0.7565816904321105
169.42412993171695,1.0047940589809776,1.061597035679183,1.0453890947412232,0.7554058109374185
