163.7001182645992,0.5164667851888234,1.083454615077662,0.9550536167121022,0.6036990530104749
131.47308412937707,0.2573335709541168,0.8638217583934721,0.7024794804044834,0.4847829023516783
96.98187519585059,0.41929750053015524,0.5988547830733434,0.4552483691773481,0.3270186218579158
92.31325016496366,0.6212791779582867,0.4287865701130615,0.32031334949425555,0.3018204366675371
98.030040503021,0.754620610821205,0.3011205387396467,0.20492400124331633,0.17299833948683288
105.61605280918373,0.8797305194932211,0.1421820533541931,0.2088503299450351,0.18861000889894378
114.37390118472518,0.9719786471972662,0.15596849506644778,0.28901886692218437,0.25687112171497023
121.81312306452688,1.0324134739667117,0.1964965141571299,0.361259576904957,0.3213583290457618
127.56677879663181,1.0769877923457503,0.2382310586872056,0.4193011193187974,0.3791406049575089
130.9795203920945,1.0934236302650355,0.2597516236162,0.4519832261443707,0.4180347052080538
133.93137311958682,1.1216810784638436,0.2667712582542854,0.4698515848552699,0.4389734983731547
135.65606068606192,1.1302037282299786,0.3117799053360064,0.4949019395691272,0.4607637485707721
137.23049815786229,1.143828818872156,0.3229686103749484,0.5050999055769101,0.4693338759133738
138.6138614814123,1.1514781911475642,0.33820116315995874,0.5152096793218772,0.48187269348600853
139.00135312689883,1.149057863635469,0.32176456458122904,0.5111301476347364,0.48021539756534776
139.09666190166092,1.1363364711535189,0.35046525826977487,0.5307367305989606,0.4960460545013465
139.35007565021974,1.1171576245597798,0.3776000978126025,0.5459193068892282,0.5058320702342953
139.76242066102992,1.11489269805375,0.4102534918861726,0.5631997326627001,0.5229266327842415
139.4434863399901,1.0959775313085778,0.4429445892204423,0.5770723853235554,0.5312986770449104
139.33191473137785,1.087458088412144,0.46548534091832394,0.5826746754480069,0.5324369187267756
139.23322702898045,1.0847341930128662,0.47159552900336604,0.5838261926030427,0.5285172951192877
139.30333541027082,1.0782789626011908,0.4773719758837826,0.5860596613375325,0.5283307203687091
139.5100460838343,1.0799788155980943,0.4669218173537937,0.5766709154836065,0.5213392475003146
139.6588051569891,1.0786102504077817,0.4617022035536785,0.5701853698623905,0.5178381670079467
139.5750755956477,1.079994234044573,0.46322888202277973,0.5674028416112982,0.5187203291179746
139.62967752482083,1.0840449054910202,0.44399800015635116,0.5533595125124859,0.5112406028001149
139.30834842974502,1.0812510830310722,0.4511348109436212,0.5561885166702297,0.516917346865108
139.16617175942224,1.0871458846958724,0.44914241409493316,0.5542613670773884,0.5152250460791681
139.0526055931775,1.0818404523393192,0.4538503731221326,0.5612175044091922,0.5202179367810209
138.98034630546056,1.0715035339986585,0.462385441063331,0.5678999628376117,0.523747695443934
138.85802461012833,1.061003256556146,0.47185726949937523,0.5736842243543141,0.5274012321803084
138.75338208253814,1.074158580425116,0.46601976162076836,0.5728323737646583,0.5296508222871869
138.660524061789,1.084131300927883,0.4711188390463765,0.5796274282356654,0.5348478082668935
138.42715014943164,1.085845257715869,0.4625233342813398,0.5774412408212833,0.5350656189654064
138.39382926103505,1.0949675763813695,0.4565412763120938,0.5774689569190824,0.535250719954299
138.30889039582655,1.1016746299538447,0.43525831967825446,0.566313154508284,0.5291311167099052
137.95906457191452,1.100846946184275,0.43263613747005875,0.5626549925374188,0.5257807869039988
137.99870169423033,1.1087510682299127,0.4342778878631633,0.5645981045019329,0.5261321835978529
138.23199897105022,1.1059305074080683,0.44281110381608607,0.5640053221243654,0.5264101280270156
138.2356496895254,1.1049819423528668,0.44612854033229776,0.5609937274562262,0.5217330798961038
137.86667262433505,1.1020979443326089,0.43738305915204706,0.5555287579138699,0.5175127178751766
137.99023921975237,1.0962424046136274,0.4345084182632117,0.5529759218441003,0.5167278192129974
138.15759435018677,1.0884410960405853,0.4457540652680224,0.5554701541174532,0.5185747232873877
138.3226630759536,1.0898149459481692,0.44530245741658997,0.5561744998787927,0.520588192442954
138.2028498375306,1.0896765549553566,0.4426196711142919,0.5552973403171395,0.5193524973220185
138.1354516100107,1.0883617489844404,0.45377370490511976,0.5622968320025759,0.5231002027642364
138.12691154640177,1.0864745494167776,0.4611640967223107,0.5653586130770686,0.5254267386983485
138.03480019316078,1.0880333745852333,0.4704851810979223,0.5715619022707815,0.5278234502337794
138.0779046336624,1.0900382309190444,0.48211897107290597,0.5783379407478871,0.5313218047275093
138.00030490920207,1.0946504882725534,0.4764751069277421,0.5773878697989211,0.5307819939435869
138.1254077282539,1.0983864215969956,0.4775509530436254,0.5770699250924174,0.531303335971032
138.30687799823306,1.108680516625998,0.48815471998430504,0.5819139565998849,0.5357624289150781
138.57918516701085,1.1147624437958368,0.49052143058801206,0.5815053060606974,0.5350049106109166
138.5998769956768,1.1180906317392036,0.48412272497802233,0.5731872952949576,0.5314183774483084
138.58581411936282,1.1228183068878406,0.4705957738523963,0.5629189831518184,0.5240479403364134
138.38699806606996,1.126928166524128,0.45559847218792776,0.5520919380274153,0.5171010590263307
138.32113421047407,1.1270737861657063,0.4640822643794826,0.5545568510913871,0.5182999884456576
138.2914852694206,1.1221044745972644,0.4717171099597406,0.5575552580282234,0.5190749151244134
138.15690922691604,1.1164389264147165,0.4817716530726198,0.5627977712081604,0.5213674624073347
138.34803652534265,1.1150472768031767,0.48828658564251387,0.5680362984487413,0.5253484246135153
138.4109107633206,1.1170234941572028,0.48442419080733895,0.568110304605007,0.5245724884891754
138.22145515684403,1.117897738277479,0.4823082970002092,0.5703005257779119,0.5253266871066372
138.19755986394358,1.117273537934452,0.4778307131893985,0.5700690790370909,0.5260753921049647
138.12633140159627,1.1156548710929366,0.4780486677118321,0.5714404465580643,0.5273593485585254
137.92685155362776,1.1107469900848514,0.4807238217158429,0.574726906829298,0.529293630371622
137.64513001981192,1.105749832274749,0.47830926077848923,0.5750985476077657,0.5300216967583213
137.7106534035405,1.1048511096994014,0.47601926467565353,0.5753434148064647,0.5294935896274531
137.61898225935016,1.1039527577479433,0.4735455432560157,0.5706658080238463,0.5267492909214467
137.84327173663155,1.1059749289815115,0.47582239343198635,0.5705406902755458,0.5263045307644761
138.0139195346837,1.1095074432406913,0.4782400101650347,0.5700559597175445,0.5269345551875462
138.25277465214342,1.1069018643408466,0.46707072966670155,0.5642242055203116,0.5218313187551166
138.30177151895825,1.1102525957271157,0.4569807844742217,0.5580144243247933,0.5192289200487522
138.66153350350143,1.116366339691844,0.4444393477168692,0.5518554688244222,0.51784839910074
138.64554238769745,1.1184481500327035,0.42807073249321465,0.5486116470370049,0.5172550224198821
138.73153075060847,1.1135846134280918,0.40787809547385967,0.5405484989703856,0.5140931966073403
138.6782022506898,1.1090329126073866,0.39444957792326707,0.5325607846521785,0.5103770223146613
138.23708011465592,1.108836055673941,0.394142760249441,0.5295067394468113,0.5076137441369275
138.1131437666689,1.1051268922209523,0.4079103542072351,0.533572067176188,0.5090370477977748
137.75369972048838,1.100559576046607,0.4195539863771226,0.5401078521371074,0.5116707155624037
137.81733075622867,1.0980802581764473,0.41515211376543965,0.5397511669748318,0.5131045357328011
137.78106704787345,1.1015065884432393,0.41065483427141003,0.5392617342040018,0.5144470414847498
137.77750022782527,1.1033445049484114,0.41542392164020747,0.5428415456967702,0.5162610422437778
137.83581426900466,1.10612400252088,0.42199504110494573,0.5471803465794974,0.5187273269590922
137.641518984357,1.105609941883038,0.4299950560434827,0.5521495159492039,0.5235714872681613
137.41582757324105,1.0969470744773708,0.4233680800513085,0.5443688409067423,0.5192684751074657
137.31084810965945,1.0993363665770206,0.42621888771099387,0.5440358131296809,0.5192956304766222
137.37148886699774,1.1055338190306705,0.42892102286816547,0.5433967673193779,0.5198047815183167
137.46196928549247,1.108731320154577,0.42588063134167975,0.5398124149050016,0.5178651485377442
137.3621885877884,1.1179302061753433,0.4264917836418481,0.5404956255250527,0.5178531476812082
137.63470871656656,1.1298511191423903,0.43268295693687364,0.5438103052238259,0.5210072855788208
137.58947602009476,1.1281607634549404,0.43247981104220334,0.5419758545503575,0.5198511369037588
138.06438673479303,1.12834440773102,0.44600567896446586,0.547240387666654,0.521714471165108
138.1799156650836,1.1421201207269345,0.43900615452677294,0.5468313642888062,0.5206839024987389
138.59633951574907,1.145727343734388,0.44026174583432715,0.5459262682370862,0.5192720732272865
138.24989479141783,1.139749780977446,0.44362148956212216,0.5485276694384236,0.519819357722619
138.50949071767013,1.1363584428134823,0.45074722512243504,0.5547309439997954,0.524781467585067
138.21694358899802,1.1305796458460835,0.46069293234097053,0.5589594918091224,0.5266075029783743
138.36904537883018,1.1244675942225302,0.4637560881880708,0.5617152947963231,0.5259634780871723
138.11377270205602,1.1227250660804604,0.45700101889754463,0.5572858453711236,0.5241188123593522
138.33547950440632,1.1212094566939954,0.4604449158725201,0.5587757490711737,0.5266139103924705
138.2278022396751,1.1199977205536606,0.4585549532193799,0.5572300324224004,0.5264443152302649
138.3135752178978,1.1192162347582928,0.4582280693093614,0.5560213437131575,0.5274338870244561
138.25628415881923,1.1113472317878772,0.461813923854633,0.5554577762035384,0.5267993195581151
137.88518773684055,1.1053610082607324,0.45235602693147825,0.5501914068681469,0.5251887535132745
137.83745325859556,1.103737871523877,0.45284142500790153,0.5503585591208225,0.5257460021630029
137.79583470636774,1.1020533765375138,0.4683236115468816,0.5567107693255955,0.5281208301100654
137.63427730992916,1.1085642689584831,0.47900173895808756,0.5622808557611768,0.5303817625195272
137.67704715363013,1.1091123642337675,0.47201275223704364,0.5570099187213787,0.5244901584830508
137.7898420695774,1.1135048749044676,0.4635230645608987,0.5525471386593495,0.5192696345107131
138.0139112174799,1.1170408564904415,0.46427791920134615,0.5528541466574329,0.5204094592382225
138.07339992838666,1.1244799908026843,0.4603026394866335,0.5519239755209424,0.5209602058971772
138.29603701610992,1.126905954805624,0.45957345673061295,0.5506047503412024,0.5207884412395035
138.31876019694394,1.1254792325569476,0.4652388605107484,0.5545148885137067,0.5232587976370079
138.2362055792224,1.1303933471633707,0.46417373234247467,0.5562748292121716,0.5258141547650963
137.8891617210898,1.1310054074262101,0.4687129672396089,0.5626161876342892,0.5289830564284894
137.95623512894025,1.1282863742377274,0.47371744221906376,0.5677878987766999,0.5330182401419696
137.93223013677206,1.1329541198867175,0.4728927267706923,0.5692324346066712,0.5356058412301253
137.86536809860664,1.1322241582845254,0.4717437959701915,0.5690326183825056,0.5365370214988986
137.79460044555452,1.1296811585518514,0.47335139433503753,0.5699649591178273,0.5368172250160343
137.80383899996255,1.1312271439459707,0.4787103394242653,0.5753061279291914,0.5407465074526452
137.98794310320548,1.1309094576925172,0.4842223445047752,0.5812945369434517,0.5452901449988407
137.8427657818214,1.1307076729241843,0.47977897160360655,0.5813085271726687,0.5445570010675574
137.9308423174977,1.1308450115937543,0.4871999590650816,0.5866726896458649,0.5478374234688582
138.00991650938147,1.1328521485735945,0.49077458553055964,0.5888525084054438,0.549121340508284
138.08043772401038,1.132411309721758,0.48944814464631814,0.5862620793104585,0.5471135620808802
138.08674656372432,1.1384375114025351,0.4834569721725036,0.5820296030756102,0.5444471557320839
138.17932113475632,1.1455427285394535,0.49458688731830913,0.5885059969487431,0.5474692711978624
138.04414527100332,1.1490083981768326,0.4983577388638452,0.589957637484146,0.549717195278921
137.90446642266025,1.1493428381746416,0.4971313431604363,0.5873650990242483,0.5479255579018781
137.71162823550296,1.1499781086768317,0.5049923346050179,0.5908547747831681,0.5494949346109612
137.59915246902347,1.1481887569314209,0.5089782496092023,0.5921763655000549,0.5493642498244604
137.595550606689,1.146310370137835,0.5068572486533821,0.591172483775123,0.5483784660897189
137.4306877950546,1.1439949771404276,0.5000238734376693,0.5868888496697315,0.5474012131934841
137.3396763005857,1.1413747060931274,0.4980467989154809,0.5853226396837898,0.5477157633790736
137.17053779278427,1.1345324748788255,0.4916574850165515,0.5816702774390089,0.5452206883464031
137.2421516860312,1.1295759926918096,0.48240245180494,0.5755815299319045,0.5412601029190269
156.03446502059336,0.43095833617347235,0.6451348776348045,0.6804449188522329,0.5155422095332567
90.55407158971403,0.2063954636327159,0.3935315109290448,0.38485575878889466,0.30637145273488936
90.8711285932124,0.4732857006851459,0.15673226253976175,0.1740141695308685,0.14399173358396236
109.53155633487147,0.6925069554684586,0.08963635360785314,0.18920386735334097,0.16059227024745457
120.94577509499751,0.8403203033094233,0.20111786105261506,0.3013423175007111,0.2555189472571764
127.46117092472285,0.9190186877724863,0.2803884034762053,0.3795970169395343,0.32597286289360405
131.04276703638448,0.9756137976001006,0.3282527422921074,0.43362924518287305,0.3764621367592078
132.95859272169577,1.020928872268295,0.36601523188788393,0.47713202560739854,0.4148870907784258
134.51506884104515,1.0488482603276386,0.40200760965280485,0.5046075026765487,0.43508906378176043
136.11688652972188,1.0637067321955436,0.42173070386779327,0.5329112107089201,0.4514314951233534
137.29032353425256,1.0631500010385828,0.4380803534260329,0.5436441431520744,0.4636575839513012
138.32808832667513,1.0688890271431573,0.43891814943331176,0.5486477311702582,0.4719097749821131
138.86898161378247,1.0743255287307376,0.43830838746970274,0.5529104628789746,0.4772107809010382
139.38728513586662,1.089781071921544,0.4509283648812988,0.5639493878091711,0.484156562036713
140.39279548346897,1.0990479217010498,0.4498980731166103,0.5684946042432962,0.4812539000379985
141.39091698469025,1.1145555915335095,0.4448247282451656,0.568376211696146,0.46834349911982176
141.92928761224323,1.1160858118450896,0.4479086522527095,0.5725220924336349,0.4753419920435158
142.13748938510685,1.1136560922802892,0.46493355385183865,0.5793479796407411,0.48508988639961387
142.35689619343867,1.1204590212560213,0.4822304712266723,0.5893806023218794,0.494100065340671
142.529068152878,1.1277199771480535,0.494522969411896,0.5962976494463533,0.500153474928202
142.73647724519972,1.1353887609026345,0.4882630893024215,0.5973531270626046,0.5026625350401748
143.10080586267603,1.1475130866668921,0.48276206426905927,0.6027068719197503,0.5010391630652407
143.10217262745658,1.1568349104039108,0.4554114804092252,0.6076848414764763,0.5110515837454704
142.9161912748274,1.1590892835140216,0.4502159691311822,0.6064319317759586,0.512685731349021
142.58509867927202,1.1547265453986888,0.11452925225344054,0.6096692879460092,0.5134573254057051
142.54605677145187,1.1489063147912109,0.20342639717096897,0.6078090513238436,0.5140915503758666
142.44395367860957,1.1428472247807666,0.26430359456320035,0.6136249658876372,0.5208058249363469
142.7178950608428,1.1410076273191538,0.3150331854106656,0.6163089592144534,0.5252843385089554
142.95556388431714,1.1435767971324973,0.3700979019425808,0.6179151451310408,0.530286403789072
143.02311485103334,1.14194678206495,0.4001537434097221,0.6193380533318331,0.5332570241904422
142.9724736248482,1.1404081199172054,0.3941287896683232,0.6174898763866548,0.5310496677608885
142.91783140232045,1.1257465130570576,0.42002263035354814,0.6116200483271932,0.5293434610846893
142.81416807561203,1.1198774439462287,0.4442631688112044,0.6069335400922377,0.5255622472642129
142.7777460294765,1.1143051721588326,0.4638068109696978,0.6032042305906476,0.5224679016352113
142.90398576950972,1.1120053338707319,0.47913744334274105,0.6015528609356171,0.5191491128018021
142.64916932708343,1.1189637685384026,0.4942680481467899,0.6032655697891933,0.5192506652712461
142.53679571597016,1.124798712106661,0.49905325176549253,0.6046437587892025,0.5168934455560038
142.36767534305977,1.1256831936427925,0.4981217168332783,0.5998573260589273,0.5146916570209182
142.0496354699634,1.1310796162182908,0.502318833117998,0.6006134616273406,0.5171043724585312
141.60676839374133,1.1412776906923736,0.49907528003162016,0.6001471546212345,0.5131101513761532
141.36708248900658,1.1469387412044023,0.49663140104368453,0.5963646004633678,0.5015530264467524
141.14887861895835,1.1515311857110175,0.505063371409498,0.5993179593094706,0.5021037745780229
141.0544586957355,1.1529116960822432,0.5123114988021287,0.6014847534976947,0.5017254839651847
141.12803938434774,1.151119934382338,0.5177122889541237,0.6005899152077339,0.4978370155558602
141.22044280597692,1.149304750375826,0.5229222053730651,0.5990898096624007,0.49240974782600766
141.255002623944,1.1456506398492365,0.518664194502991,0.5967217665048387,0.48805032480515015
141.08345535455473,1.1445363592025604,0.511941068627529,0.5902587421510949,0.48160878223025394
141.06669208185264,1.1413865991473382,0.5029463318608324,0.5829191675482286,0.47462743534113194
141.10221983112712,1.1314872133880132,0.4982331897114738,0.5761767481310367,0.4695282624157786
141.19256784138835,1.1287487445476045,0.4946048681453025,0.571229503987898,0.4673276234421709
141.2499460408213,1.1282050106741919,0.49930331793553007,0.5712867899307003,0.4720129629242575
141.38204224626492,1.128389953863868,0.5065044000743703,0.5761605390569176,0.47897430648979716
141.42075204728218,1.133314250353349,0.515120233174532,0.5835913166882917,0.48689801262652466
141.65189287921865,1.140982322731185,0.514807079290507,0.5833489897421069,0.484129522039688
141.8800247253616,1.1455841708262167,0.5158216892906569,0.5833547829161625,0.4876611183298723
142.009754400989,1.15000096418966,0.5136953293242478,0.5815359460401717,0.48808331960989554
142.21000120107465,1.1508535502094213,0.5112375626953548,0.5803995734063903,0.48845519471745086
142.39871727980253,1.1532144916962648,0.5081837304416862,0.5784620919552327,0.4869985470749246
142.45609866564914,1.1527013349269746,0.505416487919361,0.5781798235017551,0.4882005943729048
142.36077278485516,1.1493446332629798,0.5016851267132415,0.5774928824235186,0.4895768431666654
142.3271612232889,1.1466634231003552,0.5023793048237617,0.578290037337326,0.48939655571788115
142.25457006325328,1.1492073423071525,0.4964084736264632,0.5773295522423735,0.48826869848197035
142.2171579611658,1.1467479695002902,0.4950594665708625,0.5774317024480063,0.4886474188521633
142.10303037094036,1.14345992858823,0.49245658150990484,0.5735048531467999,0.48466053132986214
141.88376925237387,1.1360234486683627,0.49397483928027125,0.5731442596308052,0.4863301168122099
141.8218582470452,1.13476502748259,0.49219227317511366,0.5698199144902567,0.4862218767630513
141.57484060125645,1.142993546607465,0.49617803688948414,0.5713782314511451,0.48829184131241177
141.66948982573126,1.1500545525723387,0.4917842729578943,0.5712553176593006,0.4834404822463098
141.58344339830862,1.1583273826232874,0.48666433878491405,0.5685528476943787,0.48179346973980186
141.56951847831272,1.1639597619118156,0.48617273213631323,0.569739606454378,0.48057862760844094
141.50748299820495,1.1660544637078818,0.4909527971183642,0.5743372832632672,0.4850289328145512
141.35009542222025,1.1625844213827734,0.4970497846301997,0.5799237705241006,0.4882152936589585
141.24546347757268,1.1638623104182144,0.5000442410936037,0.5807558351287,0.48433897846176194
141.20573468209508,1.1597313939025142,0.5066268460082434,0.5875048006961696,0.4964861186933669
140.9896337857549,1.1568283951220037,0.5194863619743955,0.602391418375983,0.5100491629601243
141.56386631957875,1.168077086405436,0.5150788265415215,0.6143848405861063,0.5233902806783147
141.68742233671446,1.168983195455579,0.5184977807348111,0.6264528905632073,0.5367525387537472
141.70510878295067,1.1746654635615061,0.33528411376501316,0.6374092688784647,0.5498004208109001
141.2739111671884,1.174827577532359,0.14555937933420637,0.6375194144414847,0.5525537547162033
141.08879600411066,1.1878645911927694,0.2584139365083252,0.6392478968925182,0.5513302651477935
141.30861710174784,1.2094305417493787,0.1347214104873492,0.6519892413984512,0.5573587714181821
141.32236102798618,1.2274849587883718,0.14305285139837604,0.6669280056195226,0.5641720272171183
141.3391052625189,1.2324066475435438,0.2227667093425287,0.6753129352567482,0.5682157173160066
141.282583674738,1.2448726891771558,0.2972208123174784,0.6853655893517742,0.5714329149686155
141.15677834908516,1.249060473659353,0.37032224125875685,0.7036463176274597,0.5777886195513667
141.27409373922615,1.2423138121031567,0.4250503319728399,0.7064198238771302,0.574305893363475
141.5848363760214,1.243808920260779,0.45508607965446635,0.6986650581331865,0.5662326513433493
141.60895854691574,1.2202383288468015,0.40215027231450895,0.6752476749148001,0.5483653846622407
141.57753461852252,1.2080151321762023,0.09939036665279807,0.6598667023154119,0.5372739165289905
141.7398375006996,1.2001539164179629,0.23907216760757358,0.6530249919614924,0.5374785436045928
141.9975538954819,1.18796511974058,0.10866459183887481,0.6504251926047192,0.5467034414420413
142.0148837700707,1.183506763259925,0.24253615307474855,0.6489989585773666,0.5442141693577389
142.56948686864,1.174961597210429,0.24342677353713305,0.649539984048413,0.5556998278387999
142.86200477539887,1.172092717254375,0.10452084637282648,0.6463829487651431,0.5601188499990284
143.14471574727344,1.1678612512157656,0.1609797361298425,0.6323797241828616,0.5505584141343346
142.82091763008498,1.1701931907330625,0.11679010725266996,0.6370274919938317,0.5514283241455217
142.38539952496123,1.179640125250564,0.1536493774252723,0.6386709959968586,0.5508181355999523
141.94510690990782,1.1919986109125271,0.2626871029812178,0.6371778454943025,0.5459203784273269
141.9817688173471,1.21616711306185,0.3355576221378258,0.6406114368179172,0.533458292168347
141.95324276851738,1.2318669034217646,0.38675309348552545,0.6482066601802506,0.5349268803433457
141.43142012028147,1.2384529991376718,0.44085870960244056,0.6554564610457785,0.5482302573872916
141.0591381520103,1.2503055461453543,0.4914792525204298,0.666367225372682,0.5613991306403083
140.96540775175617,1.2529396826798833,0.5223399847466118,0.6715879640544309,0.5685591711883121
140.5445337187945,1.2497548502998608,0.5312451966121152,0.6714559184890188,0.5714133472655627
140.50570082821946,1.247728178183856,0.5408541003091407,0.672887496142102,0.5695156493089664
140.52685945626828,1.2503830935163178,0.5285310800056563,0.6743521655358722,0.5673187274867247
140.73326489802116,1.253550342673794,0.5329638265515099,0.6726116838840434,0.5615854676420939
140.97132987733605,1.249857157792935,0.5265363414912799,0.6681298699376926,0.5592334868803293
141.30257207453772,1.2437900505601898,0.5311641957010997,0.6615905988178036,0.5562648545916434
141.35681457123698,1.2249017436291771,0.5175114225454028,0.6543666193874925,0.5499698857971819
141.21488172880015,1.2202151040532465,0.49054161300471644,0.6557177666445604,0.55078263412056
141.01319305991896,1.2233454672625166,0.4863862469535457,0.6568958060199913,0.5518269457935723
140.79989384370947,1.2188795208549494,0.47262828474996726,0.6553372502533682,0.551518317764787
140.95524378829984,1.2156665806822222,0.4838915690787301,0.6632356476985778,0.5580302100426219
140.98826543722518,1.2152748457131266,0.48206335708180825,0.657823435724,0.5536969354373896
141.1044250066582,1.2142873058829031,0.4973927165920743,0.6600864729115415,0.554443911290571
141.2315865324805,1.2217298862434007,0.5047044356716979,0.6539237498321286,0.5500260480865157
141.10577459632972,1.226675726795126,0.5089962332412192,0.6599357364417211,0.5536205648315872
141.20225650391944,1.2277462453655055,0.5060588613200074,0.6619782935201403,0.5529597711727451
141.3853534159901,1.2305126881877197,0.4859971117718277,0.6614074677803345,0.5562510556286138
141.38159291353128,1.2313962925043513,0.501286442665296,0.6636714753581459,0.5581342232259185
141.44848298032966,1.2332515376525848,0.5078277949598773,0.6603802815686289,0.5574957427907055
141.6661209142703,1.2230324318787797,0.5143684473101181,0.6538758228021323,0.5504263533324594
141.6611213945144,1.2112981650843813,0.5200868012677329,0.6453499210174891,0.5411210869811701
141.95785915885614,1.2120371781389896,0.40516817506946223,0.6430471174466824,0.5361669812280556
142.27027024411885,1.2179198078721338,0.4484166800222089,0.6456981058767536,0.5357693710674487
142.37198968311992,1.2214071383239635,0.4892803770637953,0.6520626351178469,0.5438668488760049
142.36570770697955,1.2198229777796539,0.5109003922204677,0.6513383290748925,0.5470001678140443
142.66400755504654,1.2155810894479824,0.5248542859662156,0.647194770008768,0.5482193231138115
142.80104380647052,1.2027579217521547,0.5361909058970579,0.6458429693342744,0.5515231970765584
142.9242003956259,1.2039890314990287,0.552650811627255,0.649735274442445,0.5561999447049801
143.08861421165722,1.1946896940463716,0.5521879077324378,0.6459564859024751,0.553712204701963
142.8753845720251,1.1827624497280367,0.5514848536791248,0.6407991018582785,0.5525461846116942
142.74520175891095,1.1866240610392507,0.5497952313867154,0.6384300444311384,0.5501616254687891
142.45267535437264,1.189448878603403,0.5461923894472829,0.6303781003070829,0.5424736455597434
142.37797074087356,1.19615618490896,0.5467848221912073,0.6322620480276887,0.5455454051422942
71.71918206179747,0.673133131325579,0.2960273615571417,0.25279146918551865,0.22010955778646887
81.1912214904048,0.8495420680600942,0.3309576705803931,0.29380231666064494,0.24722670792290954
85.34178164113851,0.9397297762184786,0.3777612200532819,0.32122346375026034,0.2615062936204651
87.77889891543165,1.0530912529747845,0.40549448590749604,0.3294622677393373,0.26082026195379565
91.40631324180146,1.0405128661070064,0.3366851494993821,0.32513880906879244,0.28132274078354264
95.7063389435204,1.0324896874090455,0.3023085202332711,0.3544634062752935,0.33260711127448733
100.28609275939075,0.9349450308020057,0.3145353723862503,0.41191872453153605,0.38663073425584904
103.98327517586837,0.8708595942360285,0.37899030222393776,0.4758411225199694,0.4381499691628658
108.23060403497612,0.8033552373966527,0.4696964511527209,0.5433386994050554,0.46622410282698956
112.08297077232194,0.8776170428331673,0.4685750977452745,0.5561550734335761,0.4987493161367206
115.50146412693833,0.9345970220170546,0.46735785477061653,0.5590741293418761,0.5116610715737354
118.81125849728771,0.9812721602676552,0.46785208207938894,0.5662073447904007,0.5264486276866204
121.82076008072717,1.0293604814183694,0.48371441842881086,0.5699295631840688,0.5293653667803419
124.76443706124556,1.0839583728489457,0.5206626326531492,0.598164042142232,0.5527858008981282
127.0694204953083,1.1216621824578057,0.5714846509422754,0.6337028624605293,0.5837712673859021
128.0081660645863,1.138525129409757,0.5918185336222457,0.6528973495732833,0.6027350940743557
129.3302478557475,1.1547606688392253,0.6145732650128413,0.6753188886306251,0.6240653426348396
130.79557275439657,1.172501275547306,0.6499237568244091,0.702086338840407,0.6531766396976966
131.1841913713423,1.1731685432072048,0.6651596115489887,0.7212216153355617,0.6637783391083646
131.7705499616355,1.184774317587416,0.6734742809865947,0.7318830692214061,0.6665205090441436
132.22244719301793,1.1980230707861492,0.6796999022066643,0.74304515617795,0.6756041301154307
132.55058246425605,1.2086322333713138,0.6965153267282491,0.7566989445971242,0.6870279706751653
132.35605582263946,1.207500014216644,0.7137145373959537,0.7691762446328679,0.6918434968502433
132.6924498294573,1.2167391882193743,0.7271231897849002,0.780675494101874,0.6987925303675568
133.03644149011103,1.2300415498350536,0.7405953070584238,0.7917222428928349,0.7033513557519305
133.22107725138324,1.2421867827037845,0.7484890901918141,0.794240114783747,0.698814759194335
133.26349462316742,1.255816344050875,0.7641417881135243,0.8005279648564338,0.7002637764324585
133.234780680904,1.255106494191792,0.7716251776849001,0.8013082492233471,0.7034924640369254
133.98532117412194,1.268278604760536,0.7738288005641508,0.805189633884994,0.7105724540726017
134.37734172665077,1.2811444195169988,0.7727763347550048,0.8043012442155523,0.7155923922205535
134.77551992325755,1.2933460397942782,0.7745402745157548,0.8064107551718289,0.7208969625155037
134.78084048732492,1.2996691874830333,0.7765818679838592,0.8066427084661939,0.7240034758602245
134.717546340696,1.3002679398696422,0.7746358268545442,0.8035670851328335,0.721074057658104
134.62834250266764,1.3026318594146802,0.7668197136251568,0.7982174907677432,0.7170308333214188
134.82447192396265,1.3076865065061596,0.7618655641416396,0.7975108061436423,0.7187903260376722
134.82102264797322,1.3095020548833156,0.7487122797293646,0.7903435530946407,0.7114516383132399
135.07198598300317,1.314956643025156,0.7524718849224735,0.79592295722918,0.717125215728764
135.10321014526272,1.3173968207824318,0.7503834181371479,0.7941352886100798,0.7182016347228206
134.97072563143064,1.3079250811974776,0.7481442916148666,0.789151082285161,0.7181212723442638
134.789832253108,1.2973462403666027,0.7432708513622892,0.7858091767355637,0.7178397960282129
135.1181086485812,1.2987467679036517,0.7448297392293113,0.7902402118580103,0.7226945617884255
135.4291256225794,1.3014664278880421,0.7388042907750072,0.7859093187466957,0.7178900055731552
135.59314250729233,1.3015784643141626,0.729976314061965,0.7813819413830259,0.7156025356314235
135.42403290741512,1.2980751701753643,0.7250767816760677,0.7740792857661327,0.7081794251173525
135.67543005088638,1.3056319515290313,0.713852721413712,0.7669134124871511,0.7021604962125626
135.46929251034916,1.3059056427827864,0.7095967854845543,0.7652114856316115,0.7047148100002476
135.5604086553732,1.3053135848416826,0.7031577832684877,0.7628510905888868,0.7053319328264294
135.33482626306636,1.3014606637506732,0.6918882654527219,0.7571508535894047,0.7058491911833393
135.01573121659024,1.2926869030842658,0.6724012538073392,0.7454947354629271,0.6980246929974062
135.0323167727388,1.279952350208719,0.6651423208676019,0.7395501833923258,0.6994274074457877
134.915769269594,1.282107623876057,0.6702494876346744,0.7411889224178302,0.6979906578337148
135.27802793175306,1.292636315260256,0.6692913564867017,0.7429301186167906,0.6966565449514599
135.54709905803412,1.295040450947607,0.6763739561979752,0.748553515911577,0.7000788310235325
135.64047724644522,1.2861953279242258,0.6846795383976128,0.7512467402391036,0.6971522072924612
135.51517651226712,1.2762534687485463,0.6867593106330713,0.7513136681968471,0.6931160836563326
135.66230167957943,1.2751477840593886,0.6929473110478647,0.754743007870984,0.6927963161366749
135.15436176167645,1.2793392923920006,0.6893868302946331,0.7522197700885811,0.6898992734222517
135.20111171769108,1.2902940585063458,0.6785820268480077,0.7443473919910168,0.678754660881747
135.1449548003825,1.2986408325209227,0.6786871703935853,0.7446434088933946,0.6776433998819379
135.1511663484625,1.3020525215367724,0.6833837088873389,0.7489978087521347,0.6834430202343552
134.73825056688224,1.2985602538952445,0.6884304524684758,0.7553774434493672,0.6876426336361375
134.18017649700383,1.2909881002452723,0.6841763073847749,0.7480572891617975,0.6785125710114093
132.94663588315933,1.2843367793655822,0.6881227470010188,0.7474795842486792,0.6759513277070652
132.35211555423223,1.2906771808556408,0.6913236734613618,0.7513220853952601,0.6783354530439359
132.14121842426607,1.2955251574341957,0.688136137033391,0.7492219419378515,0.6802448838333571
132.22936120230324,1.2950730324989475,0.6853772447413555,0.7500026696357037,0.6767691036123908
132.18067872958648,1.2878457376752888,0.6855047408556331,0.753353152442,0.6778253423487327
132.31177218732378,1.2874037526223074,0.6846823698534161,0.7538686936896782,0.6775624158788555
132.00682329593178,1.2777941468784155,0.6805143062676307,0.7511245908718048,0.677018507219947
132.29241222527807,1.2830320151702432,0.6875194301125732,0.7547749703055974,0.681349184734861
131.99425881484166,1.2673092657933327,0.6766367138718349,0.7483434786788952,0.6814187929956345
132.22011297404472,1.2726863265509514,0.6796410001819173,0.7486283623456382,0.6832339948630337
131.89664032731105,1.2671461556830255,0.6732878826796495,0.7448184734538077,0.6831874797624321
132.31956186264335,1.271714219382097,0.6746339314278226,0.744100782775817,0.6829900603695992
132.23023605636502,1.2641227980982361,0.6625172540124565,0.7390615996036027,0.681041500187296
132.23789060890743,1.2656334684906683,0.6593753337128365,0.7345442355565354,0.6768338689690293
132.41112364060277,1.2669248130791602,0.654498382194007,0.7305112871841817,0.677033639936789
132.30624109917702,1.2669466776375904,0.6587113472774292,0.7294000160472403,0.6804160319744573
131.6235943878498,1.2523839461052493,0.6523232092744101,0.7225031112340539,0.6815915833744047
132.2577972252338,1.2671614695716604,0.6567812277924124,0.7234268853887111,0.686718182169843
131.7107426597057,1.2168632135580777,0.6391101483476943,0.709250463115867,0.676344391202015
131.65402519643476,1.2105491392523653,0.6325359130618703,0.7026876248944585,0.6708190360590187
132.00294809038124,1.2300262776291977,0.6360618840349603,0.7060004161058983,0.6677925596548527
132.53824634112652,1.2452745552133995,0.642130532890135,0.7137796248125835,0.6710440719620531
132.65881513644666,1.2632292236641198,0.6489336513418428,0.7209185032048644,0.6714033543176617
133.25071122570995,1.276814551128169,0.6624002478371458,0.7319123597430446,0.6803750508777324
133.40821461359502,1.2777006787191643,0.6687771853027467,0.7356857723248164,0.6754421624208102
133.17380487604055,1.2796553085426294,0.6674148406751048,0.7358060523283445,0.6684699364603305
133.12501565174298,1.2902928635546767,0.666934767898659,0.738289496052906,0.6708243836346526
132.7387743867003,1.2963578850851987,0.6688851459068454,0.7372866998163804,0.6740359154061119
132.9852365775483,1.28904050746717,0.6628049047357492,0.7337082964340279,0.677477711897277
132.49129362339565,1.2396913104235852,0.6478715388832109,0.7215689670629952,0.6727916148336566
132.691409315479,1.244830486268914,0.6469258672263598,0.7169443427866976,0.6740144778422392
132.4768306177793,1.24801531626905,0.6542735771398125,0.7170273925516353,0.6792770267805422
132.2020807230955,1.2333030455060305,0.6520168377071636,0.7123198956805491,0.682808068217085
131.37013175426708,1.1675195094166642,0.6395219442704464,0.7071492191674049,0.6792294901720147
130.79391600486946,1.163259262355161,0.6377773138194314,0.7042591293871281,0.6768944119129313
130.42336060011738,1.1810817690590694,0.6289357702828894,0.6980958998163636,0.6689925943468314
130.42924741631407,1.1928991599223673,0.6253997622485579,0.6932462685561634,0.6654162389751612
130.6452387774572,1.1870961494836896,0.6161414600195646,0.6860916859272965,0.6668952916980708
130.92085398249327,1.1920537630904322,0.6125147777921525,0.6849841551279254,0.6696709243812293
130.38400547178495,1.1372629147858206,0.6045820939172892,0.6792382138401208,0.6691365845338175
130.85178727963026,1.1494198888646963,0.610380829884515,0.6855411562356531,0.6730800000307482
130.32403207607504,1.007809388960563,0.6106166521661427,0.6817223395660638,0.6670944104555376
130.367793333777,0.8630191975008379,0.608537862350409,0.6803625268647878,0.6642326886734397
130.27605365796552,0.8930658056540874,0.6145576650207907,0.6833548634483382,0.6672383053868082
129.94381094311288,0.8506744036604107,0.6240464705038626,0.6894875239527092,0.6675717129387142
129.653594012728,0.5879471140349799,0.632075715963989,0.6905165041741427,0.6665124182868782
129.30746733401185,0.5857051343236828,0.6321086987982937,0.6886420432345287,0.6659205842456174
130.2929983114689,0.7161221250151711,0.6345994008454678,0.6917597636365469,0.6730563412053473
131.105977569765,0.8262697363249373,0.6363296470449968,0.6971049527618017,0.6789332870071839
131.08454179719953,0.8392874813854297,0.633453934107414,0.6914382512109851,0.6758212302980847
131.53212486629923,0.9417366750240957,0.6389787429515845,0.6952014582158307,0.6768016882224687
131.50946215418432,0.9512474313627797,0.6386801339767565,0.6930922963614452,0.6770843621634193
131.7893769842238,0.9753596346002833,0.6424446147962481,0.6993587807650588,0.677945201931967
131.7482063850673,0.9443525207073158,0.6312117415696804,0.6917297264922916,0.6700750633650928
132.22793567471984,0.9980037423263454,0.6271186074476264,0.6938457797512383,0.673245019274401
131.99867604392804,0.856450026284175,0.6183411987956804,0.693403208371065,0.673546961885423
131.54913413147818,0.8877604182929081,0.6018538776426998,0.6786413882186936,0.6653388766459656
131.63150570389286,0.979852326096918,0.6089088144961614,0.6872561663470576,0.6649051492587664
131.5692129557758,0.989884548017352,0.6060128322254857,0.6830000536252201,0.6638153952437338
131.9199535025633,1.0168885962967749,0.6018829161977914,0.6835048870758538,0.6604228950331134
132.0745580203827,1.0281926572006594,0.5997807668484552,0.6834813829504853,0.6615014267218253
132.05359671493474,1.071549302963005,0.6016074837601564,0.6846277159318936,0.6626425865399184
132.29492049593813,1.09564606583876,0.6032928679499026,0.6845074874928052,0.6612045131497801
132.39531777378056,1.1084893925046915,0.6062570594704975,0.6882080987043199,0.661552295520727
131.71954112312415,0.976401989623025,0.5984380992947848,0.6813207454547163,0.6559478916705683
131.53211934503003,1.0143593566513869,0.607391801225938,0.687934432046648,0.661490391498315
131.72822075221265,1.0300246603335135,0.6042669552246139,0.6857278670545512,0.6636568802505304
131.9042038398481,1.0892044765691433,0.6072869706251897,0.689624653627392,0.6627434104307882
131.8213453444434,1.0880081021291121,0.6137783211350756,0.6907151925999439,0.6669162576805707
131.87403976189003,0.9970620642345591,0.6132324573241669,0.6857886508008225,0.6644186340674959
132.62396871322105,1.0411537156043429,0.608024822886788,0.6860602582330577,0.6643582872498455
132.59495852356764,1.0197050641983103,0.6113233562667215,0.6829891870377972,0.6666441277067033
133.49161650643504,1.0496528481761367,0.5983321385305572,0.6797499820234975,0.6702618866929879
133.63593845787045,1.0734034902940173,0.6020097934911766,0.6850549016822102,0.672659353846747
134.17825067221023,1.1003757669975816,0.6024267144675263,0.6883217186751267,0.6727207497583952
134.94402977521105,1.120117609750784,0.5974427068491881,0.6863297179616847,0.6707695770884815
135.07369039234487,1.1292998874796931,0.601377282266986,0.686269867506236,0.6742198671068587
158.03186053644956,0.5928901961083419,0.9122639576527082,0.8341939257104654,0.5944151967205819
106.46786820246272,0.32802834018831,0.6114152755045715,0.5225341632554017,0.3462976994869352
90.71152243309399,0.11693556619256207,0.5534383805761702,0.3988201552308158,0.24625753055629995
96.87707270665285,0.30939502354156617,0.5472619578548807,0.35802471543978615,0.22343609924416866
106.30141360066638,0.498020324216893,0.3887741647310924,0.24340363451169042,0.19096814955919722
115.2074000103757,0.6566993518522573,0.268396659489605,0.22954366137643328,0.23949517528616984
122.2930558995747,0.792737653386866,0.2028858084744813,0.2921635788069124,0.3176539693741214
127.75767490722923,0.8923457101268075,0.2390212618257919,0.3665191623581946,0.39192743210262093
133.02381762162793,0.9761357013673767,0.31561409709644994,0.443238600855023,0.46303771569152324
137.34345755607617,1.0662877912439468,0.3389783480504268,0.4683005902033786,0.49621247272688807
140.03204874808188,1.121070293408498,0.40468229827201607,0.5298293576478271,0.5443736495687334
142.4532415783623,1.1542210908732269,0.4657260974377336,0.5762067672543033,0.5788495798416854
143.74907075898105,1.1804755870217303,0.5154030098612579,0.6143801966692538,0.6210358596107525
143.74138026490934,1.1862250734412694,0.5453166671183547,0.6432857340245606,0.6521542165243837
143.70793541847982,1.1959657421579404,0.5816756185838386,0.672621289828828,0.6757274547563196
143.126182732318,1.182827593945158,0.6028747848597521,0.6808675709237884,0.6858027715681141
141.67619515837418,1.1879472687278423,0.6194033778532599,0.6910916760855174,0.6851774781947345
141.30609960233835,1.1992222264758052,0.6206952218584508,0.6920594188548304,0.6789866722778631
140.93026340613946,1.2102727143008538,0.6233084743616574,0.6934344036212972,0.670971466618261
140.949817355186,1.2152665645399565,0.6309424537383013,0.6998231888666454,0.6766769586618065
141.10442138081575,1.226756938006466,0.6374916367747007,0.7027572266464699,0.6744328257907543
141.75836432087567,1.2426101548247301,0.6449455594675779,0.7106665502943762,0.6779685029638607
142.9877441625113,1.2655893092593917,0.642878734586368,0.7135784569377615,0.6821290599387574
144.17047081400392,1.2720417493897542,0.6561827427123856,0.7253070913634045,0.6977007158588991
144.49072724084218,1.2789367064441366,0.6647573589627208,0.734060260596087,0.701914119357686
144.78535280325713,1.2932298905400252,0.6709747868922443,0.7473036253270643,0.7121230695647911
145.52466255836833,1.309868327228289,0.6718936957484252,0.7519336837041452,0.7185485195722037
146.34817947916244,1.3118338173354696,0.6724394621189275,0.7541804798213299,0.7242807899638737
146.59534888142076,1.3163493148168963,0.7007391196610446,0.7684840268258487,0.7328337329054696
146.51753671589628,1.3157512572841517,0.7139999189686175,0.7744006547659135,0.7347934400036693
146.62562199971612,1.3128237799311382,0.7132405378288957,0.7742625481855167,0.7336014476893514
146.06474075311758,1.303985843630283,0.7210048349040779,0.774452476353349,0.7323703712469221
145.88364788123388,1.3077026046552436,0.7134717689195628,0.7744555477781928,0.7290770283004157
145.25079533837683,1.304285176863943,0.7136639078628616,0.7732838963649282,0.7258679313487227
144.59886200279627,1.293743379889121,0.7140402734602583,0.7685799831193636,0.7206375795806595
144.09379084910242,1.2988066983382305,0.7226786099848853,0.7737608903791469,0.7253921782357198
143.60694402792885,1.2939551871014103,0.7177339442600277,0.771909868903585,0.7255538739263254
142.93239294503852,1.2820381512412957,0.715021745892261,0.7696131995361158,0.7245735108534022
142.54145707877808,1.2762010302653042,0.7157103941527705,0.7676572241346594,0.7236952954352293
141.99018263335932,1.2735649065019776,0.7076444334337253,0.7615761938053673,0.7177840776907306
141.53091517071914,1.2720671506365522,0.6996382025416829,0.7559028602022778,0.7116499061493758
141.62231422240222,1.2757988453243057,0.6907653071463938,0.7523531149649262,0.7079221851547688
141.44516133290446,1.2767035806591798,0.6988322550083641,0.7558404255864348,0.7079035408370195
141.1564491612384,1.262511780212592,0.6955430595248547,0.7528924988335569,0.706662927453857
141.0555204229923,1.2683737492864005,0.6933475663788776,0.7527522743474686,0.7066956086744659
140.9165818765313,1.271925040622913,0.6903046128381418,0.7513109105745195,0.7064122639319778
140.7906006380606,1.2782316865110386,0.6901566043063099,0.753328717261883,0.7067415895582128
140.63269178280504,1.2863643722714593,0.69882071419366,0.7569234314725952,0.7085618680028913
140.655337670324,1.294753742864608,0.6990104223246631,0.7617830314984947,0.709886265416057
140.77850418536448,1.2986539684212595,0.7024715574841836,0.7642076092242661,0.7116992534673173
141.25431440453787,1.3034638517002128,0.6998640251996993,0.7648035269104414,0.7120996838276991
142.40226377227677,1.3084435780008765,0.6945646835893688,0.7631181844366285,0.7121704120949842
143.0414218836909,1.3118691685688415,0.6998974477047674,0.7662650805433218,0.717214006372185
143.58540165329254,1.324805224958744,0.6989524544485243,0.7647932642459909,0.7184833361290532
143.72352501079027,1.3252419081856968,0.7072478117107189,0.7694020574962668,0.7192603818942686
143.61215993169787,1.32502660661978,0.7170923350674334,0.7762425841274628,0.7211966140863386
143.4549712102004,1.3218854169669265,0.7214648322377172,0.7760302898548368,0.7212563189405282
143.1785585468425,1.3223796383079698,0.7238084136105205,0.7747368091709617,0.7206601178942057
142.8038937817931,1.320942226750816,0.7221587037894316,0.7706901306401992,0.7182910386042206
142.51887980985273,1.3074678646366977,0.7191694404262096,0.7716401024902769,0.7204928497798405
142.09368861810944,1.29601074091896,0.7185787828087407,0.7740119189714306,0.7202557775890414
141.60899379096173,1.2837389464794693,0.7134450323499796,0.7683201571438458,0.7136512740340902
141.04258601458372,1.2598009870846434,0.7099705210424034,0.7658377233361316,0.7112337269919221
140.6695839569615,1.2489363443706893,0.6998293244423046,0.7595183658803225,0.7070364413442024
140.39850141445788,1.2506879524105607,0.6950963491810558,0.7523638376405036,0.6980562703843665
139.89091085456718,1.260643445822934,0.6848170491662019,0.7438879543921153,0.6888153672630853
139.53375101665904,1.2666270127448644,0.6890619233433541,0.7466313959848638,0.6891010456359667
139.58402955885884,1.2592384127934793,0.6839814641537819,0.7431991684546285,0.6858529486593302
139.9359639747447,1.261275721773837,0.6824584912615648,0.7413488477114495,0.6857485243629511
140.36163259792008,1.274589451968962,0.6950360120485592,0.7496641295519373,0.6866303250737898
141.2134782983888,1.2936637737217083,0.6962819032901352,0.7519930434241789,0.6930643564341042
141.80527745499805,1.3016699085636834,0.699399600898468,0.7503531488490328,0.6952110913598115
142.06385560840823,1.3109860848315626,0.6948828032957218,0.7484248655203998,0.6960026501181839
141.88268668361732,1.2997561730666787,0.6962120058160763,0.7472519139849656,0.695963699369066
142.3783990557819,1.297681707481137,0.6970773802011184,0.7519597653725825,0.6993041913783687
142.2393428258194,1.2932320441759093,0.7124602650464352,0.7534665313573855,0.7006801064899295
142.26695596515694,1.299834318263315,0.7070550380157433,0.7535512205966919,0.6979416626438367
142.30682799975466,1.2875942728398952,0.7120446584257893,0.754587055681472,0.6994502916346982
142.23874646300484,1.2904369554451278,0.7069503024523373,0.7555032258361927,0.7024848172152488
141.83753167192648,1.278906855536153,0.7049766749209875,0.7478412809219441,0.6953267173907228
141.88432732870785,1.2759994672096069,0.6955897806302724,0.7474337142969191,0.6964663455311585
141.75089450431193,1.2717358811069377,0.6965097262156926,0.7447589670771027,0.696157789839466
141.71705722093068,1.2706532946104274,0.6907784965056017,0.743851611609251,0.6959283922154588
141.8990472184533,1.2720130395782971,0.6946735449859205,0.7482651030142182,0.7009179258377525
142.13807733079219,1.2740428165138342,0.6994234563926602,0.7514427652110759,0.7073877902543776
142.31549593333023,1.2678742828496645,0.7027398679671634,0.7499728247529364,0.7104047935263793
142.36305389262864,1.2635811438854936,0.6945114629155846,0.7465464549390258,0.7054922986000847
142.37541056481754,1.2610363684000674,0.7056140846793415,0.7496368674028169,0.7092846822833296
142.68219694051447,1.2593450301224065,0.7153842252906749,0.756259807780921,0.7097650458498256
142.9529997092653,1.254641431194701,0.7034865335181688,0.7513910747022963,0.7054254864630867
142.99504569899977,1.2551981412703106,0.7125056497754363,0.7563151200879403,0.7111999196601234
143.06328191171949,1.2441069595130665,0.7033204684595806,0.7540989076861062,0.709592080529355
142.7539493117787,1.2458520217207796,0.698546072763595,0.7540608693091077,0.7113271487444194
142.753240196347,1.2525807221766145,0.6958870536208143,0.7564261952994715,0.7101433176957155
142.43774393483602,1.249878985521878,0.6928870146562497,0.7550126948872452,0.710470293636489
142.14049706899226,1.241363437499491,0.6904579170794092,0.7541831125649313,0.7060421770466712
141.55022044326734,1.2402962067614214,0.6918791310998875,0.7562013545775073,0.7051925935087043
141.27316627558292,1.2457331922155996,0.6912444961293154,0.7571803800150648,0.6996753082652257
141.12232162447663,1.2453346970405816,0.6908926020025831,0.7567994579202472,0.6970912933383074
141.21786494257807,1.2444778588793735,0.6866943527825934,0.7515253699105656,0.6920237582840605
141.20883353440487,1.2397616457529264,0.6891624408284486,0.7476859704953648,0.6897289483490083
141.5317910666502,1.246901595330851,0.6841649854879754,0.7423329148417313,0.6890124174326849
141.87406186369518,1.2525660847412736,0.6909029438755925,0.7457397250152711,0.6925974186874396
142.17254151121548,1.252115938218687,0.6901112222702407,0.7422833439693489,0.6955539907995829
142.15280257486037,1.2504010771209761,0.6991064626892923,0.7448435101529068,0.7006507590294431
142.3945839047411,1.2509997345316521,0.7021468985384456,0.7462370650703641,0.7043868197715734
142.22881201670754,1.2522113750312451,0.7031978959413687,0.7448137334598427,0.7065976141106957
142.23591527546293,1.2504362929897341,0.6932851239585439,0.743560835223078,0.7031531715419341
142.24005007118146,1.2496038810015513,0.6972588684487647,0.7483665596505117,0.7065737239670894
141.76731745730805,1.250614749502301,0.6870509665144118,0.7451953477017661,0.7030254035345547
141.58806446658454,1.2588536108319899,0.6919494446324166,0.752738543593156,0.7043973424141271
141.42443407121485,1.2484664380084842,0.6888906468005266,0.7509564448979074,0.7041181429323211
141.27781292122637,1.2574389993023085,0.6808975595722238,0.7456022610612083,0.6957035491847611
141.46842350450126,1.237622715921175,0.6690345220398174,0.7380240408446547,0.6927662289610832
141.6058484758439,1.2511398691943083,0.6729073389211052,0.7411968743636898,0.6932800971948936
141.6621740538336,1.2599368031975933,0.66627660874253,0.7419265255156695,0.6933101947062145
141.4940750720821,1.2596787515412808,0.657597538555385,0.7338220250066613,0.6866462018586199
141.48666675841835,1.2524723388328887,0.6546738703632461,0.7335186229652811,0.6865564596762607
141.32060633407366,1.235166576593219,0.6494887258172657,0.7295787232043981,0.6866253444741807
141.42622122413007,1.223505893829599,0.656745841084851,0.7334367468802527,0.6929158427067312
141.17218743407017,1.228948661496682,0.6652185761770935,0.7414502895255001,0.6964280904138099
141.30293441002956,1.2242499076239775,0.6726854670409608,0.744140359726268,0.6964851867486322
141.23323968463032,1.234834422852159,0.6696624274138383,0.7411832752910468,0.6957196108072428
141.38914807840337,1.2441234095604294,0.6736237112385974,0.7472784613382105,0.6958133202462599
141.01889470693988,1.2609114957777725,0.6720872987501485,0.744906041056628,0.6894252398614663
141.27854874297253,1.2703571894154222,0.6740326754011932,0.7488290295605908,0.6907050046309409
141.76448123398808,1.28160923445753,0.6689309508178849,0.7490930961315094,0.6887144797171009
142.53865198366432,1.2974556825735284,0.6744931920593377,0.7523437894027036,0.6953013912650713
143.24802846469174,1.3086019343253101,0.6798193766148962,0.7550869984566243,0.7044090242911435
143.2198657661587,1.310983633361676,0.6930766496112715,0.7608588815861161,0.7085791919743796
143.21483892155845,1.3163655836880341,0.6947601998732029,0.7590828774553995,0.7061853141594419
143.1489122190864,1.3175078506364295,0.6950014713383987,0.7555735637931744,0.7060394540964025
143.68590999157132,1.3341730322669179,0.6966047508487773,0.7559100404470132,0.7071050606122872
143.92109128983256,1.3298316081837218,0.7083414753454146,0.7585948611353818,0.7091449538872713
144.11838147232413,1.3481560044154957,0.722612152670338,0.7670061331636263,0.7192222160902546
143.86877209508793,1.3245423819154691,0.7363502780380244,0.7695146703068385,0.7179982068169466
143.6747829830911,1.3434725098029674,0.7260719825078037,0.7651123369102394,0.7148467637817013
143.56631470078588,1.3245923498938794,0.7336075507221889,0.7703565436267773,0.7185317778493798
143.38374159330135,1.3230715629438203,0.7254366261999063,0.7693102189987627,0.7185542094859447
143.2471753152073,1.320875496253705,0.7317264106094673,0.7711930533322108,0.7229971105920615
142.6565646499717,1.312329076368845,0.7269537600946808,0.7660934859562244,0.7161594230904471
142.48578769103943,1.314014605357795,0.7190236402335957,0.7611059480111056,0.7138384393758164
142.2290995833423,1.3139867133567606,0.7136730805539273,0.7602205120084822,0.7120010331191156
93.99978852818532,0.4231442734092469,0.2864833333930232,0.2450522257361879,0.1903985726155699
93.5444648403434,0.7010104264701938,0.2920956259213194,0.25348807585663896,0.20253041546752415
108.41015469387284,0.9345870975278999,0.28912245720512436,0.24826605609597693,0.20487428679269218
124.22758105406608,1.09244566565999,0.35599697550287335,0.23786813655245204,0.206364339422168
134.23140900520664,1.1883768754368242,0.2311673885552812,0.27194274982947847,0.22997841284994594
141.15423412361105,1.2260232051425788,0.17718129159729654,0.3451011722492499,0.2879914461014959
145.72756986118162,1.254801383075542,0.19322578600147022,0.4311473055669544,0.35452232913873427
148.43629340747952,1.2639629998242858,0.26531435109915286,0.4924143296865813,0.4141461456620036
150.36452007956692,1.2732295550467077,0.32146712866600413,0.5289235754926278,0.44581045444114414
151.54787707420556,1.27555421983401,0.3498610263735525,0.5541353058139459,0.4741626526407843
152.94430003706125,1.2763778268044834,0.3343947656844972,0.548929145220323,0.46088026715239144
153.83551229884586,1.274895327835261,0.3347159114833998,0.5554851247464495,0.45460038147828064
154.4073478271172,1.2745118355717657,0.3499815990415507,0.5622961527370733,0.46902290522361556
155.10753048968766,1.2817738289646476,0.3561726181151737,0.5616826939504235,0.465774025444135
155.33819011441358,1.2815354421344316,0.40620184771923074,0.5808851402964667,0.48023933285418674
155.3221442700326,1.2819550347072626,0.4396442177855201,0.5946869915517862,0.48277925080664286
155.65659060857715,1.2903016439657031,0.4461899618358198,0.5999612276691891,0.4836892780843561
156.03482125479712,1.2987607785148145,0.47066316530014585,0.6061497508615981,0.48449616563919257
155.8739181801956,1.3049309247628182,0.4912583455742819,0.6151443944867633,0.4970723119179743
155.62968566293497,1.3090935449558099,0.4644326569885038,0.6126196932539588,0.49408508742027935
155.6466342996821,1.3108377842918033,0.4193934775597355,0.5981773763664096,0.48121502533891763
155.69055991664285,1.3147602040528907,0.37683751380715047,0.5889121813123013,0.47589617157033526
155.79576828658173,1.3108398318513752,0.4102371496214707,0.593784843903664,0.47756236884694264
155.89619257800027,1.3141626640545017,0.45113065100702143,0.6058379248858091,0.49025668841589914
155.77486671058043,1.3162523126185144,0.4815275348570058,0.6159761224075933,0.4897276568080291
155.79209759695271,1.3105659976812678,0.47995538720078,0.6041618697214483,0.460765431961999
155.77658538021802,1.3117995406344374,0.48677762082008225,0.6015727834435647,0.4447144131263254
155.68338243056004,1.3248666004134333,0.4093415321932815,0.5662252049797573,0.4066568256316284
156.00720926675177,1.3332158212057779,0.3499904975044319,0.5499654938180748,0.4020665839794476
156.05152317069138,1.3355996466090607,0.3031968780383554,0.5280183743673172,0.387761686607653
156.23394293505686,1.3303648614520203,0.30974231374006567,0.5322021554766572,0.39269737660735626
156.190756888589,1.322548499880979,0.3437774645307999,0.539998069588585,0.39520085841262803
156.22977465766888,1.3198580126255581,0.3647838700437169,0.547993244948522,0.41323300744349545
155.78987719141716,1.3146968107100812,0.4088375436690192,0.5616074537267393,0.44208918792155194
155.83102432275655,1.3242545974482822,0.41428109287005865,0.5600964903121968,0.44357827979808145
155.77335970646442,1.3254032676642111,0.4368806288113391,0.5710563170776817,0.44899822893495756
155.75583080416996,1.3251826782775868,0.4555991214693733,0.5776928373827478,0.4569775625204097
155.63346454349033,1.3260539032844,0.49138501190106565,0.5973934271333529,0.4787383351160103
155.5423824797316,1.326715063730737,0.510372755643315,0.6100327472315449,0.49991254624594816
155.44139463794866,1.3265432042669334,0.5009173722377982,0.6085494207760934,0.505417650241476
155.28889451024608,1.3232785392324318,0.4858170393116522,0.6020377985816995,0.5070920336414307
155.02086808957432,1.3211416268035252,0.44593427114836376,0.590650984679362,0.5031188420246234
155.0833398394099,1.3219173308334513,0.44599596838182737,0.5802915041536025,0.49567754133671876
155.38849222061643,1.3221298234281684,0.47828217774798326,0.5943570293024875,0.5066777246304764
155.28811591795758,1.314897913658836,0.48039004549242403,0.5966591942712313,0.5052448571985623
155.21095057274715,1.3192349182032426,0.40892797488185123,0.5620061327119241,0.46598629537738606
155.3089533082265,1.3206924654584777,0.37006260093442883,0.546324064578714,0.4524474077197406
155.02184249418852,1.3200894765307123,0.3777462638176774,0.5439631184591258,0.4479112466387891
154.95468173574838,1.3191078709464579,0.30591319668945494,0.5135704338779928,0.41428053421462374
154.99202901200513,1.3142338056887009,0.2883192182460023,0.5157292071815912,0.41692579515638395
154.979228885996,1.307432628403032,0.2891969668243585,0.5222037647216037,0.4237007216541402
155.0439850776177,1.308512543683876,0.3126602480969654,0.5401661678702058,0.4480312620044483
154.97744617992814,1.307730012722025,0.35446908166834445,0.555076156756726,0.4682643598637172
155.06464420653123,1.3115145025194643,0.33446889729183954,0.5468156868179193,0.45943593673902994
155.1882608215575,1.3124537621390804,0.34824579919547993,0.552504800717103,0.46605697353547887
155.16301210116436,1.3121060405616232,0.38443977846339683,0.5616273522008397,0.4729248592267595
155.10750013409006,1.3115839359727806,0.36540718486985085,0.5531400568559286,0.4559223860250989
155.07914027948863,1.3094678359752965,0.3671541877465467,0.556438216185774,0.4558422414145839
154.9887070417898,1.3034496659059853,0.387253038068169,0.5600923728696804,0.45398278055370256
154.9248389701697,1.3020557467629108,0.3792238882534469,0.5588590143112909,0.4529058332731306
154.89387483492015,1.301827631861743,0.3995330832847418,0.5655970381055035,0.4581755991503177
154.88745410025092,1.2993287435297702,0.38052622362717176,0.5660673527092787,0.4610003374288419
155.0477804874137,1.3015986391499113,0.3950996205286255,0.5723436364888819,0.47397461078376374
155.15901884548228,1.3038288913749907,0.4222563626460941,0.5797163608322262,0.48427528217235216
155.19698443423496,1.3063617788043604,0.46609157444813476,0.5970181334488801,0.5045721886565269
155.24927446161868,1.3049587461943164,0.47985847209109866,0.5999288270138674,0.5098395592040221
155.04489216867412,1.2989338192634474,0.49691930233537646,0.604761943769819,0.5171222790959407
155.17134702124557,1.2965271059072971,0.490110191845442,0.6034379907334649,0.51710337927821
155.2512796427217,1.3009198464109546,0.516429093015232,0.610459780597086,0.5301376322976209
155.33939650959508,1.304216983086322,0.537049235035132,0.619729609843988,0.5418838381607428
155.3074425440981,1.3067162385430997,0.5522709350576831,0.6274583472794033,0.5510400117121639
155.30891058131462,1.309983403143687,0.5460608783294472,0.6256057006739494,0.5524106096804464
155.3483385210812,1.310480283705196,0.5354024107607263,0.6200554872881561,0.5488733163124443
155.29023056235087,1.3126598488929662,0.5285831121407828,0.6186528689292273,0.5503631778695349
155.27932375743887,1.3136024335129999,0.5233509009352131,0.6160771159217329,0.5517287873845087
155.38665832806467,1.3066612097445158,0.5334987841438487,0.6195529132341334,0.5567996097646634
155.39226676851686,1.3054976630045843,0.5548241659876807,0.6275857244460414,0.5642923167920331
155.2100232088186,1.299375342096014,0.5725562041551908,0.6376354874989384,0.5706510321548343
155.0558844863878,1.2982436829426014,0.5896227850208059,0.645575871663813,0.5789338008134068
154.8547609576534,1.2979040714339458,0.5967791801953041,0.651527536604881,0.5838499405904105
154.67477339717595,1.2956402073851268,0.5885113826013041,0.6481198020649945,0.5727425708257601
154.61284388605952,1.2987052200332154,0.5773449422552059,0.64620795764386,0.5677597705790932
154.93497029414488,1.3057766812750224,0.5769243570570463,0.6444853500880932,0.5694313352289503
155.32867744816448,1.3059092407786874,0.591698752048814,0.6554565478992705,0.5789882964701593
155.31472460913764,1.304541451135061,0.595628364754802,0.6595506084359805,0.5765597400001877
155.2541408048543,1.3055865505662783,0.585749335121475,0.6577264385321065,0.5725944126050554
155.20203652333103,1.3060180069380498,0.5842805273200167,0.6554087568781704,0.572014110973119
155.40426938688287,1.309544021504433,0.5793838553449903,0.6502068267637285,0.5670717946101533
155.5224257330709,1.3096285663996652,0.588404137340486,0.6507443420212499,0.5636587685978837
155.26417180756522,1.3056265294680418,0.5983636995245638,0.6600201578430458,0.572886674199602
155.2011762422286,1.3040512865622855,0.6031894568674013,0.6664510966366765,0.573367273443458
155.24572202560444,1.3035680110361818,0.5984812555632311,0.6646693021000691,0.5685337198244476
155.03619061572962,1.3036538611120307,0.5992365579026602,0.664896656495373,0.5724443531438508
155.0863164391348,1.2998132239422902,0.5844022541817631,0.6548429962197605,0.5629823096590485
155.00117514693125,1.2992518462031593,0.583128921021164,0.6531906248006426,0.5602660890561737
155.09267370184313,1.2979655704385722,0.5589576691670373,0.6409399528436264,0.5519525271537236
155.26884186115322,1.293664310334188,0.562840146624708,0.6358970882495504,0.5494348661198292
155.49131696274247,1.2943812094651612,0.5648831763348356,0.6399039317264907,0.5466754117250984
155.6395913546211,1.2999658131667498,0.5631388058198611,0.6446561549905172,0.5478406010028619
155.73910081381928,1.3053657045189924,0.5542539745259905,0.6477089922855753,0.5477843854978547
155.761431562956,1.313103080508592,0.5452767564276635,0.6459547019326544,0.5437304655535792
155.65250838843363,1.309836807470669,0.5575566880557291,0.650602842618567,0.5472917225208903
155.5226821235313,1.3114286179864025,0.5758211587521789,0.6521982188682129,0.5504641021489225
155.3994715747023,1.3107536106299147,0.584045418086111,0.6566025568153361,0.5508350059613295
154.97628705527424,1.3015348591153406,0.5556538008453253,0.652351877637563,0.5510197869817507
155.0693036503055,1.3001555641288425,0.5632788711011604,0.6459918906444897,0.5538726253462637
154.78769696551598,1.3019924789899582,0.5745637818488558,0.6602802041177215,0.5666468702037673
155.09939982007603,1.3079971178719896,0.5721229130588497,0.6623104163713951,0.5681042537047549
155.3073625746527,1.3026803451783648,0.5621256740509345,0.6556597644727247,0.5644373419077813
155.50654636205383,1.2957132774801738,0.5610364818467263,0.6541861134773428,0.5634987022171647
155.60891712287594,1.2966484958457865,0.5527719160432326,0.6492378669517682,0.5597066605370676
155.58540694479342,1.297619673464994,0.5461829674032523,0.6379826874944119,0.5484942255332091
155.05491534407275,1.293663301098948,0.5391184939193123,0.6361715084264007,0.5476868493514507
155.1202797011802,1.302024440742903,0.5430010078342478,0.6365476493189663,0.54898151765141
154.55074996207455,1.3021176878418572,0.5233749378595396,0.6355876024419521,0.5428124950657861
154.76496935104672,1.3163771298579996,0.5006920277164166,0.6244438902616399,0.5361224304644533
154.92489721856347,1.3197095094826508,0.4725708089920323,0.6256242116743216,0.5417310852474488
154.9545823521167,1.3153986368665918,0.4803044153808162,0.6276430645837464,0.5435503386257504
155.1287714448351,1.3191620159250077,0.47399589569270134,0.6156511700169729,0.5304806871005565
155.39654064988096,1.3141052066344976,0.4573474227909568,0.6112684212489876,0.5281367573616584
155.56134107735613,1.305941512853308,0.45228280265607695,0.604343826202646,0.5158042646472409
155.43927832899814,1.30798344726521,0.4364819622808123,0.5947119291297118,0.5052300829239897
155.41954988320578,1.3163257842090503,0.38269791217194427,0.5745074341451524,0.4764764661710641
155.4566803894362,1.319226807317434,0.39980434929283964,0.5774204874028998,0.48079860641164057
155.3402688097618,1.3259372010039558,0.42810291900394865,0.5878958633805271,0.4912340093314058
155.36201463017014,1.327329703436085,0.4604976548202097,0.6020499707020156,0.5089987829579855
155.3252243393648,1.3214303854205847,0.4650573636083724,0.6053974554852521,0.5155337426341755
155.23488215725087,1.319738637769365,0.47601582903329337,0.6105365014084956,0.5146780537355193
155.05154942241813,1.3135756856652543,0.48644933191182355,0.6150152239879062,0.5190515410239346
155.2510672222377,1.3180130972943656,0.4864005600917315,0.6120345294900187,0.5123964449792581
155.4392000005879,1.3218590968843849,0.49906654530971156,0.6193069417783152,0.5244368990387901
155.36888422102746,1.3273633667249192,0.5082863295371346,0.6228239261293977,0.5312451495969963
155.26078643353586,1.3255963219040998,0.5120054981141701,0.6249259049330217,0.5352950537656435
155.27354629767123,1.3294020373049071,0.5053669753799844,0.6240908892654549,0.5330733899045782
155.03216396763173,1.3215811854679922,0.5064196189322622,0.6291679070655587,0.5333269253294408
154.89940492644055,1.3131669373419328,0.5203719523546866,0.6370352825848957,0.5392028864155949
154.91556239476898,1.3051122793586207,0.5330776310766631,0.6411343091963703,0.5477593200392061
154.9755178646435,1.3019980674889347,0.5337280550043493,0.6366854274408684,0.5478149642947836
136.87453870816012,1.0226277445837353,1.0548625529154465,0.8472121625899501,0.6042613345107233
109.92820369918891,1.0511453712147496,0.7535900687928092,0.5269053803112641,0.3433230298668472
96.58951888169702,1.058672181105934,0.5168628562316246,0.3299070846591952,0.21698446771706245
96.57731853150976,1.0801886018988078,0.5050758311176801,0.2754164650491968,0.2293544847664187
102.75373458807914,1.0999745170172956,0.3811506567299663,0.31773821609942254,0.2984151324997279
109.86401607387704,1.1223866441728563,0.3847569712928703,0.40160262028913357,0.37218888291082264
116.13182798901315,1.1541128710327158,0.15332306188256975,0.477781653978787,0.42918314671217944
120.55192696964272,1.1819279123586106,0.1628286583556774,0.5428079403449964,0.4802552586958454
124.75163878380489,1.207779243035734,0.2871221810424677,0.594334193344435,0.5182129945590133
128.16141144974307,1.2261046025107423,0.3823346139703269,0.6285033809375649,0.5441280120556418
130.67380288193198,1.2399865306394167,0.45497658183477485,0.6551072465553237,0.565757015592396
133.63471061252594,1.2623644404997996,0.5114245702476794,0.6878706186393057,0.5894124801554533
136.4757115447729,1.2739439567370519,0.5590986520518197,0.7172640145320982,0.6016002498261942
138.66985641387413,1.285203064437828,0.6009216753758416,0.7400990708172116,0.6141240844986614
140.28784841060204,1.2857819845066611,0.6488542811330129,0.7664529311872572,0.6231676291453173
141.5511809167136,1.2927485609337868,0.674438194196439,0.7839206313247031,0.6269815732672673
142.4669690006593,1.2987333504804341,0.7001954036599126,0.7995878917624236,0.6273625051007302
143.43699307386333,1.3024385542102117,0.7135094880720377,0.7997046139494184,0.6272536989895666
144.32735794798998,1.3019399719012703,0.7340815206619795,0.8087004452317663,0.62545954398741
145.2051855977641,1.305312696417997,0.73710758190134,0.8081295522972645,0.6230067987823927
145.62840345439201,1.3046881128532277,0.7399321586423144,0.8079299409435395,0.620761823839735
146.1304294605116,1.3132536423255494,0.7427826425826505,0.8082219915083804,0.619862561729505
146.75164683753331,1.320497202532366,0.7472150104371589,0.8117515870945032,0.6252851106083844
147.32900319719818,1.3244368722184006,0.7455306729900935,0.8071678372741714,0.623740766604506
147.86280026737572,1.3116407285616412,0.7370133749876258,0.7961963281714808,0.6138224125862929
148.42373874517335,1.306897383215692,0.7298913677395463,0.7846656682632236,0.6060891796262456
148.88080016805176,1.3014446858181685,0.7254173886138567,0.7808313113085302,0.6030466099269812
149.08645933613826,1.2899476395876783,0.7155567919744547,0.7789998168625921,0.5996301963218725
149.15673143647186,1.2827701190292546,0.7156501930057542,0.7800050982688742,0.6020437304202355
149.1121369284619,1.2806598426229905,0.711934221997748,0.7758090207082505,0.6013815114213007
149.14309286863306,1.2820762053406611,0.7050958856441536,0.767714843499204,0.6022448779714835
149.0937074970044,1.2883872984831064,0.7038056891233295,0.7626827385317081,0.6028427482101891
149.0052448836907,1.2950078298627732,0.7003202459182536,0.7584428592412445,0.6036097816970646
148.81218943547378,1.2948901659687506,0.6901298424487813,0.748096314325557,0.5991865100082917
148.75045413519496,1.2883852325801828,0.687109254817755,0.744698651773225,0.600227249889562
148.69077217336755,1.286955232726893,0.6829569358105023,0.7454171466859317,0.5999375411662113
148.62577442601986,1.286585909272514,0.6802960345037539,0.7416606506284877,0.598273382558732
148.75992250175182,1.2882799397813038,0.677878363018352,0.7375015169600255,0.5933246958961172
148.8584004167626,1.287236669960807,0.6760679132606716,0.7325362822785003,0.5920417679191803
148.7401114242423,1.2865743511567378,0.6767292661295942,0.7306587012567488,0.5910556685285812
148.7898524618266,1.2884362239492424,0.6762117578076395,0.7274884690928699,0.5885366215067793
148.80922152561752,1.2925224621054738,0.6780218925943021,0.7277636352755291,0.5893926915805456
148.78782540629737,1.29100754638241,0.679028451887931,0.7268735926321299,0.5879389829026308
148.90122398577685,1.2910096007792067,0.6826172189464711,0.7283837903154186,0.5900519601683171
148.9313087981483,1.2913096723125062,0.6814341029628489,0.7326749525545955,0.5885850615922478
148.74675171792418,1.292411523928314,0.6813211004007953,0.7345184361931706,0.5862410719924713
148.54450657504168,1.2947324463910033,0.6891320482939077,0.7462180898204618,0.5901523690101274
148.31743586517487,1.298584243433877,0.6876152097449265,0.749116777213697,0.5917732765878496
148.4242401073731,1.2983429859917972,0.6715566168391844,0.7500103393113982,0.5929591304529648
148.73526396844767,1.3006784375597316,0.6602579396353485,0.757604543464786,0.5913816291130464
148.89300572709323,1.300178846433914,0.6629478231631271,0.755197964798475,0.5965277726229193
148.98352090025517,1.2958480783028055,0.6663650425887924,0.7531164849264955,0.5981585520114162
149.3998217127856,1.2950444891761084,0.677010080201976,0.7524046964989536,0.6001135331911877
149.72737698284075,1.285962561382436,0.6809614073768604,0.7570415298817458,0.6030175724049647
149.85102721636324,1.2861265504388106,0.6813127748203477,0.7565059402270493,0.5996873447960652
149.98478689395972,1.295867991527668,0.6792542288809876,0.7587321068100226,0.603236425855069
150.30905709931898,1.2935143650987708,0.6746049806297142,0.7529943026425939,0.5969466112146765
150.51364085685594,1.2860274488841006,0.6720534493271686,0.7515828936607322,0.5892546609440593
150.6505446753178,1.2782734907768027,0.6742116404863497,0.745309255432468,0.5875591686225189
150.51519026809854,1.2757924028892023,0.6853049537822765,0.7466912419945291,0.5910289233938923
150.27714203630796,1.2722695403520043,0.6935831947647877,0.746272015285221,0.5906623305297939
150.17463331978524,1.2656217970777635,0.6931707375719403,0.7437370370561948,0.5923406065613609
150.1255278437185,1.2648541772198971,0.6895326855002804,0.7438527398160399,0.5900063708397205
150.1073439246087,1.268793308558472,0.6892886536041579,0.7446053008888148,0.5896875815346988
150.248519826261,1.2733298490360216,0.6881513834021464,0.744579736904199,0.5874381422515621
150.14354067241754,1.2739976539536226,0.6861270326598647,0.7465078696046175,0.5850295302081586
150.08532351234007,1.280074808865771,0.6948180514831769,0.7560259186796264,0.593099994740548
150.1768193934351,1.2791918900097397,0.6970960923413,0.7545480633511369,0.5884609083448197
150.27755316184277,1.2759651783810075,0.6981953702230573,0.7615548698464651,0.5840124894220164
150.3729056127828,1.2749048737907127,0.7021770934951981,0.7590826130343921,0.5836657737067974
150.22242974872384,1.2766078530107727,0.708221925572946,0.7596673351100556,0.5865687133057894
149.98700624389414,1.2721490161446054,0.7101168960952486,0.7626984567730734,0.5928038032414557
149.84832302861793,1.276621198524976,0.709628008274964,0.7634373058545015,0.5986293936519816
149.73956569740105,1.2792712638398707,0.7068514749719069,0.7620886003960652,0.5996716927181603
149.6539954677655,1.278433979231281,0.7092705717776701,0.7617122068302604,0.6002562762030141
149.5960192898549,1.2786006345398944,0.7143724466679189,0.7651564881010217,0.6042955067656517
149.76846207592544,1.2786357915859394,0.717182933151278,0.7680272511642401,0.6045621919171178
149.88873000716072,1.272290114573136,0.7175163761859832,0.7686686938843962,0.601172284123613
149.75062905665226,1.2638231794731896,0.716284200415468,0.7664558976670806,0.6030585124028804
149.8740499543838,1.261890397126735,0.7096903592556367,0.7614892427310969,0.6013003572709346
150.20517350190596,1.2511265628908514,0.6945959899427199,0.7492829078334827,0.5991321988414161
150.31064063788665,1.241895604644332,0.6858964062936046,0.7419606124249878,0.5923729366762611
150.59287681660862,1.2308366429811455,0.6865209400009828,0.7420251071892011,0.5963213637047892
150.91061902182634,1.2264283915820424,0.6901406642887087,0.7426634311093964,0.5942704482869432
151.28832380038114,1.229736000219539,0.6917096952639104,0.7483939354962564,0.601481508952554
151.3734503706688,1.2282747046299192,0.6862370927141436,0.7464377521953761,0.6004741668399248
151.26776963856304,1.230200941260462,0.6827444288901919,0.74345923226487,0.5990173436896608
151.39748728513672,1.2327563324588733,0.6842419660677157,0.7431153059769007,0.5954348043864489
151.4969460221937,1.229211305630487,0.686391823499114,0.7436735713238863,0.5933668517522175
151.42083582785412,1.2350381140120013,0.6882156407071433,0.741728760432701,0.5957771096624864
151.60560402063172,1.2338690088921183,0.6928399193974493,0.74241538543968,0.5954921414666297
151.73370888694996,1.2428610558845576,0.6912492249169754,0.7442319708293375,0.5999185681574475
151.80103043805255,1.2465967325129017,0.6927091578539059,0.7459644772259991,0.6006203100585356
151.99682735672218,1.2552794433847483,0.6928606460442098,0.7486248857166331,0.6070965863438837
152.1277081620316,1.2621025867822047,0.6963006675659722,0.7525752956332581,0.6109174074788687
152.19896219857003,1.269021840305939,0.6965031293029377,0.7546561669922451,0.6155119142873009
152.0498494224039,1.2738103829160508,0.6971760205610626,0.7582298315717073,0.6177985377158789
152.10636802945683,1.2782093359173594,0.7004819717658973,0.7613544893111808,0.6136259914238172
152.019397962571,1.2838508263829596,0.6979720798105981,0.7604696665125752,0.6194522899242539
151.9489398239858,1.2752158529641109,0.6932561769094913,0.7574789161686861,0.6202814861148728
151.55717819003897,1.264404128912378,0.6829117182630854,0.7509049091272231,0.6163597758422884
151.58955422221572,1.2549365689626997,0.6812334181299423,0.7505695267666124,0.6120570290043775
151.4337278228635,1.2544795389469607,0.6849294796428357,0.751630622711641,0.6098289590926855
151.4749428709084,1.2506233662526722,0.6843346652612754,0.7516060681423721,0.611549671579827
151.4841538866065,1.2406083651104545,0.6849215221881656,0.7453304446968263,0.6046018619661171
151.20860783417135,1.2404445478774488,0.6759368293430441,0.7424644169134472,0.6052772299825209
151.21749169576566,1.2471157144058889,0.6777864056740481,0.7404557042942606,0.6000179889908702
151.11771161654863,1.250559617040787,0.679847124447181,0.7433598382562339,0.6064171470780517
150.98986836810673,1.2555986737406497,0.682992282699912,0.7469993830514671,0.6051294427287797
150.97363354459182,1.2520201789565577,0.6848591994175581,0.7452316934588098,0.6035654665857645
150.73905888053315,1.2542107795428294,0.6909570069922858,0.747132158150814,0.6071384119103366
150.4966618373357,1.2635915914877278,0.6950228097676391,0.7502812334893081,0.6081877883092035
150.49929189693668,1.267746881869306,0.6982504534403567,0.7534404558011831,0.6094045707325452
150.4725690807877,1.2643159036013178,0.7024763367228306,0.7543048347447431,0.6100278471618598
150.3616525529079,1.265476954274484,0.7067859155367467,0.7558979597484546,0.6092412474313148
150.3468061610687,1.2688199511636562,0.7073517271987173,0.7568238682407183,0.6094319710926687
150.30422539824048,1.2680380430650546,0.7012403933513082,0.7541655064203215,0.6070546614984295
150.32771680555024,1.2649647953341892,0.6965199830226796,0.7538505155394,0.6022465357111423
150.25929875263859,1.264599317365644,0.6948948213350504,0.7544660830641658,0.5989246157209914
150.3377722368011,1.2622382277447919,0.6852908085959272,0.7513492732190353,0.5950715947632353
150.24530673249106,1.2594070481612816,0.6829882604856392,0.7503380554760232,0.59539470995764
150.30579972885306,1.262467742991879,0.6805635086762357,0.7476048284835775,0.5927338475723235
150.210958689799,1.2689158018969129,0.6773422603356503,0.7452369586895018,0.5930999650466638
150.4272137912493,1.2745461418602848,0.6850276836908714,0.747832868073146,0.5952456709177883
150.53335098756952,1.2776372832891914,0.6902864946967933,0.7478719178259527,0.596823483048378
150.5118324348117,1.2753177828972138,0.6886394005763853,0.7486105482189647,0.5990866184305556
150.5384087857794,1.2780830178247533,0.6867282437042964,0.7501193302321693,0.600416068941193
150.48246643064292,1.2798145818190034,0.6791106932327212,0.7503762811752577,0.5996779334335892
150.51095552396325,1.2835745709018274,0.6707658859385551,0.748265771929478,0.5975431253236834
150.62732409683107,1.284193179713176,0.6739569201488467,0.748474676823437,0.5974462818474897
150.51736523724426,1.267927673707156,0.6707494318903595,0.7458644943259882,0.5922988677998939
150.48881919373585,1.2730244958737302,0.6733426545559869,0.7496005389171785,0.5916560276173884
150.6938687331769,1.2721132563784516,0.6771324229281022,0.7500049962317141,0.5896783944864356
150.79584861067718,1.2626418692431511,0.6753921951876226,0.7494626259466439,0.5868455259947664
150.71353104457185,1.2633892737327228,0.6804747717537447,0.7517337672528505,0.590332712981495
150.5176386185854,1.2722234355434008,0.6901538691521579,0.7583302985206526,0.5994997405034465
150.36096760819737,1.2718797914510935,0.6927965072789197,0.7596272507836965,0.6020844209109795
73.93086232902247,0.7297197022058147,0.41665181678183855,0.2716413356295922,0.17900042508843123
88.65450839541842,0.8465381794391438,0.3364854894138013,0.24173074532573252,0.190255787539451
92.30394816662606,0.8986728917771468,0.4963094755158388,0.25818689853763765,0.15622134282316688
96.91480345660946,0.9224277191079621,0.6129165624586954,0.24155842513891726,0.17699914183515184
101.84758238589772,0.9474364285178672,0.4019150354802582,0.21491331234262404,0.19788823300479094
107.93050775906434,0.9389664168372714,0.3354516311406787,0.2658508443669033,0.27449484207195796
114.49693496877103,0.9673579524582174,0.32529105671317576,0.30050928330461735,0.31527105762961133
120.15297091218982,0.9873587136326187,0.3116258468326732,0.36423198063273154,0.3858222577870947
124.74707953197368,1.0173742071169694,0.20636302071827375,0.411050908388486,0.42959901634439757
128.24177055283846,1.0546007766582712,0.1917532452671973,0.46726055107524234,0.47781739883317204
131.696550211021,1.1085788492204034,0.2719103673845177,0.524025571575092,0.526600678990771
133.83489938413288,1.1348371278073748,0.3613698321331533,0.5789221557930652,0.568025866807343
135.63687007026562,1.1747076236663851,0.43134758130399825,0.6178267298389982,0.5991627467078593
136.91715113709245,1.182715476164982,0.4481119415932147,0.6191059755826838,0.599475333415824
138.5235232292904,1.2004180238777395,0.48142215956739515,0.6409309929113256,0.6149918231558024
139.89564075947467,1.224149365445636,0.51550569752342,0.6648956758008007,0.6383785296897115
140.60960416380203,1.2292361066501458,0.5435836444464583,0.6830104096674267,0.6545834595319172
140.88215684693995,1.2076639850561612,0.5419961576237277,0.6826686001892615,0.6547608245370716
141.52199650495527,1.2171593295729979,0.53607664311559,0.6794191302152992,0.6473814215758612
141.80725197946953,1.2217598224541495,0.5589130387643688,0.6928912107063627,0.6565127652721167
142.20165818911846,1.2310949425675077,0.5783700006488596,0.7036789038023769,0.6674893290714744
142.72396138935207,1.2476433679046184,0.5921390339893554,0.7117645705088448,0.6744003557788462
142.88263766353725,1.2607006005306312,0.6119335045472959,0.7217218719320203,0.6773597903854911
142.73684398626804,1.2588650010911073,0.61729678432048,0.7243197145474268,0.6754833998766742
142.70258765487887,1.2666801996915176,0.6131749648650275,0.7206239347730531,0.6754344040745063
142.77532074297324,1.2684452469826697,0.6067796567013134,0.7117970530488049,0.669697942108097
142.83095177762922,1.2657292027233715,0.6153400478426149,0.7215413740622942,0.6727898224236005
143.14152580616351,1.253223309213194,0.6217418928804709,0.7260318426238794,0.6698610254097429
143.05469940679242,1.245656343048646,0.6133872190272424,0.7194492312049822,0.6646597677105844
143.03921793658964,1.2383815903598696,0.6104348148285654,0.7132684400704219,0.6614737749397456
142.84802687073932,1.2381150853817688,0.5678993385213316,0.6862048485619444,0.6443177993745266
142.89974726418214,1.2366991775230196,0.570082239504516,0.6843522891972834,0.6441181464474923
143.08397480844408,1.2382369273146514,0.5497369173315035,0.6696577419383967,0.6310928594207005
142.74909385130428,1.2350815596885387,0.533502084690438,0.6614964618415696,0.6237317671068559
142.47275240071937,1.2217542935779426,0.5274052807230043,0.659774256582067,0.6248491060293633
142.14425972429288,1.215505343670814,0.5357214276868413,0.6748158354658003,0.6391801182880814
141.88124787634575,1.2226637146689674,0.5366255106146703,0.6742867407193378,0.6421874753333129
141.79154466515612,1.2269362798008214,0.5455681140098045,0.6837427314474579,0.6489198456166547
141.99358886492584,1.2264061385710183,0.5568870229951636,0.6892076506960494,0.6526911444589897
141.5079742100275,1.2036058745598044,0.5561908362115463,0.6899047109309195,0.6529960553652744
141.49378893936208,1.2088337374993097,0.5395906947720713,0.6850703725804003,0.6515022936125139
141.4400933756311,1.2011666645573298,0.5394376661777104,0.6820390554463318,0.6438641001007099
141.40195010448653,1.191955794485142,0.5496237959504919,0.6888176415612627,0.6505310496009259
141.42531973347414,1.207335796013676,0.5484294889970764,0.6881956653063946,0.6511923626759821
141.281981746234,1.2108813070067976,0.5550328190868778,0.6914263670675973,0.6512525726461634
141.09051649237952,1.2132077359046582,0.5379875397225359,0.6815196160909909,0.6452722399382274
141.326650810345,1.2087431854481105,0.5079415505077362,0.6659614594042207,0.6331766414310305
141.7969585054125,1.215309866713828,0.5019583918129695,0.6647142016045143,0.6326962054386428
142.38801621314022,1.2053757426264222,0.5277583040928204,0.6823147827475607,0.6471263522032217
142.4991722598671,1.1918646911483244,0.54778871987546,0.6944008961413938,0.6548373291573717
142.8127349348041,1.1582352368064746,0.5664286886918466,0.6987945511821302,0.660678471437047
143.46289947880229,1.130613197876692,0.5692185579637803,0.7016722769537734,0.6628607330110661
143.2749331363845,1.1429611515935416,0.5833547467284754,0.7148874960767386,0.6715758194242856
143.09628780895255,1.1604232708891908,0.5717741438460813,0.7043536385958428,0.6683499362859945
142.9444931625038,1.1769556167242057,0.5784404380173818,0.7114090375533152,0.6754822221237189
142.16763875714003,1.1939535204576635,0.55869328398633,0.6979422291157058,0.6656171299069592
141.99205362332606,1.197405774512679,0.5599590527235028,0.7008003664877845,0.6732513858760591
141.7482907694647,1.199699987827853,0.5579848986984713,0.7012560534797891,0.66791929311377
141.58394645125472,1.2066444508191816,0.4997968993657205,0.6666854601215285,0.6442117258455827
141.50497857496825,1.2116431664973102,0.5043924148188169,0.6683963466024364,0.6412362008469394
141.35673548256258,1.2065450535838045,0.4998756855756304,0.6646641105241721,0.6396323858143762
141.50264686073595,1.207252759525731,0.5112783509673106,0.6725854046803178,0.6476688861208095
141.3486743140332,1.22110765011226,0.5276176115788475,0.6874319830460197,0.6583390646416063
141.14161172596255,1.2147508204797317,0.5392863680629651,0.6918503707502219,0.6646876206211234
141.02036299829274,1.2306341780609131,0.553595632389502,0.7063503760505524,0.6737074077336551
141.26750538050334,1.2333111530471017,0.5662317471409257,0.7162974424891231,0.6804094476983871
141.49231781491977,1.2333849302046787,0.5830828330215668,0.7265953338512103,0.6917719212145848
141.37755012671443,1.2218296990524458,0.5862368006042212,0.7274991789054306,0.6915992759528207
141.22913445544833,1.2067784487695954,0.6002965340360849,0.7353457956957273,0.6970347798348683
141.34382496547644,1.1998107126287882,0.6001512987205495,0.7384934927343815,0.6997931115796864
141.3891624187941,1.1991530961212167,0.6124344004027434,0.7435987400135194,0.7021529306026673
141.18402673317576,1.2024948611439892,0.6033320016153394,0.7367826432050136,0.6974363148007818
141.0213763714067,1.204861584862069,0.6045441764206531,0.7359464145698597,0.6955938695986481
140.93386207008774,1.2091980952307189,0.6053491209303254,0.7344356305792744,0.6920506260466083
140.90594734336383,1.2170524229882498,0.6067628154145202,0.7305411025549439,0.6875185376749611
140.7505932429337,1.2277697867205482,0.5988898701528078,0.726369264915519,0.6826063416031063
140.40538649752756,1.2301451953986984,0.5957859446521387,0.7194973297159539,0.6754359969471256
139.96130641157265,1.2102736457553223,0.5895838939686441,0.7103534987720472,0.6670444187066558
139.58393770966663,1.1987333313557933,0.5903970267807163,0.709126700368119,0.6670147809868501
139.61022722063728,1.1987299151155755,0.5928381667984645,0.7124153627687771,0.6687680724821975
139.7042141427825,1.2029331100547849,0.5809246177949012,0.7064699626701978,0.661016435684166
139.52396095261656,1.212451104136524,0.5605048560422806,0.7011642431944137,0.6570875813720749
139.93534406310178,1.2202620645415108,0.5701241916258715,0.7028307589599906,0.6608053784881551
139.71038096703975,1.2184463161116017,0.5352778199857765,0.6906048579944964,0.6514195085381943
139.5356315124268,1.218394588055054,0.5409757270902088,0.6883744437071799,0.6446901072862752
139.46697234269658,1.214802505485264,0.5363802251552049,0.6859599111101629,0.6435776451076015
139.12784566668884,1.200963130458831,0.49201933622796856,0.6717556414750138,0.6351348592477704
139.414357140515,1.1996670595872905,0.5120348517853407,0.6739111760461609,0.6422083093357104
139.4124036401782,1.1919467194972428,0.5177939421966047,0.6736082686278494,0.6395239931813385
139.4942729489175,1.198565624390758,0.5309844390767055,0.6754484777246597,0.6416090035463199
139.50598451867575,1.2033316672717203,0.5418403111318199,0.678260446161218,0.6465966401264704
139.38345614620286,1.1985213085314625,0.5470684612514449,0.6813421923433056,0.651542549404444
139.38679213286701,1.1865298549029246,0.43217151625808875,0.6806693583737018,0.6576823467218688
139.34945081809468,1.1833449137973342,0.44656790433894206,0.6784958090694557,0.6567048549008064
139.30718096746548,1.1788703773947395,0.47388324549081673,0.679054525313479,0.6528850847043476
139.44581858293526,1.1755477302281176,0.36068319614866834,0.6732285270615718,0.6538492860899119
139.6273822333021,1.1820110716295673,0.4199572579759562,0.6790786255826828,0.6516285860153233
139.35983035802627,1.1807757494621864,0.4468227370494294,0.6776200551323945,0.6461476039594192
139.34500759847168,1.1901355428321045,0.4665261790384941,0.681946096504549,0.6482127168172815
139.39139987856197,1.2004054206759918,0.4850861946036473,0.6861073169620875,0.6510682575488773
139.41900011631066,1.2118492837529296,0.5111789863141482,0.6867697042127919,0.6512441470874643
139.62625263992766,1.2218429307826326,0.5303713526723474,0.6907558843476133,0.6529193601636295
139.4502372909052,1.2247245929516952,0.47724044429452217,0.6909828697135468,0.656874064811723
139.3473438540238,1.2291381948196112,0.5095326561710881,0.6910159653562127,0.6561615318924221
139.32561539108883,1.2231695509781868,0.5326094607977718,0.6972466917473081,0.6599902081970157
139.25307486455117,1.2176632359060833,0.5481550318120236,0.7022811492796195,0.6638038074063833
139.19434854015452,1.2082459509516046,0.5619832983659322,0.7000591540150651,0.6613005474727546
139.11200214186752,1.1983863956680756,0.5635884208957629,0.6969985686358746,0.6600517036940388
139.28096677079128,1.188306388731633,0.5592370450567337,0.6913338282938205,0.6554579564909147
139.2481363736606,1.1980803790884538,0.5651861314759616,0.6958539493691721,0.6593636622278617
139.25885360597437,1.2001761763354437,0.5722513208591784,0.6991156457958044,0.6607479502449329
139.0575954138254,1.1970005495225609,0.5680637094244426,0.69411942104871,0.654695418867823
139.07211495501167,1.1896149856096025,0.5745738637983343,0.690984932891482,0.6539466437996808
138.6917270580273,1.185898406666095,0.5497649053877331,0.6827083436321428,0.650576763465404
138.46417166718135,1.1715098661597574,0.54633194931328,0.6843013446783424,0.6528151479902474
138.49698506064718,1.1679222273426633,0.549303793324278,0.687486655783816,0.6546018111295279
138.6221470032239,1.170302455343872,0.5557377273568479,0.6932063464479957,0.6557879973060134
138.38267036239355,1.1762059360500938,0.5496634535357108,0.6901086885916246,0.6514367825291023
138.6698891931107,1.1678982009588186,0.556966874889333,0.6880500156357288,0.6511910442962165
138.4319452788233,1.170095360917709,0.555810627624992,0.6921380881729258,0.6522482345433814
138.43973605106,1.161006242113988,0.5635702513007979,0.6901622783614955,0.6512683639023893
138.52261006824077,1.158553160460396,0.5702378577324637,0.6919597503168808,0.6522146194815449
138.73834282463253,1.16261816123191,0.5728700135704051,0.6952312800739866,0.6562586426392825
138.65723158012904,1.1723494051391021,0.5738894587814009,0.697966561460911,0.6574517913707302
138.64479078048305,1.1692445196514158,0.5738670458700422,0.6931182298564034,0.6550788431756402
138.36703531532942,1.1728591090928726,0.5701251255258962,0.6920371060802061,0.6548681436879246
138.57114436042843,1.1927910532198325,0.5856767429401953,0.6990777894753991,0.6588216724494831
138.6392455517312,1.2050313217798518,0.5906961568357443,0.6972720837265045,0.6605382135450434
138.68443171060193,1.2082327414430298,0.5919722666168761,0.7001183185278843,0.662779668262033
138.79543233472717,1.2165253289720084,0.5993725489760336,0.7022219466573388,0.6650598199374765
138.9513077113567,1.2167383758557677,0.6040309793553537,0.7037628779424879,0.666316431069378
138.8789987055325,1.2228613431288595,0.6040477686049074,0.7004499663074836,0.6647001036477123
139.18616681087263,1.2209154409786038,0.6060856150398614,0.7033596641577451,0.6686248478066104
139.11092027102055,1.220199192456537,0.6092659354224996,0.7096117140510315,0.6734464381075067
139.2711964047872,1.2312119035864408,0.6140536974146108,0.7145717295401431,0.6784884020721451
139.4554879994339,1.239629761695366,0.6096669647092942,0.7128221640420512,0.676159478153758
139.37661667149828,1.2415326115928267,0.5905216922016007,0.7026685568177953,0.6662313647229534
139.14739364550616,1.233410512755447,0.5877801518840747,0.7022142196600705,0.6652869342963161
139.03230467038162,1.2375731323912302,0.5908701300239665,0.6993229971524968,0.659853134252339
153.81429934371823,0.4271766382864992,0.6374430447341544,0.5691967523952886,0.4398361598854359
89.9457284329665,0.19824574658154193,0.6999100430512294,0.2838957059072794,0.23805390708217639
87.9168116423702,0.46613173864621577,0.3917573950048564,0.23046691936464872,0.17917450779943822
101.70358485747632,0.6882866480356259,0.498865179835133,0.34849667024039394,0.1822934398678868
112.78461661556454,0.8726331601751343,0.5605049112359717,0.4455615927002217,0.2100366853258752
119.73886299536102,0.9885187307651555,0.2952943647556291,0.5666610308236446,0.3130767739171814
123.30452622524456,1.0887004909883362,0.24414361600796788,0.6824775804154781,0.4060928955957325
125.77243952642144,1.1716158782470876,0.34045806707391923,0.7638388486158536,0.4745213353455727
128.14244105767807,1.2172348438495912,0.584923327818782,0.803306971635163,0.52758839223521
129.96140691609548,1.2446683644429926,0.7577520195024422,0.8296226054756025,0.5614275062214954
131.467877315281,1.2564362069309387,0.8614152969759492,0.8254354062041083,0.5803585235326228
132.56380475836528,1.26123354088717,0.9303802741495987,0.8020834356486124,0.5911573022887047
132.65222003632906,1.2622786240731574,0.9011554205902996,0.8110033967297505,0.6128383088821072
132.4651450042665,1.26578245019053,0.45653066541467324,0.8433035224182192,0.6399016755350683
131.95920925946706,1.2607093612932352,0.28451999460401445,0.8646057287037349,0.6544210613637004
131.96032703532646,1.2744278969691705,0.4118161186422886,0.8941480793089616,0.6704644092458273
131.65980964554922,1.277864531028512,0.5662076467186036,0.9113060168638871,0.6825729456544337
131.44148437851788,1.2786575670874747,0.6913048836935408,0.9161274711830417,0.68505203941487
131.21817774203558,1.277471810808104,0.7830833719962268,0.9170615724777127,0.6862575574942951
131.3088067829815,1.271285396656047,0.8440500026492681,0.9128038040949432,0.685047105610174
130.8493140801939,1.273848153960146,0.89761703639609,0.9188870630792957,0.6934477884609052
130.09493174570116,1.2721538611099856,0.9343801310851124,0.9232122670059693,0.6939689547176099
129.69823035131546,1.280409887364153,0.9597204532728191,0.9272244339461511,0.6964268077249737
129.50138138474352,1.289070757141145,0.9718463250052731,0.9310305843511424,0.7008062062814999
129.65766650490144,1.2797311266128835,0.9809792287656426,0.9287988187802676,0.701017138404493
129.72440000980131,1.2812293638624523,0.9923277734625439,0.9290918310022519,0.7035573934352657
129.77276593316466,1.2942552424138694,0.9934833959628854,0.9347285343606796,0.7041844907179561
130.4549131034691,1.3122540568556489,0.9804567109659978,0.9391011970679221,0.7055084353488427
131.36716813807055,1.3235490925437612,0.8923435885642328,0.9422721023168581,0.7029034817777269
132.06855965570313,1.3235402516523547,0.8470100000288641,0.912765187755166,0.6958383682967487
132.5774997451825,1.3283947078147216,0.8295597959794442,0.8934603410035399,0.6952008597814423
132.66280653998615,1.331340648479752,0.8240991757081073,0.8826663374725628,0.6943970836046697
133.18044148415817,1.3361175206603384,0.8174488882660619,0.8903890292207425,0.6983877676247378
133.39627542928235,1.3403301900338216,0.8422526105586875,0.9085405996023816,0.7057507111310881
133.3833380199176,1.34165110978014,0.8621341078645647,0.9140126569936995,0.7097518316834595
133.50335739445404,1.3413329123498203,0.8692165737248122,0.9159361140232926,0.7126382451688719
133.55893486923358,1.3424056816032888,0.873082493977534,0.9197339655315683,0.720067647226869
133.43280910753933,1.343934275958938,0.860464146683098,0.9124230355327497,0.7163857791269511
132.98271338059723,1.3386268845454947,0.8700461161290133,0.9133646375381311,0.715198426830034
132.79789600097425,1.3382333358660943,0.8780766382476282,0.9183527356939252,0.7153179495953538
132.57956403880092,1.3301276325301266,0.8840450839456901,0.9145268865110779,0.7129318721103918
132.6423079896438,1.3230154323456764,0.8987604965814342,0.9185216408275949,0.7157954186091812
133.00545661294743,1.3213505583519947,0.8964419477614015,0.9197159010287379,0.7184029765735015
133.97628000991583,1.3290954861916713,0.8839341202891926,0.921233792448677,0.7232199144982051
134.51054657464803,1.3283357051592217,0.8909152858012493,0.9241385945293721,0.7264086017008914
134.83036111510816,1.3317166862219911,0.8972028011322104,0.9312072075420463,0.7320651583386204
135.25917337549896,1.3377641301253669,0.8825006218460396,0.9303507886111024,0.7312026225754487
135.51446239587406,1.3410481066476205,0.8734402500635453,0.9282424285666292,0.730425317086015
136.0370340320616,1.349642362203325,0.8483903895942402,0.9169607024473082,0.7269999247500566
136.46635676171053,1.3548965139390106,0.8246951074151943,0.8954478910555859,0.7172024587171413
136.83830925754518,1.3590978773084579,0.8064533964100589,0.880217145940972,0.7130671039473204
137.01751030411043,1.365424872474638,0.791881136696417,0.8680448447033151,0.710066151488929
137.03977655692017,1.3705646374744755,0.7852281746628907,0.8621910105827393,0.7092848814379491
137.25458183164875,1.3738152527176395,0.7785868523301027,0.8546552455225406,0.708857760743082
137.2579219694292,1.3716090752660948,0.7712769516965562,0.845658861170106,0.7052267688912278
137.22029747474738,1.3651580305348465,0.7681391900174938,0.8429973097387921,0.7044999424894234
137.24535671573523,1.3609184670154912,0.7651410561442133,0.8397725052298441,0.704952709202667
137.16403048367508,1.3548986014717435,0.7690893385301065,0.8431606296241819,0.707262365783233
137.1075040337325,1.3497226938948372,0.777416552944541,0.8476794145306384,0.7086521082487666
137.10321818215638,1.3450507766746154,0.7876489064670827,0.8541864381072594,0.7099109063706329
137.01666137788052,1.3436298056631764,0.7992850463113889,0.8641488049131097,0.7120642965137074
136.87222119107008,1.3421010508195588,0.807491949725789,0.8734953585034987,0.7125968976408508
136.73823259024925,1.3420204881740885,0.8078602979722607,0.8739433827526082,0.711959474184603
136.65330200048373,1.338648063276742,0.8038315213034506,0.8661287782595727,0.708565398682168
136.66164837807162,1.3384524659338968,0.8080413406607977,0.8669524340868918,0.7092975922756035
136.43652969675358,1.3367062427501377,0.8236699134719354,0.8750475540424248,0.7108684134620075
136.41045076774054,1.3402628694662482,0.8366418165822573,0.8851356600061098,0.7131825103175623
136.28275706311254,1.338376247116917,0.849892848617942,0.8921469777501514,0.7149509842802654
136.31001256001153,1.3390581407807225,0.860388933212205,0.8965245600153721,0.7158772741320211
136.33628186702066,1.3334306239437748,0.8556524337064401,0.8908151030069213,0.7118013370217995
136.73154953651024,1.3348141273406162,0.8413795349141584,0.8802207616318365,0.7067720876576957
136.89870780974047,1.34036245854765,0.8236488036358371,0.8625781062437408,0.7027530074480872
136.5684669907139,1.3397619258717568,0.8144223653389543,0.8540166474316953,0.6989142206248756
136.32413434917007,1.3319019523966384,0.797038866040528,0.8394570168103348,0.6923913369584591
136.14503848417354,1.3285354836439318,0.7821449872367661,0.8222152500976186,0.6869045050635965
136.2529643110791,1.3292874818862244,0.7743214208884209,0.8142977147245681,0.6863247272533775
136.3795766221983,1.3271623630632687,0.7669322910180759,0.8059609787199526,0.682393935042405
136.1301460087458,1.320782484147563,0.7606489295447577,0.7956191537854866,0.6746485288648989
136.01366736247016,1.313510294578089,0.7633137433454682,0.7938403077275132,0.672574226948199
135.61110002535716,1.3121856282669024,0.7673553405084075,0.7941503593818855,0.6685614477103854
134.934261236399,1.3069037929447316,0.7827087938796927,0.8016916891536222,0.6685882686436412
134.94466526188054,1.3087767858981558,0.781472971973293,0.8040476083374133,0.6701581152902849
134.93838688740172,1.304623976136079,0.782530349674605,0.8060191876389157,0.671988275954581
135.11188419136386,1.3058988370106066,0.7920218615131873,0.814121588846136,0.6762708829918298
135.5166012611583,1.3112428079470366,0.7899962200840245,0.8144086489374458,0.6792782121423034
135.80877107206098,1.3173769386089114,0.7895624673816729,0.815794288875025,0.6817502323808396
135.92082554081273,1.3181618973375655,0.7908235408735769,0.8175596974779151,0.6796226793945417
135.89176052384855,1.3151224945121731,0.7930691931333581,0.8203072838988692,0.6802187682847092
135.82337143173098,1.3136635852232479,0.7945680842966967,0.8222520245786674,0.6812740574711944
135.87467705049758,1.318710462931314,0.7920230746732206,0.8234916621918101,0.6843133831096871
135.97305694286098,1.324528421957485,0.7842763468657801,0.8233391186378785,0.6863502835662119
136.11496242645615,1.3237208948829409,0.7878374523393704,0.8265017045289789,0.6886544802164613
136.08181600189621,1.3282248137266135,0.7903739399014045,0.8246794751640708,0.6916520858631772
136.0708817952372,1.3352911826066942,0.7932520885136237,0.8250512989809746,0.6936495835697961
136.30154076540475,1.3421728589856228,0.7921110496918411,0.8263494870840665,0.6974238506508501
136.40667707140253,1.346885777437068,0.7910459168059562,0.8257276863183477,0.699732958642288
136.46123348630303,1.349388769127437,0.7851494962857183,0.8238911781292618,0.6982956563411337
136.4533743594843,1.3522373672818564,0.7814516838472734,0.8223516709583548,0.6977672238545374
136.4025619339099,1.3520647609924166,0.7785585265304289,0.8224483084626771,0.6984259086907063
136.34286073717118,1.3532232508258153,0.778535685536246,0.8248399952838034,0.6978410848762902
136.26714154108495,1.357001910903574,0.7768141487586581,0.8271927703869679,0.6967622887995709
136.0133933826354,1.353153276206092,0.7745092474338195,0.8271453602727575,0.6955965003100122
136.00037466467498,1.351017912855453,0.7733667721497218,0.8287957938387379,0.6944948962391037
135.89640433927136,1.3475252569825849,0.7766388590627479,0.8378134362157754,0.6947736006278538
135.70756500966672,1.3448552725778413,0.7851513140739846,0.8492902027723634,0.696933707707941
135.6658004098203,1.3417798555553935,0.7872843920191107,0.8564692006254362,0.6977934372868915
135.71192049817353,1.3426769997292933,0.7823858503167681,0.8541486953614119,0.6977270518847575
135.60999939279978,1.3396613867341973,0.7858947107767149,0.8550456455404224,0.6980330487630609
135.40124376036545,1.3361906007713713,0.794547713293648,0.859893262207137,0.6992773807792574
135.29929319777025,1.333835321132993,0.7998657113883479,0.8613520882447046,0.6996310602475677
135.36151735185726,1.3408051205617688,0.7910813845182787,0.8557325039392351,0.6996150210840024
135.3278138445818,1.341755163192147,0.789219298048716,0.8508463967029396,0.6981392478965874
135.20881736490813,1.343812436880843,0.791088612404206,0.8504346459565636,0.6984232853096817
135.43958074051733,1.3529402332695106,0.7886225303750903,0.8515134592588398,0.7000998002866655
135.5770277336318,1.3602480549476674,0.7935926365163378,0.8564279131541339,0.7019042018020728
135.51302586027637,1.363179138293986,0.7974378440367211,0.8591243049402231,0.7035979257390306
135.14793498742327,1.3610296422416692,0.8220668006652622,0.8731820865979449,0.7093951266213843
135.0885392072677,1.3620185679125192,0.8237902090569252,0.8754369013850221,0.7084893380669559
135.12487553293585,1.3658097728491905,0.8181645839921969,0.8732353075953857,0.7099774464219196
135.12176804045245,1.366157193641993,0.8153790807883937,0.8697864656496174,0.7111744625842017
135.01224460499944,1.3679942574053021,0.8127586037802061,0.8686958505705445,0.7130440282574305
134.8839940098601,1.362956845529842,0.8111678250832072,0.865702488511826,0.7106653798204802
134.69229762047445,1.361390464543601,0.8121878848132731,0.864385259097445,0.711024961719761
134.54859479771548,1.3581093625678682,0.8172587075147157,0.8630810982480008,0.710018704573331
134.63741224040734,1.3591959701169332,0.8256087204216788,0.8708846652180471,0.7133085770580495
134.56919429827815,1.3591854868872904,0.8342653428998628,0.8825440692715736,0.7180947444315771
134.51322362023373,1.3574077041986239,0.8260176673497347,0.8767731276676555,0.7143119307819993
134.4758290398939,1.35925354163697,0.8225447665029351,0.8747950753386902,0.7135631875048306
134.23730403704272,1.355185147093848,0.8313015782909319,0.8797424744625398,0.7145566779733832
134.12065625397733,1.351987182636724,0.8376364178922766,0.8843546995743963,0.7153556299395573
133.77921656581373,1.352771188687532,0.8568507054444182,0.8962757438401233,0.7187780728702239
133.79754984730366,1.354822642000228,0.8530449041035993,0.8920814914593016,0.7141451878826538
133.95571353807654,1.3522660847092935,0.8334531706794702,0.8770220307529975,0.7036621480419206
133.94163731630894,1.3468341762687541,0.8214064968733116,0.8641762909762741,0.6958205537775392
134.00222686715668,1.3451890234406871,0.809696757362002,0.8541733656413831,0.6916675457954312
133.93360770031666,1.3412487579842072,0.8080833751377994,0.8503982027668946,0.6894803682582968
134.1783722093165,1.3416072642247552,0.7964521853817267,0.8362203264703861,0.6845187383146899
134.1738088006543,1.343068718103339,0.7902752745690612,0.827955506905741,0.6826317409005324
133.9016957927274,1.3411165822498237,0.7830485900297849,0.8201607798128039,0.6812539682296784
161.47043235603698,0.6586186509646879,1.1109463952714729,0.9204734717149872,0.6249448366863166
130.11884155672732,0.17426933125990293,0.7629341150143891,0.651596185506605,0.45739345649660296
104.67523250480889,0.30783355223971526,0.4689625337955361,0.3316971183807233,0.26386125766127505
112.26067032261047,0.5860593765184164,0.20924766851724197,0.21093546101467137,0.22407067282176416
122.40700337567773,0.7774199909121212,0.16361217194091754,0.34392119898151025,0.3438957312918438
128.85999777100434,0.9018349051358558,0.2854440204310404,0.47070923242079876,0.44627957623360937
133.87381364489553,0.9715563607694496,0.40692697568038655,0.5676090088139966,0.5202366806210257
137.381807704568,1.0103578109140032,0.48919346037739125,0.6268972652642945,0.5676875797181316
139.4978042604563,1.062065408932715,0.5491143196826958,0.6755825646534038,0.6038801166126866
141.31567377621928,1.0872934371363407,0.5937231163272593,0.7053158881035853,0.62632518051644
142.49515378918346,1.1148195233734175,0.629263350196953,0.7226526754766525,0.6419132368158904
143.5355023075317,1.1572644653780508,0.6569826760366407,0.7467821297818005,0.6625274607183251
144.1406949791347,1.1660752693200898,0.6757518858598932,0.7573305733932515,0.6686144812165402
144.55121754830267,1.1621737843084234,0.6872049147926262,0.7619657708303184,0.6714698248843621
144.87132864213913,1.1757915136600154,0.7015612320586522,0.7686424165191796,0.6786097126068739
145.01408094390044,1.162078919858933,0.7015618281310214,0.7626033083669644,0.6756675367662959
145.30096720556514,1.1400840632935971,0.7139827078864582,0.7567987983544829,0.6729981069016119
145.09585177335836,1.1586586697690895,0.7097014027323889,0.7610675624062677,0.672748839392472
145.02506970040085,1.1317960337272108,0.6931998212409444,0.7352770453017744,0.6595951414110469
144.96664654436447,1.1471430956304527,0.6965528042046868,0.7398071732878371,0.6610130398784977
144.74257363523546,1.1397696902805865,0.7009869975340846,0.7420012911389094,0.6627595286571044
144.7136058184024,1.1361430473032166,0.7120780856908261,0.7501545582008893,0.6662466930613063
144.7628314398918,1.1242797416236066,0.7136199709036769,0.7502793532306717,0.6691560196067817
144.76106134496015,1.122158195122519,0.7169150519558393,0.7556616305252063,0.6716174023947924
144.75060588684383,1.126292322007039,0.7130866596824036,0.7589886932588907,0.6708269856041631
144.71205279739704,1.1244767584496436,0.71296276034433,0.76329239508729,0.6714818796434676
144.82794325388718,1.1198435315807491,0.7101690630041029,0.7624795820479945,0.6739021743524357
145.02358405418377,1.1179554552336177,0.7088118202914464,0.7649275346511993,0.6741744810662182
145.03138566695213,1.1218598345036,0.709286465794807,0.7695465489023636,0.676827278274654
145.07028165411558,1.1260786074343276,0.7097212554216192,0.7733061592716535,0.6785012861225203
145.10989312210356,1.1339777206924146,0.708599268916629,0.7775319819935536,0.6807246393113567
145.1538774291367,1.145764909228542,0.7022518138737069,0.7794747140699143,0.6850124735413947
145.08137781789148,1.145294893446895,0.6966108562179397,0.7769465705343266,0.6869549514177524
144.9684156825995,1.13874605608067,0.6936734328344155,0.7763371681606633,0.690224955549267
144.70996757949248,1.1272604930050085,0.6953385181721597,0.7742108004816989,0.6915163266570584
144.598989072576,1.1068574134999853,0.6994687717701299,0.769363903147356,0.687723700945123
144.45057519105694,1.0902998942764976,0.709574679722847,0.7665326304821308,0.6881501147065582
144.5332446802355,1.0955925799911532,0.7086012277849763,0.7680652847426267,0.6868971003938766
144.64236598799255,1.085356263989735,0.7164789985502379,0.7651352469731174,0.6825688569483174
144.53755649333144,1.0580475914855783,0.7354333471309585,0.7642492284681208,0.680305559554268
144.45745153569572,1.058282796865766,0.7250638333160715,0.7554639475701804,0.6737432625116232
144.49446842160188,1.0744096728572194,0.7153205626884783,0.7540422201430969,0.6729053999273393
144.8161229034089,1.0778119283734418,0.7225691338535014,0.7546228221058908,0.6742081228831432
144.81487035856802,1.0971380652610767,0.706493545606685,0.7513028826224335,0.6715707436893152
145.4059633233093,1.0990779508215363,0.7030389814409493,0.7484609370640103,0.6731155237796277
145.38001730146533,1.1238516726368335,0.6854489316612176,0.743732252212026,0.6685348164290276
145.6037419765408,1.1135574030583215,0.7002188792653904,0.7438131481375653,0.67212014323131
145.47697912600603,1.1210868943773775,0.7020929909415798,0.7463416748403191,0.6728293694860061
145.37738272382254,1.130782662076459,0.7063265904241969,0.7520517482352025,0.6793216069015177
145.23837202722783,1.1442462774086515,0.7088890944669187,0.7562808284120728,0.684496394351715
145.03270135560288,1.1404396130295111,0.7155674248400421,0.7600958651322948,0.6890398989322482
144.8101484879947,1.140386153973671,0.7303689644613677,0.7709467758788949,0.6960398227846298
144.80631577196786,1.1578384032664764,0.7302731551974774,0.7776906287736495,0.700625926156092
144.8188789924643,1.1606837900091926,0.7266687672637419,0.7797147168843875,0.7014968968416551
144.72530215264572,1.1557859657971434,0.7321840971226301,0.7860602655274,0.7071306344656333
144.58619219485263,1.14794384859908,0.7474047534564068,0.7958611906483168,0.7137540024168199
144.25839155980307,1.1347956678979103,0.7651421096548731,0.8032128499883807,0.7182129884449576
144.13145990810773,1.1457969996493005,0.7600233695956243,0.8055115091261936,0.7210699149718
144.2564005593881,1.1473359248821557,0.7672219887967853,0.8078298279327225,0.7248310464047697
143.8894158794756,1.1367792751324066,0.7718737462840677,0.8055256332326545,0.7229726224518309
143.76630781920102,1.1323286841013362,0.7787271620344739,0.8067327340084661,0.7236869161508711
143.69173578493545,1.1289209340389084,0.7824021160548796,0.8065078282099554,0.7233199363827845
143.62400855379738,1.112772858198606,0.7950067020514014,0.8065453048410707,0.7215398543810673
143.35436189423856,1.1204863429515224,0.782442394790036,0.8061188856916012,0.7215876060228925
143.6976812328017,1.1248828711524024,0.7748125979933784,0.8054024409124648,0.7201891886334787
143.77829264072798,1.1165010863368787,0.781078836963126,0.8063366452474474,0.7188235760632319
143.83896909650423,1.1248767881757584,0.7782533408300202,0.8078001664970288,0.7199402283543687
143.74464081225827,1.1301703547882547,0.7797691809658066,0.8106222500021253,0.7230989211507916
143.52954247442796,1.1213619575593208,0.7907698005402093,0.8122640965678977,0.7233979120828196
143.47678164979288,1.1224133553134743,0.7780064138064,0.8083130324050026,0.7186447021605415
143.52471216945239,1.1305656036350125,0.7755598454441961,0.8115460786902627,0.72079054484337
143.69081474264942,1.1406827298422455,0.7693748494864615,0.8131047452188483,0.7222300576684485
143.94602611387396,1.1468857589986967,0.7577603287750765,0.8101683675090809,0.71999187067164
144.09335335711285,1.152126007466985,0.7533592058137607,0.8096082249254031,0.7221176018914726
144.11756522676606,1.153450577270967,0.7524225099213797,0.8108439312526914,0.7248394110071
144.1258982525921,1.156549705441105,0.7484179365364343,0.8122296726372771,0.7261078550168507
144.11664777020331,1.1621834285200048,0.7418905455819788,0.8103143424020828,0.725489250190372
144.1505012359769,1.1615858398374157,0.7345114172455663,0.8056889405037312,0.7232780705198217
144.20627040700512,1.1685486796732873,0.72831512631659,0.8031663797276336,0.7210988134191767
144.3729177157785,1.1748644692961714,0.7182643991475224,0.8011012295179065,0.7190185270223793
144.34729249605564,1.1744313623016656,0.7140835703569592,0.797114744525956,0.7170564542240605
144.31018797992522,1.1673849298324015,0.7103640907603453,0.7911558007707846,0.7126411257846222
144.5159006310755,1.152738360311003,0.7168589888340681,0.7877976194574441,0.7094613126974009
144.63638842001637,1.1551010941853483,0.7122570006979738,0.7865157418878871,0.7069100309363089
144.53339337757328,1.1352847031281699,0.716017526239471,0.7792434311236919,0.7037000805765586
144.61362368900419,1.1360414609313207,0.712856779737924,0.778045724697223,0.7018861152796536
144.74661691683465,1.1134420786765382,0.7180101044656662,0.7700107525971351,0.6946429616400002
144.4629017979309,1.099793020106853,0.7312726312070564,0.7705251212906813,0.6934297787033793
144.3813278925516,1.097381603571545,0.7435563224169417,0.7733306122914242,0.6950908203016297
144.33645975634482,1.0871667191655192,0.7572243505091418,0.7802837107147157,0.6984950448573376
144.48634405277747,1.0935544522333176,0.7638715708738492,0.7834587319249374,0.7029129163772102
144.53882743730858,1.0856631128741259,0.7711209355298676,0.7841716660424422,0.7022680412132174
144.4237355703428,1.0819418590191971,0.7765414208458468,0.7840750646338475,0.7001006527799954
144.26375976801287,1.092881785661312,0.7828106274809716,0.7898977226268747,0.7024685711109299
144.1634545654677,1.0935795733954614,0.7861031418584592,0.7911840867352148,0.706715967803087
144.17543203475665,1.106679238801476,0.7812404985968388,0.7932067529356631,0.7106554060942382
144.21778390660052,1.1276361322261503,0.7784008981740507,0.7989884749873238,0.7173813220750792
144.29646911557046,1.134306247630861,0.7720153470648614,0.7968673041953268,0.7153269262151446
144.1911127574161,1.1352055089061381,0.7646069195275675,0.7926662238274311,0.707286791350081
144.152490822397,1.1274845147165995,0.7643035928802272,0.7859222912793992,0.6980612369200471
144.05797565696318,1.1310058377194636,0.7609623838860466,0.7832640936756239,0.6949399951414051
143.96288828421424,1.143805572604676,0.7610475486657845,0.7837798788444563,0.696302581249126
143.8890969496605,1.1389552277579045,0.7658217779116374,0.7826137886838404,0.6980123119707667
143.86086844583747,1.1308719019960398,0.7677759421227383,0.7804544822321526,0.6971399153766659
143.72584339161097,1.123282189517949,0.7656563769107035,0.7789068153158782,0.6967868011919561
143.74412708278504,1.1174720161702756,0.761578854707907,0.7787944250025622,0.6969443801958959
143.78116244612167,1.1018839776094278,0.7622869537421797,0.7772074299901355,0.6966879952445896
143.65872261154252,1.1007330212608841,0.7591949322245748,0.7786424787220738,0.6962766921609359
143.88164561897418,1.0940176550329608,0.7575597612602833,0.7770588658189996,0.6974213860756235
144.05374828956528,1.0925655787112374,0.755589307223325,0.7739936140330808,0.6946682195404749
144.1417286693349,1.1031985185273518,0.7486446547510461,0.7761951723592503,0.6977563908529104
144.12299655271923,1.0985023363090785,0.7419066762721184,0.7752847273550534,0.6977433965616838
144.08165785381158,1.0904823680117004,0.747589551520437,0.7787386949280408,0.6979888559120617
143.91541321165943,1.0837502002847383,0.7592643635798035,0.7857947334546826,0.6999468995495643
143.76225856215018,1.0859827270662756,0.769711294373744,0.7916566416533963,0.7040331452912487
143.97431058877748,1.109674868897022,0.7603694602191867,0.7980736756426966,0.7044065032500383
144.002710559389,1.1310560443891775,0.7507210327054266,0.8038474841213361,0.7057658194974398
144.1314647622187,1.1391321136234,0.736127423329187,0.7994016720070573,0.7067269088325931
143.98318451674496,1.1294588286026115,0.7257998051090754,0.7900950250767236,0.7033688233188818
143.9123893384792,1.1334866441478924,0.7204535301590491,0.7846919761537514,0.7043874278359394
144.17927781464135,1.1202493619351335,0.7196783593874255,0.7767694683239796,0.6993408686931077
144.0643815681063,1.1066054748443321,0.7251875296958268,0.7710835608268216,0.6947290801962852
143.88581396575765,1.1105684067476034,0.7193226212216006,0.7675668017899631,0.6908059752669128
143.9522521112289,1.1140269730692838,0.7155536814608829,0.7659605233432579,0.6903672228295045
143.89143620240773,1.1061822737930045,0.712071972634329,0.7614454274615274,0.6891637623393122
143.90342960913097,1.102230409466631,0.7110755857680843,0.7598798400843149,0.6886827897246554
143.77666542647543,1.1096160178220777,0.7004459553865653,0.7580672810161915,0.6881048461944098
143.781650264714,1.1029893216110933,0.7103369843849762,0.7603792310371743,0.6890319395132287
143.84079406383435,1.1043077632730711,0.7104052887109533,0.760616853612935,0.6877405870264629
143.58377755427637,1.1074274904953998,0.7095854934683152,0.7637757878615804,0.6906561541693726
143.53214643719855,1.1049466465327535,0.7229202076681723,0.7684814249622314,0.6936392658372699
143.4831583292286,1.0991752037990572,0.7268942884770558,0.7692868855465943,0.6928771313362643
143.65618835256564,1.0944201902141895,0.7266956808089791,0.7672127592759508,0.6901188952716665
143.89376257545177,1.0968726178275523,0.7127275460211503,0.7608332431405954,0.6840210919478089
143.93201349852845,1.1063464204943747,0.7044789350554006,0.7581763276087268,0.6781534796405306
143.94044068256406,1.1051936036509136,0.7069097935111953,0.758482157200891,0.6775487423941516
143.83242974809468,1.1085341690694135,0.7056407801744082,0.7594539681134113,0.6768952702602186
143.91469195332638,1.10661664851952,0.7091001814992757,0.7588881416453461,0.6771291349391705
143.9534817390193,1.109728634886659,0.7070666668569804,0.7583308925693549,0.676575406758982
143.95427502370302,1.125479097798348,0.7030601666986248,0.7607769748641479,0.6788274992780466
143.88899361047208,1.1403221304322535,0.6951690497599607,0.758460325664785,0.674897948088966
143.68336351662973,1.1356550967054,0.689106885258659,0.7552291720902917,0.6752587122027589
143.65730612001605,1.1230519103442866,0.7006048283865249,0.7552105379104378,0.6793756314877161
143.46298704039026,1.1159670675815023,0.7029502654697872,0.7524578655050417,0.6793419370998319
143.3940745354798,1.1098803368695989,0.7251513691885031,0.7589163297491671,0.6866426207336058
143.30283172829405,1.1117298209213013,0.729965906070586,0.758765871457198,0.6849140109113907
143.5492196824279,1.1154329035457853,0.7376709325763658,0.7617988410440967,0.6894445708886471
154.30689657946763,0.5327469368995266,0.8036524295095446,0.8278525482562779,0.5995275949576953
116.98094931352897,0.12697294963553019,0.4801433262910553,0.5222361818128285,0.3688944812983592
111.3843043438078,0.44208527218214394,0.29149778622245726,0.40669752258875547,0.36024044174277475
127.26643609367905,0.6769281361677774,0.3008245478873613,0.4364126360953628,0.4299291310082693
140.14527314462293,0.8262868258184584,0.382858945526372,0.5035372670278067,0.5045550502011711
146.10388634558925,0.9311283604430649,0.47182403879145773,0.565793527384303,0.5661220824843957
149.8701016126414,0.9870762250970542,0.5273125257134889,0.6046341169765884,0.6068388213256042
152.22436369710758,1.0561529057895434,0.5641361808068198,0.6274394696808723,0.6355198967076002
153.14392321120818,1.1072624118122407,0.5961313887135712,0.6502551377804584,0.6566931580897857
153.77895530805063,1.1288930541350939,0.6269236960785998,0.670338626767793,0.6725794668241006
154.16893753705148,1.1232911482606618,0.6376454002834916,0.6812280582559951,0.6803491606832538
154.21432886194594,1.1227172116143862,0.64178203744879,0.6891604021008562,0.6916288853810104
154.6830605127862,1.1139149921877673,0.6610026861708413,0.7004266899689809,0.6970343772357643
154.6611930598705,1.139964517739438,0.6766776242135504,0.7172507391171462,0.7073392335896499
154.62723287599422,1.1360796907824788,0.6916247444400355,0.7263768282880668,0.7132136747432224
154.59037317265214,1.13861168843344,0.687960224129646,0.7246120624647562,0.7110439118989015
154.37473732570547,1.143820772877323,0.6898156172040114,0.7271020659810807,0.7099032303321539
154.4557954866693,1.1397742484898854,0.6866504632631272,0.7250126268233671,0.7085361754832771
154.67651901026053,1.1384311012380108,0.6809409144037126,0.7209730261222991,0.7051778548316727
154.69295523120275,1.1509942351661928,0.6668442592188152,0.7102113341582078,0.6980016727049247
154.62048652745824,1.1686778696760927,0.6734219652331849,0.7134654651746066,0.6987394161765468
154.55575341657365,1.18179376367924,0.6580974023018438,0.7072282054068446,0.6932677655646801
154.01606362590888,1.1924355939468276,0.6568934475809072,0.7044423739640241,0.6880778529181413
153.85428492673674,1.2070496088402216,0.663588474855131,0.7102005838963038,0.6899765323150101
153.70851434254232,1.2215609337168505,0.6773220766159235,0.724206872548278,0.7004247966821124
154.02511446104555,1.2362674748146913,0.6808325066465656,0.7287114973765141,0.7002154452193257
153.9921657090582,1.240415159428715,0.6789283330698217,0.729015031822248,0.7019775163024832
154.06747982556848,1.2480918149841682,0.6783309079873728,0.7264380598236085,0.6989612852899526
153.69062090074897,1.248230757852934,0.6808609628197123,0.7263301462717858,0.7000740150096216
153.7863126168586,1.2468755851144597,0.6774213517596129,0.7257510002811214,0.6992659629153095
153.79825980737286,1.2513203490720795,0.6879868374239364,0.7344249631844382,0.7047222310590865
153.99546158285506,1.2567826677631437,0.6861189858621175,0.7361253963036353,0.7045310482391318
154.0618412725156,1.257334223677178,0.6797297033052044,0.7292656386712892,0.7000519582406829
153.96559177479074,1.248297872256842,0.6722328032241129,0.7250565860974555,0.7011299052727001
153.8655853972699,1.2364289363690542,0.6759381601891493,0.7283313820684117,0.7043522821495397
153.98203409413625,1.233522344654743,0.6884140666561128,0.7356939532372647,0.7092858196609522
153.6740575071637,1.2421426555316928,0.7075865509212012,0.7408327414939747,0.7174716999635329
153.6058313520049,1.2445119261838349,0.7144679964882964,0.7434288811827502,0.7150121381196696
153.39639788097625,1.2390561362825636,0.7270362889959948,0.7463943404996186,0.7113351065242443
152.98240465819242,1.2297037836714078,0.7223928218631257,0.7427320341795229,0.7069827229953703
152.99705558760584,1.215001752075653,0.7274610514627762,0.7395963848085866,0.7052426894642833
153.37471848216367,1.210252455984218,0.7250204176624768,0.7394520816073519,0.7027136538814566
153.6772828851869,1.2174206414601916,0.7234266945725267,0.7380054155220512,0.7039390989357514
153.7095058757918,1.2263944619989695,0.7251194814865921,0.74092297530694,0.7052121464534509
153.4181472583492,1.2236011299575644,0.7342769683789382,0.7458202022661898,0.7073041691971639
153.34375773641605,1.2343299352893682,0.7263687844000779,0.742701811399576,0.7043434489378655
153.00499503176422,1.2432674627992435,0.7269968376058785,0.7431350767156749,0.704070040595776
152.3770464901544,1.2331895619552113,0.7262195907558843,0.7456069278854321,0.7064612121585072
152.1378727185032,1.2243924034980374,0.710586704401855,0.7382773912325291,0.6965884279559064
151.81350365982843,1.2275116471972864,0.71149528436107,0.7396037493729103,0.6968590636093176
151.71833666811614,1.231518298738618,0.6950617955395437,0.7358827357203124,0.6913326474251154
152.10416443929626,1.2230364020058828,0.6992987862203255,0.7406088957008713,0.6930907441439865
152.53607735373896,1.2271734151334666,0.7024961499513536,0.7416068568647696,0.6937011769139204
152.77997692766107,1.2304969008239828,0.6942608421841893,0.7416584477640328,0.6909673178606138
152.6785856177951,1.2242462810819674,0.699721949826748,0.7503760270849019,0.6966523958712565
152.41067300428708,1.221004344198767,0.712075299356234,0.7584988125160588,0.7026546232377292
152.17061558606397,1.2279021712129203,0.7132057812441743,0.7610884893819568,0.7076064047509167
151.90178910440537,1.242204620732465,0.7166006894947096,0.7639574705013606,0.7097074435502917
152.20078324507813,1.2483149532889075,0.699680906016457,0.7522837876273818,0.7023444547672937
152.47479969710872,1.2513507060939468,0.702502332388691,0.7510680603489187,0.7008922816441029
152.66960380240835,1.2558998904658805,0.6963142212515879,0.7432293224830446,0.696619647087837
152.3612837916922,1.2639563395965763,0.6965135989743613,0.7428849282081569,0.6942698192715149
152.3625598838384,1.2706359808625851,0.6998824756834142,0.7477698375545955,0.7012662481036563
152.23994563613684,1.2778728358668756,0.7044914368307711,0.7498454545186225,0.7048899222100661
152.10525253374192,1.276605748672948,0.7101938163881768,0.7518681895937092,0.7054741197992264
151.85781678231234,1.2787853723547955,0.7077835388788926,0.75026301588866,0.7077698334889837
151.97408503408673,1.2784246067439493,0.707905060803062,0.746657659077524,0.7050448888504778
152.0271631564632,1.267780042676746,0.7242431959020176,0.7544417157321872,0.7066678563309476
151.77007985214652,1.260664819970131,0.7210135228939373,0.7544763339638332,0.7093407395188425
152.0637718933103,1.2619868794420002,0.7222230948132704,0.7505049689444788,0.7062927834645006
152.26046550123857,1.2557042540138312,0.7163988984052634,0.7493538677126171,0.7045712534272729
152.41764018658077,1.2462609947701386,0.7276750332367695,0.7561344049913777,0.7101701201298759
152.92111178868322,1.2455979042428251,0.7253596758676171,0.7554543307948327,0.7131033480722376
153.04857141178272,1.2512433189346732,0.7348358804138563,0.7588604841023868,0.7143755103321577
153.09613560240984,1.2633823558999604,0.7351724608950644,0.7607839750900102,0.7125730593879528
153.0513186447391,1.2719204792001755,0.7319717159570144,0.7584164114495543,0.71120924273878
152.62257624032168,1.2699391221423328,0.7252728607808098,0.7545945781987584,0.7075718124706997
152.53660055435412,1.263184593616104,0.7175640711436706,0.7516088428930747,0.7047125842949804
152.16460772802532,1.262051058107265,0.7228836284514368,0.7547892094562181,0.7069588070779727
152.01485018563574,1.2676918639942563,0.7249565479747982,0.7583863100709829,0.7084289962802572
151.98942300936147,1.272498895812282,0.7255331108751975,0.7563520878681169,0.7061058979892758
151.82692319912692,1.2804088717506708,0.7286736461039556,0.7564732452822002,0.7038040168729662
152.04171687869473,1.2644311426519617,0.7507342042269222,0.7636045492706108,0.7105934849476073
151.93361343411982,1.2652509942949646,0.7688055339484137,0.7728265275469096,0.7151158079234348
152.42677084910446,1.2658830941343338,0.7817955505352631,0.7852050495200783,0.7290662680788792
152.56387920667885,1.261892107724261,0.7802187712131812,0.786362101951125,0.730677889994424
152.3500948981246,1.256691877101972,0.7634592833185532,0.7782423849027806,0.7235853986584854
152.62659590894685,1.262401831477012,0.7706359625270874,0.7836027048632906,0.7296549095391647
152.73524075809092,1.2742854761886546,0.7603574956255359,0.7766234675609527,0.7185128804382753
152.58054926240777,1.2735785159304875,0.7474081663794232,0.7719379230604955,0.7131879679196398
152.57034860631592,1.2643262535531041,0.734052069483114,0.7678860978189774,0.7120005141166458
152.45803250472443,1.2619294605557343,0.734551023704163,0.7683081406699048,0.7126496471349765
152.32275536212515,1.2633390639567739,0.7283339017510155,0.7685317716359634,0.7152229757391801
151.93903439544584,1.262284266768384,0.7204967233407009,0.7682867194947365,0.7157873826177095
151.48503114125114,1.2701349735355592,0.7129670876176144,0.7656259428188305,0.7151378602944853
151.23883612560934,1.2822024174325966,0.7035845354200443,0.7617184678799573,0.7159140718240979
151.1002699539885,1.2888284293427834,0.7134962465758145,0.7667494305571826,0.7241675402850305
150.8379746409656,1.2881821856009152,0.7197333029792877,0.7695744340817904,0.7312791032643827
151.08985831542046,1.291739880393884,0.723662382736046,0.774350437026149,0.7329223534100567
150.9503628537625,1.2940420661172587,0.7186376256909728,0.7727499108134454,0.7277721361784875
150.4310058353625,1.2974286342905526,0.7132492788212041,0.7708589550969078,0.7207610056526322
149.91660808914529,1.3052224323496469,0.7168300529676286,0.772832359473507,0.7187170432778458
149.36991253961907,1.2892431627588095,0.7173861890799198,0.7751134062088325,0.7210082014791077
148.88660489648862,1.2842308231801334,0.7304134300784388,0.7800883818234062,0.7207790326295439
149.30998062765357,1.288575401941456,0.7292593701530651,0.779284139844477,0.720422147669298
149.447507329615,1.2876932796386378,0.7362007822912258,0.7777678724437471,0.7210078826943143
149.6224581158239,1.2934475916829304,0.7362002381240548,0.7771986671408885,0.7219259477461708
149.66697699041126,1.2868016584043565,0.7380627764440945,0.7789324256875706,0.7228995119935735
149.76210896839626,1.2868166289140148,0.7382477871179659,0.781055138231437,0.7250459977877652
150.04104597086538,1.2895850384304852,0.7334780184319846,0.7801501834480313,0.7221378623026753
150.11609541113992,1.2880494576989834,0.7263197813886196,0.7752531773129077,0.7207134705019308
150.1655683740813,1.294767993199099,0.7323361119012396,0.7760277469447744,0.7213348530484535
150.2784451694292,1.2965983874505151,0.7379272161194117,0.7746045853883666,0.7205203142274609
150.3901752116723,1.299203624826504,0.7305006730718552,0.7737519320159085,0.7203169827985348
150.32045173639216,1.3035712229480612,0.7244502177714668,0.7703932280998141,0.7134637498046656
150.5985361049381,1.3048544838290301,0.7181429923591306,0.7691015142264264,0.7162730126382567
150.4005918318963,1.3091400355345406,0.7123498100454401,0.7716660518981283,0.7194311174482478
150.2726035903936,1.3041157433409634,0.7081177355125058,0.7729224644550939,0.7253840668995752
149.74963508820937,1.299474319257688,0.7027620349384457,0.7701367875988337,0.7228544574308706
149.48304123300233,1.3024345486182942,0.7173917112872191,0.7713227697800982,0.7256560228525851
149.33481212107543,1.3076325766689263,0.7249617144583229,0.7722872469027652,0.7238620319534813
149.51873150924322,1.3151988861897852,0.7309179841742302,0.7726309576502598,0.7219828088633932
149.19244199019755,1.3136533452709804,0.7256297853843152,0.7712102576291505,0.7268440643164801
149.60206504734316,1.3054087304764561,0.731439451741258,0.776024266007817,0.7303361362685222
149.41899013154136,1.3041595300245012,0.7192383222145744,0.7693816973655039,0.7230036749735788
149.0723240935294,1.2942943621416167,0.7107339178421405,0.7669871022381399,0.7204884471718904
148.9108724828547,1.2861301103684162,0.7078575325795137,0.766081088495055,0.7222367398477851
148.62266212661632,1.281470051800211,0.703268339415904,0.7630024321718908,0.7222210464576693
148.22362553645513,1.286360719333848,0.7042014961491936,0.7644708241820172,0.7204831365795396
148.2600670251017,1.2960308095684279,0.7042665300062718,0.7682227410469551,0.7216327019704626
147.9077629193716,1.2978590816677074,0.7074858125192608,0.7709640663463826,0.7237388250539919
147.70470021137382,1.3012990817726227,0.7114563834814899,0.7745541558601186,0.7279039459002935
147.53706520447108,1.3062826595152073,0.7146361237755993,0.7769364143874004,0.7311425640264384
63.16541347788644,0.44618316007384906,0.36470005500617886,0.281089213222268,0.20402873906060306
66.11065919878111,0.6226492252867663,0.3286502300223918,0.19022754890661134,0.12669146887771526
75.89261778180071,0.8184811245877525,0.1723043893753447,0.13978446824397966,0.17471052890476427
89.50561004298393,0.981798910631063,0.08012096801254275,0.2580953457991955,0.2621940327844126
102.42276401683361,1.0976765877805021,0.14113139734344535,0.3452857734191102,0.31269701888333157
110.19609273237648,1.1461794599201027,0.17236799757200916,0.41135281031776794,0.36872221251414916
115.56175373214977,1.1940277650897293,0.3306797587987271,0.48061348752591554,0.414617615244774
119.24883409589688,1.2426506278986602,0.12455133655598859,0.543070350084405,0.4593854100194054
121.84319440170967,1.286376754091271,0.0784256838374513,0.597435583153376,0.49408014152374086
124.28951475715849,1.3190353991484391,0.178076516078825,0.6449391293618072,0.5395996960730441
125.72358088866098,1.3266079073525028,0.32415625019325606,0.6733216234843307,0.5613916324892022
126.55516230140638,1.3291037954347367,0.43202276001422524,0.6852869566386045,0.5731712102974741
127.54961427668437,1.3357397264812125,0.5175724814869257,0.7083187250256641,0.5922810718415296
128.38550902572592,1.3343972423291661,0.5870679676196785,0.7311690870216526,0.6121693068868663
128.809115304093,1.3299630416077737,0.6306282503450478,0.7372194421987585,0.6204292242502918
129.15851376636076,1.3279802153922917,0.660218138153817,0.7435284745232463,0.6274801844308387
129.43379491264906,1.3302327796233477,0.6841571689596396,0.7489409855060524,0.6371222574622131
130.25246187161488,1.3451352031671011,0.7086392498824863,0.7623690948547004,0.652296014067917
131.01740413729786,1.3668424140099105,0.7301842007068177,0.7677756937385549,0.6604600334883969
131.96769600308798,1.391563387283429,0.7524282231461673,0.7717895509514263,0.6675201200164359
132.8225526450647,1.404684316231071,0.7709488712844603,0.7851550680029504,0.6846781610669971
133.44526915132442,1.4130779522649692,0.7780625168743305,0.788902050219971,0.6934101810085
133.9799041783001,1.4189957097951622,0.7830291340542215,0.786876695573651,0.69518448044152
134.65390756482566,1.4216944429403566,0.7855986605363566,0.789503228965289,0.7014556863814483
135.5520885838926,1.4153951245152874,0.791743451172513,0.7940933084406702,0.7067040996995048
136.24985079732912,1.415098986140799,0.7972357230240599,0.7994575430890299,0.7100371990851396
136.9851541259325,1.4210708244093304,0.7999429786720406,0.8021491010555785,0.7152169353057791
137.55349371361086,1.4237765000144607,0.8023253058821064,0.8030768576540475,0.7183878484944707
138.09881382512128,1.4226444209327835,0.7989525693647308,0.797432659140788,0.7140651555207098
138.2863492653226,1.4181928927110314,0.7862799082413051,0.7820958936384342,0.7006833596894134
138.5710888040539,1.419102421108247,0.7828193909418044,0.7788865915593111,0.6984120332076285
138.68159017731872,1.413844974893253,0.7770280597679702,0.7749765036247042,0.6963847817904494
139.14992798372978,1.4165240240275914,0.7814164311415016,0.7827669339669922,0.7011849611072393
139.6003773588949,1.4138906364173716,0.7818628281987314,0.784708647878126,0.7021517275370397
139.7172871985002,1.4090342834883045,0.7742532428583543,0.7806512911212649,0.6999772618846479
139.8134320381839,1.4061270667548562,0.7697873937777308,0.776990990707334,0.6974424018590883
139.80189386379803,1.4068126070339126,0.7636275460843818,0.7742096883728272,0.6963400679733535
139.4848637988317,1.4033460465115664,0.7609501646168098,0.7698093914536229,0.6892454470302825
139.3521783713323,1.403817951622286,0.7612127956888577,0.770088145099572,0.6875176870367722
139.09204396363504,1.4008344959352046,0.7575025545297214,0.7660903778653801,0.6838987839412815
138.80507411207344,1.3969191683101443,0.7545977898618451,0.7634217426188683,0.6816479982056719
138.58410954569962,1.3956768867746636,0.7577690478491887,0.767274332986817,0.6836179230792481
138.5716381416917,1.3919522461436862,0.7562713565701816,0.768518408638318,0.6845287757342768
138.56828836526594,1.3870538237898187,0.7528121996679483,0.7667680053519048,0.6859490586723306
138.58419015885374,1.3842703852160338,0.7519249476597772,0.7659923150278557,0.6867341315640212
138.59818810836455,1.3883627909323053,0.7582221548679541,0.772224783142458,0.6921304891732774
138.51342175846023,1.392476564174505,0.7585254928961195,0.7731032819136286,0.6936621345686619
138.24189764171783,1.3925090757081726,0.7637854220347733,0.7772009383386695,0.6929882182746733
137.9975247161263,1.3908486190695375,0.7678331313929432,0.7794562531625493,0.6900764843141375
137.76991579766317,1.3925848536880663,0.7727014632160472,0.7811542738023101,0.6888318754138189
137.4958128659494,1.3926287537270787,0.7693896175828762,0.7766029245956537,0.6856122395212073
137.51119702437776,1.3880730420601999,0.7678706054665588,0.7697128011174122,0.6766326378472332
137.66507291852213,1.3894013696685004,0.7713798294288461,0.7688600320459333,0.6784572795618435
138.0238989601201,1.3868764104225852,0.7738805268420625,0.7676992612821534,0.6830989101562662
138.4941726017065,1.3909521713151913,0.7726237015131466,0.7685919112976909,0.6882915636309256
138.84002508086297,1.3904322103664883,0.7713726264645893,0.7671993122354235,0.6902548121507176
139.04728890648212,1.3856372426741537,0.7665215417016266,0.7627645212432539,0.6893673569974595
139.172672864287,1.3780352980516712,0.7638240051946739,0.7603560935704758,0.6888239277543257
139.32911597975132,1.3722924368928588,0.7589439182616166,0.7586026516860706,0.6908498804046997
139.38557263779254,1.369326822465454,0.7589721226665813,0.7596041578921486,0.69269794356621
139.1980883179564,1.3590480538839302,0.7613270501043586,0.7633475006194579,0.6930832685483421
138.90798377815636,1.353792773546201,0.7598462404266021,0.7654027577737382,0.6940238324244636
138.71173835529464,1.3471194644703708,0.75671121539392,0.7633117111123361,0.6900235430233032
138.83485211977236,1.3422639571879904,0.7578077872532671,0.7632479361812122,0.6885871056214019
138.70647896138362,1.3391395077225152,0.7591813252365596,0.7653592362267757,0.6868866473514381
138.35516414352992,1.3360527865605898,0.7614638005822184,0.7676293097176046,0.686785353415625
137.7964485033536,1.3355532958574567,0.7637155278729602,0.7700614241024881,0.6860210240241905
137.40481191912335,1.3446668637902746,0.7648040146687959,0.7722040774474977,0.6854159482208353
136.92418702252294,1.3480160963235903,0.768405915843042,0.7725847305630907,0.6858978527880882
136.69604098363982,1.3459510953003064,0.7686528881048602,0.7725150150100644,0.6843606211559824
136.5886628507418,1.3510874137094402,0.7684101818975402,0.7738596802673561,0.6850783809683366
136.52391876670688,1.3476964215780476,0.767365933182265,0.7768585779407629,0.6874454989235242
136.4838313364766,1.3486017219711561,0.7684353161850229,0.777562433642063,0.6890215848625414
136.6277319092994,1.354740760055214,0.7722846346503833,0.7833724808332283,0.6937390429466207
136.78235426556267,1.3622059712094772,0.7744394467230972,0.7873244946481837,0.697009061834495
136.9315643146535,1.362893529063078,0.7779908117390901,0.7903605955419153,0.6985070305435983
137.14281762244124,1.3627272279242597,0.7796312449917482,0.7875190874482386,0.6944695668810293
137.49985545195767,1.3670330475262304,0.7784441313874174,0.7843876446187819,0.694677930769129
137.578357742509,1.3688720931640617,0.7718670006009665,0.7768702156323415,0.6901105900237068
137.71496641859557,1.3705410248165775,0.7696376300813869,0.7743681844107035,0.6900277397089266
137.6579164509534,1.3648293791355075,0.766314172021146,0.7705440730800724,0.687358517523707
137.62548684490156,1.3602610977029195,0.7666967861965067,0.768770617088609,0.6855529632159033
137.67200610234843,1.3614523395345017,0.7688699829779649,0.7707308822138952,0.6863294556839056
137.749617597092,1.3636989820810448,0.7754288704046909,0.7771421520047892,0.6916157189940685
138.0512546946493,1.3705548383409687,0.7820672966502396,0.7827247435247731,0.6979550531975349
138.5119268357743,1.373918723136585,0.7851015476847807,0.7856221843732868,0.7017079371250045
138.49803840278747,1.3773668809077908,0.7898469894466764,0.7915381703358138,0.7028793131464348
138.72500605442423,1.3775358714516817,0.795462272759184,0.7931119481339673,0.7022753470119061
138.80553838065075,1.3890928492135661,0.7976415397897505,0.7972369550199508,0.7067720949581952
138.6567958866138,1.3849721243317616,0.7959196201609537,0.7980590107797677,0.7079951914955326
138.79864522776413,1.3880243155994205,0.7993478192959089,0.7998299917524843,0.7080930650191888
139.26666421818823,1.3792373943961425,0.7951889229645567,0.7929436629876112,0.7062519494119857
139.42579608220277,1.370316996004232,0.7891511841691976,0.7865262632788703,0.7029788660924767
139.377356643205,1.3640902325605482,0.7880054373453215,0.7832215626510978,0.70033597969727
139.31713815848818,1.356605765629973,0.7867920756122404,0.781323280545352,0.6993669340083428
139.1715528488061,1.349670671643151,0.7829081704727171,0.7802080449180919,0.6988788648332891
138.99721639861846,1.3525977782099547,0.7859613388820482,0.7828790123383177,0.6997708411211687
138.7696030826308,1.356858697047788,0.789986053770769,0.7861382031980417,0.7005545853691884
138.60353197258152,1.3592401788661406,0.7886704479071001,0.7840447502507639,0.6986594191248603
138.63746486182347,1.365617628066578,0.7895171733481136,0.7865019693347964,0.6984341487885597
138.67692058078697,1.3647742345289002,0.7887013867564493,0.7857900806163086,0.6969579427399463
138.53958839373493,1.358988488239783,0.784052499955732,0.7817943508329964,0.6910989768197755
138.6059392633212,1.3523536774394145,0.7777347086968001,0.7708169178285368,0.6865791745028634
139.06610130223308,1.352624815543815,0.774062480429003,0.7648723949005019,0.6881520415223356
139.3358627212401,1.3567647171026571,0.7767906471214547,0.7680736846195106,0.6944005722203855
139.4559113032054,1.363579330930921,0.7772277675461217,0.7715840354765411,0.6986747838065737
139.60558455236009,1.3667981306366455,0.7852423833751728,0.7812891470939481,0.7048842729935073
139.52508915160035,1.3730864380707857,0.7911143194881555,0.7890171349345979,0.7069391036439211
139.58730691252148,1.3845561893046898,0.8010448227331185,0.7982110999372037,0.7112811827035924
139.57643824706446,1.384909374641326,0.8049106072828304,0.801899369155478,0.7123511798783853
139.4632190558176,1.3835324474663901,0.8060634146926875,0.8029311061114798,0.7101384134913439
139.42146652572356,1.380224385184976,0.806705969192374,0.8045119361490151,0.7085364162590958
139.41910115225215,1.374652360795668,0.808601829249141,0.8071035490932857,0.7087210198722471
139.52184561378192,1.3731561205847445,0.8145483123322323,0.8151922107110279,0.7141702528221838
139.65755804338033,1.3726609009705308,0.8158232718057382,0.8181707757601971,0.7161827055823281
139.88712985163505,1.3708121865332872,0.813760334512048,0.818379984729364,0.7173739783146144
140.00270909454494,1.3742839514034333,0.81477256184177,0.8220075559538595,0.7187905309395352
140.21276478980127,1.3789196234115912,0.8198071778101351,0.8257622614122977,0.7203546843333354
140.32234241343815,1.3873110014896588,0.8249904317843492,0.8307666453483056,0.7227291807546685
140.2678715913947,1.3932171900973744,0.8246802451601104,0.8288929199082633,0.7223385682572232
140.4679405658697,1.3922578036277677,0.8235250106551673,0.8265213341726511,0.7209637946536162
140.60050112833605,1.3904130926409095,0.8188732639108112,0.8224401994928568,0.7184180746763971
140.64123734813555,1.3939573893558328,0.8177091051768268,0.822576341727523,0.716244981786079
140.68954012931752,1.3993796418109052,0.820999528403185,0.8266575013468931,0.718045677617737
140.7242298745178,1.39724535187232,0.8204102214799927,0.826541385484806,0.7144150324555066
140.8019362746326,1.402081029294803,0.8242097748545606,0.8315079534734103,0.7195201675326858
140.77701330368325,1.404056922825825,0.8284256244116895,0.8343750171236239,0.7250808339024619
140.6709653758752,1.4064857413476441,0.8306833810677425,0.835384524509972,0.7273862358660986
140.65998088668226,1.406334084451991,0.830673080395561,0.8352945184802226,0.7289554148487932
140.79188429111633,1.4054864884930771,0.8308358583342468,0.8365058541202104,0.7322701717752368
140.70428012588854,1.3995686887415792,0.82745219703517,0.8324245376111602,0.730965798279223
140.67576084817586,1.398853627581387,0.8309200584493278,0.8342599054142943,0.7327312733618137
140.60583669971857,1.397717462628197,0.8285505979564826,0.8312309396264947,0.7318641960073465
140.6692732430379,1.3927036641338746,0.8261106871992503,0.8281434149233172,0.7301376797311351
140.70797809009412,1.3905651194769397,0.8238456218036218,0.8215066024073909,0.7261216922803492
140.80074349350105,1.3903321028783902,0.8227947563570507,0.8190052268397114,0.7235306438235952
141.09325488568103,1.389619243455572,0.8154734492737804,0.8104741734774581,0.7188775205592342
141.5347425198688,1.394062843424331,0.812154050231898,0.8069225087415597,0.7194975195778591
141.82320081116967,1.3933386028313848,0.8064438659341767,0.7997730210665303,0.7119338725335458
141.97276556831343,1.3931675139683495,0.7994198874589267,0.7905828123358152,0.7032574867383815
142.15679838813875,1.3885138799384464,0.790662291373489,0.7825984420654405,0.6937033668470252
142.02568557571823,1.3865288966777762,0.7833300443482764,0.7759394792536565,0.6877093923550051
141.86549524483823,1.38547661905346,0.7802506926275565,0.7741472709409353,0.687634921906835
141.5333207726031,1.3935229830343348,0.7793658244274935,0.7767225606573075,0.6901576412736478
165.16359921166753,0.5439727689370228,0.8135629949006942,0.6526973574842969,0.4662099268783329
136.16010013361944,0.24115737624109965,0.6663648861136536,0.388738615999025,0.2512800161662519
96.1460804657434,0.326914995278133,0.3907945341592304,0.19786865324514855,0.14927724241519577
97.71916598872156,0.515951098401799,0.43374957966739247,0.19037524494035957,0.19031075630457087
105.62561430565401,0.6607882816176689,0.2677440707669889,0.2647142377064074,0.24185536604060262
109.11541973478613,0.7595230186000839,0.16662490448209874,0.36746714394326957,0.31023583900661866
112.19607327017256,0.8739744465358096,0.17683026132973048,0.4630512129373084,0.33875984018653005
115.14263862599414,0.9285682137798139,0.2699772331626055,0.5174477725225957,0.3654796539012437
119.32188311043359,1.0127727351329798,0.3585746723927256,0.5722629918135365,0.409228642243309
122.69525219290375,1.0823846763144969,0.41297791081448487,0.6241670741675629,0.4574737105190739
124.88875266008027,1.14528391474432,0.48172184303551724,0.6582870933753369,0.4848176966732578
127.23001887519806,1.1875851117402167,0.5549096399315177,0.7027710834360692,0.5186308012542701
129.1677740045675,1.2265927594009625,0.5900545054601193,0.7238945303271537,0.5297956338262768
130.64264781138814,1.2492636811471234,0.6058755136647,0.7352050106350173,0.5330740449794757
131.89993212911088,1.260815913540211,0.604652153148754,0.7624692230080075,0.5462080453311196
132.74563437308944,1.2701589671406537,0.5536315160852217,0.7911431641608566,0.5594335409778932
133.5689346951516,1.2822651775288694,0.5928425483494608,0.8210367572648544,0.5713954169679127
133.65000217176555,1.2899585886153155,0.5961576776308406,0.8431304469438919,0.582729373442483
133.68611549346167,1.287730286054162,0.49137836293844517,0.8566685707189591,0.5871973177031593
133.90032445560638,1.28889722440722,0.45267169972271043,0.858769492915206,0.5895829759382726
134.07196838680017,1.293236712826887,0.2295242481035831,0.8669966918340135,0.5930367458767359
134.575311303597,1.2916124719308704,0.18559346601450927,0.8592823084752701,0.594592241698042
135.36222205176358,1.2954606991710387,0.18622891235275585,0.8515241618943535,0.6017011109580161
135.40085291036033,1.2985786578639336,0.1510441031336411,0.8677426238694431,0.6056093032370206
135.83864294193532,1.3127933463604116,0.13699916716075675,0.8611600136863771,0.608025597542944
135.98537339250686,1.3066169463825132,0.16471713811234384,0.8569638463575016,0.617017985560951
135.87011898496004,1.3035388952666784,0.1322359421678982,0.8666963154749421,0.6221688443984398
135.9073494056591,1.2905877681678435,0.24390151082929126,0.8692995252776201,0.6284755386397086
136.21566602805876,1.2875148340682814,0.14884499644171104,0.8686389505171449,0.6245194735791464
136.18219534487483,1.278829926505071,0.14983452075834813,0.8706273116169719,0.62339266732889
135.80474837879552,1.2741547625707197,0.1748292591240262,0.8808559630310215,0.6317341931805002
135.61832858331897,1.2628879122613834,0.21698558307786764,0.8802221125014386,0.6384253307311192
135.3371666950228,1.2404821401892323,0.2945283623899602,0.882900584232766,0.6384845239262911
134.71943732050147,1.2102745274651696,0.44150642089153996,0.884566402293569,0.642057589527647
134.36538181581105,1.2147836851956193,0.3072053452781416,0.9040129632846177,0.6419705397839154
134.09976298859516,1.2224591558932363,0.3131939639735747,0.9136655030268216,0.6446372880328888
133.98377957273223,1.2331249832963374,0.28229381118223257,0.917701062610906,0.6455096725023644
134.4193258428208,1.2533093637544388,0.2928184011298089,0.91190695213724,0.6384994846749834
134.91808076964998,1.2647052545117003,0.23082985384049196,0.8992444402893726,0.6369702484565491
135.42725835946095,1.2674738949118087,0.23570956984426075,0.8857390401753769,0.6439240896710472
135.89790705758926,1.2584946010629696,0.34924904115080685,0.8583040370386067,0.6427924542292575
136.3778121498124,1.2602507237698808,0.40869558289719465,0.837319932995696,0.6379592866545554
136.6373425429394,1.2645940026451643,0.26494408563081306,0.8293076202636985,0.630559836784336
136.74510033190904,1.2581314289600298,0.4147682444628526,0.8295010464335455,0.6356911981114598
136.72880876564844,1.2398961257712566,0.5266708363936384,0.8351345447150225,0.6421102982166526
136.4448959063967,1.2324127695839497,0.5356689042664253,0.8450702062449771,0.6495712035820868
136.20262998151736,1.24555281822528,0.3193524778348509,0.8665333406747391,0.6542710278818322
136.3600221869313,1.253680502830434,0.3813391265512123,0.8614429148347872,0.6570009291005608
136.5279906837919,1.2697890076395197,0.4624531607525284,0.8448197388825412,0.6535623494337425
136.90297707029174,1.2700356855029167,0.5514367859731647,0.8435808891990662,0.6528735214165929
137.14492545865724,1.2740020465050008,0.5968659858946898,0.8299065039104033,0.6514083611349664
137.25992659797714,1.2668599063237076,0.6149600004832115,0.8266508965392926,0.6483410741862582
137.29074992045489,1.2572830000805069,0.6631644812029173,0.8188542310970626,0.6458343478233788
137.45426559653717,1.254254442093105,0.6589754437161687,0.8080784816304482,0.6446945062288493
137.23485773662034,1.2624875762199468,0.6776850861418755,0.8034310065084036,0.6445366464105857
137.16254953036443,1.2658448499942472,0.6925330028359138,0.80013508204838,0.6457326461932422
136.90193774420547,1.2604498416557899,0.7219444964552001,0.8059445278149003,0.6487498954387485
136.75031596433936,1.2579988536478777,0.739811014447953,0.8133577159703208,0.6520562710896208
136.50400529728012,1.2494240170540214,0.7642817063857954,0.8227191922044753,0.653320850099998
136.2050914456693,1.2400945241980743,0.785178507343308,0.8298572830949444,0.6555133853190848
136.26049167332846,1.2440333759870514,0.8164652540605905,0.8475400337379437,0.6628291514281018
136.47810189169542,1.2407446206421822,0.8308952818985713,0.8603381811378406,0.6699418225564097
136.6268339430447,1.239730943255868,0.8357761580920455,0.86758233942942,0.6730959712145835
136.8547455416222,1.2339004513173677,0.8495595293706789,0.8759692157617133,0.6778797947036401
136.56832100516988,1.226398422362706,0.8607341773481939,0.8757367658813592,0.6770889000509672
136.55804480471343,1.2265418281230926,0.8602834959793992,0.877290195000146,0.6811196933237594
136.13409243533485,1.224961310494986,0.8660358483896059,0.8777421051196249,0.6791151478880674
136.2100497588862,1.2285003426074435,0.8498357382243436,0.8771890720541621,0.6806075292280283
136.28625928316234,1.231672677831691,0.8271896014341268,0.8675267549706183,0.6780644999418715
136.49685093334315,1.2359769295676035,0.806621265791365,0.858310088125535,0.6736485328137616
136.45826389931733,1.2384534364219848,0.7934717875835552,0.8526608852874152,0.6705764387855492
136.15529944770032,1.2412216851541291,0.795849064199978,0.8553561881238451,0.6690359702699373
136.0176066918331,1.2485159806021786,0.7968874168840336,0.8584062003086268,0.6694819529472505
135.87160486949998,1.2482832246324933,0.7944254543688315,0.8569423296507583,0.6681697816609533
136.34785862830677,1.252074387850479,0.7798287869250362,0.8467675233001579,0.6639913491364126
136.61966106468293,1.2520759073511534,0.7834085665286327,0.8433811552376403,0.661839253048516
136.79744223265493,1.2519721862999131,0.7724530865566938,0.8341829558698681,0.6587697085223607
136.91637912003335,1.2516115924769153,0.7822822657346922,0.8369654045561932,0.6577620776844223
136.8466876361712,1.249007006275398,0.7817530559055108,0.8338950209005449,0.6577187956883053
136.77489904840414,1.2451207130775996,0.8078918191015821,0.8475327957531195,0.6634948787350646
136.47865599552728,1.2439138010331259,0.8374533346982996,0.8605525948452502,0.6677941570333985
136.25506331983286,1.2396382712835043,0.8551432627169573,0.8666454233155386,0.6699119666220474
135.91172466821038,1.2333191997400088,0.8606073975791394,0.8691490784992072,0.6710069107376399
135.63963053153836,1.2341187686463424,0.8715052710311536,0.8769311021564218,0.6783811087035072
135.62121676931494,1.2504529377699387,0.8531582732030893,0.8768158135625621,0.679140215057936
135.8846415628273,1.2506806379960083,0.8343666609543485,0.8671596275261537,0.676779591883714
136.27139939759513,1.2511824895128432,0.802125548004291,0.8525033286131213,0.6734531423087143
136.47751919255884,1.2612394642863798,0.7970813469283278,0.8506716824752415,0.6717725705181117
136.76966612178853,1.2615655427976742,0.7794349363644776,0.8389539322598984,0.6698424945913001
136.6884162999488,1.2487017154543738,0.7851698190566864,0.8383022426521902,0.6722852748027872
136.78922260275843,1.2403198061409306,0.7991316010987162,0.8393074569250315,0.6718692331776172
136.54827985271612,1.2292147136567229,0.8252518207790153,0.8436305153223391,0.6727681838632926
136.24469701612685,1.233294614533845,0.837036245024239,0.8454787215710061,0.6724932270373625
135.90203791619413,1.234329491501244,0.8289304421683427,0.8382208849858156,0.663940307694384
136.11384445936173,1.2321413318021577,0.8162464194956112,0.8310299452348764,0.6585699045406017
136.34663959934022,1.2346313386634693,0.8030698670608906,0.8300143199047363,0.6550526276678577
136.8359693720055,1.2401585994110031,0.764990552254483,0.8187465055926761,0.6538516532389826
137.1875026160435,1.2385884139624983,0.7442933044098202,0.8102389352515745,0.6504599797469559
137.38074942809266,1.2453112925479046,0.7359904567409303,0.805342136454318,0.6511865161519151
137.11693612378113,1.2623605385227659,0.7414574572355443,0.8143001000518032,0.6554055027579415
136.53229914580828,1.2663275094632254,0.7679760833863857,0.8325333374384121,0.6602013001923738
136.0081168752079,1.2600153665113365,0.789232198248664,0.8439051367620534,0.6619839217027057
135.9774033764408,1.255167811621685,0.8144878217228623,0.8544154744919564,0.6655431601864267
135.7181251752983,1.2500291564793655,0.8155374250076309,0.856699387075,0.670223194334604
135.58779166714686,1.2589935777557557,0.832539548729333,0.8664622954955479,0.6772053128479482
135.62473101440165,1.2634432593268172,0.8356480066093274,0.868097620591933,0.6797658275470265
135.63813643385706,1.274398910123575,0.8333310037547434,0.8724189850735624,0.681135544894942
136.12171676740277,1.276377582350655,0.8360888198491421,0.8705268901330577,0.6753900837507658
135.84815014697875,1.2787153284596644,0.8521370650245554,0.8778471539617296,0.6768747449441697
135.79139624688608,1.274950466664645,0.8537896400831241,0.8733053265648716,0.6758948430550233
135.59273860378482,1.272098163600502,0.8392969110337636,0.8657357972487698,0.6735408794973784
135.61324080490942,1.2722915149138996,0.8191865391396399,0.8575204568245195,0.6718461134098298
135.72155800842305,1.2689206061280156,0.8106517215421398,0.8523063836106823,0.6672717550311164
135.7809634364719,1.2645271400034865,0.8000423156632996,0.8452224328368733,0.6593500041295443
135.5829521928168,1.2511296953360131,0.794546001676104,0.8470319268678163,0.6568405070139262
135.768406306627,1.2582595563058523,0.7689950400603608,0.8392217132846371,0.648226561294849
135.69028326243858,1.2579458898339984,0.7775958580712036,0.8470633427167966,0.643595844309085
135.59918455795932,1.2509909958998007,0.7508837410164917,0.8355421858923248,0.6387637203612491
135.47883852831671,1.2514392142074184,0.7545487596158783,0.8432759950327356,0.6398953587796888
135.40160781587645,1.247730719781293,0.7524835029021352,0.8487644193947698,0.6402053335479414
135.3514739304192,1.239275338482721,0.7489268803870149,0.838273208496875,0.6327576081942359
135.47309768379995,1.239934723922386,0.7366048515237785,0.8274694373016789,0.6316522417440661
135.31445048030784,1.2319523127254708,0.7316160111225517,0.821563487992252,0.6294652175636811
135.56488672917723,1.2361358723399714,0.714503846584278,0.8173556021833983,0.6326840277522114
135.67163512673145,1.2349953708360304,0.7016790500415434,0.8094892545897018,0.6313062497523151
135.6995063098472,1.2325163561563275,0.7012310597313409,0.8055821556769927,0.6273168914838132
135.54899059508142,1.230845923610568,0.7075028419908348,0.8090332968988886,0.6267607287698791
135.48338001385324,1.2298899239667556,0.7202435405742873,0.8139103531202134,0.6260831033933788
135.68612493406104,1.234905928220304,0.7129514713965097,0.8072153700110227,0.6241487148499447
135.73942496155254,1.2357482074252908,0.7143312656990107,0.8068413643055813,0.6233685636243854
136.25671331033428,1.2436254814075212,0.7045537959482209,0.8068317233351471,0.6299637742247901
136.43622230765178,1.2489350289622896,0.7096262446811418,0.81885794360754,0.637606979320728
136.53849743002485,1.2550218674769953,0.7122416984768885,0.8138284387447241,0.63687757460045
136.50271349349495,1.250173268556583,0.736662392795465,0.8207432573904246,0.6413903649617064
136.71899940487035,1.248583838112101,0.7405588088204866,0.8215634664600757,0.6419479971535883
136.52469139198845,1.2392573371423585,0.7642130280055842,0.8297840962731948,0.6476957874000699
136.35061165158433,1.2294466771479398,0.7901052623216597,0.842899113547995,0.6521503908930898
136.2088700098927,1.2109502926868279,0.8144136703207889,0.8562699161847668,0.6543583655175402
136.3794887293862,1.2070379342458923,0.8248382558229058,0.8629797845514681,0.6529124792919623
136.97604477533935,1.217477241744108,0.7936648675155671,0.8553345821020574,0.6474938422581781
137.3097597625878,1.222498328839167,0.7577909199673679,0.8499440128626735,0.6454127036289227
137.70713002487753,1.227037889703799,0.7187060955902965,0.8288643689448998,0.6387240040581208
137.979242685109,1.2285439118780632,0.6899288560378375,0.8147631026086863,0.6311740836877285
138.28891160484596,1.2350415119405898,0.6784548436263649,0.8162322103177192,0.6387324362933114
138.28556459295743,1.2349518995549507,0.6620333319156368,0.8126030267848564,0.6422979722074799
162.44048401985614,0.42561636317066165,0.9868513296156932,0.8462842307231805,0.59355946681394
122.16751096195809,0.16297684796768688,0.6815996566656641,0.548835355043785,0.38300423444964377
101.72866897040414,0.33253462089981345,0.5373608515094999,0.3724687305367882,0.2559406667966855
105.89318826301316,0.5159737457934239,0.6362879314813267,0.45370375251697925,0.31764391742404124
112.6212057084602,0.6479583827197055,0.4208064527747451,0.2737093307209662,0.20434459522090861
120.52347103325069,0.7389148498882357,0.3269998132247948,0.2167963364912058,0.1897471533070201
127.83858659331143,0.8041443272193171,0.351380957153034,0.20628697125185522,0.19883411427748543
133.3888514545676,0.869693337486867,0.20185478630711362,0.2563631133357565,0.24766971364599397
137.7011919504997,0.9253178380203012,0.18096129493279733,0.33201620163748796,0.3031174282869643
141.04271226160338,0.9765397595033167,0.25040778507020783,0.40308025004824166,0.35880906334396506
143.0512692357108,1.0198978390801166,0.30372098063922376,0.4495248122891928,0.39707713098666975
144.6735294349344,1.0410417542433663,0.3001021225743811,0.45687117701660473,0.4141423798418886
145.84185629981076,1.0667256948082322,0.2825672530415716,0.42366852263388566,0.37823382610663986
146.58203357717812,1.0907444055270665,0.2910944598160101,0.43359526049700037,0.37821275317884534
147.08693678500285,1.1223487085728134,0.2980704433117594,0.429906521754138,0.36695217752030684
148.16054432883593,1.150260533232353,0.31279253308706767,0.4389099850301078,0.36973270134378067
148.95704266514176,1.1693463454016546,0.34965080325362574,0.47822983821153736,0.40178519677804864
149.8209401466973,1.1792205683252015,0.37926720897878813,0.49348885317658214,0.4001167833071656
150.57026084879715,1.1763011633573612,0.41976861334855453,0.519786951637766,0.4188659104285133
151.02971789801762,1.1919122323391576,0.43545268515606556,0.5254150708265892,0.4143385115878824
151.45666427306227,1.2036861069895375,0.42546677564056773,0.5129439383988499,0.3886697773394767
151.33395177014654,1.2139697043856403,0.4175922697241753,0.4973659968855982,0.36099621562745476
151.29384024581475,1.2139065446591648,0.4141784473926814,0.48322176589450244,0.3534649279884886
151.2427979656767,1.2183185932421483,0.4124290584619256,0.47288785087788027,0.34767807532885325
151.07659138767838,1.2158414922466245,0.3885619957775153,0.44438506820639345,0.32168011993674545
150.7785610969366,1.2004780151177379,0.3674136464219177,0.42544938726899706,0.3063768087503754
150.46121873732068,1.1849687740023647,0.36015876291095755,0.42048084668811736,0.3066254988178546
150.26449732800256,1.174150267261115,0.35654739286299836,0.415944728529238,0.2972061156017446
150.41170791996626,1.1691511605485159,0.3495360289838939,0.40763381861201103,0.2929111990722376
150.45210817727116,1.1505960471758172,0.3536772083291608,0.4123317496119978,0.2942701165232008
150.45859328726434,1.134781294672342,0.36098345883125976,0.4280211218193532,0.296040354119962
150.42103379331294,1.1328359201262383,0.36152151378002856,0.42253863358175986,0.2941999028261141
150.01224317394397,1.1346376234954636,0.3607928220539048,0.4338428950298505,0.29147150217957685
149.92527205511243,1.1222281690929472,0.3680558757714654,0.4510840355930322,0.29442393724110216
149.567258453527,1.1280100084366675,0.3741453428548259,0.4649114285369697,0.28430321492635474
149.7676856103445,1.1417922637629871,0.39176876149616513,0.487813177942419,0.27653863707149456
149.6868812392658,1.1370096645786663,0.41794439938663935,0.5136383703944262,0.27293340908873226
149.98062516999627,1.1518803193395324,0.426766150429664,0.5250410023293403,0.265826920113783
149.55848730853708,1.1575249003382677,0.4366909302705543,0.5367275473955332,0.261596711423571
149.25275479038368,1.1701978872339733,0.4322634426768115,0.5289534313603721,0.26201059168243546
149.04492340902686,1.1764382521806016,0.4066611888756477,0.5158843015214303,0.2658363276191177
148.98064278009093,1.1796895038703017,0.3915288642975175,0.5016341506005656,0.27021455641832215
149.2095636385691,1.1948926236304593,0.39005120017671707,0.49397513872171694,0.26863093606009525
149.3346201385016,1.2091617979172906,0.3882365985854989,0.4996787576357331,0.27440565205368994
149.458245828498,1.2118865346986605,0.3871284171944981,0.49541766641954577,0.27202877503361605
149.6313810291725,1.2160969177271914,0.3821647386062948,0.48686503071291903,0.2738822465383801
149.75082639263175,1.2188590651704405,0.38805078592778525,0.49188867698873695,0.2774464708426545
149.7389823172476,1.21400043225405,0.39348325495438585,0.49741711098448327,0.28020938019408703
149.72707784617032,1.2063941322550815,0.3797317353762887,0.4772660192065943,0.2832909380661612
149.68885672118924,1.1991378638473342,0.3791662785746888,0.48260440527380605,0.28414837969044077
149.55198913453327,1.1960098368871404,0.3876923880167056,0.4921934010983186,0.28268290842049487
149.62013797817104,1.1986762514336349,0.3996896644503754,0.503458608935121,0.274766250465957
149.87194686563254,1.2171916149376532,0.391845060075307,0.5086439485667653,0.2699404558456914
149.99110516014233,1.2307939748079428,0.3597170708671612,0.4785991452294212,0.2724248507140826
150.01515040918775,1.240864826807198,0.3507271063898931,0.47428625950890557,0.2739431045160077
150.02902944169207,1.243637162916922,0.3416219914674508,0.4693128511250575,0.2726025067821161
150.061082948779,1.2387736142522665,0.3391318130064967,0.45993538256929095,0.2740227029016067
150.19727779688944,1.2291734328762403,0.34006466690928816,0.45757252534683923,0.2787862684779369
150.45400928633214,1.2318286851886988,0.34640091290472885,0.4412769329839229,0.283240956363989
150.44275901737484,1.2230363170803529,0.35415715289220945,0.4391936536616969,0.28800510295679727
150.18829602464015,1.2174435681391949,0.35706799542566,0.44759415408359776,0.2924224820876412
150.30262711003766,1.2055838387509696,0.3590533070997038,0.43867521394114556,0.2967127739175505
150.4294400334415,1.1936135277005164,0.3564308659020945,0.4470070358439245,0.2978039190715587
150.4844866247916,1.1704348105068498,0.3582450810804508,0.4580381065444824,0.299783264028833
150.34891651610727,1.1604186468452218,0.35790593929354597,0.46513615126451463,0.29541362034856317
150.19478142193884,1.1504661582112001,0.3611092851479821,0.4687453598310496,0.29770926220551314
149.95114002758638,1.151240837335801,0.3607492062580514,0.4651616643784916,0.29368831892039493
149.81687564794606,1.1478207465932186,0.37379243128585443,0.4733641342713555,0.3042744189251637
149.5251219761777,1.141858994661431,0.37158062361530936,0.4705148078999657,0.30066911361398324
149.31515607963917,1.1349423063097153,0.3723713847337779,0.4704936051232827,0.30536368288170657
148.85271256968772,1.1351279101838885,0.3675329509131257,0.45942289338672976,0.3054211198197451
148.53395071196658,1.157507007030154,0.36691831813025777,0.44593565361215515,0.30618413752021145
148.2554856113854,1.1667205568868104,0.36706812537537276,0.44765110037571915,0.30776416711558463
148.23141231105944,1.1702254286444385,0.36454978410175054,0.4404063432439272,0.3084306936745191
148.20032228187802,1.1751639706068182,0.36713954246528585,0.44030138234805394,0.31061796990884605
147.8301705000058,1.181720108782595,0.37050267776610374,0.44120060250463294,0.30890520805126537
147.59499867713382,1.1799112010796218,0.37260697443429114,0.4409498265072195,0.3165404796227806
147.6089472885336,1.162568417711368,0.376941619262841,0.4499659022747169,0.3193865576241925
147.4741542282481,1.1612434101305888,0.3644956124813615,0.43960732053323665,0.3095498029096204
147.47491488003843,1.1572276185361945,0.3645539467945217,0.4314787589579242,0.310728460975586
147.48360226565242,1.1614836867159661,0.3655846645224985,0.4257375910803025,0.31051000549990465
147.38786382298613,1.1630944503296674,0.3650291248556449,0.4248489787596377,0.30713107279035623
147.28746681887156,1.1614172018872277,0.36960081523614124,0.42522476423158845,0.30763201288733927
147.20939719935754,1.1650505552600785,0.3750277021277006,0.4239234177148522,0.30948989020906936
147.2427236058716,1.173339811049317,0.36992641302079016,0.434267165707421,0.3092855549297013
147.24674892031615,1.1773121270325513,0.3701518404960004,0.43792681434824626,0.3138418878709695
147.25902900950726,1.1772947763457426,0.36913934774761537,0.44479348354976583,0.3192785982500905
147.28636889190102,1.1786040487312444,0.3707721461681235,0.4399959456257402,0.3276195141609791
147.351418773329,1.181237079790947,0.37018173471452975,0.4402959401290969,0.3241524776246104
147.42157648842908,1.1875411218481038,0.37449320344933257,0.4355539205070597,0.32783902531832193
147.396660645859,1.2001804200138018,0.37124422050050654,0.429097606416086,0.3352983613446071
147.3418582390335,1.1970858484074867,0.371895230391692,0.428870558660015,0.3292249031623934
147.22156669241792,1.1880292948874729,0.37140704917534395,0.43199627295167203,0.3226174328208798
146.86752282381852,1.175360160464575,0.3736814389222807,0.42861829726128314,0.3182459123042442
146.64893812311718,1.168778202125258,0.36470043618643366,0.4342585044279469,0.3075697124786331
146.32781590567345,1.1401073468874146,0.37476686526587116,0.45247274816643746,0.31169257094765834
145.9590412735426,1.135262254122218,0.37231370524861435,0.4504623661658574,0.31204151611113856
145.58878092108353,1.1391606923527555,0.3679735705072877,0.4495741200910641,0.3137439817425274
145.16633448159132,1.1457193389616038,0.364076979622494,0.4250547457223079,0.3068329245293081
144.7350858038371,1.1476073093404615,0.3670883210492491,0.4242166164429405,0.3114512093607051
144.53047620682997,1.1540024673345708,0.36251985055118235,0.43513528232125126,0.3146668516881951
144.15315055819605,1.1450638058335327,0.3687737008656491,0.44839306101867926,0.31558451789576836
143.78196954119085,1.1256810665602686,0.378802093414817,0.4616012384396425,0.3237398990457091
143.4736811324707,1.1173352633864706,0.38389063622780784,0.46028442292652916,0.3272625412442873
143.1782327062857,1.1082409854037931,0.3902992711384265,0.4599088813376775,0.33376019996841433
142.99711628706677,1.0943100853938654,0.3967842925456955,0.4584852391099324,0.3370747864696995
142.90944755950161,1.0735387642834529,0.4119014278590848,0.4650697189866596,0.3460247013196501
142.8878912052086,1.0640337557334514,0.40947286951128825,0.4610628404168726,0.3397802487099332
142.90388682117091,1.063156227253606,0.40331285637483344,0.46388221546955805,0.3328750435949909
143.05086785270015,1.0485614627515865,0.4214321195117133,0.48259153739634914,0.33121197827533716
143.29877484638382,1.0592978047532786,0.41141180331820204,0.4822414661488704,0.3322392854069822
143.32807076631474,1.0599029577160242,0.4206741586719897,0.4960220374067704,0.3260472856306694
143.55554819328987,1.0524236996250929,0.4521780236964753,0.5264516090768524,0.31625455490751897
143.52381137070904,1.0378017952928764,0.49471691098118353,0.5654843797277942,0.3295839269989655
143.94394243321779,1.0388330589175758,0.5292524190837337,0.5953610247854653,0.3623044951227994
143.98648703860408,1.0263131188153276,0.5500612126980037,0.6089340829073351,0.37867661717939044
144.12407244265506,1.0164963182646745,0.5703895148357662,0.617780341553039,0.38005450316036044
144.23860218679056,1.004084515772239,0.5946929082108976,0.6322005474367629,0.4048042253185528
144.18962340091937,0.9994447057284706,0.5996325114714456,0.630567671746233,0.3714750815601639
143.97930063433733,0.9908753487848141,0.6141673415581094,0.644364973379811,0.4130947266909681
144.30917234287747,0.9927944208266501,0.6180764122074319,0.6449412055512315,0.40992790221246844
144.25915878090714,0.9891049228557347,0.6322313874099839,0.6612790493101611,0.4543294359964959
144.37666540978157,0.9845939355376447,0.6497251073914269,0.6699431278393186,0.47501990651987397
144.26346589835262,0.9911376386625503,0.6683700776675442,0.6839378863407262,0.4966523489293553
144.29232217797633,0.9972041106009896,0.6755227048063127,0.6854063712040862,0.49354541587443707
144.22676773203796,0.9951813423796341,0.6974682033097952,0.696813245612331,0.514529344175988
144.08756643773552,0.9963518925552699,0.7150309334353989,0.7051393519935572,0.5165730760855923
144.00432002979076,1.00515398880211,0.7305816220794947,0.7125928926161991,0.5143070412691283
144.0583159022743,1.0130980148947948,0.7375057034693353,0.7126727216178057,0.46544408051631503
143.73765156513196,1.021242524436136,0.73120589349582,0.7189375599026437,0.49400415205123194
144.30907678642632,1.0252146523913181,0.6852837486409631,0.6882255987619342,0.4072560742923255
144.2369214655913,1.0300669050642692,0.6403708730941652,0.6686705211770024,0.37725375002586187
144.07803471106143,1.0316367997149964,0.6027666465133014,0.6451111517230138,0.3705502205926952
143.67994404432852,1.0527516404687665,0.5593842745777103,0.6226199052532236,0.348874216573799
143.8519711483428,1.041602536565617,0.5549720060996837,0.6215570646193728,0.349108135257172
143.81544318107524,1.0265293041996666,0.5540846547861773,0.6249176585830721,0.38652634970505617
143.95074543562757,1.0239098851608035,0.5537049587862156,0.6289706726854608,0.42296481336149055
144.01718917423497,1.0452168655647966,0.5628287691496346,0.6332026863999566,0.4595666918648587
162.0738097461273,0.49505776817192626,0.9792908697094052,0.8773542349904485,0.5467971176912515
130.4477482191852,0.23775696232634852,0.9393747371862778,0.6098965855460753,0.34401720244868667
95.16299867265082,0.3865749261630709,0.9709980985704164,0.6056876009147383,0.3112897106497301
92.71885035449876,0.5951088809719156,0.6938106575513573,0.441343711143208,0.23120328461486145
105.27681364918341,0.8159338602700229,0.8037848136017933,0.4854192601911862,0.2720821338801579
116.55581424015395,0.961835653429758,0.9251337314725286,0.21236365161835705,0.13835585851840657
124.75068085633202,1.0443457205545983,0.9967199278531461,0.13486924730748365,0.16607985280527282
130.8257517746939,1.1042487259899936,0.5589558368762643,0.24153153821467865,0.2572132664086261
135.1131663594136,1.1528678090389617,0.2535554000508668,0.3350354846718813,0.28609041140324415
137.05511801203258,1.1866241813388823,0.06880809682803943,0.40243161650275877,0.31942048095925296
138.7269841151259,1.1908354047361414,0.11700043205738933,0.46141549292350864,0.3505366513699308
139.77228351545224,1.212438453342481,0.22805450509040767,0.5123496509004648,0.38893155942106106
140.63934803280816,1.2136114695560918,0.2688901441528777,0.5468436248933155,0.4133405460963756
142.45379615595337,1.2264698966645329,0.32467010370213095,0.582438526106012,0.4444558255897635
143.9463138199727,1.2362564149347133,0.36903778774467694,0.5999633635756026,0.4587710889827266
145.16275572280395,1.2450857744406987,0.3811814191328163,0.6006516889486484,0.4664850005677451
145.82099082512264,1.2475188443366314,0.41737475863022283,0.6100834742669303,0.4775661996156971
146.31380741500854,1.2615494686705326,0.4363670574821348,0.6365720484575028,0.5059230709206242
146.6175906887323,1.263002269046917,0.44443800414407036,0.6477615398424097,0.520162726904635
147.02809712986004,1.2668163931130478,0.44833399802398816,0.6506593029220494,0.5241711562925421
147.42780910871048,1.27286356315132,0.3891379552616425,0.6403085231747836,0.5178400725059588
147.87733990130386,1.2729875788245466,0.4324517614702275,0.6513818808247,0.5298596568588622
148.3051649303297,1.2765923263516272,0.4873882062084868,0.667198965410195,0.5450630896195707
148.80292494008077,1.2898026245490202,0.535941308641239,0.6802924724318935,0.5627047640048368
148.97778160067335,1.2918108605518643,0.5742149996326228,0.6952582519736733,0.5749321838500338
149.1751261480129,1.2884173971010409,0.5964892799383521,0.7050090998929194,0.5829087327357947
149.33632232761374,1.2856374889024083,0.6131528066252585,0.7091045913942701,0.5857786277470044
149.21627601871953,1.285372845016812,0.6247851143569598,0.70978214136552,0.588301749901459
149.13830563194244,1.2802550408023305,0.6340782945240734,0.7127250523689677,0.5907930900120251
149.19778530902136,1.2775314856425886,0.6385789664816194,0.712816718819816,0.5927861361397002
149.2413478439871,1.2781005363129834,0.6412449918440067,0.7133222537091399,0.5943104000410125
149.25859874482703,1.276359523894751,0.6449972673368246,0.7128991430184607,0.5966599747363587
149.39826994262688,1.2776685549721163,0.6522795289741193,0.7156829499062806,0.6004599182065964
149.40301753418174,1.2801523209802026,0.6569804292960018,0.7160788906437399,0.6030491643226936
149.43503376910752,1.2886422179636783,0.6555388517766798,0.7185873778618209,0.6075254873650331
149.43434399778576,1.2924999192008289,0.6565623940745751,0.7180659069918574,0.6092326587924952
149.6009451133697,1.289891988674393,0.6678990366637957,0.7219025773794706,0.6136778903226782
149.87763393322555,1.2840980325975626,0.6754030190829945,0.7178874488337316,0.613953261787404
149.9037502944592,1.2785276298933506,0.6830570580168017,0.7158415663851547,0.6152085825128645
149.93455870198045,1.277092632459333,0.691817846540353,0.7186317085970924,0.6187486471073931
149.854101878916,1.2793954186832457,0.6965216760556504,0.720097816304904,0.6196355135402036
149.94188277806444,1.2876414962923295,0.6995403099196519,0.7257520562396828,0.6235835708842581
149.9209153567388,1.2865260984837217,0.7024280011552402,0.7297280282228984,0.6218432769005803
150.05268930399325,1.29008286326991,0.7012179605196275,0.7298756274036551,0.6193296698166294
150.27545266961926,1.2842882908951967,0.7043801419854396,0.734392780941604,0.6199066188859126
150.3382782781753,1.274458675023482,0.7098490897158259,0.7355723107956544,0.6238516591456434
150.41142774119442,1.2668179448655872,0.7086147722180434,0.7322575402413225,0.6249195563772127
150.453468688401,1.2624546094996991,0.7027319342191565,0.7249566861022111,0.6227864324332247
150.52778399166186,1.2553483696432457,0.6966258844126428,0.7192814019555526,0.6192587130763313
150.57856875012828,1.2498087119247772,0.6983130550414214,0.7175648988210586,0.6184847480138651
150.52327225850732,1.246371288441921,0.695244158284141,0.7145722518766954,0.6190407296098492
150.66467807996136,1.2449996237317387,0.6978445701495918,0.7130820491877851,0.6170506467686424
150.85166136324023,1.2404416720857927,0.7057663430185187,0.7155076169758755,0.6175375013720976
150.92687708859484,1.2346323008127345,0.7086479486531077,0.7144486626840127,0.6168011991030472
151.055927577864,1.23187174496181,0.7098527298297765,0.7140831105903689,0.6153693338930455
151.06733868741352,1.2283797872593378,0.7081388876689161,0.713005150115612,0.6133617126672335
150.9405876351781,1.2258047502326415,0.7076799194397648,0.7143648048304408,0.61233805299093
150.94469059022788,1.2253983674542699,0.7077313708156913,0.7166655713044553,0.6136007796781624
150.71627306353736,1.2278653117666842,0.7052370257401166,0.7225971881823136,0.6182556857096964
150.76017864126797,1.239486843644989,0.7024666826582869,0.7218672161461452,0.6160440751312745
150.94699709664474,1.2472694197094154,0.7049506723876316,0.7242472245227206,0.6186858687955153
151.0349376814877,1.2429670615934114,0.705570228778354,0.7220531230495231,0.6171036776865861
151.06490517763945,1.238548927631044,0.7057432002836339,0.7224920934997707,0.6189855726073107
150.94284418557223,1.232108090879853,0.7031981949966273,0.7177354665274644,0.6154229158321851
150.95615957328258,1.2275057440547905,0.6987933684850468,0.7129507120356811,0.6122766941887361
150.753112018577,1.2203178714374077,0.6935959287683376,0.7072994763382788,0.6079524026657389
150.7437758840861,1.2201679095451976,0.6885827132776351,0.7023330194924217,0.602073706745527
150.66697394252603,1.2175678399554186,0.6870345745365456,0.7015793078214753,0.6015577304458941
150.54781276218807,1.2186589646356447,0.6834181909649851,0.699735053909396,0.6013713816829941
150.4711268852405,1.223315026685913,0.6861328572516093,0.7033277390552084,0.603606882736919
150.49160517884698,1.2297576503143406,0.6856718948770916,0.7056332214580043,0.60406577915563
150.59215703592523,1.2288281465216098,0.6859476652419104,0.7095488882477428,0.6080835255635287
150.72121290623284,1.2233391141850294,0.6851424319348637,0.7101628921830624,0.609821989961093
150.69720132149462,1.222647214787598,0.6858155878705064,0.7090483184438024,0.6098005351205782
150.80910428538812,1.223591454664916,0.6857446219735198,0.7088889073064061,0.6089800686693118
150.75764526284487,1.2231227919775405,0.6865538563637495,0.7081032249352786,0.6087423876768883
150.77779425609756,1.2200325904199851,0.6859857153752892,0.7070693872374344,0.6087893504454218
150.75843424053585,1.2191724340115395,0.6853918258551738,0.7060485497323331,0.6093784374655702
150.89304687902555,1.2191386290876132,0.6847644689410648,0.7052269435050104,0.6094016508853028
150.98140656353524,1.2188507200489362,0.6853454606464731,0.7047238236547585,0.6095305992195754
150.97951616965685,1.2153708125932514,0.6835397899958695,0.7038414531086283,0.6083933173595555
150.89907633542336,1.2143459729765707,0.6837754587143374,0.7064468404696495,0.6099996992896707
150.83017203785454,1.2164550529439728,0.6833954484259075,0.7106143709304238,0.6132726226130052
150.8809975852354,1.2186285007984734,0.6861222792446385,0.7132602225400846,0.6169822982804908
151.04942409122813,1.2191091298744743,0.6810347702008175,0.7127023276395326,0.6177005496079712
151.09351790776196,1.2180899323084866,0.6909403945992667,0.7206599021834844,0.622926819925171
151.07682904457167,1.223764171062326,0.6874892133355951,0.7185473271592463,0.6221054029683666
150.95860074324588,1.221218407303474,0.6889687653993292,0.7194564943892047,0.6222320514247343
151.023670298551,1.2229695684496074,0.6866857998718691,0.7190324226443575,0.6205372354230267
151.03112623309752,1.223555624652937,0.6935852065330992,0.7253965762162952,0.6236143358479219
151.15634038184191,1.2229080956222502,0.6968761169411808,0.7296555965973895,0.6249230119183801
151.07605398631213,1.22849023728188,0.6899752424354052,0.7243181981407522,0.6196988763613845
151.13079766303136,1.231695586363109,0.6936807242064393,0.7269446891919256,0.6207161160492041
151.11326067435238,1.2299853614254168,0.6893676964180977,0.7218986004516149,0.6183200529928116
151.0857186771593,1.2300452294833422,0.6892895859331449,0.7214844295041536,0.6180831795874713
150.97386450936608,1.232270671495274,0.6848670878911164,0.7181109873773874,0.6150745884553448
150.9614959721896,1.2329667312009076,0.6860577908133144,0.7195750738971688,0.6158755740867285
151.0071984758537,1.2365146324444842,0.6835128892313407,0.7196316806400289,0.6159676100364636
151.07564415270133,1.24133836212272,0.6832024990607335,0.7185193548194524,0.6143209707241617
151.068296269948,1.2387288984153308,0.6850699713640527,0.718945816279633,0.6137781518319874
151.25607598648915,1.2396286310668734,0.6779641875643224,0.713750330694213,0.6099116732286838
151.35910669672614,1.2333481481102533,0.6856417010660153,0.7208489447179741,0.6139522262951804
151.38852781199975,1.2272090872541217,0.6797858541521434,0.720030957857903,0.6137752740009346
151.40788204938025,1.224263439747935,0.6799093980161636,0.7203093700085403,0.6135320332805253
151.31040384241345,1.2247943124278415,0.6767734335809016,0.7172818171573472,0.6098552599942294
151.3603786053306,1.2242114202731762,0.6738517098049344,0.7140235051634904,0.6062826543498103
151.3599496274669,1.2210152240570147,0.6745897209057685,0.712519119706253,0.6065594070770752
151.3290102670454,1.2193681517333717,0.6725427686101019,0.7105209529693891,0.6055021842701522
151.31628002938987,1.2173706636952393,0.6716577766820723,0.7083825342512742,0.6034949449933624
151.32803584990907,1.2141334309288645,0.6778812296628222,0.7134974658841358,0.6049465423019112
151.31596451920933,1.2132415933251097,0.6692445554581008,0.7074108242768081,0.6014388771238075
151.25789564497907,1.2134095820947413,0.6735072425186028,0.7096536717122192,0.6014518971341253
151.32265817193507,1.2125529376876572,0.6726462570203576,0.7076010463741828,0.6012840193819223
151.13261138974292,1.210724887009916,0.6743552570286847,0.707179781961057,0.6014451391529265
151.14847592005736,1.2118214017714688,0.6712467162666048,0.7057937477754385,0.6017765975741924
151.1440703404241,1.2107533974133606,0.6719084014639549,0.7042116144510537,0.6017947439632534
151.0043011871776,1.2138586840363093,0.6702549955352636,0.7036933448759924,0.6009970164229815
151.0377259422451,1.223525690181248,0.6729305280277141,0.7047672890324823,0.5991146118577126
151.18194233961316,1.2225247480998471,0.6730658875001752,0.7026676667074776,0.5989325365202418
151.1410256154532,1.219919622915287,0.6764369148617114,0.7051314741046306,0.6004780905049282
151.23199376694492,1.2337264514128985,0.6735375675784172,0.7067850903654023,0.6022726113278708
151.25081746615854,1.2408347423915755,0.6643365223004066,0.7019759092751494,0.6015921258734889
151.39449373445706,1.240033543433418,0.6696156829643406,0.7092247246004085,0.6104847327042388
151.53338877624356,1.2304781401367304,0.677883595306779,0.7153079206382491,0.6157904081715403
151.62718970380791,1.2327104191113554,0.674446722235654,0.7153614540400081,0.6160859885348527
151.76454269442766,1.2337414226542922,0.679439470055457,0.7191705647248317,0.6198814974780105
151.81840909814875,1.23109793494636,0.6817110737001671,0.7209873804972711,0.6205128685200296
151.87285610806583,1.2285916024613663,0.6823199619626992,0.7212471789026544,0.620840426627454
151.95172865903885,1.219386346616695,0.6869632553735725,0.7259159146725416,0.6234262766865616
152.0006915663327,1.2213447150667411,0.6764952279571823,0.7165293116247342,0.6165199433092698
152.03938978618388,1.2196813903885975,0.6712779059136078,0.7112056716517192,0.6138165627515959
151.98049732601896,1.219065107424522,0.66611233016121,0.704001109012834,0.6099277116103217
151.89142381295238,1.2223970356550071,0.663141251987869,0.7007327941283961,0.6096773411824157
151.89100565874688,1.2243467665263517,0.6571955861150821,0.6953425811056448,0.605976845884007
151.84573749079382,1.2247139645180303,0.6603508055217326,0.6973046638495564,0.6061766928075879
151.83465993109235,1.2223352179219535,0.6531772550591008,0.6899074427145615,0.5990705684328389
151.7555497936347,1.2162761510913542,0.654725555426122,0.688465696986812,0.5936971221204905
151.76385726142956,1.2169431134374666,0.652971269897994,0.6894231676091657,0.5921623773651653
151.7131338666667,1.222849462757429,0.6501311286551577,0.6900647547557073,0.5922982235633354
151.67118399322044,1.2270906359593436,0.6451719734294735,0.6875310772833664,0.5883505872480016
151.68228280438316,1.2297296146754564,0.6502497835383649,0.6925189320419997,0.5911807037447822
151.6555062849904,1.234428667737835,0.6530944065411945,0.6966631475299532,0.5934685622062892
160.6754127255355,0.49357783360942925,0.9660695952255464,0.695187178084344,0.4818320032289003
104.82645420901561,0.2676776270950048,0.6025482787284137,0.3530056852116163,0.2464972276075544
93.47825569993418,0.5065375939071,0.4240625238955057,0.19935233857353102,0.11863279297393539
103.70457504531376,0.74221830186573,0.1947448558759073,0.24858117268275062,0.16544106066184103
112.69370778523397,0.9174184346531722,0.11964447975273544,0.33806560593654444,0.19350952545141203
118.5972921547114,1.0270894523982177,0.18817362538191873,0.4318296687889623,0.2659299213057107
123.4679410071232,1.113444910877871,0.260080002189042,0.520721087608995,0.33723589461106096
126.54870148947934,1.175070355330066,0.34842440894539994,0.5797191645237396,0.3902554135558326
128.99656806147883,1.2024014152262719,0.43836359752079923,0.6195076220980416,0.42717176070280916
131.61496435273992,1.222769838304655,0.4955946007220215,0.6603790083209189,0.4645738475575679
133.12814080994048,1.2422383206737773,0.535747024957438,0.6881317088787515,0.49202869161571616
134.40819012126138,1.2591154422819022,0.5802836317280616,0.7104002174061954,0.5184423877871875
135.29392922265728,1.2801015644132625,0.6143758605933468,0.7380880442709016,0.5445613766207915
136.20364404887312,1.2907848456302309,0.6347356212076162,0.7485175374384838,0.5546049428916127
136.89724893307627,1.301206954925483,0.6426879251551963,0.7547969425315119,0.5587121036712972
137.2122397215901,1.3050494174673413,0.6522137563641223,0.763924833399224,0.5632785832901097
137.31159841647073,1.3126428164343726,0.6765466517858527,0.7843912325907637,0.5737033765282488
137.47360246647239,1.3183541233008864,0.6937454848163789,0.7970671469524253,0.58423101108972
137.66062628419135,1.319925233006196,0.7135420133215672,0.8142483337653923,0.5967028641625827
137.8633189450953,1.3306186326736662,0.6979256215511014,0.8237336218196978,0.6101135091765044
138.08775184359567,1.336608474930899,0.684674795279257,0.8259431961336728,0.6182398924643228
138.34142511265156,1.3504636278768256,0.6642243038856323,0.8330128373933453,0.626730520686011
138.42781520454062,1.3499761261169363,0.6679247877154644,0.8394923415476154,0.63146579522694
138.2547797269009,1.3418597904067302,0.6985145897853772,0.8463083073915286,0.6337218655071093
138.44919563847722,1.3279751002192313,0.6981825965808667,0.8450376603834235,0.6258816495151758
138.36948151279427,1.3169638003465807,0.7115743349395108,0.8452890028731697,0.6226047988564114
138.34327074682724,1.3101772075360838,0.6972079788877857,0.8610926053242586,0.6300064828926485
138.11193261817027,1.2996669256761884,0.7171254851070891,0.8675336601137774,0.6316889004138538
138.34633611187587,1.2955063280783587,0.678490873109529,0.8668828257936654,0.6321203658830148
138.31720763625404,1.2961761921311035,0.6890278223733213,0.8670838065431226,0.6323117372774099
137.9923276260778,1.2999106102618474,0.7330031689075731,0.8820392346218852,0.637224305112153
138.0757441973275,1.3039948198963864,0.7513552339990491,0.894641778635363,0.6461367087617896
138.00082497884407,1.302707797845232,0.7830527579716797,0.900797190274817,0.6502347583436859
137.75160296486294,1.2859339021933187,0.7691471292667773,0.8963207182003482,0.6438269458884452
137.4925362551197,1.2775825644504568,0.6789442084197503,0.8932959470113734,0.6370951787953132
137.42886047953132,1.2664017981442972,0.6771472545156774,0.8856845405225974,0.633259935776872
137.55466005342814,1.2683830795393107,0.7025569411495278,0.8854360666340522,0.6367608060852307
137.59511497671465,1.2613610865616987,0.7305822184367805,0.8759343601693736,0.6306458466757209
137.78914181966613,1.260539304852942,0.7696491248941462,0.8804167923585442,0.634982597575669
137.62548425538074,1.2512279719615431,0.7187752356758996,0.8736159809244489,0.6282741408159602
137.5481363696035,1.2388322251392234,0.7366461538291992,0.8724709142560783,0.6263708957191048
137.50106035933663,1.2331752737421198,0.7148478122324081,0.8749675453429877,0.6265919065381573
137.5139805688825,1.2320833583798327,0.759921513888738,0.871942377091432,0.6254923195837773
137.87752506762445,1.2265051817764794,0.7946555051958473,0.8630255519239428,0.6230307537322114
137.91737633375485,1.2210999054431937,0.8179769686515027,0.8658720403652662,0.6309552659967202
138.178990873315,1.2388659637609196,0.823072509282772,0.8752304288094127,0.6433666476649249
138.41566848468725,1.2480185824147283,0.8337195658631864,0.8746321827318858,0.6471467323238281
138.69402644492072,1.251661668713483,0.8417138609246738,0.8759763227455541,0.6529984461045769
139.03024310796437,1.260638627836247,0.8478176448128435,0.8817092101466485,0.6618152006881871
139.03059832621557,1.258800160087538,0.8545352396407744,0.8839185794659057,0.6668254417375373
138.44477735056984,1.2670724747565167,0.6521671286221643,0.8934525822060956,0.6677167173440398
138.59099415067638,1.2643847071076393,0.6896020287997177,0.8823248071043409,0.6635643117879528
138.46715127382078,1.2539707089542873,0.7231342698526452,0.865037407892705,0.6512262302232248
138.01066210372116,1.248173327591718,0.7357199732084766,0.8707733235811795,0.6544540118619823
137.80976344898465,1.250387372763122,0.7516458051168172,0.8684306650046998,0.6480825166606533
137.94626877017467,1.2510560300399496,0.7078954022726267,0.8614933682965037,0.6417718450930752
137.69543608649323,1.235976240650136,0.7139412829815917,0.861574620166904,0.6405908274352663
137.22341812312118,1.229659677773764,0.741843787136838,0.8680884971975104,0.6409660782283846
137.19506972410514,1.2282805621723276,0.7825643903519004,0.8687428671132967,0.6436266836846332
137.27177502756336,1.2211604418043562,0.7675926941028849,0.8629698088319622,0.6415701233438535
137.3239390408272,1.2198085820248399,0.6886819832164497,0.8594836366750076,0.6371665116010607
137.1467683577511,1.2160273772364347,0.6255559875762313,0.8584937154187785,0.6322901605887448
137.08904429830528,1.2208839674974639,0.5739063379057732,0.867194852417426,0.6319539949582442
136.99618607556744,1.2149802422319975,0.5946187356937239,0.8648809755775384,0.6265417783689645
136.7948107057277,1.2085505081548198,0.6456885098078372,0.8688491834167861,0.630266687486836
136.80094418669046,1.2034168040433448,0.6522132678539002,0.8658063472053285,0.6272064594084561
136.79912098340736,1.1981298754979546,0.6718196303841569,0.8618778655703451,0.6260296516645654
136.7459504736497,1.1943058020032888,0.7106309151625232,0.8578898709425155,0.6232579571778092
136.94712105805615,1.1952182209222675,0.7478413640849714,0.8529332842379702,0.6222134262670301
136.94311858014188,1.19049369862412,0.7501068422333057,0.8469777158302374,0.6203649984067322
137.19344439499795,1.1889808578904706,0.7023257404789733,0.8417067907151528,0.6160665559146088
137.15754640515996,1.1832172341174685,0.6777963654679584,0.8378984748224865,0.6136371850860627
137.2136669847159,1.1871908013087442,0.628298860567798,0.8322656492859347,0.6093596821800997
137.2654145667844,1.1967527432106473,0.5462629495758747,0.8334084672031039,0.6077643840582113
137.4364847531285,1.2098435261001523,0.49039746474386153,0.8349610950119458,0.6050074738677722
137.42305400939966,1.213008498617467,0.548977972328504,0.838572511110299,0.6077545644238606
137.11565992000493,1.2250194185093153,0.5978593962990005,0.8489724713662093,0.613291189723248
136.9048468205769,1.2269166234158628,0.6923077441793428,0.8680935410242772,0.6215254850632778
136.7739698841383,1.2152452794418735,0.7221103283816831,0.8662333200052011,0.6169315103195708
136.5248931349704,1.2266282220821736,0.7649991347335297,0.8750171652580627,0.6222972822954702
136.3378641480254,1.220556081806046,0.7240546114242158,0.8661272872108322,0.6146291798642078
136.63894572960675,1.214827060042782,0.721612777095366,0.8565025116173087,0.6073170001679596
136.695519647827,1.2103924029381248,0.7698485368835436,0.861427609746916,0.6122252490178082
136.31020857933404,1.2223747329852293,0.7918125632428826,0.8745524922494874,0.6219084717955444
136.05761946836773,1.232857760171318,0.8135947474361986,0.8868926024586342,0.6313922384053748
136.30862239365334,1.2302613357840184,0.7657403595808399,0.884314491578331,0.6309345027904156
136.11663828179746,1.226838268867256,0.7478725165355661,0.8821671855914749,0.6302138991767441
135.8606022994579,1.2253068543267966,0.605563140598737,0.8828592126804574,0.6226340841094062
135.79613016293447,1.2206799302623024,0.6628419269552009,0.8823503470576258,0.6246656324758334
135.85781663368294,1.2259214406302714,0.6912867409868748,0.8857090890486594,0.629266031598146
135.93615541158817,1.2201766018423454,0.671398893121296,0.8855524106220859,0.6297902369893567
135.89293017144547,1.2103564920406873,0.6772265962566657,0.8758617578930918,0.6271875753777386
136.1517358265039,1.2095337419802485,0.7077803300121631,0.8710380997045144,0.62716347035711
136.62244984063017,1.2216024607311562,0.7374652478939897,0.8674669834134702,0.6288482996328625
136.8180419986477,1.2207213739952176,0.7591179241188811,0.858021688247355,0.6249117813727668
136.8429450578814,1.2249905795236309,0.767550432924164,0.8575930335165782,0.6251709267787199
136.83731135654102,1.2290461112029505,0.772430685415558,0.8540630179788259,0.6262053202355
137.17643897091492,1.2457963420393747,0.7744294228953437,0.8579661051086245,0.6311723630770875
137.34503879744855,1.251895554672087,0.7663897182623983,0.8506083120119808,0.6266912300132419
137.26590990423907,1.2621661967514282,0.7737768095458988,0.8497946739230999,0.6274303256434323
137.27806240703896,1.2562472876135955,0.7910930651645879,0.8502841783906175,0.624906374208722
137.1919198998262,1.2586500772207037,0.8015881953829878,0.857854355480821,0.6285633436066019
137.2350314878347,1.2538302669951054,0.8133536946583794,0.8616429742967052,0.6281585330743978
137.3862245756972,1.2499262814524774,0.8177430351240302,0.8626533942998933,0.6265458761327112
137.43704755546185,1.2503925251429422,0.8341751893188231,0.8660597310592337,0.6263384728152649
137.41600618214653,1.241677822659342,0.8356898151763027,0.8627938740764051,0.6232088167696523
137.48461614450827,1.2507787425759251,0.8291069235875985,0.8681223756086347,0.6283032741330394
137.53430456814976,1.245361286916052,0.8330835775272376,0.8616325573171072,0.6228149837002539
137.64130354781872,1.2459195589211065,0.8211753064895342,0.8614097365855147,0.6206104967451705
137.7840810089861,1.2480561827804717,0.8196389387127798,0.8641676005456786,0.6188569578679793
137.83099964821105,1.2380894381947383,0.8180568344716808,0.8515598048899107,0.6090101503460383
137.9699596283936,1.226266611845744,0.8052720316223175,0.8387309162858525,0.600244808808133
137.8711420828551,1.2139054422276063,0.8085939596162228,0.8354934338229433,0.5978994898772054
137.79787654426946,1.2132474195572303,0.8160158164038634,0.8396986488456553,0.5990479227382955
137.90798285294747,1.2078554775516115,0.810856716736629,0.833027674056313,0.5966000355534573
138.0400046468838,1.2111570632577904,0.7951692532562811,0.8271402716584131,0.5953522016869021
138.15706567768228,1.2141545807727374,0.793210557295833,0.8209021264360585,0.5924899364614766
137.8816287825291,1.2206785033612872,0.7960803029768104,0.8238796799070991,0.594734788195395
137.89529472859698,1.2263025986710046,0.7995488759281835,0.825885963910136,0.5971774830657735
137.71843751588685,1.2271232392325895,0.8199293483841203,0.8366014926349017,0.6069550156822635
137.65508528736203,1.2297776117246895,0.8170645402264025,0.8380676300859801,0.607288653207526
137.3486399555176,1.2377163470710721,0.8312845300496507,0.8519679216066096,0.6186475057688872
137.41525032783588,1.2370924927262776,0.8282038562160102,0.8507161393906487,0.6175686564953522
137.37286920249346,1.2510371189626481,0.825338936654582,0.8595480956520198,0.6257888737989075
137.41626636144196,1.2414255329207529,0.8183487410508672,0.85136848552642,0.622646779622364
137.39997737369814,1.2549166823744842,0.8379985691545566,0.8696673447283908,0.6308761155452525
137.36887062392583,1.2327925137067157,0.8364780370054931,0.8568426579897767,0.6149395056828537
137.44817471182543,1.211930546941246,0.7986342345127695,0.8445283391283506,0.6042322524947416
137.6963570225271,1.2098618930960363,0.7951161538204881,0.8486672347277846,0.6032373089099379
137.95677988081098,1.2086594783641589,0.7849529372782039,0.8476070120751675,0.6027604683681456
137.9061728717129,1.20430436099941,0.8034574143503657,0.8466800331539475,0.597563976455879
137.97064582104355,1.2072393611616514,0.8009305655612978,0.8369173761983266,0.588556110582085
138.19779989629745,1.2153237359332525,0.7865706723610126,0.8303136944459992,0.5841890183357897
138.26502344042683,1.2153767875242487,0.790070281007014,0.8273235994619582,0.5846414390930442
138.210248699369,1.2125452228202223,0.79508793535565,0.8291425542204716,0.5892988849869362
138.28004204502994,1.2181105999910722,0.7933914295673984,0.8342121300793837,0.5932320472789622
138.39046746545955,1.2110772823555707,0.8063053982762136,0.8330094741198117,0.5881008288657971
138.24614240810087,1.2087390703403162,0.808539231887323,0.829649629131975,0.5814615985447161
138.15016197899976,1.2069948994363364,0.8183099529235127,0.8302007520380289,0.575664361523389
138.12371571064338,1.2065890876384229,0.817659774130306,0.8291812073354804,0.5716521149425949
158.36956350609245,0.705295240217633,0.8258478378046697,0.7430739198165142,0.5209177898448144
117.11165826895085,0.24189326820939624,0.48406562415082743,0.41072724118351706,0.3484604843681083
98.46715778084807,0.25462713506243523,0.34763753866466385,0.27901114276613753,0.20717704094065398
100.81882765410062,0.4005384603595457,0.2185833523074863,0.25065528682948546,0.19221645745728497
107.8115825676217,0.5110497629096721,0.1953609363879169,0.25248424767943467,0.19957579263082662
116.40250047771751,0.6024366809352834,0.19218954110990782,0.2620628772772581,0.23561784275081202
123.4739488618569,0.6896491377636158,0.1991820197128805,0.28313865430355023,0.2701276931288516
130.4323474088393,0.7831942844282145,0.20833187084288354,0.30973714623713194,0.2771721071600016
134.91203995071956,0.8361505344876274,0.25429805581028053,0.3733487616185359,0.3431037543918839
138.17213121106556,0.9097241044635189,0.32549945513602263,0.43612248128690306,0.4034953530220225
139.3109934706605,0.9618130881798023,0.382262834910361,0.47873506620631123,0.4344582531538075
139.61168818352286,1.0183603740222467,0.4052531387332833,0.4966664582395145,0.43334906884384145
140.26963860862088,1.0623401044579843,0.3914643928164993,0.48722891488483416,0.4016718282534749
140.45570018801448,1.0989353704367393,0.36721299554652365,0.4639046476760879,0.3539546917295042
141.41534226582246,1.148600361191957,0.3637071747047398,0.4498153889308539,0.31337938270529375
142.1111485207077,1.1858558241886863,0.3630189215482586,0.4299846179669903,0.29881448864197374
142.26063098942157,1.2101761177521164,0.37343484337939326,0.41431318229948416,0.30107980078853486
142.23062563368543,1.217720017051639,0.379648955748897,0.398910397805729,0.30351945365425376
142.05347702370065,1.2188361301517128,0.3888405374585359,0.40329468728217005,0.3063643109251837
142.3351925966305,1.226990258980714,0.40153764476887394,0.40041513944559565,0.31452395395303756
142.1506254824895,1.216331111307496,0.3834607335947837,0.4187850726643104,0.30579471917391715
141.95591180254527,1.2177975929401317,0.38056342323089654,0.4228132822365268,0.3070451132310465
141.70689397355346,1.226526822175515,0.3837686835799822,0.42222273709652136,0.3078095763846027
141.54023954556402,1.22943238196638,0.37726509902732347,0.434547012312407,0.31668725957574
141.358658477761,1.2245543739608107,0.37734994024573854,0.43390318914923603,0.3080862215798312
141.50052353204532,1.2360172905549816,0.37890714960875815,0.4103321150171491,0.30498852979106583
141.60866381752987,1.2476341742457524,0.3546235721500936,0.4175009988872462,0.29359959164469146
141.91829068946757,1.245208212750756,0.34887205282384,0.4333446543325158,0.28122884123514996
142.11017527379892,1.243891016865322,0.3478007423526932,0.4473137755008035,0.2797222172683564
142.26624358045848,1.2467173184134057,0.35819566739043057,0.46893051235490835,0.28486488955491984
142.2789394016355,1.2435827803613313,0.3701668537971658,0.4893062653994062,0.3059215913584088
142.4647153099569,1.246287226980684,0.3937189790797826,0.5155420367280388,0.3426847635726424
142.48253940188474,1.2516974387614574,0.42302945214340076,0.5534085606971217,0.3985332377559551
142.56439444696167,1.2648477681503085,0.44251784271708794,0.572521507186945,0.4310975938934781
142.45121693412318,1.2759013482821622,0.4604717665974939,0.5924470211829437,0.4631845348507898
142.49044646974673,1.2782894113421712,0.4786637760018923,0.6040997546211994,0.47689366829510776
142.46807049498355,1.2838202214212933,0.49162404503751045,0.6144760947812065,0.4858141977079353
142.69631244709905,1.2883946031640823,0.47657678609539034,0.6006168295650807,0.47158810700185194
142.71429287837373,1.2796419897037794,0.4758523743054048,0.6005433199226535,0.47477569163440764
142.72046674664128,1.282685206065541,0.46933198814615334,0.5975961692620403,0.47367226006913465
142.78544001097103,1.2750699608680118,0.4377308780064895,0.5671858939571113,0.4418096193167366
142.7678800072715,1.280355702816614,0.4436372608731016,0.5684791392609829,0.42839274723911563
142.86808792014835,1.280673913145193,0.4567576509677256,0.5802086727861704,0.44606200504047366
142.97213719860272,1.2788297594970437,0.47559515507273703,0.5969378953471144,0.47367545084142193
142.91007078318785,1.282441303811141,0.479581172553044,0.6048818280006962,0.4947874343527867
142.84701386569762,1.2814330783830064,0.477163937666278,0.6103679016778124,0.5134413928946435
142.94034104284833,1.2854535543051913,0.48450599793722565,0.6193034588133195,0.528595376789392
143.0033378450639,1.2733165502708124,0.4818253799276509,0.6206453251746711,0.5349044027744131
142.84533978220668,1.2720080528477935,0.479319052521763,0.6147603698166215,0.5236340467185854
142.90026375024718,1.263619579285276,0.48679577371958216,0.6196257416725598,0.5288595519157223
142.7231926262125,1.263940129178142,0.4855028780621535,0.6154325214003914,0.5265790576657089
142.45715580790986,1.2679441561735725,0.48718993146555684,0.614762804135785,0.5226528353660549
142.42878804682465,1.2664614821904632,0.4816291861802731,0.6076797114796822,0.5112590441572593
142.2409340240307,1.2610446098178993,0.47355007451832226,0.599538115672744,0.4979801353873793
142.1801475138133,1.2574115037140567,0.4631970409737242,0.5898536057290223,0.4816708317802562
142.21566659096396,1.2584816122494642,0.4382097438855211,0.5658840356932059,0.4249733939669365
142.20096377135224,1.2560477696856371,0.4218813860645819,0.5521958168716758,0.40742891905268513
142.23159669651426,1.2546131174134811,0.40042792220280726,0.5369276991586822,0.3763732443558987
142.12328065606573,1.254770536566552,0.37455028607198115,0.500051771871621,0.3227357029426655
142.00096332971114,1.2645216192991438,0.3511729866313961,0.4484818234001977,0.2569419225596651
142.20995746658005,1.2707088296386646,0.34844850627232005,0.43788272141428636,0.2502346872243937
142.31662870379168,1.2698096139483206,0.3276548383819924,0.40508294938569167,0.2614994220708159
142.31107701606587,1.2653043569890015,0.33544317695093256,0.4312981149282369,0.24815976296968
142.13265223696368,1.2687481946316648,0.3386557154139025,0.4326786423497283,0.2482227799716688
142.11633505225754,1.272137942713992,0.3561138796879554,0.4529582072833133,0.25075190866146707
142.24834528625422,1.2805036296312187,0.3286558944696913,0.41438206483407897,0.26423091657056624
142.38523555218657,1.2871510169324458,0.32451475247698686,0.4068805411730945,0.28254506602093626
142.49566314750197,1.2932631029224895,0.319199191205719,0.38470396069297647,0.29577710376200267
142.58152360621452,1.2927889056928392,0.32351547471136444,0.39838360822226265,0.28763592981696107
142.64188029887484,1.2874452620843917,0.3238163823591697,0.40321393240237996,0.2735641414616154
142.68754919314046,1.2871853865173288,0.33295215802819494,0.4267762167835546,0.2480276796846946
142.74675901241145,1.2915293275363395,0.3451287343660298,0.4455787585483953,0.2509818105239769
142.74594327799574,1.2879389223107818,0.36870401657867485,0.4736929732056792,0.26249866090866325
142.7268814544119,1.2881232819547042,0.36679020158752534,0.46825452936994744,0.25518713524215536
142.82431620701414,1.2853034286246616,0.3728152904237259,0.47086031335886464,0.251804247817711
142.70730583858432,1.2809196012700497,0.3921439393063823,0.49034704487442643,0.2548463694485149
142.5732636047808,1.2828140934116008,0.40259577766031107,0.5042772789870316,0.25471977715917277
142.54938148221666,1.2805730504166986,0.4136904676905792,0.5124197690787446,0.2505738543753967
142.26760080964388,1.2804024803233631,0.43105996939313845,0.5366216876184555,0.2679895351291794
142.19392315731432,1.2752734557181589,0.4302847916709564,0.5321615243913839,0.2538441068524321
142.31326828075782,1.2450827705652872,0.44253682217941337,0.5568439899601068,0.2957659152507119
141.98700124371283,1.234166997053542,0.4546301394546422,0.5778613453861393,0.34862589710577985
142.07035423781554,1.2308912717965743,0.4547164896790532,0.5774257443851685,0.35983218432333736
142.15797973820452,1.2126292499079088,0.4661820807640209,0.5890888766458154,0.38701257520815135
142.14830159186178,1.2093022996266014,0.47541573556314576,0.5979255467938812,0.413031401925944
142.19596391683444,1.2117977249136458,0.4749252828767378,0.6015055549734573,0.42932001183981927
142.28435865161438,1.2256828693247737,0.45526331460631436,0.5928635815214934,0.4443426613578222
142.1404464469732,1.246728556489863,0.44251663040718475,0.5876634080766318,0.4464631176750357
142.11873835027941,1.2653363723693547,0.4428787799529915,0.5941264384777997,0.46109000143982726
141.8219545925537,1.2797373648790717,0.4491082275119285,0.5950767380987322,0.43680640943512855
141.65420176328573,1.2891063483832226,0.4172396982772173,0.5653509162514907,0.40050437732267546
141.5320889971123,1.2857603584261987,0.4125081559244872,0.5624773875973708,0.38267608574535983
141.46034392555157,1.277870359797521,0.4387273202121597,0.5853028207942551,0.40242862393855466
141.35875671490484,1.2781873962753316,0.46592644603733746,0.6128430820484763,0.4480866350535608
141.31043671606506,1.2741705770699407,0.4845598325603677,0.6328220779735667,0.4857448071809948
141.34137079173234,1.2716894707456312,0.48827888307064216,0.642603583119763,0.5131861010002207
141.42490536145215,1.2722755457728159,0.486553012646624,0.6391452651412994,0.5182186096057947
141.7039240302306,1.2831435935774558,0.48882502732681166,0.6400417812177955,0.5322592111922346
141.9521196479501,1.2802440022574666,0.48673623772065056,0.6370102830620961,0.5218894118497004
142.04878553411336,1.2727946427719483,0.4795739607089474,0.6330036355716703,0.5124402295907228
142.25526850349488,1.262473778164625,0.48027668041679505,0.6320361946683167,0.5107448133541533
142.35269054360103,1.2580924973915655,0.47427713031089147,0.6237610052340115,0.49843972491936955
142.57709214119632,1.2602026280783034,0.46217447631772884,0.6114430527225453,0.48337570333899993
142.9292382446813,1.26056926221961,0.4537240075354651,0.6057912343582085,0.48386275449401844
142.8696137243822,1.2615689085123805,0.43836837324739464,0.5916562898687695,0.45313421330633713
142.61383418143285,1.2716958112246235,0.4290986738558071,0.5759287972226567,0.40803307012532475
142.11433298452744,1.278475458124985,0.420216405973217,0.560822110450239,0.3520691279796327
141.8139310322791,1.2835224800541352,0.4050690468869401,0.5378478927000828,0.2855236000914837
141.56484079582395,1.2837156752803516,0.39587109871840487,0.5197653322760716,0.2447816098601293
141.4776019126729,1.2830023866203626,0.34585509448974444,0.4657164200340626,0.24035404158031182
141.53778356006748,1.2814782725849492,0.31515653597215876,0.4334101895919941,0.26226622388177356
141.2857010273938,1.2701287428149266,0.33488026804681675,0.46280184772838334,0.2542814313437695
140.9545073854027,1.2707513810582618,0.3460381240533547,0.48205658385669387,0.2514960283047076
140.76144499838068,1.2578525099403988,0.3760041320952934,0.5098814806305794,0.2561702890242374
140.72943485314656,1.2504754675074377,0.39890718835652095,0.5340294566948949,0.28090339517133406
140.62831629459575,1.2519860206471503,0.40863674444756787,0.5500497164278185,0.31842550920745205
140.50465185762613,1.2554351677871094,0.42978877563649776,0.5724109057783371,0.37122039763503106
140.3369652387537,1.2552574973494075,0.4279108386549169,0.5761467639655978,0.39691581296244566
140.37141889285056,1.267933843760499,0.44260826015810806,0.5893899805159759,0.42105223204875114
140.17278179727987,1.2745968427859693,0.44226808744742546,0.5972680131960735,0.45144765751823873
139.81409214825402,1.2842349812417688,0.4526304090337072,0.5998205546210719,0.4471741199194052
139.84958952961316,1.2945715051222078,0.469971543961525,0.6157117081095013,0.471153688288486
139.86722444438462,1.3015354812745243,0.4724419844163985,0.6126343455346545,0.44388469205316455
139.82764658922022,1.3096447686190413,0.4763127051320228,0.611320689356225,0.4298812488475461
139.80673094172315,1.3151469128599338,0.4762536943631043,0.609825034044913,0.427234418986019
139.61927547886754,1.3133417695923066,0.461301252662854,0.5815620468923332,0.37874916083154236
139.62115483670343,1.301884416380401,0.47071173995977594,0.5833795846528196,0.3530894145828387
139.63335291488664,1.2934491436460125,0.44253597044791165,0.5342382764367373,0.2709800904415446
139.5010549261166,1.2936132357927832,0.43882841898244856,0.5439020978181162,0.2807008175599718
139.4180756028545,1.2821467382262286,0.4554756797598105,0.5587214820901986,0.28953117105736964
139.37739125184305,1.2835620500373426,0.4705710195947513,0.5784893459965265,0.3180615804786288
139.4445344897681,1.2839687273558933,0.46695540255648477,0.582516258905386,0.34273503423526447
139.4322430632264,1.2804807134809786,0.4663199026126844,0.589465708989767,0.3651109469081261
139.34058532003547,1.275198481920167,0.4391589210981399,0.5722948872333286,0.3643740575744339
139.09491866303583,1.278464443691116,0.41798633228147875,0.5496246613926453,0.33841091288352004
139.00417652044806,1.2864424645114814,0.3896280255719441,0.5198605226950519,0.30844315396562283
170.6158433152271,1.0459331038869164,1.1602085048610693,1.0736458774220379,0.748855536623503
170.68915224245683,1.0504868748043517,1.1620554863054167,1.0786888986971084,0.7476887077571832
170.85828101208443,1.0491471906878316,1.1661305978023626,1.0831050616224884,0.7575581757256105
171.0005985171388,1.0535096058524631,1.159567165219192,1.0941541172374563,0.7712619142076199
171.1660997858921,1.0583099522536232,1.161678933208846,1.0984434885749887,0.776417912764719
171.30583872975737,1.0574713489129588,1.1615478948263074,1.095504914143146,0.7771095659037588
171.41760075527355,1.0577008052779748,1.1654665073785069,1.0941679984563217,0.7763581671409596
171.46050617398288,1.0581450921735598,1.1637989053197548,1.096473499580116,0.777377464766516
171.4940107475749,1.0631224716550673,1.1605743341822727,1.1019663568455054,0.7800357196040953
171.4798799911559,1.0646799332460641,1.159199982078177,1.1017733835929069,0.7808207543538175
171.46518744495168,1.064118463735998,1.1497157583735647,1.0992991392425389,0.7779947168798618
171.40344735272754,1.0660499359305964,1.1475790655899434,1.1037133500366754,0.7800493284786486
171.4113184433302,1.0690789186570588,1.1483639431584243,1.1067413092369958,0.780621665526043
171.35269926849648,1.0751607354416493,1.1561103190440367,1.1149573628861498,0.7841650699339061
171.3653624308729,1.0754856569467066,1.153610889910095,1.1180635923545414,0.786973380741446
171.30846458317095,1.0673213524621725,1.1589616561658305,1.1148848993645524,0.7798284736785659
171.24187778138855,1.0663790529718946,1.1592315988214104,1.1161664517942786,0.7770481588428806
171.22000843209432,1.0629689296547562,1.1638124534559287,1.1100337039476842,0.7707604921804211
171.26280483886413,1.064606917004414,1.1704140802410559,1.1131562156254986,0.7730979973518409
171.24539954688214,1.0611137739799703,1.167447492702292,1.110130444697097,0.7692312175877564
171.40124782254463,1.0679604404749554,1.1480451766447384,1.114973849504096,0.7799450633034776
171.5270127937012,1.0668979112482526,1.162428979989496,1.120712634721655,0.7858207247925216
171.5393525678116,1.0668198598324903,1.1650633328975974,1.1258653066282582,0.7911246919892456
171.55637067867016,1.0700079110506584,1.1684250038766422,1.129242906024972,0.7938210268702522
171.52907046020118,1.0705564089487944,1.1637283587025196,1.1279864824146701,0.788147403481707
171.41295420579027,1.074140834023244,1.1505125223717727,1.1295666475693105,0.7916997460715625
171.31515901503374,1.0702389202597462,1.156834923806461,1.1306108946094435,0.7936565525046414
171.36139081570082,1.0711789162483216,1.1618736739945648,1.1290652763435987,0.7917234838044666
171.39331514371904,1.0720381776150147,1.1633930316136545,1.1251088592895708,0.7871995563092022
171.44514017531887,1.0768109651396005,1.157008476003974,1.1225635600868917,0.784509141728759
171.37284814708417,1.0789743957971416,1.157770792831799,1.1172945461061696,0.7804997185245484
171.29370054729426,1.0740247526698632,1.1589340377065587,1.1109870167079243,0.7744547745018106
171.1967806362805,1.065660424163689,1.1662301985660188,1.1017471691433522,0.761848456778046
171.08064871845082,1.0653514205145043,1.1666612304692272,1.0904800985371852,0.752016730504295
171.0091942890566,1.0650473765141466,1.1612121902010084,1.0832429448180017,0.747860226324591
170.90403896014985,1.0717025653452654,1.1644760176072126,1.0807907027939265,0.7476780254902514
170.89974951834162,1.0733207039451622,1.175457282775197,1.0770281752126203,0.7441443527839212
170.9502010292226,1.076515833027478,1.169416659428171,1.0769138821674884,0.7509320658635905
170.97953079641584,1.06845752176212,1.151773634789175,1.0700369666096883,0.7523408340919965
170.9830885049909,1.0682324811498665,1.1415492863507704,1.063025534740459,0.7500800941399072
170.95615278901025,1.065526753252337,1.1363481703628944,1.0624003819446328,0.7489443595090612
170.87646221691833,1.0662947044997975,1.1414499864573404,1.073170382889984,0.7551008969253294
170.88249560808313,1.0672731258721597,1.145453399271068,1.0777558998033627,0.7596226343158764
170.92191516649692,1.0618291890874445,1.1518788596631642,1.0838118192812094,0.7629783785311699
170.97526040413365,1.067900348535088,1.155225265822236,1.0858472449168604,0.7645932644916502
171.04691188910996,1.0707755102196723,1.1609573129612552,1.0891835440197242,0.7695828846098117
171.05995043009042,1.0720675914050475,1.1664007485877297,1.0946613551230326,0.7752884087810451
171.0732206989696,1.0786080973565733,1.166306479485429,1.096243885365436,0.7767889091211438
171.20314812073343,1.074291713772647,1.1646937494009302,1.0906285727285676,0.7765939961179313
171.28431963377707,1.0753816364051618,1.1686342220924866,1.0882757854356713,0.7740926389933837
171.25053404523817,1.076079088303849,1.1737603592286563,1.0839546565381177,0.7677979652714788
171.2004728910391,1.074134162804849,1.1797882054185136,1.0783091165217922,0.7555408344314739
171.16899548090836,1.0701851488968226,1.1738229275468683,1.071284000494442,0.7517698870377876
171.12970253216463,1.0710118371186503,1.1800683407890709,1.064824761684585,0.7451020272537063
171.14143509440416,1.0720694602773888,1.169000445571404,1.0607912138736446,0.7455097422451318
171.17854781377054,1.0661015095343678,1.1537094793570315,1.0533235491907396,0.7413091149276998
171.24846340885114,1.0677225309805174,1.1538949511760153,1.053384164607669,0.7437002905865353
171.21415925260465,1.0678401022124766,1.1477831414245618,1.0487734156282502,0.7431027298835688
171.16834778610894,1.0583308592070075,1.1444718046507045,1.0417334778898202,0.7317658792464701
171.18081913937945,1.0612154360002226,1.1500306668534526,1.0394243715449896,0.7290031505699741
171.17329068113048,1.0654394889086631,1.1544834126782153,1.0433257548259516,0.731319797425239
171.20356462619964,1.06883163685101,1.1632535461243236,1.0444229251007815,0.7324243285493213
171.11360889211142,1.070840705674941,1.1657373767467205,1.0493230934484599,0.7350467976078594
171.1016342083619,1.0708167012773269,1.1698607785900725,1.0538696076597114,0.7420922210027596
171.1096986399682,1.0726105170719649,1.1744674736039413,1.0542834983395626,0.7369675608792463
171.1307984132008,1.071195878878785,1.1753676264307527,1.0546648561230474,0.7334734245749226
171.06077304140314,1.0714285087647684,1.1808146946025795,1.0565353209242134,0.7329679341893052
171.03273603626084,1.06873584705865,1.1862750889054505,1.0548997977273828,0.7282315888119578
171.1596357161487,1.0688026413467795,1.1970709612010142,1.054956424629289,0.7299361813447937
171.13154333599385,1.0655588934098645,1.1966587070335724,1.0524876078384862,0.7281643446781532
171.20039959592685,1.0732041144262785,1.2045478138031764,1.0626726977220409,0.7366689088833444
171.34810277470086,1.073080400918127,1.211002915529939,1.0711932778081386,0.743707425165936
171.3981242981924,1.0734027715627947,1.2087954685725892,1.0758654999757624,0.7496545958327374
171.28165800217053,1.0748730191795242,1.2057761205312048,1.0720145836164336,0.7475000033449867
171.1703567135385,1.0765787196146368,1.200877580132852,1.0703928657703061,0.7411596012692507
171.1322466222017,1.0713120251249364,1.1936592127538688,1.0663398509213144,0.7362018779097609
171.23548439981352,1.0724450447207268,1.189218855009671,1.0712485366425262,0.7424324194197454
171.24700855717202,1.073347141946344,1.1873643265223532,1.0746924309604167,0.7421288387522244
171.2900361677875,1.069543904738963,1.1787050705605069,1.0694437178161518,0.7397410957919429
171.40855966310173,1.0702378892522681,1.181364703920083,1.0706506352730059,0.7424489944770246
171.44751264001664,1.0684843903285353,1.1810641497861543,1.075725286254315,0.7504180023131442
171.3970720426221,1.0712114723451616,1.1931171413857287,1.0889921278120935,0.7587818282485387
171.29506926359005,1.0716738742147685,1.2029305052592556,1.0990060503773034,0.7630055561883691
171.34019251999646,1.0699850365413694,1.2054353401429576,1.1042921849555392,0.7693509524443525
171.3024298293886,1.0692447376516816,1.2107008252114346,1.109213190645874,0.7772984244014022
171.20455875886302,1.061331490578102,1.2125359502178463,1.1092218567661123,0.7722927375752991
171.12874423366054,1.0606447418792981,1.20823662990421,1.1109529487756202,0.7752346229474182
171.1930017571438,1.056341011479449,1.201838828144298,1.1046744317116606,0.773473464517772
171.22462846219187,1.052562252876803,1.196878242226055,1.0928987894722495,0.7632324943390164
171.29331693767483,1.0473641290877311,1.1902436445231115,1.0857445853099996,0.7598260866510754
171.4230168496088,1.0492346529952612,1.1872265762994823,1.0819606255130492,0.760264982858624
171.4879361624023,1.0542251620198373,1.1865645845779127,1.0775190957220178,0.7563277390697314
171.57947967491083,1.0604283484869752,1.1874578049105662,1.0746518874357516,0.7552096701988315
171.62437937964543,1.069571014571769,1.1900913823025103,1.079860770743939,0.7604493741687709
171.59933974787805,1.073916378083755,1.1954317554562095,1.0906946389979302,0.7639338724657618
171.63468351968976,1.0786709253011433,1.198327445359217,1.0973008651457579,0.7670308971751468
171.58578815839323,1.0801508044845116,1.1991580143039795,1.0996501708220499,0.7671408758490731
171.57971193203835,1.0814949503575617,1.2021913388428116,1.1082872505006816,0.7741268954938377
171.577635607025,1.0792138091773538,1.202831623957154,1.110225568136633,0.7743629853448292
171.53026955934604,1.077008165768029,1.2067976029187255,1.1125677629857,0.7760163612670293
171.43985534156553,1.075675168667971,1.206698209978976,1.1103366873037606,0.7730796982925844
171.4036983235126,1.072302130205954,1.2010145102937577,1.1072692514340807,0.7685439105917521
171.41320629396432,1.0713722538754344,1.1997985275924044,1.1096475421834815,0.769459604698437
171.33757721013086,1.0634226403571632,1.1958654710365866,1.107729583432552,0.7643954229324452
171.34630331638422,1.0646429283400922,1.1945812894138896,1.1070951801119284,0.7643810604549379
171.33270099451659,1.072059277911167,1.1997053817974066,1.1089044565213193,0.7713691420862999
171.29768211184185,1.0798234300628622,1.2082551790813838,1.112944604906751,0.7760400989480151
171.3308682556281,1.079505904458086,1.2124645548938955,1.108607542606763,0.7746945850622088
171.3402306001677,1.0802298507938026,1.2077088042629254,1.1060911102898072,0.7755763261055504
171.33914392043667,1.0751057663685448,1.2012957776448836,1.102098831228466,0.7747131902252127
171.35225231794908,1.0703684228920531,1.1957552234579598,1.095469609777733,0.7710530679504883
171.36498815324205,1.0668182330132938,1.18819474620037,1.0931267645887661,0.767515657312632
171.46614136955827,1.0646234798372536,1.1843257307101394,1.093212408474024,0.7707932354906237
171.6049695312191,1.0675945665641997,1.1858397319556773,1.0983071671722668,0.7817030089953854
171.629933949383,1.0690442466564432,1.1909859858119876,1.0994984945562767,0.7843206361941445
171.69748913336528,1.0670369991826427,1.1921903780615717,1.0965431815614624,0.7836919080022366
171.6311044573,1.059251865849011,1.1908769923614142,1.0950856492031167,0.7799693733130918
171.63154020746873,1.0575273327402137,1.1939521401944568,1.0923324492654072,0.7782958479288938
171.69746996130255,1.0553332438004213,1.1946178683403856,1.0918642753624932,0.7789713270337913
171.65731407107208,1.0507473455459626,1.1905247549250608,1.089261274980341,0.7758774493505233
171.7448247371546,1.044291708673043,1.1922185691250504,1.088336587789305,0.777113675280543
171.8245332922482,1.044502395022654,1.1900984835177528,1.0955081419531174,0.7829616632972173
171.80031907634768,1.0402602462014712,1.1944056081775254,1.0935707356937616,0.7808399852023199
171.72964546757356,1.0433432629369086,1.197929085877284,1.0928598744612061,0.7771447233959478
171.6249975422294,1.0396492508097819,1.1959954415537086,1.0933079787198459,0.7736721722470054
171.59658166183078,1.0405589949740832,1.1967260812040255,1.0902078431036715,0.7682101811957858
171.58465977027103,1.043553205672961,1.1948747239484592,1.0867484818468909,0.7659030534773538
171.5137412007415,1.0398234196913243,1.1938962717359312,1.0853205959870214,0.7611366212839541
171.45440782196414,1.049262656611063,1.2024655937820223,1.0905189966778244,0.764473765586427
171.4873162573784,1.060008161855013,1.2125548874896337,1.0989110423497415,0.7725731944099107
171.50814883137775,1.0632545821749406,1.2164942812372086,1.108032165324437,0.7808196911474218
171.39728802296986,1.0655006965250748,1.213840852208635,1.1075608722599701,0.7820307048245007
171.468896792783,1.0723489816581362,1.2117520745917068,1.109524017804463,0.7836646878068196
171.48342926068312,1.072833319153338,1.2060713707177424,1.1084077232929062,0.7824621436426289
171.51765100948765,1.0706260704305846,1.198834013804634,1.105854401198496,0.7823255710548688
171.457384110238,1.069719238912935,1.2000046765684786,1.1112044989336283,0.7856007057085104
171.46555825761988,1.0708276658583085,1.1956486002150324,1.1104037254689072,0.780440069566961
171.47037813786585,1.066541810448273,1.1914060967613935,1.108223489904157,0.7785361596540109
171.43704991666084,1.0638035591537462,1.1865780343788845,1.1045154529431984,0.7790889372995439
171.42997403320874,1.0673855524780649,1.1917415399288962,1.103686841440948,0.7754433533495013
171.3833405745687,1.068452798554376,1.1977856144677865,1.109078706394332,0.7784425593314317
171.40480753530284,1.0653663535890237,1.2024092909036166,1.1111441441253043,0.7816307427768023
171.40722840654666,1.065436513779259,1.2059896881437917,1.1133431988346802,0.7843079764960094
171.5144526585078,1.0670715458010578,1.2097649037027884,1.1180188088181235,0.7879323270047006
171.52778388340147,1.0654717232857893,1.2037136470593848,1.1175931526752312,0.7894731976308761
171.44914710897265,1.0670785366496167,1.2064464693349601,1.1113559672557147,0.7802791131030605
171.38914918491903,1.0669409420698337,1.2112416320392156,1.1125054721542469,0.7771464109614272
171.40700301590397,1.0684486910257376,1.2119789632753426,1.1120178942000782,0.7789777397022344
171.41496498163673,1.0692358928804238,1.2109747733354863,1.111558424370834,0.781333628661107
171.46887946150244,1.0734358561848891,1.21209952563943,1.1132074225308144,0.7845499146615331
160.86277066629427,0.45783170055931616,0.7362229365593724,0.7465944500817682,0.48789424801622333
116.48144561728286,0.16166733380915593,0.4228593014477615,0.4296001475702225,0.3366192764170016
99.30985676336893,0.3368530337892503,0.24568333420453117,0.2761302350236158,0.24003238095947188
110.10519613120597,0.5339833879232089,0.15398864788679384,0.23957342627327924,0.20428767684822477
122.3808702074351,0.6735903459975672,0.16355528618182794,0.3100409601875274,0.267693710834747
131.42039733642574,0.7698846672257257,0.2449208539091078,0.38986514171158676,0.3260029955058205
137.39137090802245,0.8372705296689825,0.3332416398293146,0.46820473782659544,0.3820256716101067
141.4053280306302,0.8994387133454915,0.3655569451288478,0.49607161105766534,0.3796189898695403
144.3539326509139,0.9458823305172465,0.3434449111794351,0.45258447441000577,0.3355162875320269
145.8462705168387,0.9844250497819287,0.35128158336990684,0.46102409775417785,0.34883278129042755
146.54290612762418,1.0027732274300039,0.37241625030077025,0.4884399801786487,0.36582296704828865
147.1671595053173,1.0238596949563432,0.3877678944374622,0.5201259841232944,0.4108868874196342
147.63651433941934,1.0393970198898457,0.439994437682615,0.5688465158207988,0.4681500887243551
147.80668868599392,1.0394389691101955,0.48386731645753084,0.6068611296039694,0.5116967165289348
147.99159390570094,1.0545521354440408,0.5052578795833188,0.6287034961354955,0.5440675727788071
147.99602580766262,1.0538403478499203,0.5341061781068341,0.652031652760992,0.5668630079135176
147.95746393577272,1.0507267336877806,0.5527345145923827,0.6644052896801369,0.5818601779812712
147.94368886254338,1.0582864355432273,0.5714359966880602,0.680874624763833,0.595358364350655
147.30712192234012,1.0641318664107977,0.5859075140130322,0.6935668238693281,0.6053848255584696
147.32082299292244,1.0500437099252664,0.5861399772855481,0.6902279184934575,0.608057842126547
147.01994399496112,1.0574819273031917,0.5766598962741648,0.6843878411788783,0.6060582031212222
146.73775960912369,1.0618301721805021,0.5874320421750849,0.6903785058301269,0.6095991735479578
146.30943078079486,1.0593657035123731,0.6013606932738095,0.6936758235596935,0.60874440170061
146.19253501099072,1.0679681739125022,0.6006303568554702,0.6909688528280877,0.6078774746142441
146.37659917672525,1.0725755920664688,0.598647580201357,0.6870283515338036,0.6067986885534565
146.49796190874278,1.0649513973146676,0.6026514039636728,0.6871401497595178,0.6086963212515488
146.52537142980842,1.0621418507817186,0.5993877825399976,0.6867557760047948,0.6095464923807674
146.4174866917196,1.054290498767703,0.5962284680881929,0.6833078181100335,0.6074997319118047
146.50217918784725,1.0541400522995708,0.6067271711291713,0.6912456884373201,0.6106370799307362
146.30704024749878,1.0562998562110473,0.6046367176606687,0.6937705310683717,0.6138698671330496
145.82513663427798,1.0563766462288247,0.605676057016491,0.6936657243791434,0.6116782945077298
145.60827051042278,1.0626134754188226,0.5985384383120532,0.6878987843490606,0.6073556504161625
145.37808130018823,1.0633553032898482,0.6052173581880701,0.6890455478305454,0.6072230184845827
145.69787923124167,1.0804732237081482,0.6026090788242271,0.69069815989957,0.6053107790312715
145.91474450074097,1.0812353344224468,0.6035319418681838,0.6939637318890173,0.6075922828299508
146.21988817449446,1.0829546082330639,0.6037800185860988,0.6982265603488399,0.6102014345420401
146.47279691141156,1.0849914171219437,0.6051901639561539,0.69846777298473,0.6121511176107338
146.53930254606172,1.080167084842591,0.6070286049396739,0.6987194879672668,0.61237186481068
146.41091799573303,1.0976626883553446,0.6068954237014721,0.7027112700145246,0.6142552950589423
146.1043301792683,1.0898638274210146,0.6066299627408709,0.6991127770751023,0.6120059192215724
145.82364954587325,1.0879741821850646,0.6027134750778502,0.6952639368804502,0.6116534078696407
145.6938757180333,1.0986284302955034,0.6027298665838161,0.6942465432518911,0.609358562721174
145.35390569539464,1.0904321430077346,0.600109058848412,0.6931677090818777,0.6090174695640977
145.3551656201147,1.0870793003511392,0.5982696589786669,0.6910419849781968,0.6062798214813485
145.30602559383948,1.0764734209070597,0.5967386699370437,0.6856438884367618,0.6027011900039929
145.19976060728968,1.0644605868692314,0.6029454429715091,0.6878640365095711,0.6017621624706156
145.38220259727598,1.0634702174629016,0.6032615213253493,0.6874813527231529,0.6008463506423073
145.2507107701466,1.0518865874781753,0.6018770561944379,0.6827728166496189,0.5990425094241008
145.32045941857186,1.0513677288968086,0.6085033281651565,0.6878322089115244,0.60006435630797
145.10297153694071,1.0468999939143262,0.6163014647519999,0.693249348208924,0.6027839491315036
145.11124658871205,1.0451814945021254,0.6159220911126723,0.6937696088041202,0.6030635721190247
145.17287257746506,1.0444227652544384,0.6043883688078312,0.6858227297812598,0.5992675966009521
145.32529298932292,1.0307175749977813,0.6057156811380829,0.6859744861324943,0.6004671431490387
145.37637911522413,1.0326638489497972,0.5884532303775404,0.6739877958479794,0.5913214593645202
145.51490702448802,1.0342029604386038,0.5806917518448163,0.670418698334627,0.5866786407633018
145.31957924154094,1.0287713792108173,0.5861005359803607,0.6746718290706284,0.5872072662976764
145.41500019976377,1.0311529434550477,0.5874748830689195,0.6774793704563201,0.5885134647002717
145.16919487860122,1.0280641259460819,0.5929502858741251,0.6817930868210104,0.588699670405725
145.2141523664701,1.032521379550759,0.5839266771031509,0.679124894616774,0.5862395876443106
144.94206463654146,1.0307918446599773,0.5847888313458177,0.679454888061543,0.5844058167598957
144.99514744028548,1.0392778359000037,0.5829180186406094,0.6793330232070987,0.5811193452854143
144.69457635687553,1.033784386831962,0.5869766338339661,0.6823799685273141,0.5800617621589266
144.7405850429351,1.0386429144565674,0.5855084562016885,0.6788930696244457,0.5769855085956361
144.5298747243646,1.0356617983080783,0.583165059521481,0.6739790758972075,0.5671184491832139
144.16334342492542,1.0224483340881136,0.5957614028557594,0.6794391991167664,0.5733940920629595
144.13066413977353,1.0292759191226437,0.5959898883726961,0.6826668694494826,0.5769683542358616
143.73349835420848,1.025775823786507,0.6066502315331949,0.6908221321851586,0.5810238204645413
143.80697667076012,1.0314599620088967,0.6220998739812932,0.7006699949381753,0.5871419873650423
143.52398203011137,1.0308146238400868,0.6397933967714002,0.7099517842933823,0.5942972284301041
143.58959550932354,1.0352498104583832,0.6382813307157401,0.7087461387615531,0.5946124749562238
143.63443783399597,1.0273899634522548,0.6519135419474088,0.7141802641556098,0.6010509104859972
143.7805621271735,1.0346845646080542,0.6432912965947704,0.7114097936328079,0.6017328568153778
143.5968675399433,1.0297534183258403,0.644011521151345,0.7111357273344636,0.6040670339288331
143.61136992260936,1.034825625243261,0.6327777548481806,0.7097709917868152,0.6048721180944153
143.550170951287,1.042627957355443,0.6181048240715532,0.7058303764597776,0.6024247651983522
143.3853052341269,1.0345561364710685,0.6303548496371436,0.7072707123786526,0.6012285689742859
142.7513329827769,1.0224963850428408,0.6477647798396104,0.7154014450903364,0.603039470034995
142.43906355205522,1.0169970275829197,0.658282864695821,0.717987726872596,0.6078863384758303
141.8393636238096,1.0148639755200957,0.6508584397004671,0.7106392021762785,0.6075303127614314
142.10375928402408,1.0160324135801675,0.6294534835113883,0.696922222952031,0.6024145650069107
142.13978822415362,1.0187896215748822,0.6294417275057066,0.702882926687465,0.6064978707920953
142.28575312487575,1.0240783265403897,0.6316243430093859,0.7052957020665617,0.6048050207137622
142.40992340962984,1.0192675457850895,0.6319269721176264,0.7053767236067339,0.6055909200533351
142.636317926311,1.0217128426016002,0.6298553017186616,0.705579176085553,0.6078148091069495
142.6129875207253,1.0175066583997094,0.640003034890938,0.7118214940926054,0.611548983079026
142.5016398238871,1.0186317333055943,0.6450688455200678,0.7144786434770908,0.6112850649135358
142.53799790227615,1.0310959207611285,0.6268567991150091,0.7091253876463398,0.6070857618141565
141.83920128949973,1.027008704524922,0.6349257921221743,0.7091516446410481,0.6067171780373111
141.34982994923516,1.0308346494786826,0.6370650200128596,0.7071294496755903,0.6052245345105086
140.7977454537422,1.0255543237337252,0.6490592703150962,0.7097856746938876,0.6073402505830854
140.51701507321002,1.02671230113553,0.6491322843242703,0.7057515019977603,0.6056174037695681
140.4104374809407,1.0258377661107594,0.6507922810056886,0.7020561300145256,0.6035901173611825
140.00763254556335,1.0202416158868077,0.6587327175511657,0.7061848164782075,0.6094812841640637
140.4348863547151,1.021715875184468,0.6362537092517541,0.6943810699822155,0.6045908730044949
141.16372921505095,1.0355775339796434,0.6081084961374055,0.6837570487449883,0.6029507601101781
141.54319426454583,1.0439919836928766,0.5947754573852038,0.6834902940078273,0.6034196612496399
141.52508353181327,1.0425182590329087,0.5921276651906298,0.6824041913967257,0.6027753884610045
141.5789463824285,1.0377729927688886,0.5892666982673344,0.6761117196307495,0.5979260940725363
141.53287572027207,1.0322072257404113,0.5900488970890759,0.6750097289788842,0.5981502251072766
140.91885476250758,1.0242985577155626,0.602891268565952,0.681989862987719,0.6018473179107318
140.55619045844674,1.0206791959673533,0.6146881406638258,0.6901911042985692,0.6045597678973001
140.13634343082344,1.0118875471477438,0.6449717879843203,0.7037445389410236,0.6083206202968993
139.2793539378935,1.002176624524936,0.6800957283830894,0.7196839016184893,0.6135517083021651
138.29856303683337,0.995628138985934,0.7091532102255806,0.7326391437923878,0.6224938965882502
137.98607197752952,0.993236944556498,0.7133945564780318,0.7328567670983565,0.6242232249767755
137.31760368336936,0.9915992938071477,0.7364300175461882,0.7434953567311557,0.6275133232078915
136.98244800322905,0.9864637440825743,0.7402314659371523,0.7450544726011072,0.6234405132197345
136.4985285353312,0.9733881369215901,0.7419986784040699,0.7410763031744264,0.6224259423614131
136.07098196478947,0.9693432022827945,0.7462520022558599,0.7437542774003482,0.6243736628771883
136.0549547639762,0.9715421617316957,0.7440651906597593,0.7422312569217572,0.6245811092130311
135.78630169666368,0.9693730717747093,0.7567527059104673,0.7472276029820787,0.6256190094445847
135.6075898209437,0.9699735742358111,0.7683251640536854,0.7521770379203039,0.6262537060123284
135.92397605906896,0.9724218899617969,0.7602496486536428,0.7455923277731701,0.6209736682362266
136.0217430153896,0.9674540008460245,0.7591767099174644,0.7411722339835128,0.6184881434100539
135.77167166755447,0.9650936607426154,0.759037567746751,0.7405692110456833,0.6192765080080552
135.6955392624161,0.9659779474773447,0.764676740836674,0.7442813217932784,0.6229995363811919
135.43685598880938,0.9615206691128972,0.7630630799135303,0.7434288613881683,0.6235792550085124
135.08633035491854,0.9612201364079087,0.7673147339259949,0.7453353309314739,0.6261613477148565
135.0982268610774,0.9580059063632677,0.7701881162341998,0.7465644721724946,0.6279266829414867
135.22013668287155,0.9579381278915279,0.7753845774225642,0.7508941039696178,0.6294449034966598
135.35897757543427,0.963806548397311,0.7757351999599013,0.7539163488595281,0.630828660786503
135.78127079464088,0.963235604536218,0.7706005940103876,0.750822246536023,0.6332243158701831
135.6437525320369,0.96543407251248,0.7665566077542836,0.7485492211861919,0.6307402051407581
135.99359914239477,0.9654227243903263,0.764289915757055,0.7483401665083048,0.6332745258490999
136.4525568476947,0.9655072400683008,0.7386909449185308,0.7343174161867958,0.6262132296275542
136.7817915688893,0.9669287865010625,0.7327098909505189,0.731981745700541,0.6251289817943129
137.39290076928512,0.966329104680834,0.7145477062498158,0.7227599381324826,0.6211748937804547
137.52550454037066,0.9587705743895683,0.7001447878195565,0.7125918487811951,0.6186177266171152
138.10854829048978,0.9655294906808642,0.6772997769557504,0.6997894861433962,0.6118416679945103
138.61535555470385,0.9772938701800574,0.655616835378713,0.6936423970782057,0.6071539020964113
139.47899898553672,0.998318852893521,0.6232695510606795,0.6827483600912088,0.5977661304152324
139.67985965107275,1.0053816908397815,0.6105008070138299,0.6792075032400022,0.596231423966788
139.4727970829838,1.0023137706948317,0.6152133883541131,0.6828359428524131,0.5962826947419057
139.12068046447104,0.9946075433327728,0.6304170882642091,0.6882644641892258,0.6004687522300891
139.1712338174945,0.995938305982495,0.629868656927549,0.685396869137644,0.602496130443553
139.24573421263423,0.995638509281013,0.6379180391583872,0.6835364452515905,0.5995001552826095
158.30716235444922,0.455291472468547,0.7199467108210555,0.7608614419449796,0.533204419955343
114.8034668079099,0.26031688306394435,0.3379983630743449,0.363204266234822,0.264995827033574
100.03758683352972,0.48812195920429874,0.17718142041106205,0.23195300605751462,0.19641334445193095
110.92622556098522,0.6721143137174459,0.18686353594467647,0.26185881983269005,0.24161126634855634
120.53313275722378,0.7971681079693818,0.23412044845097701,0.32346022519855816,0.2968359428339319
127.6885442600142,0.8877147643230031,0.2606991526540742,0.3637283494294794,0.32314007630086894
132.79808593152416,0.952722630097553,0.2662541984512037,0.3803086335558471,0.3215333739982303
137.00205045245428,1.0060268707839828,0.28729390393195264,0.3999852689016386,0.3207148454303375
139.871444693841,1.043808848379917,0.33299458981698393,0.44025197721444354,0.35208027143336396
141.68003117844475,1.0692894386777378,0.3667270608868258,0.4640797999106014,0.3754090144804264
142.69592616384367,1.0927647302876369,0.3810010110661009,0.475232106576568,0.3836022360038077
143.78428702059702,1.108897239873952,0.38435123058966714,0.4676477561217683,0.3557427257241779
144.38718576864187,1.1324509396013251,0.3771925211731559,0.462124222251923,0.348253637013064
144.68984830920098,1.1476056051230488,0.37861006417385307,0.47124647023363303,0.35753301677131666
144.3550076952556,1.1504169924172236,0.4081015387809072,0.49303595188306604,0.37057158851916816
144.10197752877636,1.1660276242071848,0.4014648818257942,0.48744937194752525,0.36712555719709133
143.55598169850435,1.1765807403209347,0.4442924036631174,0.5288838245759638,0.40442047373148104
143.18093593015217,1.1903566168512938,0.47100713769627456,0.5533601909429291,0.4297190986657097
143.21506902038698,1.1960538672273633,0.48236831573801003,0.5641962640048162,0.4437410982331167
143.21277469410916,1.2013709964439834,0.5053642127931641,0.5852206803620352,0.4641307041653509
143.1929207152267,1.1959861048889624,0.5127729605532624,0.5929923633908478,0.475058829890747
142.97966834018277,1.193774967745045,0.5312992505273583,0.6061547744721337,0.487255446317081
142.91037536237008,1.191043982114812,0.500590921801787,0.5872040423749191,0.47058961508436215
142.6027606336128,1.1823383140379955,0.4932772394637161,0.5861819209382448,0.47099236626577035
142.34651702995674,1.1812375350087023,0.5316409648450768,0.6172528868782565,0.49899819828514597
142.1485424573537,1.1802544400547696,0.5626560120543725,0.6391597017331296,0.5157068615226978
142.00052377765314,1.1787387256709647,0.5889877553822002,0.663960054246143,0.5413291312352412
141.56437151874243,1.1779889469676328,0.5873559225769652,0.6613174464027908,0.526537194210907
141.29028252577857,1.1789689605764329,0.5862692554100171,0.6587288465423633,0.5210729192971433
141.14063992653175,1.1792552227112332,0.5953052807392918,0.663794597552854,0.5267939255767464
141.0105810055606,1.1790739737853022,0.5997643380258775,0.6653522411105479,0.5278897541548802
140.91472951208596,1.1734405389462608,0.6069014797603789,0.6719097078870919,0.531292995245707
140.73566158827552,1.1565851575068116,0.6040000528684457,0.6681350606122827,0.5319580874133863
140.83322846924386,1.151413830409299,0.5945669711097237,0.6582859343206778,0.5291029841473087
140.83121190447855,1.1460967218876612,0.5963147744417125,0.6555211390854782,0.53274753439842
140.81554915123806,1.1459902140072744,0.5965868621885028,0.6549900138827208,0.5334704190802972
140.9075289059235,1.1450957537211457,0.5959862948825871,0.654069922321178,0.5297963190290732
140.72951462616354,1.1477272903670033,0.5999301773063576,0.660350775338661,0.5397646149097982
140.4374936010469,1.153175288354018,0.6020466682435192,0.6611835349899364,0.5379429215469708
140.2856955119894,1.1446447285799586,0.5998394332781982,0.6571714376809819,0.5251295970778516
140.24827137666406,1.145607064254795,0.6067919643515568,0.6652099269453489,0.5238263440626214
140.18013730973732,1.1425768226001405,0.6119216290710406,0.6711747592341353,0.5289869464108821
140.01168314331562,1.1288287868474225,0.6189171242612346,0.6753496473730695,0.5367713135697566
139.88086933859697,1.1312968350691615,0.6202575971128946,0.6777545842822975,0.5382871554536732
139.78022491553193,1.1320689534158686,0.6189446117858602,0.6784851951560199,0.5414860062248764
139.61353373216204,1.1299695060430537,0.6188522386478561,0.6809247857790056,0.5415341837328748
139.45111222392387,1.1313265213318102,0.6180972725678244,0.6821035158112619,0.5414702378139258
139.51453302624586,1.1344478778683476,0.61675965050717,0.6812856336454672,0.5400293926628996
139.50274787822937,1.131991608728272,0.6123420556025136,0.6769747818344858,0.5315725560772022
139.55362003250661,1.1231715447400592,0.6125153022862133,0.6741879795577435,0.5340308143963819
139.57870746831594,1.1201404000625497,0.6151223690846606,0.6777132775657441,0.5397689097380993
139.7588513695623,1.1231102801036286,0.6106639634888074,0.6738322772098738,0.5348051116233133
139.99106448515968,1.1280991031312304,0.6046481888054542,0.6709244602862885,0.5326289041991152
140.0006398225929,1.1264747467950427,0.6020671815101616,0.6717204298651867,0.5343759999691954
139.95609313982942,1.1229311963175554,0.6026342935145718,0.6707618342143973,0.5342166409083929
140.03934547419658,1.1285768570990256,0.5981603955710176,0.6674483431311671,0.5287976231596605
139.97073387530156,1.1373360027471975,0.594662046049307,0.667111504210718,0.5272879170677607
140.07607536116393,1.137101668660793,0.5936782131134593,0.6672573750189694,0.5239649350793697
140.22814223015038,1.1413670940782772,0.5971872462408828,0.6700168915058013,0.5223948929442532
140.36830912027895,1.1470663092959017,0.5970761570690775,0.6692195789887733,0.5203831867748577
140.42685926539028,1.1566598551555578,0.5979101630805129,0.6706352753028689,0.5216078614623625
140.48496832239303,1.1608744695570583,0.5996972935226345,0.6734599853028815,0.5232982815820828
140.36027825801858,1.1606081775980588,0.5974080687805858,0.6711093212181513,0.5134490416949343
140.30629555563578,1.159917837003154,0.5969160207594797,0.671288399252248,0.5176681085283948
140.4511111088233,1.158450052726826,0.6023458712894758,0.6744827044895215,0.5240658932002444
140.45909213934965,1.161744191438053,0.6031494624049424,0.6751240595601485,0.5239444681955905
140.39428539832704,1.159826513514062,0.6083336550118353,0.6786317326944644,0.528049753217266
140.26616257261313,1.1560960337647146,0.610475015202613,0.6799881127543611,0.5380525794214097
140.27651112294853,1.159073826470939,0.6090631544093401,0.683301837695606,0.5462590516290613
140.2364604101029,1.161740453579358,0.6110649269759584,0.6898440018054389,0.5560398050202667
140.2120716031236,1.1638144228848673,0.6127077106982947,0.6955964315357254,0.5585352602666648
140.1544351678619,1.1685309162055084,0.610510947258171,0.6959171990635883,0.5563748786328822
140.20625851377505,1.1686031617178028,0.6077015762582142,0.6924848610664679,0.5511100207660722
140.3730744058551,1.1834176370018716,0.6111849716302176,0.6948520141824656,0.5526129095270016
140.470904994172,1.185587124174134,0.6119359065972418,0.6995587813367494,0.559461549486399
140.779811103532,1.1980056231240104,0.6232149723347208,0.705015481051881,0.5644628202929731
141.38889567317645,1.2027559130812933,0.6223455675404796,0.7047760075759706,0.5652563560975488
141.34743996514115,1.2070848344502754,0.633194005697944,0.7133222750399495,0.5716904867339524
141.56851833956404,1.2074427668696681,0.6402161048365343,0.7184789345192788,0.5740470526429445
141.99856487752524,1.1946186110804988,0.635002797633056,0.7132473346170178,0.5691441297008489
142.0745922361283,1.1858511521876425,0.6067596932196033,0.6850296184840728,0.5474818217921733
141.97527388308183,1.178089613240779,0.5956818930317986,0.6742344154839693,0.5391094424016044
141.83124527842565,1.1728738813934272,0.5937600454037576,0.6688962160392711,0.5343502227676186
141.55928831289273,1.1651369746598803,0.592142198623053,0.6658086444773766,0.5291369058259786
141.27889033672292,1.1626852677022628,0.5839058821668515,0.6583574500941988,0.5176638853076653
141.18248353599557,1.158411536113388,0.5831718016623298,0.6605701727573652,0.5213991697072213
141.02262702489682,1.1608305818159568,0.581230033074758,0.6576409853374141,0.5117638577237357
141.0266694917754,1.1626628908473047,0.5825964119144944,0.6618054987692322,0.5164877835668799
140.82568292302741,1.160247204643315,0.5805481752735632,0.6601267793797121,0.5095794007511074
140.79041671627246,1.1633918909201189,0.5852853359160114,0.6668135835060052,0.5138202965855404
140.65844004930292,1.163872332633899,0.5877126439061345,0.6677656341415884,0.5140853615748566
140.63465992296491,1.1679281408693163,0.5941323996543341,0.6755462107956517,0.5210316224072055
140.46077218439484,1.1682319490412187,0.5838868352726203,0.6623092712700841,0.5026519042530684
140.36591686709806,1.1722594593238795,0.5808659309710786,0.6597650681576878,0.5016821069584783
140.34989688036828,1.175942302791292,0.5673331521782171,0.6515173594042939,0.5039318141819406
140.2310674808364,1.175314289746448,0.5655574554247492,0.6492098073847821,0.504610382703838
140.16672142392227,1.1722256522364067,0.5697141166194998,0.6512689469138478,0.5112760886421149
140.09284542739883,1.1708980587283329,0.5734631748275721,0.6512606535254611,0.5097781504080926
140.2083422688544,1.1725759123176909,0.574477822352009,0.6527245060288416,0.5164384898259636
140.1110264706105,1.1704739028088769,0.5805471665082144,0.6566141754882207,0.5251072007813705
140.01828108687556,1.1709234606629355,0.5783327105776593,0.6561493992178629,0.5288485472172465
140.0102061062497,1.1714856920638557,0.5713333222006348,0.6495435691994015,0.5266113531193343
140.03165868797234,1.1704359930447403,0.576677857091142,0.6538419630236298,0.5298266774610919
139.8969213550458,1.167115278460088,0.5809011485884176,0.6595574169021412,0.5371667368183217
139.8088844836304,1.1691139615616293,0.5866363622540005,0.6671119955044945,0.5453682001693199
139.69911294365215,1.167454517901669,0.5797557441062011,0.65955789904939,0.5421458064267008
139.6060347386604,1.1659964355261696,0.5802739621846564,0.6615970800243899,0.5415153996242101
139.51677079181115,1.1641416431240728,0.5815314246011793,0.6628223520939367,0.5396395934647849
139.56891198454366,1.1623596205544164,0.585301203055097,0.6670340026414108,0.5388611273952388
139.4731658830345,1.155338761224707,0.5900410296680684,0.6708824385430733,0.54302736275053
139.54787940209792,1.1544409394402406,0.597485662493144,0.6803571261798973,0.5505710098298626
139.5785780628512,1.1534907884422665,0.6044397837055056,0.6868135066802166,0.5553087646608115
139.53270491841442,1.154578892847507,0.6005968896270433,0.6796194180354804,0.5461435920766355
139.56041539015754,1.157045952346297,0.5961123028025218,0.6701193555172054,0.539963797498932
139.56407004458546,1.1598047566610974,0.5966783379545126,0.6716910006595099,0.5388513267252155
139.69267012393695,1.157020952894705,0.597185434250906,0.6765522507744586,0.5414738939446513
139.61720154460502,1.1554253044197935,0.6012470464419919,0.6824509205408734,0.5435416831101134
139.64092018109318,1.1590107464488308,0.5997134344496999,0.6845391127794757,0.5467155624780511
139.76162948312128,1.158589061452278,0.6005041936921297,0.6858972440734367,0.5509486327362081
139.95665928193088,1.1642388126614112,0.6094006471997111,0.6973097298857842,0.559734434299147
139.96963464893608,1.1611994570500206,0.6023522225900099,0.6921772384538997,0.5561534667491418
139.8784472837942,1.1617702324762051,0.6159602381867552,0.7033727150531079,0.5639261071174372
139.91507528683564,1.1634481783023818,0.6200395920295448,0.7061273807635587,0.5650503405363833
139.56716142960227,1.1590193804026219,0.6123129732749885,0.699869776245154,0.5612499152919909
139.4955664028634,1.1555571759327792,0.6110973328068794,0.6996695791095664,0.5627841662209271
139.46833457527578,1.1585429670226526,0.5945310560487731,0.6841834112225215,0.5533375852398494
139.47829350031975,1.1584762315701687,0.5797192792232227,0.6669202909300248,0.5419006548142167
139.5128293691673,1.1571874198354875,0.5666938760388603,0.654057584807842,0.5350206783633431
139.69657514406285,1.1625467562291918,0.5622833625867355,0.6497811178483633,0.5370397661279641
139.6735968930306,1.159836037954061,0.5578640141548378,0.6452981573463381,0.533318385044197
139.6537597440724,1.1609127011700562,0.5394473865779709,0.6293709175669637,0.5258390789733992
139.64565612067088,1.163595814257573,0.5253198577988442,0.6192126892617511,0.5221605573423308
144.55031245948615,0.5536256782256499,0.8095783107855579,0.8265916294970584,0.6934931164709145
84.59585475876587,0.17638343127586203,0.4080622851681874,0.40030084125969007,0.3181911504029436
87.99151001672382,0.4468253127939786,0.2571896695231889,0.21540135153760517,0.18561814303968618
104.8524703549014,0.6490795427622815,0.0671557376160646,0.24020775148933424,0.23066760884640702
113.94192805548913,0.781914751474169,0.041896990645241085,0.31575054013360676,0.27805763612479006
119.9671896089906,0.9014996837238538,0.17407018332893426,0.41890033270332144,0.3737627371182987
127.4467030931857,0.9763023998361202,0.14911808064615115,0.49103940344323566,0.4379581293488907
131.6809127776987,1.0590403816249756,0.28288390126655516,0.5458941691419081,0.4805299271764234
135.26615149116316,1.102830191251225,0.3873039608284434,0.5934644093586047,0.5241312974408695
137.7507349317376,1.1184542880236992,0.46163004287371606,0.6176557312398773,0.5426576491600817
140.40466110557352,1.1345221240811791,0.5175140796851132,0.6430573920292408,0.5694150996940834
142.5829054393283,1.1562127751305857,0.554429367216168,0.6597130257685008,0.5715095574971897
144.51735036116006,1.172625334784642,0.5733323299250518,0.6613071661710564,0.5532135985716478
145.7770014419053,1.1908936036394784,0.5913807948741936,0.6781216576469639,0.5476903542031342
146.7502461861788,1.205274890408342,0.6222279301799819,0.6997355205265603,0.564277709561639
147.12397595499897,1.2156483217006224,0.6410682686479123,0.7220628029199987,0.5785624329467689
147.6213852705917,1.2285778658079949,0.6539791276705201,0.7361559634421756,0.5939418973430477
148.24091372708597,1.2281033132696504,0.6507364542478796,0.7373601841194153,0.5981853804584464
148.8093226056802,1.2254218230345302,0.6222468942167465,0.7316676081840262,0.594843689806805
149.56333239997815,1.229715968568943,0.6111158008712632,0.7191444372775787,0.5875856631670283
150.142201697792,1.2292732173608436,0.6045392731075965,0.706470899208794,0.5735860300226416
151.03282955070517,1.2216002429769852,0.6020990722811447,0.6856265390646559,0.5615185746660827
151.87086789630433,1.2255861383919557,0.612558865080733,0.67545862287777,0.5606590013467332
152.31045963542485,1.2250159709235207,0.614295143415944,0.6704668776291695,0.565424854064919
153.0472508471642,1.220305046376762,0.6102228937917223,0.6627395591844555,0.5693372155329312
153.32622124568124,1.20906595782231,0.5993908915404361,0.6556163850958436,0.570358203554253
153.2144901752894,1.2000335557551407,0.6018268948640269,0.6530464467446108,0.5714914762052136
153.03268249869987,1.191970753377356,0.5927901163283256,0.6449590076689481,0.5687745305161973
153.02726943075086,1.184960447491786,0.598166660560709,0.64903599961126,0.5672586972407665
153.1767893406108,1.1867062022717902,0.5845797883492505,0.6488846178701302,0.561988483546003
153.10445833660984,1.1869606077044454,0.5957034671678553,0.6556296432568376,0.5644516076724384
153.03647273971225,1.179682115269171,0.6042172450473315,0.6597240839063683,0.5663247212744469
152.637696925187,1.1634672045525998,0.6015682569196827,0.6668714538522023,0.5658832153428527
152.3190787806306,1.161221465068602,0.6178454057247648,0.6784189289899616,0.5672766406800366
152.16968582176787,1.1560373594590354,0.6105694964502685,0.6821251002642119,0.5696372839766215
151.85780839835726,1.1358198392851278,0.5813708157978844,0.6791205162565936,0.5677498851804343
151.683890846136,1.129772351481572,0.5761964765372048,0.6713159458927382,0.5643714240358575
151.37985611139868,1.121641686617664,0.5714774862807875,0.6609636894179364,0.5631119868017551
151.226539539885,1.12543308116433,0.5707319081674885,0.6498689467672975,0.5583582738166013
151.20999273164438,1.1383057969645018,0.568142623072126,0.64721392037038,0.5563196870307827
151.05655372990688,1.1483840134291154,0.5854442177376387,0.6549150692122397,0.5587409716957307
151.1387655147285,1.1572153130482499,0.5966953180791911,0.6554245091650063,0.5603702738654612
151.31094882534896,1.1510140408422467,0.6059643260301109,0.6588659999785025,0.5617477875610568
151.40043631527055,1.159578361879659,0.6240603075025204,0.6632064004486222,0.5663471787011224
151.27668617823076,1.153143778030348,0.6184459840039492,0.6553744641259267,0.5686977826390713
151.21073483076947,1.146046874152986,0.6128496439973682,0.6546562682587093,0.566948245194333
151.34614957910574,1.1415972331986024,0.6282393960589382,0.6656462094005529,0.5699417644513984
151.59956332954224,1.1486638972515708,0.3199645643785562,0.6761093440051766,0.5762045270921335
151.75537092205187,1.1516737250353577,0.1150744386641726,0.6896173053188578,0.5821633803440845
151.88058615335618,1.1561136874541955,0.10683569773659551,0.6954316572242507,0.5853709674102074
152.02618773973552,1.1520103961982247,0.24451257877567553,0.6938548418363487,0.584857049454968
152.07679262933448,1.1555606142316748,0.3493680727818821,0.6995105975909677,0.5858135756802363
151.95241638516276,1.161102066324203,0.38035763527296146,0.695906673079937,0.5871560196598198
151.84502997363785,1.1736169099977638,0.4417221317501229,0.6838937310158035,0.5803700295690436
151.88479984327324,1.1834422020777904,0.49382248422979436,0.6619750210119564,0.5756213489153413
151.58994359408996,1.1907059628330976,0.5564990520778327,0.675740095423949,0.5882483387407402
151.32784627684268,1.1943971372540396,0.5888170838123272,0.6823721113162778,0.5932956989280544
151.492673278668,1.1834369054241853,0.6109035483649937,0.6882428021285425,0.5952192642791578
151.71413649201588,1.168084302174822,0.6178623373747255,0.6845890448164536,0.5979673423849867
151.68231157228482,1.1487154136618896,0.6222215556278828,0.6803598494415807,0.5953061127824035
151.7697064117968,1.133280949104468,0.6248756124700009,0.6780739880026533,0.5930433745665246
151.7726179292426,1.1235570206803422,0.61925880395635,0.6721518528937676,0.5889617238115695
151.75509052268993,1.115696260276756,0.6195702101119489,0.6709593903569875,0.5878197179837876
151.76630266226934,1.1086967414402602,0.6201869357024591,0.6705411229207155,0.5850998887699541
151.88724485919872,1.102237793752332,0.6213608930192976,0.6683051949107885,0.5822126123161574
151.81906609798412,1.0983690984311905,0.6202354754708451,0.665060085324103,0.5770283564415681
151.87781846490665,1.0967687758619562,0.6115179443996133,0.6589871566815608,0.5696150608131619
151.7353119092484,1.0928034894112224,0.6041980890774922,0.6558782635876718,0.5645054813964481
151.81499616650606,1.0963662486282226,0.6072948297121866,0.6597808432326221,0.5641196465837728
151.7659661374192,1.1033045459397304,0.6213746215030985,0.6654742682520208,0.5684535635754766
151.84720283479433,1.1061127864183378,0.6261204174877859,0.6667322129339049,0.5680902795946935
152.02136580041886,1.107521528745784,0.6240563059916272,0.6675359319083208,0.5659383934471688
152.0895848354426,1.1057774449775704,0.6146842256296329,0.6669638236262024,0.5631280654005026
152.18801302854402,1.1023701066093068,0.6152262675414043,0.6671088252616847,0.5623444412462811
152.33574053049696,1.1059860449187269,0.6259533924241252,0.6740013115688905,0.5618078312876524
152.28698519306948,1.1027664759293272,0.6253998725183412,0.6733443936927516,0.5642386347876921
152.028677854748,1.1036227583877387,0.6311030061820931,0.6766190537060405,0.5684088928206193
151.99669973150213,1.1087853918072146,0.6331260145787152,0.6767914418316343,0.5683008807346086
151.8297524255447,1.1074597978462497,0.6250147233227313,0.6739612264262704,0.5693843245525569
151.58950174748225,1.1072751038097384,0.6307466471369897,0.6783383348818882,0.5732207887688031
151.65627191525144,1.1033345994781025,0.6387980623860553,0.6840001726303127,0.5751501578505323
151.9002954560436,1.1034234060193369,0.6365816926093721,0.6805593251022786,0.5740971078985254
152.05076240787912,1.0990848232699342,0.6364945890664984,0.6796076736779133,0.5765521110731983
152.1968198401054,1.1055620740791234,0.6408004602438226,0.683099261015538,0.57931683832175
152.32842574036138,1.1093151796709007,0.6392992071840201,0.6822125052900384,0.5795975129218328
152.03108358368917,1.1128721427989154,0.6403815833046498,0.6861672241011884,0.583604509566595
152.02909473749082,1.1099344656061811,0.6428390161586108,0.6858499435959934,0.584351233802672
151.92467600234946,1.1060349070792794,0.6281664309166839,0.6845116750911724,0.5838064679557169
151.77391992909074,1.1027111258806777,0.6210892485609623,0.6856886304488635,0.5822107842708413
151.46448522263898,1.1088661252764551,0.6212823042523892,0.682387948551769,0.5789097220675763
151.32252582049074,1.1173925573774988,0.6220279028307504,0.6851007122941485,0.5790185301961114
151.24716062464,1.1226538202146876,0.6208813012545052,0.6872575115503393,0.5778122909052529
151.26671081636357,1.1287063467054144,0.6307686597840958,0.6889586533564296,0.5792023208603078
151.4437888664724,1.1336910644134124,0.6370210451328425,0.6878186745990927,0.5804803068136944
151.8049113902007,1.1352241505075067,0.6284913931102913,0.6799817247149178,0.576888849171089
152.2759685046624,1.1380850618242127,0.616298694152875,0.6753537980332489,0.5717336655895318
152.47446667820438,1.1356237005153789,0.6064976069770485,0.6697257082106074,0.5665601761011716
152.80361108750944,1.1339802089243458,0.5940020157271025,0.6702603516037162,0.5665839490283536
153.08242838159546,1.1347732498486491,0.5916302265413066,0.6704982403427431,0.564575104868666
153.23837569708382,1.1311381853608262,0.57780122731583,0.6664168831305939,0.566464147139957
153.30987492213617,1.1392982915665346,0.5826710538444562,0.666253814760778,0.5615256486131905
153.37894529389536,1.1398699486558501,0.5919498783256559,0.6691356050543461,0.5636188764873443
153.20514648428878,1.1392611775092085,0.5784429298463494,0.6673594327552633,0.5665072741289746
153.0397807823081,1.1367338504883848,0.5765919266531742,0.6740621235974593,0.5719853540311881
152.6795522634568,1.1403506763112095,0.5727228881898945,0.6708182275544405,0.5690569894685227
152.42245881079074,1.140176907498234,0.5820723240174613,0.6736272422531038,0.5720477767741665
152.1081984222032,1.1401068292318928,0.5881384248342233,0.6784771531081822,0.5762306887096503
151.95412632270083,1.1432095179663635,0.5929740975653088,0.6798265569261566,0.5765363418398195
151.6783469284412,1.1375554593575186,0.5887033758215615,0.6802337201293045,0.579247972923044
151.52695975516994,1.1372399846160504,0.5970409105193972,0.6847090438011123,0.5810809731855819
151.37308939138612,1.138664310514546,0.592720469861787,0.6838647421654553,0.579948499588509
151.3061129416062,1.1386981930847286,0.5904384429142248,0.6784551678905704,0.5770116240142641
151.1361356677216,1.1429677495758912,0.5712312907905447,0.658046717530215,0.568353783129397
151.27071737674538,1.1470716954814006,0.5609562218859929,0.6467381398951939,0.5602747425122591
151.29672490715686,1.1514597853062383,0.550719754308729,0.648622578684283,0.5643192526879862
151.28068191598308,1.1498137723588613,0.5082982696572885,0.6315607879012792,0.5578983106982839
151.23226313921126,1.150366193429083,0.4485717014735959,0.5914110600117343,0.5436099884107753
150.93186054236796,1.1544413332950383,0.2356498392494721,0.6149813316314063,0.5531371369823441
150.71507258288509,1.1553773724430996,0.1621985577493383,0.6387500374760543,0.5602145694225737
150.82133787500243,1.1510200622755073,0.23041671999148097,0.6491231443161309,0.566625636324994
150.72182562609368,1.1518078665119544,0.1276908818132264,0.6635063781897305,0.5711203611214277
150.8728153847976,1.1488447917527933,0.18854350112057966,0.6636974985695049,0.5728099688223738
150.9449778058844,1.1411142903454194,0.2906635888016012,0.6665111673722194,0.5736209930991462
151.10684245131642,1.1317186633690397,0.3482542796865249,0.6503757851224973,0.5652691266546946
151.23416373921714,1.1207783528101583,0.3559251645404277,0.6378826046768926,0.5597427841246669
151.33151319043463,1.115954087933389,0.32024077331603024,0.6526776743760894,0.5639302497373823
151.44363705800518,1.1052665296447848,0.32046860229105273,0.6547695604764793,0.564356919268012
151.454021178314,1.099654886670381,0.3794099926584179,0.6429210645736221,0.559518593638174
151.4372143207962,1.1006137325069252,0.43408115178451756,0.6402042772963163,0.5578475859250916
151.33316502058935,1.10576760394219,0.4787098463229334,0.6425580588767743,0.5563406514708512
151.18347454812223,1.1130821980094594,0.5091390596941302,0.6462582851211128,0.5579730755803705
151.0267223311867,1.1173916298249038,0.49611162437138934,0.6467790259578002,0.5593442197354578
150.96913986953484,1.1307735675184036,0.3410177869114171,0.6459145196153232,0.5555347640976258
151.1903717699683,1.1379850188943625,0.11945612788149769,0.6412707319595511,0.5600006370615687
151.20830697550753,1.1528567367394533,0.11708384734367894,0.6563192365425601,0.5664903393705569
151.55647893764254,1.1618734411060412,0.18100679058516275,0.6515300169296699,0.5629757468411011
151.81114214223257,1.1562748170088368,0.22188218330618958,0.65997860588202,0.5734815196870554
151.93138736812327,1.1639136702356347,0.3208622733515,0.6639171986783642,0.5725274510122876
152.28512419551691,1.1725717970618013,0.1258238436278462,0.6492810728114256,0.567486864360671
152.298873091459,1.1711912052330704,0.10625380276038242,0.627079091367218,0.5589654205976404
152.2020210427264,1.1736512106025352,0.20478686182223266,0.6424105462100836,0.5647596975636491
151.96076772591107,1.1631377321715688,0.12965055962418895,0.573505993809126,0.5398207101968361
151.7198924265681,1.1588395281447281,0.31687631094885416,0.5652824073978426,0.5451559230821579
151.44627812754047,1.170292354143274,0.36582050099352736,0.5913670559408595,0.5561958128280322
151.23906577927542,1.1801434372737558,0.40401665509247736,0.5591604125549612,0.5416639814625119
151.2323481094493,1.1865893437281765,0.461015829877323,0.5514001021285749,0.5409916691276673
151.40866474769982,1.1882135811542462,0.5396161885369588,0.5444011007715146,0.5383539220306762
151.40062815824373,1.1855318709320064,0.6539876763331478,0.5312004273019401,0.5292421242717585
151.4417519495602,1.1808003180154083,0.6453760017118992,0.5628841422050441,0.535607849373851
151.4926958994791,1.189043113456871,0.5141936604556792,0.5944481365649534,0.5441577603155712
151.5427335679158,1.1930529650738126,0.5710767188349857,0.5793638878777975,0.5358454239284013
164.7069672474789,0.39449496479448254,0.4959425224483436,0.592112207336052,0.3933950565140146
108.98051101297901,0.10817965182155907,0.26525750737661097,0.33659008663585427,0.22120271295699936
87.40771426866858,0.30161293110426957,0.13528305619888045,0.19390232823799547,0.13438086420182752
98.69222930978015,0.5054564568432977,0.15462894999481885,0.18839808180268727,0.12477190573612212
110.71624933486257,0.6816192697894559,0.23970877091924,0.26879944011901113,0.15237051503896232
119.48456302924055,0.8113141428278009,0.3215595347387505,0.35227012954624276,0.2217797367606151
126.05004534314735,0.9100020121096696,0.35909146690684773,0.4232713292720706,0.2874811181759472
131.28006859285264,0.9606984965837435,0.3151636257402387,0.4744936980951227,0.34196883622908325
134.64186784352864,1.0148943678898694,0.3511769502742179,0.538840877552304,0.3953646530021313
137.4674332587153,1.0721322823058725,0.433896494878856,0.5992819302645332,0.43093850535848177
139.64141380301717,1.1290677290170938,0.49401980879230595,0.6419407881458755,0.4766607521380186
141.1384487960662,1.1578612073271795,0.5245566546801703,0.650007915599292,0.47079255101719536
142.83717518383585,1.1834352632649252,0.5535643774608278,0.6700923505217768,0.504377921352221
144.5245668350753,1.2005614936256745,0.5918050615687064,0.6912560173510168,0.5413811828809754
145.77703334322047,1.217778013226151,0.633560675956273,0.7163265354753022,0.5710347078653879
147.21110732140906,1.228063387991363,0.6562566268867966,0.7307552844286687,0.5836687971558313
148.4761657462876,1.2394586820899893,0.6705500491801611,0.7434241438613971,0.5945112877709035
149.26825490061103,1.2365376749347823,0.6707283569695042,0.7367613296344133,0.5896254832170145
149.38081540911406,1.2414514452490437,0.6789313629979816,0.7401695685219242,0.5973187445609415
149.42897156194195,1.2516911233793788,0.6699259152154874,0.7300160501773285,0.5788240897241422
149.55608855805897,1.256256929648414,0.6613672565191853,0.7238365984174896,0.5806304268611734
149.7509175998077,1.2554548809676722,0.6658405967961332,0.7215243130896105,0.5825653394186268
150.08727563373333,1.2600253982259422,0.6473514008636152,0.7114804663338143,0.5670507117012046
149.84833512772536,1.254880986002441,0.6511055164559082,0.7123312696060794,0.5692958467398845
149.2424048855591,1.2532284681412262,0.6661975479358463,0.7209404527364752,0.5833302630456649
148.5520201254811,1.2568508185084437,0.6586418194259797,0.7167702200168847,0.5787012753119525
148.15603947041757,1.2608037174186921,0.6484774417082,0.7123528379039351,0.5775346618562315
147.91898011690444,1.267226927723258,0.6472850184548012,0.7109783028500407,0.5755680959128454
147.70045296752582,1.2662848188088667,0.6458069799728442,0.707599738908797,0.5761218563368595
148.08319828560158,1.2658793071159584,0.6485773632764001,0.7095911203837709,0.5836611444521808
148.20023233110908,1.2630680412391682,0.646077435460137,0.7040005260057395,0.5752336725393381
148.55556320985087,1.2629191056271067,0.6532250500817013,0.711907579698938,0.5838528653751308
148.8742672834972,1.261465459753723,0.6609048204583038,0.715759729811499,0.5853818830216972
148.80896970084987,1.2592151412793342,0.6680915455158069,0.7224348813527853,0.589065552590334
148.7962946205432,1.260440770102756,0.6643075243786405,0.7268010243562001,0.5925290330458921
148.81584018970165,1.257742443520234,0.6677086614023302,0.7294729314501075,0.5945427261163475
148.8231563407193,1.2560932808058654,0.6592376015124133,0.731664354362893,0.5938804140780534
148.99276137607353,1.2533217956138085,0.6604707023608839,0.7318939299667695,0.591261101951533
149.0152238378499,1.2548764630805256,0.6627451813938924,0.7344310443844552,0.5954690194255708
149.1112236662514,1.250252532922511,0.6647236373153453,0.7353407631106358,0.5984066160391824
149.3997542578246,1.254692571927101,0.6666472870177601,0.7358066730888543,0.5948142046511888
149.00642539533013,1.2527726921432158,0.6706968543957808,0.737837579873675,0.5953472021063079
148.9827686387044,1.2574518224577511,0.6791762743156925,0.7411930275906348,0.5962244124089782
148.74803823282792,1.2562860458247012,0.6866701732109018,0.7461605356952553,0.5979373320393675
148.64857463471682,1.2569287467047727,0.6900634743596126,0.7465091752890634,0.5987347189610686
148.7113714171982,1.2487190071834005,0.6911550714469298,0.7411451781378061,0.5932924549095107
148.69981614571753,1.2492476358561144,0.6821409921425385,0.7340810025844062,0.5874376351899218
148.7182019949739,1.2505153972814846,0.6801873021187357,0.731420510679886,0.5811262097582006
148.5332688902665,1.25296219638515,0.6827176106450235,0.733849540775201,0.5883332605415292
148.29248920449177,1.2510185223016217,0.6866691857603262,0.7348835002768659,0.5916420147115521
148.3881001922843,1.2546818402718538,0.6933415610242861,0.7330288508841512,0.5940992315350372
148.3866310725744,1.2602535568154885,0.6983008684068288,0.7378638141237845,0.5985840119876418
148.6634633911408,1.260750846367684,0.6985858844634663,0.7403083749795589,0.6029068859613731
148.71669851316355,1.2521959945105743,0.7052621803626833,0.7503720441669833,0.6106337521850973
148.88253078559472,1.2545214131570324,0.7064437898456861,0.7589835368225066,0.6166199556134134
149.12425717078514,1.2604224045285228,0.7021819612208097,0.7601480300966086,0.6149917378483432
149.36186202469173,1.2615759224626195,0.694584206790546,0.7612487321404268,0.6064764239034256
149.615981985977,1.2657064970415024,0.6946821119758468,0.7661073202282823,0.6177377170885973
149.59012494234616,1.272175960278492,0.692898218429646,0.7722454422760142,0.6236359815863635
149.73124974312717,1.2787202469720522,0.692920055719939,0.7732864083849605,0.6212548232773591
149.71262037307218,1.2814110708556616,0.6895709304827966,0.7768419198664532,0.6225825083398903
149.53604187949796,1.277811023473729,0.682681841176357,0.7705174590067013,0.6116215871039833
149.12203335891346,1.2823183069687667,0.6808384190060756,0.7697213694913244,0.6068950213406731
148.95377098753227,1.2833505158357699,0.6824219108779594,0.7696046621296673,0.6068820894210052
148.75411288281958,1.2859662895558248,0.67479032220448,0.7640714342459608,0.6043742222151401
148.7109728920329,1.2860176128355723,0.6767297289245431,0.7640377397487375,0.6011562352281623
148.534399507914,1.2880462672022688,0.6699777544792205,0.7592658854012807,0.5982218484249937
148.4603432514497,1.2908551304927145,0.66665357396713,0.7559038894400774,0.5922815539104079
148.43874576470952,1.2860969511313662,0.6602938970598582,0.7418433623216453,0.5763427213230944
148.35785329096564,1.2784431499722035,0.6599987648165199,0.7337901918367772,0.570552064386939
148.43628711746322,1.2711125697508883,0.6582541980179545,0.7200914959051935,0.5549293451132788
148.77324219608164,1.2733094242121843,0.6617786571371523,0.716290511121908,0.5477807182159083
149.2230840162307,1.2741848365445074,0.666258565181969,0.7136532564356863,0.5463858899354619
149.58873436294942,1.265902557025667,0.671445510588827,0.7084030524244379,0.5339664855657937
149.89895127093752,1.255439174795002,0.6737947714360119,0.7039089088373132,0.5325553477943454
150.05555818275022,1.2469823986228037,0.6749447118478253,0.6979315884479966,0.5321010825555066
150.14515269283933,1.2388088437890064,0.6739904265771167,0.6962637776760652,0.5418288115205191
150.23183723270833,1.2324847459040726,0.6733803512048812,0.6962193939225666,0.5411875312785898
150.20210674703327,1.2226361323510517,0.6747181860360291,0.7013865556802459,0.5535604356643699
149.9163652702197,1.2156753356255248,0.6718311195925846,0.7007279367279516,0.5605214566961266
149.51166882805362,1.2124902598269753,0.6691159897213601,0.7043758278160532,0.5587726463195628
149.3964070489603,1.2111706356133662,0.6603005312117955,0.7076643256908254,0.5587364674773332
149.28491522851604,1.2076965404074749,0.6504489628178507,0.7049726964105574,0.5602461619737302
149.11717184073936,1.205741203070311,0.652205823743483,0.7069326531397135,0.5560788466371177
149.08999830229487,1.208029577075201,0.6581912729230645,0.7108710573002852,0.5560058960509559
148.94824628035434,1.2113085193010826,0.6606777292047247,0.7108917051089523,0.5305590046417527
148.9086514204618,1.2192216427067515,0.6607425002476992,0.7140772444150453,0.5281815331717697
148.9601211534078,1.2160383766304508,0.6598290794848571,0.708734026928626,0.5188772912917525
148.83162322669676,1.212233808855918,0.6553528664406897,0.7020497194358369,0.5138933112950146
148.8546804773655,1.215346478278424,0.6536834385296142,0.6961498556381919,0.5081920854014702
148.79764878513376,1.2064993470561984,0.6554723237257657,0.6898834424108744,0.5081714769937531
148.7488163925517,1.197582603190474,0.6552956148796227,0.692700049996973,0.5200485096274411
148.69974369461892,1.1909412472305179,0.649876272353389,0.6978676958590567,0.536500161127761
148.82742432113923,1.1968986668728958,0.6570179358060566,0.7071785302594701,0.5470021881607634
148.84975775881722,1.1962285465631695,0.6629469772263432,0.7077951950646079,0.5457735851181774
148.77555889490284,1.1992792511992543,0.6633102288753454,0.7105165732323412,0.5543013498263514
148.68083278878706,1.2019058179316588,0.6662942401059226,0.7105789817674751,0.5573461006457651
148.70797157337256,1.2058015642636999,0.6671826380176495,0.7130513043291818,0.5657209783225093
148.92012830192837,1.2101753138183091,0.6649577584261814,0.7185371345638124,0.5773459953938427
149.02377741461976,1.2134012730843684,0.6542757604071123,0.7193978236595087,0.5795315233840993
149.32582574675544,1.2191922319704518,0.6517194599756976,0.7276880542062735,0.5840091566459042
149.52530928031322,1.223072312509608,0.6529226548927722,0.7313760248422583,0.5951424334623192
149.80731061857324,1.2252989934962297,0.6553677341468293,0.7314753183998289,0.5897524211468049
150.03589679647934,1.2240811803626968,0.6596754773280973,0.7334955052112956,0.5908888526387729
150.09106438774097,1.229625963035456,0.6638100506437346,0.7367686538465242,0.5911902600871796
150.12756436436322,1.231078424664247,0.6689336461894402,0.7406558391407455,0.5925536582115953
150.10138003931507,1.2342684557371817,0.673451386351131,0.7419584726131402,0.59394631425349
149.95960707909703,1.23469479168995,0.6797622362701047,0.7448093807890243,0.597576490110083
150.0599577102559,1.235386143340221,0.6787690249883488,0.7395099001720792,0.5917705014976709
150.26749869694635,1.235693072378577,0.6803923634246493,0.737323428961257,0.5896674040619582
150.24375104813822,1.2343198021583326,0.672185170484654,0.7337818042871934,0.5920018571496878
150.15985769379256,1.2349621140101072,0.6730334796472122,0.7339879228558843,0.5941752490567546
150.01620342174516,1.2370288868376103,0.657898721570009,0.7311959003478403,0.5940116898583501
149.9469644153631,1.235744674508275,0.660785177352449,0.7321930973524066,0.6029103336936991
150.05331272736748,1.2342983518727437,0.6640400299415152,0.7332051578987536,0.6031697906016796
150.0206972857604,1.2348100122425272,0.660844520895577,0.7347305179924051,0.607348590569319
150.12027211391978,1.2399083584209438,0.6650028541660219,0.7408418794911944,0.6140722785876523
150.18004517610495,1.24096730542103,0.6703696008386386,0.7429805181476254,0.6124804953341171
150.12978936618336,1.2401051303206452,0.6804685277500595,0.7467834417549869,0.6144124469222493
149.99028515253306,1.245976235471769,0.6815519063165765,0.7530245547263524,0.6182872048329741
149.97526263418428,1.2413309687124223,0.6748088067654632,0.7452169118464064,0.603323217794568
149.86586844305356,1.2346564685610002,0.673142072390722,0.7418224415280542,0.5992191407874512
149.77575636476377,1.2361992715287813,0.6610004712442659,0.7335755715450348,0.5876258387177855
149.7813696523719,1.2336883490378945,0.6616026381348099,0.7298548695137271,0.5846597671805838
149.74296389000594,1.2355718274969636,0.66661316368745,0.7260876258320467,0.5824595485486413
149.67093008847917,1.2348287902739106,0.6660108354165453,0.7282003676560902,0.5837598091078975
149.73137518419844,1.2332889095269821,0.6663952081447287,0.7274816959946475,0.582163471205772
149.61185947067048,1.2284625585597821,0.6696378290441161,0.7312664672023411,0.5865873485456498
149.41737476580607,1.2287934705821286,0.666602990835355,0.7300127452839819,0.5863448396536595
149.2858735804992,1.2298745831604068,0.6616062523837338,0.7269614026525784,0.5806356066453618
149.23572053780467,1.2288301610246775,0.6562814804010109,0.7240721191095332,0.5806165912321644
149.22610403898804,1.2314378233948746,0.6594651151346778,0.725570274370624,0.581330935329334
149.39154620442065,1.2275576456336317,0.6566245934629847,0.7218469022992707,0.5781311362918329
149.5530565299826,1.2267730746758028,0.6540240239538118,0.7181687798899049,0.5784142806915107
149.5393574276374,1.2301629115035335,0.6507202568515279,0.7181783262716583,0.5816316959143494
149.3068281666366,1.233480440770503,0.6566618446804138,0.718261537847172,0.579823942936367
149.40531059368746,1.2385689191762024,0.6635246889907581,0.7169999579908494,0.5725657623483291
149.29018832707274,1.2293549212580623,0.6610786521162132,0.7111565401863418,0.5685877309721409
149.39973834090785,1.2226871363217298,0.6601524209369357,0.7078654920177039,0.5682100569243316
149.3970218376272,1.217279824441397,0.6540590014304903,0.7099786930602182,0.5745046991422548
149.29669243214983,1.2136440737599923,0.654501139120715,0.7108239965967551,0.5767277467800278
149.35601213826058,1.216337990018866,0.6534753427948885,0.7150867126554682,0.5772103469837683
149.10876735490734,1.2134049539294856,0.6570281485390321,0.7172073997529974,0.5819239561895453
149.0474717989393,1.2185469783441276,0.6603366553517163,0.7228225226806846,0.5857782159713737
148.97458783679602,1.2208653412425776,0.6615698462889942,0.7286658440579308,0.5962881658412145
148.92896374703247,1.221995753413632,0.6589920068264552,0.7256241051783704,0.5999273661496798
148.90570307020394,1.222792928999333,0.6513398334795236,0.7239982490845072,0.5934779597464898
148.9093088908038,1.2268157984731238,0.6457220591622277,0.7194697755517968,0.586608409356147
148.81706248161868,1.238289395372521,0.6509423741242261,0.7273053824763495,0.5950134882775845
159.73426189629768,0.31170191622535676,0.6250323003835526,0.6384079579511126,0.4191982874818418
95.10278231816915,0.16285853891259186,0.3029514022499046,0.338876308785175,0.23396778579827526
86.97150827416142,0.40693538546350083,0.16244220454882963,0.2209366968216146,0.17157437928444552
98.0149171820223,0.5918810287976051,0.15823473056927684,0.23972726198402822,0.2127317376331903
112.0281620296872,0.7487449004837553,0.20322619604664616,0.3059032387766798,0.2702987661670681
124.86605097387589,0.8984931730438919,0.19187364912808214,0.291831921092627,0.23824487438222558
134.72378573746502,1.014998719873516,0.2578803040453515,0.30277613372323015,0.2537963133522901
141.61587529227623,1.081540969282812,0.26159577971447856,0.29335872683131936,0.26212961441687377
146.03439544539003,1.1160306013358217,0.2497340478469021,0.34137362242636576,0.3169080943752474
148.76489431917813,1.151616793095303,0.31454645769727646,0.40727872996719544,0.36222008936177397
150.88827140198407,1.1810504182557546,0.3928690511998659,0.47701955778888333,0.4194751845001603
151.93001195857596,1.1956974855378997,0.44216061898893505,0.5243138248218101,0.4616942315978985
153.0047453617548,1.2095297696168248,0.48937000298438554,0.566040483816331,0.4962744351454733
153.90293875888216,1.2191363600233553,0.5379918444136547,0.6032603173797119,0.5273177190253592
154.10119347098296,1.2352713890231741,0.568462941002342,0.6325792157324592,0.5566233739674417
154.40095653047243,1.2439889107883713,0.592003983705991,0.6540425936224401,0.572084560475804
154.39795620259423,1.2603117633274927,0.6091477863062729,0.6678734496141999,0.5787781112418833
154.41137420131238,1.2727040562233323,0.6124618128573296,0.6736115348719939,0.5844381911914781
154.65237853955395,1.2720562109384088,0.6192858038091691,0.6781187895966759,0.5871145457816975
154.54960648568166,1.2746740814422575,0.6276255926899938,0.6842204827085092,0.5906427749839359
154.72413880605217,1.2753359055384677,0.6311081667398238,0.6877609890884185,0.5882365903758017
155.00849825691856,1.270226826238977,0.6360014139876348,0.688274495706475,0.5792300251300472
154.85092872412025,1.2643043608042384,0.6423411582924088,0.6913004121155181,0.5791313264251434
154.69785134618994,1.2612931037253252,0.6423991104996198,0.6914462076087756,0.5804866591105355
154.42769037793184,1.2538646907494344,0.6430400623392081,0.6878853427824516,0.580449059779242
154.22697976988258,1.2430403934010081,0.6435609352336863,0.6894171555389531,0.5891330407118683
154.04999299590565,1.2415768090622206,0.6384499872181619,0.6909098110173406,0.592759928371366
154.08676464979766,1.2566928090088694,0.6309914810110018,0.6891134998507851,0.5951929670311387
154.1736052637566,1.2583286959559334,0.629069118875697,0.689172244135687,0.5985524470505511
154.27698597682826,1.2564980353543092,0.62824969221517,0.6876902653033397,0.597222338882096
154.66749141403113,1.253365840911592,0.6296902007837563,0.6887299214629006,0.5931711272216886
154.4451157712369,1.2469966705006506,0.6298277818735991,0.686712629207118,0.5968068237260393
154.4691898872072,1.2415199510077817,0.6387398932875515,0.6906791822554564,0.5970059541489683
154.5316354989753,1.2407948356199447,0.6482582350064384,0.694722884661687,0.5994775916791458
154.5684655094615,1.241172052861749,0.6558171617802154,0.6978518388380458,0.6015607377905854
154.77059874491908,1.2386688780060646,0.6505832392345597,0.6971313272685379,0.6055276185238123
154.695103925315,1.2408393751318982,0.6486645691315758,0.6992229934112981,0.6113414364775788
154.70841809549577,1.242673764158252,0.652570173304018,0.6984558887546879,0.6075191797064763
154.37327078609673,1.2446718182254064,0.6431883034710919,0.6911902945863129,0.597627478895563
154.43440483945363,1.2532176429613209,0.6354106744505369,0.686905894575983,0.5944515010118766
153.9581687771716,1.2499530097396419,0.6279923998337674,0.6843327972603147,0.5945146298947777
154.01517066984843,1.2561288199127345,0.6177922803421748,0.6818132437222116,0.5868983492686631
154.03684408536677,1.2608728515661805,0.6155227515487781,0.6803275249350694,0.5885671814768938
154.2564570716287,1.252410979793631,0.6172291608913947,0.6803814220395479,0.5891545058859444
154.09040927706775,1.250768231658453,0.628906191583572,0.6834504713407547,0.5939270992638321
153.85412169256648,1.253547198531303,0.6319856696239292,0.6872138689082995,0.5977521339595581
153.6445231681935,1.2555798933566744,0.6284160060097236,0.6843880004413094,0.5941845549868313
153.57361498706138,1.2654451295963058,0.6290525959560055,0.6876912813553587,0.5948517263108397
153.41428029251102,1.2678987331263751,0.6402723549323118,0.6977262430375188,0.6007570030488255
153.42676809136137,1.2695437751357692,0.6514372760005541,0.7053222561100989,0.6016938834640289
153.67263969663713,1.2691191329507152,0.6460205675868972,0.7041460457795953,0.6032749299925079
153.76954449322494,1.2688391739541487,0.6425130740765117,0.6990712444847933,0.6020195354710026
153.90819759400114,1.2705133298525244,0.6427332740122693,0.6969352352467836,0.6026494539109203
153.71494673027203,1.2712193415357378,0.647770598412009,0.6942984815100915,0.5978864207820052
153.6875050371966,1.264034308154127,0.6561764337138745,0.6958470165329156,0.5945914477482106
153.67049306268692,1.2632940458291457,0.6558900186735903,0.6925195666352978,0.5829645103042727
153.46674482815828,1.2599417675230573,0.6493069399275953,0.684831788357985,0.5781777681261973
153.08610797599718,1.2625089815292192,0.6400859070241769,0.6801778400330278,0.5743255413769656
153.25441569639798,1.2741001828744953,0.6394570708651983,0.6798973711056222,0.5772093715967661
153.61416234450928,1.2760097645455026,0.6432429103544437,0.6806442311180435,0.5855169968725967
153.68457320761897,1.2776004188331826,0.6437576777160888,0.6803923361317665,0.5916900297137052
153.5593778584681,1.278263310749511,0.6416861421350348,0.6773819114326035,0.5907444628025968
153.26391068053508,1.2780053349423186,0.6446477922270148,0.6771527570758171,0.5885842995785148
152.893200357208,1.2736139240936264,0.6455592523519839,0.6752135053963462,0.5850292916565765
152.33856047499262,1.2628936685932801,0.6383399582847114,0.6675213266770101,0.5762631580985177
152.0423089122341,1.256889816792294,0.6372321297601323,0.6683079760949165,0.573350484999864
151.76809724811838,1.2517857729616708,0.6347349127422626,0.6661184202788899,0.5675367839872943
151.53838253973257,1.2406986466487844,0.6307135849941831,0.6634005242662337,0.563952629097744
151.19600653040715,1.2335525523540762,0.629083655042653,0.6595089336615727,0.5577615736994604
151.21481852779382,1.2250467628929707,0.6215625131453066,0.6531247976230761,0.5508385076973386
151.3069698543578,1.220190406022558,0.6203405803448531,0.6527269860549937,0.5575422401357976
151.14291202267975,1.2225255956785075,0.6034167020368415,0.646891274820192,0.5540765848352254
151.08992232572416,1.2219904886128778,0.6052768732464752,0.6491229001555777,0.5582776088043621
151.10990246786022,1.2239826801186666,0.6101704851411334,0.6530389441242048,0.563858790283412
151.0315314811047,1.2226759792285953,0.6188387506346386,0.656313181224422,0.5661494428805989
151.17676877308926,1.2236647002726821,0.6266674777146456,0.6611688496423235,0.5717244321346563
151.4103797976995,1.224707911108938,0.6284749737015081,0.6623185224917978,0.5772088239680214
151.25470522185086,1.2231557871054142,0.6290689054041001,0.664910547472669,0.5840071472808697
151.25505130679622,1.2246509089165019,0.6278179495527828,0.6658474547229932,0.5850691925848033
151.24003080585985,1.226807111129389,0.6278209951033359,0.6685451058922569,0.587374962156056
151.31801177965454,1.2257765354478516,0.6212262269947395,0.6653638403590741,0.5832855108988477
151.47464124493894,1.224424518259701,0.6225364460419771,0.6655208653432361,0.5859350614023195
151.69629916243332,1.2205421820024074,0.6232920624635485,0.6663516864991718,0.5922072961847142
151.8386287772073,1.2165779309365443,0.6271075661234277,0.6690090338711435,0.5957267195566585
152.0142414595569,1.2114907078047068,0.6262126818819447,0.6675390815535985,0.5968833924972202
152.0991423284617,1.2080743048049232,0.6261945972761722,0.6655121601149329,0.5910002947031638
151.92970598132186,1.211615812029133,0.6349315777704463,0.67179559905479,0.5865074468026055
151.68311192772697,1.2090750654161042,0.6358867028468107,0.6720296084879651,0.5794695629419879
151.82458873404175,1.206887142934554,0.637993086261521,0.6750583102219264,0.5777941329675618
151.9334942489826,1.2025924150631313,0.6416328872478704,0.6800539449852332,0.5782029365327584
152.03618365244452,1.20387897852512,0.6322531492595396,0.6716775424290726,0.5673045359487328
152.37016649455902,1.209107864999595,0.624050583647339,0.6649054062704048,0.5582410187468058
152.5866695078925,1.212832466417812,0.6251371531638527,0.6623383156233725,0.5580107487165706
153.09350110269227,1.2102388930851127,0.6237364066837098,0.6614003844455061,0.5586365770004466
153.54644871238452,1.21495678192391,0.6373342104206787,0.6720527608119738,0.5691015398419504
153.49055508323784,1.2107352694994333,0.6482749922570064,0.6884062115598909,0.5785774931003214
153.4994676785165,1.212370879702293,0.6552038745908509,0.6962915371590881,0.585993481096242
153.26228018920722,1.2104425487906048,0.6575896103396706,0.6979224092599972,0.5892290387883194
153.0244210825292,1.2125300464000281,0.6546755261092039,0.6957947150627654,0.5880385166684022
152.89513304125896,1.2139345585698649,0.6463351365507657,0.6900571025904992,0.5795738947659357
152.55592967413122,1.215034543124391,0.640317224822005,0.6859431276389019,0.5737026202815994
152.43398330100393,1.2146066102400628,0.6347691933915072,0.6834841569900594,0.5713092446440695
152.46105940821474,1.212153642072458,0.6321003958340355,0.6796906906709105,0.5660860036839929
152.51517606272944,1.210296036945852,0.6340851756117452,0.6844568068485158,0.5700436373096107
152.44993496983662,1.2007278545554525,0.6429522613287401,0.6907024359084855,0.5775015777541871
152.50935292846046,1.2022043955707178,0.6433284056070352,0.6913397218670295,0.5827574754373902
152.91814043610705,1.2031625740941418,0.645819938523863,0.6915018777564766,0.5835296059580974
152.85207244535889,1.2011336601681943,0.643274802019831,0.688402769968759,0.5812412144289807
152.47853757293709,1.2050842246172975,0.6449440045314575,0.6921972354056074,0.5769351995271436
152.18462596014768,1.211508708636033,0.6361656149413671,0.6863869750307708,0.565439928456039
152.1715437846326,1.2153681419165172,0.6333880107989215,0.6828492444760619,0.5619626398184963
152.30116758298868,1.2183655157052136,0.6280921885207311,0.6774877886880047,0.5558430025983367
152.13870795611706,1.2216013801115226,0.6163754882789599,0.6749932467702611,0.5500032800244001
152.35545766069714,1.2249124178626454,0.6148910016606757,0.6711887252673184,0.5546015525766723
152.82367227490263,1.222884307877133,0.6112414982652736,0.6709140318330797,0.5564685486450063
152.77401865772075,1.2241384807540459,0.6129061404584747,0.6720923490050342,0.5588344444681229
152.80089631277036,1.2293168566533905,0.6139474181552107,0.6789318885209309,0.5656199167379958
152.8744919053951,1.2308449386155484,0.6049239934173118,0.676219752033198,0.5696266253794878
152.83260312836995,1.227847616039172,0.614066970707089,0.6774308143432661,0.5742894578659254
152.8407354624635,1.2296920836666763,0.6132743178445996,0.6744441604157398,0.5772487035920736
152.75878961210304,1.2224781710849484,0.6094387361381189,0.6739082751723237,0.5798480936739414
152.48518152196823,1.2169735017506655,0.6121132058202392,0.6715541349769393,0.5797717293061836
152.43145976605643,1.214191447163978,0.6184341275434364,0.67595296004121,0.582374265043148
152.27009163886217,1.211681843812591,0.625069230498579,0.6793012055537201,0.583774341472052
151.90360664763153,1.2121709083125123,0.6231884715146554,0.6767553037240795,0.5801361350972374
152.06748197980113,1.2225829382446556,0.623669271731105,0.678200282112587,0.5774637639638694
151.8078574937156,1.2247269756475956,0.6200073503405312,0.6774566660918628,0.5805331432549944
151.87839142984043,1.2279749977867593,0.6211720524911981,0.6781539596501948,0.5823525205829051
151.8924456048777,1.2285441169296833,0.6183823463689367,0.677635301621418,0.5799796981879191
152.01374556649478,1.228039278025655,0.6192898721533152,0.6791676150551353,0.5819101509513872
151.8294272620264,1.2231297924143454,0.6193018680529526,0.6791302293879754,0.5836889630635064
151.91309840415747,1.221745195567995,0.6186657197522056,0.6790382627529261,0.5848337044179632
151.80340691094437,1.2206282087210139,0.6232791782774534,0.681003678175842,0.5877760227768968
151.71987728443716,1.2190098529940496,0.6237985638943798,0.6795251101728507,0.5865836352531282
151.8571995211201,1.2168951223585085,0.6245922965732561,0.6800418631201476,0.5857531781765573
152.06373040663215,1.2102948424142432,0.6289689858517602,0.6806408457464296,0.5891417533843125
152.34370131157013,1.2117755313285237,0.6336654848952472,0.6842468243069961,0.5931016197602597
152.4514203019307,1.215551780373439,0.6324891319174234,0.685465239064023,0.5910014310051527
152.47079319979014,1.220217725612551,0.6301193058533399,0.6848193948142522,0.5909306040408313
152.43144556376419,1.2182514552901862,0.626102959982577,0.6843155620698786,0.5890591014556213
152.3384262292837,1.217515564762747,0.6243150881150737,0.6837404351137788,0.5893163143597964
165.0617037948307,0.49721178590528425,1.1163591012618714,1.1790862128388577,0.8752029752345092
135.20847197459335,0.2632554253063251,1.0918369151125191,1.0859466861259035,0.7862560378376102
110.02529153985964,0.4389974625859743,1.0140027469671822,0.9543461920247006,0.6704550324663984
100.06597443910618,0.6236468757569938,0.8643055577816491,0.7724232148492516,0.5591471987092286
94.86282980388957,0.7577249154292993,0.6243016917920086,0.5368082299459478,0.4002892061711813
98.16638548435938,0.8710774182860279,0.4353943221438509,0.3618489043122451,0.27156247598598804
104.83496511256556,0.9590715342642655,0.31500292883720327,0.2977301385940158,0.21336692152352038
112.63130956875669,1.0353330404656467,0.24184140498472148,0.32306220492654364,0.21300905174282625
119.57563834236566,1.0438621309986054,0.2638890479767824,0.3706926706133039,0.2613316838444071
125.39942431182081,1.0560507726724342,0.3217412350414725,0.43203163795317373,0.32841501427312275
129.91558046711674,1.0794804870791763,0.38243514843239323,0.4834951334323515,0.3837158217386173
133.94444059327276,1.0995837466812464,0.4194369016445317,0.510859717548367,0.41443135243263995
137.53726955260555,1.1198186205906724,0.46180026537144303,0.5432910718966316,0.4353132444555024
140.49602356180125,1.1353499480032598,0.514634216885821,0.5805420783569979,0.46478974630787584
142.2347300734602,1.1428827703950828,0.5464906654276454,0.6022884616188432,0.4872195403932305
143.09770299374577,1.1600166182857021,0.572220331108579,0.6232676591618935,0.511088035608841
143.72104271102617,1.1796027650178333,0.5871902845199142,0.6395513781691472,0.5300171085677241
144.0643196698495,1.2011140385217758,0.6033767510723606,0.6545687050174371,0.5448354593754696
144.43191082728904,1.2236408244361185,0.6243220790988196,0.667772114162618,0.5512325248819335
144.45687966536258,1.2294101928977013,0.6427620860536997,0.6806539209066779,0.5610923105946977
144.35414485505487,1.241528045778354,0.6499662954095407,0.6851920405736343,0.5655769634731658
144.32460292989276,1.244937698080337,0.6533582183044211,0.6888883978301457,0.5632140230497709
144.33916059414383,1.2434026386808104,0.6666829837682458,0.70041528083202,0.5720470226226323
144.2848735215102,1.2419473166217154,0.6685131381169851,0.7018163218582983,0.5707919013563825
143.98065169240644,1.2408630829777056,0.6708255327280792,0.7067801651055705,0.5709224384941572
143.91450339377732,1.246294937461765,0.6699046905141953,0.708364067774741,0.5680255377520205
144.3233595447078,1.2539326231420174,0.6695416040910064,0.7084709864702579,0.5684249306205378
144.74386763162224,1.2489741310610132,0.6674447397136711,0.7063889234364981,0.5654326410873681
145.1507284897326,1.2381205646923426,0.6661493375703844,0.7028596826897853,0.5515576258188196
145.57662974725915,1.2253608936883826,0.6627629530439625,0.70237061877605,0.5433013201058395
145.7871196371967,1.2093597106837743,0.6586889983288807,0.7020109260156359,0.5402876323335202
145.9359407591114,1.2003892650354118,0.6581955683002227,0.697781519041794,0.5308459559677476
146.10609068161386,1.1908197572034194,0.6535788132971959,0.695526742175791,0.5274965324987411
146.14557845138552,1.1796972003151587,0.6484341458915917,0.6896652881223606,0.5236779550879463
146.38143666891517,1.1724482727319934,0.6489759280066266,0.6878669133349556,0.5223425210279784
146.46982724889986,1.1706045466093906,0.6525563475118122,0.6820076196292012,0.5181299264568355
146.64135644591678,1.173482411441903,0.6551136970700465,0.6818809536296193,0.5163868726754208
146.8785497334491,1.1773222558836058,0.6579215919171315,0.6837791057451689,0.5149993868607992
146.88598691227295,1.1769286914017842,0.6513414516702148,0.6768614213696454,0.5049977919156101
146.6535467870644,1.173361640645621,0.6438696085048736,0.6714860798902834,0.5008085232218709
146.59590013758884,1.1680607320386893,0.6406196783198396,0.6722564469086661,0.5043441948090969
146.61066491851562,1.1626932455274848,0.6349895500432752,0.6674191174693274,0.5006018475802909
146.67339600015214,1.158115374222232,0.6371417548286847,0.6678807262084692,0.4992357399951861
146.82313120748103,1.1589001724519354,0.6399067988542256,0.6703682134708979,0.4976540581996402
146.9818499384817,1.1536852087540181,0.6358545406346516,0.667058205568943,0.4950531754821148
147.27669945693128,1.1486545458445596,0.6389170289008379,0.6695600648332207,0.5061007486592547
147.27313197125227,1.1454318298611934,0.635253866054085,0.6713195146279416,0.5115494671952578
147.39408641641987,1.150682172460155,0.6416279451487924,0.6732896697850678,0.5041525066660761
147.50995320121467,1.1463359511347688,0.6424035827359245,0.6735780021610481,0.5053580028917163
147.54561957910764,1.1466050407844726,0.6471922574298282,0.6766445317836941,0.5102117520404524
147.4744871600403,1.142063650819513,0.6431435582737961,0.6765507860661996,0.5085247621406767
147.44897954830913,1.1376732215421477,0.6380679121602004,0.6768679246881375,0.5109725367420157
147.63274553013838,1.1333470083585129,0.6334439225008673,0.6740625640074556,0.5105640151248911
147.7252297134934,1.1403635317186354,0.6365446636157628,0.6788160553005803,0.5190038846316362
147.7338906973464,1.1448987949495328,0.64196640314217,0.683710219554648,0.5231059787962987
147.7234393581357,1.1480790357171249,0.6460341802288792,0.6848514674987775,0.5236093375499855
147.7227144731531,1.1481644275287644,0.6497774745944342,0.6868377064126757,0.5267835796191618
147.74559288846012,1.1439691190793135,0.6530776138308225,0.6863736562283648,0.5228994100458333
147.775303728639,1.1422177220360838,0.6519112455592008,0.688960388465771,0.5234326157911212
147.9485752648562,1.1330795510302367,0.654935735283321,0.6889934875550838,0.5186291828903477
147.95631856410083,1.1352223152821235,0.6584003249742372,0.6935034438720689,0.5170030229574244
148.04038846602634,1.1306069017918463,0.6607138385743611,0.6961557475750302,0.5164398820745648
147.85669213852117,1.1237295561505847,0.6650433518533826,0.6980247211496657,0.5151090944444451
147.76793842723964,1.1221089626593768,0.6673808123363918,0.6969539902667263,0.511660448512682
147.70122739030697,1.1170209551169012,0.6692990385926999,0.6948062265851376,0.5118157704355186
147.63539483711588,1.1162703866658041,0.6687375411132598,0.6944830959902741,0.5144843280876189
147.50479869163004,1.1217399108029382,0.6687565237320988,0.694399374939782,0.5155065244879355
147.44104416019528,1.1262065307040745,0.6634729579201177,0.6913517345780135,0.5194583537930291
147.50237844194828,1.1264866040160146,0.6591475817576541,0.6886122308277803,0.5214753747201587
147.4412343856366,1.1297337625694424,0.6573232059612154,0.6869924604533579,0.5185698379581084
147.49063862542468,1.1286599458540196,0.6541802184263363,0.6834315381944819,0.5188230250699536
147.37968174072049,1.1285880329784919,0.6524530466922883,0.6813642776300946,0.5140748974103937
147.32974257553127,1.1285996130960818,0.6517837294816267,0.6809786213200932,0.5132063711489295
147.2691808222065,1.128739581977164,0.6513560671396946,0.6793196215169651,0.511682652484909
147.1793391188763,1.1297173683912207,0.6470576587723947,0.6762349172525698,0.5062206418483486
147.16244126077157,1.1323625216353659,0.6482910310097609,0.6757849713226135,0.5011728470988756
147.26148636536988,1.129143876945163,0.6484494006521995,0.673472349291807,0.4952278270343394
147.29493133353256,1.1294106772796169,0.6499553060295205,0.6737161665130831,0.4917342290712474
147.35779898688577,1.1249688005146843,0.6466526020818327,0.6716142185317842,0.4952441386868283
147.35617320791295,1.1240749128290033,0.6427430541442802,0.6708393188683965,0.4949931044480029
147.40231196750935,1.1231866344331267,0.6408766956253191,0.6702672144392825,0.5027541774569204
147.55920245608831,1.1266770216467343,0.6411769411222351,0.6725659976346902,0.5065143224361053
147.62718201271554,1.130906181317362,0.640689304028048,0.6731233566148654,0.5083163571828544
147.61970140685762,1.1343310393210797,0.6398566945189241,0.6735036477726497,0.5074644320561582
147.764953946802,1.1373039317784004,0.6416731590397897,0.6755325165230683,0.5086001483038103
147.7632454398003,1.1357985434376372,0.6415793736496036,0.675197382525209,0.5095913318899359
147.86157099826858,1.1384758318286965,0.6438211128775255,0.6760304578851638,0.5103069620084298
147.82025125506163,1.1381740668592686,0.6432864599322765,0.6758525448943806,0.512879148371704
147.88977431230347,1.1432410043367267,0.6440983612682727,0.6778737541921306,0.5183273265303953
147.78542392649808,1.145529523940945,0.6418494724019974,0.6749597129042381,0.5205593906716415
147.8380492224692,1.1489784844608153,0.6411916103753419,0.673347529180741,0.5188025150424349
147.6609647214696,1.152183028230449,0.6421672065454019,0.6744327685990956,0.5180184841691801
147.60195168205354,1.1530188774179528,0.6459865729715136,0.6736865340312629,0.5121501410207009
147.56271350520242,1.1548393287074887,0.6487440794133362,0.6757515714415515,0.5161698850712474
147.54418387753813,1.155678768254817,0.6520654711854368,0.6778776211682154,0.5178356554369239
147.77444629094532,1.152605586494813,0.6382815986159582,0.6723042333648491,0.5198988826331229
147.89892821827047,1.1516633480639087,0.6324281025972801,0.6687479115878009,0.5212074143948138
148.01538786930251,1.1483382068645827,0.6273827661338987,0.6660825630446636,0.5218298023525325
148.15251477342267,1.1534997186360922,0.6241056684435113,0.6646470668092878,0.5180082283938007
148.1715230440666,1.1558902909753066,0.6241945579706235,0.6637865608905872,0.5153151887899923
148.07725688424281,1.1561657348033567,0.6254216577508575,0.6620265045837348,0.5130211305936562
148.0324616039942,1.1551139784046554,0.6286783424134279,0.6635319182117009,0.5160457069577762
147.96893094855753,1.1564386452767692,0.6298824471189858,0.6622684848824567,0.5160815441573278
148.12703676786117,1.1574503591165468,0.6318315217676637,0.6610949588389772,0.5154793904591848
148.23026072448368,1.158743264088456,0.6347091841908045,0.6625077806685776,0.5139438473083578
148.2853000102511,1.1571430970698484,0.6323111361933682,0.6594144873453457,0.5118097984620772
148.45875633262386,1.1615476693192648,0.6346808791910381,0.6593641439173576,0.5097818669731796
148.6505711731232,1.161390042580997,0.6367325003102526,0.661943693713406,0.5125568265260605
148.56109127897417,1.1686618915050349,0.6445538028447522,0.6685027159372509,0.5153675676603862
148.60009426256377,1.1702313852859996,0.643370696708014,0.6658308848187279,0.510537936043778
148.40821201227325,1.1714371306328504,0.6445073785233776,0.6671600209299583,0.5115123840566043
148.47719388992604,1.1742753203787242,0.6423878959115703,0.6683976779906258,0.5115819691406477
148.42659222265152,1.1707233595294257,0.6452028239603411,0.668312175112047,0.5058489056618102
148.4993335981945,1.1692546308170686,0.6451070889797633,0.6670369990709611,0.5042533338108198
148.59196676580652,1.163633255376282,0.645983052815483,0.6693952169041483,0.5094296164664449
148.71785987318583,1.1566794176365673,0.6489003837292358,0.6701508826319048,0.5111068193632771
148.78720041044878,1.1497760188358217,0.6503433151969716,0.6701149558924581,0.514180158957577
148.90948390229545,1.1402936411907236,0.6516693431526838,0.6704493225481366,0.5168480140385974
148.7797113144068,1.136247089581551,0.6403363374736775,0.6623266100876688,0.5125653400339979
148.66575641728352,1.1357397064832073,0.6331928422885583,0.6550502075593374,0.505732461072707
148.74738417757158,1.1338160928684107,0.6327537458764428,0.6512531051266901,0.49932870311057526
148.77870854871148,1.1238857443910044,0.6246461524477017,0.6444536060697842,0.4941956930738547
148.80547876996198,1.1183601146756577,0.6152715148552014,0.6350321901693867,0.4844742791954351
148.74337457192624,1.11446773411743,0.6133108566121288,0.6290246834936668,0.4785601805614578
148.77452307755019,1.1111148826994444,0.6173526858482618,0.6280998749020911,0.47509932509621183
148.47933509425982,1.1058807600528016,0.6201067976622222,0.6271269847963128,0.4756385528575651
148.37788190780856,1.1115604687230747,0.6226079908509619,0.6283488901054244,0.4745086802936303
148.29721829506357,1.1111831694342253,0.626417538343458,0.6294390864016116,0.4712697312665712
148.33279248278828,1.1138373413463034,0.6290947519725024,0.6289926485112487,0.4676820583390654
148.27784612245117,1.1160432970580205,0.6344770198880422,0.6337806711913389,0.46696021024739287
148.22331799029635,1.119233888191244,0.637552214055388,0.6369460380849544,0.46987550879919693
148.2704711689798,1.1145751322642017,0.6408104813468204,0.6377082748594225,0.47011388071310134
148.4188897498997,1.1244621047971015,0.6435834890780614,0.6432835077575401,0.4726293729197445
148.46178478518,1.1292886936628261,0.6515985303645373,0.6506155012420951,0.47883762222666704
148.52597269571356,1.134172469049067,0.6585638742938278,0.6581853673531144,0.4851644650626929
148.74904029147362,1.144350108325322,0.6621800991415179,0.6632803679274976,0.4895746305035673
148.90520460106802,1.148320390473487,0.6625676922062936,0.6654579740588803,0.4910245137472359
149.21091017362102,1.1512350744523026,0.6584680625035985,0.6631296622852909,0.4909794793557314
149.17668687266146,1.152056225036172,0.6537937890032542,0.6652123973498936,0.49839719718678005
149.0815250318761,1.155583488958074,0.6548895350885919,0.671333124008022,0.5089549055869402
148.90918494842197,1.1574683455010284,0.6495987355392212,0.6644447436935502,0.503221502373403
148.73312669636962,1.164789374569123,0.6436140798681002,0.655767565454598,0.4966567020779446
148.54629119842164,1.1655557458609733,0.6375737659463497,0.6515040123264543,0.49341428222226313
148.49098291563104,1.168339500430848,0.6343098258235139,0.650139959333709,0.49637482650505255
148.4261161992799,1.1650119215761086,0.6383127829576375,0.6506462703953979,0.4947982603753317
148.4740019621019,1.1626886516609254,0.6473986690598464,0.6576181669850577,0.49469127653131395
157.94311930035397,0.38879541789929356,1.0793255750914745,0.7686445985190485,0.5354966653237895
120.58017932468812,0.32629298917590444,0.9297004853804246,0.511856897035071,0.41984207324116796
94.25427780069433,0.2382566088722111,0.43732179352634365,0.21173470861398247,0.16396438171443362
98.66827214633989,0.38807784408535545,0.45071382275666,0.16770157105515454,0.14207013872812574
108.42134073928015,0.5271073699013392,0.38235684405313064,0.22704358255273047,0.19817816578821196
118.57677376781179,0.7037170112631161,0.1418665245985709,0.33926643381512944,0.20690239786514464
126.02406947613858,0.8322605529544332,0.09684743805731712,0.4328357215421001,0.2363792546197826
131.84988215653428,0.9444557287906851,0.21730596940024108,0.5038979752132212,0.2504337990430087
136.06522068429,1.052845298925907,0.18137768039456312,0.4816647333235786,0.2156808071852809
139.42119583037078,1.1314157268961063,0.21765109809258934,0.47684501241264476,0.27645308302151766
142.57900040507553,1.1811277713621962,0.32388808457921,0.537614948485417,0.35391657668361526
145.25680920539054,1.2089050197125442,0.4283026626008291,0.6003335359973913,0.4213631946431403
147.57814077770746,1.2152065073368437,0.4832546942493575,0.6246474359717836,0.4616776472189326
148.96892828806008,1.208232595044749,0.5218396554352368,0.6445100900158454,0.4909197015138002
150.20152696516223,1.2039037044110055,0.533823801608952,0.6333047214193167,0.49333681603374796
150.99690961970165,1.200876407982138,0.5261364908706564,0.6238433818866794,0.48119364545574017
152.0075455575545,1.213338365744863,0.460640029744325,0.5695932215758803,0.4113862093348148
152.81412831515445,1.2233012743873481,0.4458813305186066,0.5606569476338255,0.3716793178352259
153.36206253096452,1.2248930934795377,0.47200142721215216,0.5845746070154177,0.39564645950129007
153.3767414787627,1.2263375744626754,0.500506593338045,0.6090182027211202,0.42425061789197566
153.77897649173826,1.23243063768295,0.5115661950976507,0.6269056653414777,0.4429663610219908
154.04852807202474,1.2368658569850044,0.5150687735315239,0.6458464396424657,0.46839787732994453
154.25866688695805,1.2332722165371064,0.5362596918212076,0.660092616819967,0.4869922289223908
154.45461903179228,1.2285726405843993,0.5114331790825792,0.6559804509261248,0.4841006634630887
154.58533772819266,1.2413616870500206,0.5137847263305872,0.6624130164011566,0.495681455005149
154.2782853417929,1.2636336714899659,0.5268844695914358,0.6694692643178952,0.505560795102924
154.51712931700166,1.2848675197698665,0.5095397163717283,0.674560122351581,0.502084901983146
154.6908444310508,1.2948842018360216,0.5289097505138768,0.6816107815102919,0.48679120237444046
154.7847233922713,1.2920848728209662,0.5397950893458664,0.6903439802529284,0.5007144300256765
154.66087855110413,1.285803356680042,0.5244789532516297,0.6901410840351319,0.5050705389120027
154.76904211751136,1.2814025641330946,0.5145007392260298,0.6889970699460691,0.5081156218252056
155.2179779356801,1.2825893542116071,0.5239397052665107,0.6953602893789486,0.5190744384826064
155.33000160449217,1.2967084222125576,0.5524124897842427,0.7072445953635736,0.5377392494361044
155.89561451316797,1.3129306644370742,0.5708769839522638,0.7121916632095316,0.5536329157055331
156.05046901974197,1.3013899059171048,0.5717569843478721,0.7157388814962383,0.5485888544181676
156.2199296142056,1.3069665144153355,0.5847746314314124,0.7227860838491141,0.5516943042129944
156.12359864152947,1.3056792647531403,0.6015555665665231,0.7366200854586309,0.5565440973299173
156.1279133228137,1.3050769618072697,0.6010873642738721,0.7427731890633236,0.5622765816058235
156.29267555581774,1.3044783345773279,0.6057815464177658,0.747279533107659,0.5686878692676939
156.37043808866423,1.3004484830655088,0.6201605984438061,0.7495379295858065,0.5738619295523056
156.15169795125203,1.2996696830383137,0.6359616711336127,0.7528243448344945,0.5815151423036988
156.19183160310322,1.2940664678463543,0.6410625902199693,0.7544682844983065,0.5852437572270276
156.26595810725468,1.289148075553172,0.6360884989744865,0.7541713299970363,0.5850728991044111
156.26879941985726,1.283037379139682,0.6259183744564896,0.7505650283227642,0.5834886282575502
156.24708702644438,1.2787631291302597,0.6147606023851878,0.7448534113819234,0.5781012300042272
156.292564693449,1.2809591335120267,0.6281893521555029,0.7440589955412804,0.5759716919458275
156.27912577631176,1.2881952873713078,0.6328398269154466,0.7326953594072599,0.5299335674261332
156.11516415666435,1.292100919301963,0.6343897802766414,0.7235168107715904,0.49897031665522434
155.997571885872,1.2969969029696824,0.6412180682482701,0.7210777284575007,0.47048207173015383
156.01267686152192,1.2880406767158494,0.6355104570542629,0.725128225575908,0.4950030305866409
155.89132506665544,1.2699346276431802,0.6410227417597328,0.7252533463987008,0.5231900592790811
156.0031761834947,1.252403119996719,0.6491448286355456,0.7251009563162171,0.5356105750442772
155.97229625032773,1.2228129862076975,0.6457027463819678,0.7234006365096884,0.541696566226345
156.06886238563774,1.1993723492222192,0.6522264417615716,0.7256713001970082,0.5504047320956428
155.84741492299295,1.1696039925455783,0.6470952027688422,0.7157103578350849,0.5462642875215199
155.8693355847442,1.1786534144665535,0.6622116770031825,0.7320552093423197,0.5614617414190393
155.9789836724864,1.1958181866052267,0.6710716324565869,0.7414313015883143,0.5679133000853567
155.70870169829928,1.2097179597393841,0.6656648004967993,0.7426727982600254,0.5729543067513093
155.6090280759543,1.2102617275521286,0.6656324225855854,0.7385818531403914,0.5708374299911289
155.6084405600344,1.2171101967067082,0.67396936423088,0.7424534820388028,0.5710369125734539
155.6210208193634,1.2213277846651134,0.680685871558757,0.7391482452431215,0.5606812933701356
155.57151868160193,1.2260807788406083,0.681370836818477,0.7404624153264588,0.5600686023600374
155.58412674319027,1.2362084774127264,0.681653646853121,0.7351809296714684,0.5452353678421525
155.54501548009935,1.2451696188053958,0.6779656403566048,0.7301282172972423,0.5286499841929367
155.39644882045482,1.249224463966396,0.6732615121349337,0.7280123343275482,0.5283290366450634
155.32896280828732,1.2486880657401522,0.6594231354510216,0.722090017106255,0.522182561295016
155.2481452323926,1.2457350633110833,0.6423693696727073,0.7162411183959263,0.5229439309236257
155.21915063477522,1.2452332028779567,0.6261807803759204,0.7084605134942102,0.5159108994748052
155.16134140057753,1.2457030247009944,0.6172439870828834,0.7025211624381511,0.5083121780664478
155.1578167716717,1.2520486581113475,0.6104801096519498,0.6974790538453144,0.5060341007402014
155.14064142769854,1.2535602489353124,0.6034908718540462,0.6933534805993368,0.5080013120054941
155.07297331734418,1.251293039281895,0.5928611046364458,0.6883220056400386,0.5089315153468409
155.1664384450858,1.248266482927462,0.5743063760246467,0.6737973117205828,0.5015467603821507
155.12668134464857,1.2465636140815881,0.5470415844608851,0.6580762771889092,0.4866539366407591
155.061635867678,1.2477235593297538,0.5446464654656813,0.6567718484734972,0.4820735691302421
155.08983343416193,1.257255607587886,0.5523636787150071,0.6527938063373349,0.4713393293666716
155.1644916781239,1.2552198052251342,0.5517237842362527,0.6547843066310033,0.4738234558690758
155.04045900139494,1.2559704641090939,0.54905630580755,0.6637646915779425,0.494238978282807
155.15134534229963,1.2638158596139193,0.566814841064916,0.6816485236785753,0.5234088971708161
155.00996277235492,1.2552962932492517,0.5942638042283429,0.7000585234913292,0.5491861513302866
154.62499919393625,1.2466427431470122,0.618833901797534,0.7129595821756186,0.5697726256858552
154.5426223113156,1.2345385036015533,0.6327116155568933,0.7192588244830519,0.5809912354123067
154.90272161977177,1.2187276881150266,0.6389233175790732,0.7216914664067218,0.587554412938562
155.20747274843367,1.210168692205931,0.6422578122166033,0.7221227387940061,0.586995857031053
155.24849232331636,1.2126667592052707,0.6523114211350497,0.7227894110713555,0.5792515279260287
155.49915801529684,1.2196152171172145,0.6538966868660882,0.7222183396123513,0.5583274095819035
155.5993676444236,1.224599535677059,0.6536064591020209,0.7150704001260179,0.5446864745564001
155.7324933707522,1.2221319012374579,0.6555831928905114,0.7179144663357747,0.5445166127078065
155.83927584399945,1.2267592526053162,0.6615029375191985,0.7264233635619355,0.5444590423092418
155.80957848922142,1.233003167082439,0.6578964994904593,0.7295825456502202,0.5433059796452469
155.71321741501106,1.2424186288641523,0.6495665233555887,0.7275175654810959,0.5439424218319937
155.53554795030402,1.246691344898315,0.6425460161404319,0.7264202900508893,0.5463282763287306
155.45113465386814,1.252582133427849,0.6355999234823387,0.7230393223981222,0.5486739388948416
155.47127376855278,1.2573418262239933,0.6418849565424821,0.7256968260778338,0.5490250736249677
155.2837462741507,1.2542872401353027,0.6517873189506341,0.7319211052643588,0.557656234106478
155.2556866931943,1.2498152697587066,0.6589170663408304,0.7334783608214936,0.5621833993945252
155.29419242722207,1.2520333850541259,0.6742208824902463,0.742713055511143,0.568053469104372
155.21389015963993,1.2519737284742567,0.6886211012245306,0.7527745083763169,0.567662345903275
155.23595784486108,1.248609770676207,0.6849526364452502,0.7510560271171189,0.5666653336358976
155.20225370404626,1.243992699732988,0.6816789368022239,0.7487728285763653,0.5632518481162668
155.04120308220354,1.2384951970662381,0.6712411655376588,0.7454693657910599,0.5630075550787083
154.94433315828527,1.234132135449882,0.6570617450066403,0.7412381841552892,0.5664288398228817
154.94147541866096,1.2259108006172605,0.64325911681451,0.7298241607871174,0.5619189377325996
155.21718751717543,1.217964380633906,0.62067432377377,0.7183144753120768,0.5550533747915501
155.29520635114574,1.221510050304742,0.613922306011317,0.7164084621876998,0.555387004401249
155.2166520555884,1.2174250878001442,0.6152743709286264,0.7162621011256982,0.5553012236981383
154.86749018966572,1.211663522425639,0.622843503804845,0.7163668325908417,0.5560574295785158
154.69836252571724,1.2070557129230888,0.630951644380183,0.7242420333344681,0.565338182803795
154.39838606910223,1.2046743639442323,0.626312758946395,0.7209479041729848,0.5686595923270511
154.3928908036322,1.2031466269598834,0.6225623197146191,0.7229854245134493,0.5714513949490274
154.24450169677442,1.2042997435153737,0.6244538348469425,0.7215527176270214,0.5717124036556759
154.20575429881688,1.20598194607213,0.6250795886035017,0.7235056092643174,0.57309117446718
154.01332730152362,1.2096661238522186,0.6262123834410339,0.7223968328707894,0.5739112538068647
153.9599459919743,1.2128986395057104,0.6262464129712575,0.7229524361160381,0.5735113236349985
153.9801203929672,1.2156384117256627,0.6231580687995169,0.7220389981393457,0.5723359074064726
154.07926341488385,1.2162156100150814,0.6312923052709777,0.7251858109673435,0.5715501687656392
154.0450578443028,1.2140406035858708,0.6395502860261093,0.7242155760532756,0.57127152793152
154.09972026691804,1.2132466581900074,0.6407990315664578,0.7252792822416201,0.5717500495774315
154.07255357008472,1.2120184350429632,0.6336081662271965,0.722514165277578,0.5663048762675201
154.0630570902043,1.2137315836563194,0.6265621686218967,0.7225050744796214,0.5632263330228076
154.1125895301151,1.2171051290853994,0.6267813963133704,0.7207291198135274,0.5671697198135486
154.25207058940302,1.2272709691878212,0.6180434969429873,0.7192311076885933,0.5597382574882206
154.30734642679505,1.2256355109642083,0.5988194634088387,0.715981705572994,0.5583907936361578
154.4532536588238,1.2236580438860811,0.57361779758314,0.7068391933528846,0.5530659526306648
154.5866584317346,1.2235286245240105,0.5857306312357595,0.7076954560756505,0.5406628130979475
154.46792167810574,1.224347745023591,0.5651071529718016,0.6936500359255675,0.5135778093412474
154.43743074492693,1.2358272188155748,0.5738433322866956,0.6920285208192921,0.5103580237621289
154.4781591702403,1.2473756649935164,0.5846852021300523,0.6963183614711218,0.5127496752177354
154.6008676980805,1.2563038522754844,0.5942262546623798,0.7019347516643213,0.5120628217940488
154.5596281820484,1.2631681369709993,0.6090214516057709,0.70857724819207,0.5103753738288657
154.90191207038467,1.2667093515745926,0.6189378775338256,0.7149387276912831,0.5171893191980241
154.729048122282,1.2698548020986566,0.5975488586279999,0.7104346133354639,0.5042189981460009
155.10322589968166,1.271163579466639,0.5767140414106499,0.7085671200222218,0.5108937764353548
155.12251917421065,1.276267215717136,0.5696644842689279,0.7115012376480833,0.5208597824097677
155.08119957515953,1.278301334558874,0.592582563995148,0.7220562785826022,0.5367208385404648
155.25166940369826,1.2766766398647487,0.6204154461529863,0.7336991540149356,0.5477144225414753
155.194354875066,1.2764337669027928,0.6443425287260778,0.7433724727211463,0.559302518128318
154.95238330671847,1.273391682080727,0.6540635366875612,0.7475125377401279,0.5713096122901332
154.865852999384,1.2672272439792012,0.6478948557542592,0.7443781736782767,0.5773859480239328
154.63388205891602,1.2677356688023589,0.6388378436841037,0.7439793140076492,0.5812551751867701
154.4627576893923,1.2691549909923858,0.6380513289192996,0.7463263794290488,0.5848041856182352
154.45230803156468,1.2649604534643248,0.6369016591655293,0.7459383775302874,0.5857025106526079
154.25247519194892,1.2648213728927467,0.6347254370960009,0.7451109841998758,0.587622090110116
154.22200544321282,1.2673772291426102,0.630106641223098,0.744389862897836,0.5920278786329103
154.4521644378185,1.2728116833612482,0.6099075647425191,0.7398648470948805,0.5926222322093115
154.50211410533797,1.2728838837805023,0.6148160158619874,0.7415008716903979,0.5984240750655331
154.68889089390927,1.2794276830075355,0.6129181783529631,0.7387084449476261,0.5945286935439835
154.61662611222647,1.28038608070178,0.6169041809853368,0.7395799153358006,0.5965411087652118
154.54816766104267,1.2822950202687733,0.6023977718240592,0.7292297787329713,0.5786900401470157
154.59614861986515,1.2845330740444785,0.6124939071558402,0.7363975622087751,0.582863065038805
