125.09105873423977,0.1771868014194867,0.15441638234601088,0.13402915443817526,0.14373930073348223
146.71927144211824,0.029031641010549617,0.11171662015221621,0.10490200765523233,0.12016010164158562
135.0560673254075,0.10968690777675065,0.12332111534066627,0.11723539126760497,0.1290861579738638
120.89839523458738,0.2099412556729519,0.1493745830955329,0.14305691591960198,0.15105248770925786
118.35215885354238,0.2780879845987031,0.16884867587727395,0.16342327301739945,0.1677471778099509
117.22121702917038,0.3225960556473559,0.09804250887046753,0.17451508441104935,0.17633578397269203
116.17119896580238,0.34424698871674364,0.09102366908267703,0.17547342921186218,0.16671429349719868
116.86871089750349,0.358663745356345,0.15748854662702977,0.1797739017542532,0.16278207846185666
117.58780019285527,0.3689042954570571,0.20989640210248509,0.18776861073273282,0.1746306274199529
118.03622451944034,0.37499770472384075,0.16466257084111777,0.18951154364607994,0.18279332706821663
118.9599860426944,0.3756653990732719,0.0779466814366816,0.1924580669699129,0.18988003194331
119.25729576335875,0.3756315829559484,0.07573641011303181,0.1950205037610623,0.1948129653000715
120.07159417792799,0.37531223902722544,0.11055207304738358,0.1969097401703846,0.1992802270659969
120.22793760635982,0.37442154890278373,0.12749266511540205,0.1965592028212,0.20062481868091953
119.75503847872251,0.3698051892949787,0.14539354712295544,0.19745033891695365,0.20224447949858435
119.91573139151164,0.36756348709239955,0.16747148244170418,0.2000752198532446,0.20366197128013722
120.10803596978516,0.36569687364314946,0.18533970397725336,0.20313563911074203,0.20479188222106703
120.41705195149498,0.36466060652642474,0.1993578736094158,0.20510287768784094,0.20639841638589368
120.21007580784953,0.36316165459224287,0.21091389450092443,0.20784426145610418,0.20812051277540822
120.81616451780442,0.36301111021778626,0.22066430994446473,0.21152132210614072,0.21095510019497823
121.182237162808,0.3655706193238791,0.22377058600175517,0.21488308807685502,0.2141699072588878
121.3905117342315,0.3676850220298535,0.21427598058049716,0.21410753232185303,0.21546637700231155
121.41249679202751,0.36854694693127404,0.21862740293316457,0.21621056043091966,0.2175298705862363
121.08141384592535,0.37013211407779917,0.21753840522185408,0.21945753482989325,0.21804882480884005
120.7298103526233,0.375147710600053,0.17134972679015661,0.22174988060286965,0.2180213668968646
120.05409015805971,0.3781344675551332,0.12330848647083723,0.2241570799738311,0.2168414808971385
119.81055211298803,0.3806256492770211,0.11048883439946465,0.2230016176235389,0.2142118509788545
119.96944465946433,0.3803186434093262,0.09083103901271126,0.2199067666568502,0.21003907879674175
119.7849023524866,0.38275410191515813,0.09469535341898634,0.21535399999611562,0.20595055650259084
118.79333359939824,0.38003545969390634,0.0937030628723058,0.21150890358557722,0.2027018265330239
118.11998072618573,0.37650982751892614,0.08667630567991337,0.20250797959612482,0.19467583827805549
118.34786154694955,0.37685780627355536,0.10263132168761425,0.18928219659004186,0.18389728974726346
118.26732765517507,0.37721529298366335,0.10160170367026122,0.19128074315106564,0.18355911900833013
118.15192301374316,0.3771839910483666,0.1217950612215813,0.193686464024803,0.1842901085999903
118.24617589821995,0.377625204744032,0.1522026633986329,0.1937531189785657,0.18224183599067378
118.13718894577873,0.37854758118269627,0.1852493195265421,0.1787606937789417,0.16866199271567908
118.5246509365515,0.3809895009972575,0.2104151775181454,0.09520409876270246,0.13423604765686303
118.77290685104155,0.37958595632434555,0.2284258116317065,0.1064540601006666,0.1380426367674305
118.79898240130998,0.3781949712673827,0.22633086522199908,0.13580864188835648,0.15241537397500154
117.83636355352078,0.3777862959923927,0.24217497577461455,0.05292296568119796,0.1038531788474007
117.01522854563984,0.3768012545223214,0.2557780276192924,0.05368999209392844,0.09271859931408709
116.6131800337643,0.3754107705345734,0.26870529875918464,0.10412569900542612,0.10934299965256725
116.79788358302223,0.37183420822194735,0.2787644594565166,0.1567232873964111,0.1467149473349772
117.03398614518129,0.37062664805069917,0.2795556385146578,0.18827798256512748,0.179309830807002
117.01996997321731,0.36931044832899823,0.2782010343004824,0.20916225352870024,0.20348518125808854
117.27726243083228,0.36800860024179566,0.2792735759211367,0.22577041378906754,0.2276578884746249
117.7878048181553,0.3710992700521164,0.2796971154069396,0.23443335145165775,0.23557622724422753
118.2516734364705,0.3743506995323989,0.27829149845667045,0.23914856639857177,0.2364098133402742
118.20860086452345,0.3753756208854577,0.2832934368126119,0.24677543800372886,0.24180025410281047
117.93107655687625,0.37236229062061826,0.28316079243019526,0.25444365360911225,0.2514924788420375
118.22062835025872,0.37069617827241247,0.27944254817943687,0.2554510599350424,0.25272383788276714
117.81432367264881,0.36988410160539686,0.2709449468287417,0.2501434559243536,0.24229346302112956
117.83948542312775,0.3698803833359217,0.2675195213838532,0.24164901768823024,0.22207782519294325
117.80834858149876,0.3717470453487946,0.26537836002809334,0.2340526761036629,0.19701627198434576
117.67508558471367,0.3719949121253295,0.2581043808369172,0.1752636990367361,0.15155418828220496
117.33955194741122,0.3713639749565872,0.24669114361592467,0.0870379390727769,0.10583171769460285
116.52224298079202,0.36707668888887623,0.24978743053181127,0.12677182704178927,0.12428542362772738
116.58340003918472,0.3689717778831956,0.25546052708980593,0.15377932924202808,0.13581746807305256
116.7709639155885,0.36832961324399677,0.2599607768557943,0.13792027117143418,0.13211310862780015
116.7674676766481,0.36847427499942115,0.2644092548592475,0.1568543457211792,0.1381818561693003
116.89155106092115,0.3699349608258269,0.2668809292031504,0.14298975408275405,0.13504969368917216
116.90260044614985,0.3722920720979098,0.2742037258709649,0.17603404696038621,0.14351146715781823
116.98469938599233,0.3732607215090676,0.2795777362268627,0.2033582655820328,0.15627525009304627
117.0932394520002,0.37499044133380033,0.28601316554031003,0.2149024935161224,0.16369762840844695
117.12176496109409,0.37441438437260355,0.2967269052158349,0.24309659196443667,0.19085464640005242
117.27315369487611,0.37647250755324596,0.29573070279740693,0.15847117301825953,0.1461604327350358
117.49606920287921,0.378953667117146,0.2942228541298308,0.16140642824157658,0.1367666721583848
117.63925894008645,0.3785021072022527,0.2923506978824093,0.12148387798762615,0.11892915452330735
117.63320203853795,0.380013074938501,0.2864812475957101,0.12008538941057088,0.11530977810926156
117.35294219022583,0.38046156013785964,0.2792789790777576,0.12117472027452245,0.11101522823350375
117.28153648115047,0.3805913830189115,0.2740714657761945,0.13222977882091091,0.11123016635227319
116.87779120738662,0.37830760460473584,0.27185979382846914,0.15736257918851168,0.12250947972997817
116.75463882234405,0.3774385509732469,0.21683944982978987,0.08042268158431726,0.10205268154967564
116.56487374871311,0.37641033485389314,0.2333224298842787,0.10126392128758092,0.10452211902988577
116.67170448017825,0.37386663322989755,0.2436560607899896,0.09310569315076148,0.1034957429289811
116.86918477704819,0.37399389388193993,0.24380983550477373,0.07135031896687459,0.10176819108626015
116.8312528404084,0.3751887225501284,0.19597046948570276,0.0726064817366623,0.10751793333254747
117.27439870553368,0.3737605795524708,0.18138888625785685,0.08463407633477799,0.11399327482763667
117.44530685110924,0.37276658986804334,0.19387531776029,0.06556513732759754,0.10198987699248892
117.66255951865486,0.374006741094666,0.19495308248485926,0.07376389175478802,0.10089561969894002
117.37412752583857,0.3743266713232378,0.20097960378600532,0.09386431341636621,0.10508575351364491
117.07293795932318,0.37483357139276646,0.20863833591767092,0.0995917679446363,0.10131294955144247
117.0830501262733,0.37240909047489257,0.2100343657261694,0.07627728243733298,0.09802889932863015
117.1201110726687,0.3712363558711107,0.2152369279491049,0.06153742883224853,0.0984139561792077
117.46136430591788,0.3700224972566246,0.22015926491008164,0.05852284588710102,0.10258343533122839
117.42770894506585,0.37078242965780545,0.218044971243945,0.060427979664251695,0.10883310649246286
117.56317997151986,0.36991744974643315,0.22122451838804694,0.07908070222637639,0.11994837138241704
117.6371980217683,0.36942355187161585,0.22913196207694322,0.10211699811344281,0.13058048785868084
117.58442422035964,0.3703481418812522,0.23641308395445806,0.10296714168698493,0.1337761561142004
117.34705228352503,0.37028969664131234,0.24051943112411073,0.12559629438134262,0.14502743155827338
117.2373185878562,0.3704258569238352,0.24073219403000168,0.14819260265212508,0.15726025243051264
116.7323766655701,0.3708286959452663,0.23827818047820992,0.16373266674263687,0.16611457363311177
116.36280395708549,0.3704515752389347,0.2109309512585054,0.17393974980101004,0.17346311189401295
116.41924405271581,0.3727126937185592,0.1912869714814307,0.1794482242707737,0.1775851041782448
116.75123394300407,0.37360256060151104,0.18447325729775627,0.18189594614042376,0.17912477070323973
116.82361083565574,0.37530270122984155,0.16726669547503656,0.18635959063764965,0.1824712094411662
116.81569861838588,0.3771351465488346,0.1611915028367884,0.1888047944194583,0.1831983680375598
117.36940646391626,0.3785940272454663,0.10094466962536018,0.1925231636507289,0.18643464612697488
117.45768960484608,0.3768041346353871,0.09234214368736157,0.19270575162281212,0.18498092300095106
117.67945870172784,0.3731853553179785,0.11911021853162575,0.18901795453336778,0.1801502032256301
117.85421430814249,0.37045865569312636,0.14005010616054955,0.18083191909867508,0.17386426155591334
117.69851622346646,0.37196471534674314,0.10481758668603608,0.18466378072249867,0.17635870184998206
117.89167634529664,0.3709404689055152,0.11349408746775326,0.1716033695255018,0.16880429671929678
118.10634944583794,0.370363650447632,0.11613937263376502,0.16360001878634528,0.16367186263703537
118.30814786013028,0.37099724991022687,0.0842708591108368,0.1668850475971097,0.16605798814294237
118.37245077872346,0.3688595780518295,0.11962959996056699,0.1535801067674806,0.1598076857827801
118.5913619252954,0.3688930314377379,0.15445721311824723,0.09334035483088768,0.13403627664872805
118.84801753870079,0.3689023123739648,0.18201149064913022,0.051914679059371305,0.10467767355592265
118.62476394170655,0.37185875795271955,0.20127552722993303,0.075284880613229,0.10018012536421796
118.32300537646537,0.37388802731800325,0.21304605121444706,0.1016198362611788,0.10804529909009306
118.04828154504877,0.3735323461180638,0.22319763003278473,0.1296348918458037,0.12134335209888719
118.33014126452466,0.3748440847635408,0.23235235905813642,0.1525324930505759,0.13550663364308238
118.49992118265422,0.37624109903840175,0.2360849880816857,0.170188775914808,0.1434595746681895
118.99383893153114,0.3777529248729649,0.23921629975641162,0.1828328084151462,0.14854903634795621
119.26208584598929,0.3783653618492526,0.24691208160219444,0.1972480877396401,0.15852220477209572
119.78039212859449,0.38007228908649604,0.2543143173382759,0.20897017215709732,0.16625739637067424
119.85416685247668,0.3799387325073079,0.25979730234108417,0.21229882385328966,0.16250444061901637
120.03072809062468,0.38047299608669033,0.2576679445284948,0.20447143996091663,0.14267612597040896
119.92990596388259,0.38107746056021347,0.25944564205688203,0.20329381707755964,0.13359531665460314
120.3626981682834,0.381572137055508,0.25516478802452,0.1898978435269132,0.12055947251828009
120.65851235798625,0.38066540325766857,0.2518624289048237,0.18453244324595558,0.11489124662024472
120.46025358082512,0.37799223932999904,0.24322999605936135,0.150370892343179,0.10590644563706074
119.79802531765823,0.37656246955033496,0.2417927712602615,0.12390521056993516,0.10077672832616033
119.82388527027592,0.3755301414961941,0.2410539397777504,0.08755547386440173,0.09929851519776992
119.49713457831805,0.3757358796856592,0.2388463218299973,0.09112958520948357,0.09983316643608063
118.95195983549772,0.3762127707131522,0.24149774637000235,0.07720545420176106,0.09699426350225787
118.10986060566952,0.37297726858529995,0.23682987843524772,0.038116087242561124,0.09625298871052
124.55723387405527,0.15117364349664641,0.19903055476350473,0.16514848092965045,0.15363612687346492
157.54818307343487,0.012281899886863882,0.19918079194666222,0.1445524422117496,0.12661412401973587
125.73534550795347,0.12073753114125298,0.13367789570498803,0.10942851981625035,0.09385157854288949
115.36799383588783,0.19989086239545645,0.08893871377885199,0.08325485111564744,0.0898486967027368
115.30827722426285,0.25047438997154425,0.08644443922389967,0.08617378492870609,0.09887985789682459
114.9983709550701,0.28862985085352794,0.09443498419621987,0.08973351786975037,0.10631459569067897
116.17544943072214,0.31574686318645556,0.07307112260736755,0.07770466702963423,0.10992801774458683
116.37212520297838,0.3345183197906004,0.0708260957757224,0.07446285469916127,0.11406338649119685
116.9348937041834,0.3475638158912644,0.07725852340437739,0.09038731019389812,0.1281380103127733
116.74285772202458,0.35854439477135586,0.07898311619950132,0.0753023119867857,0.1254986267571658
116.90723687413939,0.3672406591236835,0.08178485939271363,0.0858809613448469,0.1339805572023019
116.74051115808275,0.3724021950956037,0.09141951062838263,0.08805753737869641,0.13726000898882382
116.60122399751727,0.37380898054393713,0.07513748928733834,0.10405099846194842,0.1453456547344165
116.49201645644483,0.37375293753361016,0.08729930150994804,0.13056531045874664,0.15901721314104367
116.42576940567842,0.37157627698296697,0.11044631137731395,0.15037271718569717,0.17039006091017075
116.47498030277825,0.370155119918108,0.13498368792742088,0.16837037621118267,0.1808444124920627
116.6418114217242,0.37033296832978446,0.15036998191448941,0.18283718376058367,0.18972323577443115
117.1467736725932,0.3727300177205061,0.1669665862905222,0.19482605258045202,0.19772940941089642
117.47849546933789,0.37320447246115096,0.18202478551345336,0.20430807803255252,0.2046629734212673
117.46333235842268,0.37378673163266163,0.18738914078991456,0.20889297933523976,0.2067856281725628
118.01020700018813,0.37528230369089094,0.19095518442640705,0.20946248133013926,0.2055481581631544
117.99891893133878,0.3746904700629798,0.19593792003321148,0.21443549285608543,0.20784527217735654
117.32970982323675,0.3743647887375812,0.20931734059486315,0.21706929679274314,0.20965014055741493
117.28341935348745,0.3770697004708869,0.19912669317063064,0.21712752091267207,0.20907755716576462
116.63189585983302,0.37904098977044354,0.19463167656012947,0.21753555259833574,0.20978084985874734
116.08374090069655,0.3805936241688043,0.18772669122505314,0.2190342561890069,0.2102017740337067
115.9860152733493,0.38017115628347997,0.18794906967613292,0.22289074881310653,0.21272599941128473
115.97556524510343,0.3811732553421363,0.1942532737838471,0.22723611012947909,0.21498353412358417
115.86720304867114,0.37933494713686433,0.20398325910571144,0.2306233733890844,0.21690110401178275
115.65082047950408,0.37839820174260785,0.20829015026688924,0.2326125015067629,0.2191085477486015
115.6937977008992,0.3757697204855195,0.15121305274733846,0.2233515779172856,0.21318347331260026
115.31082068820699,0.37438112851763183,0.11721199784285656,0.2198299247640301,0.20961019956054439
114.8656825979646,0.3721863782707294,0.09906847464625133,0.2154660077755921,0.20585184237387769
115.12919756028569,0.3732635325635306,0.09101965730120924,0.2069354905748955,0.20028888275577472
115.16355270211028,0.375131183850273,0.09123509328186678,0.2038420281187408,0.19730655609373204
115.13582623568617,0.3769848312208982,0.0989391033933514,0.20034228504752052,0.19542453229070852
114.97352853685395,0.37852781836942473,0.10427093415712216,0.19834519564213657,0.19385437989243914
115.00929897932448,0.37982540834068546,0.09307923701347469,0.18505454360180978,0.1891366414510183
115.09758856599115,0.38058480874570383,0.10574056871296217,0.18532609188732488,0.18831529024537025
115.0294152608301,0.3816680656685809,0.1210886619252524,0.1926917388469634,0.19406785162105972
114.92850703317905,0.38231068427169723,0.13148670327595197,0.1969011580120588,0.19808992306225112
114.86939037373686,0.3809772976345739,0.1285262528772309,0.19541848916065996,0.19718195317925416
115.29826533014104,0.382481888432011,0.1361296065097014,0.19912621439164047,0.20028131458370604
115.6213433951955,0.3818441881996037,0.13930689932956491,0.20062739866360135,0.20056800804365627
115.7282538920239,0.3813769606925119,0.13837464975067895,0.20159826366774955,0.2005866274722524
115.95168338354965,0.38192469155860787,0.13286365975916015,0.19915437006198541,0.1976665367430696
116.2930003063713,0.3831289756401441,0.13468834695064485,0.19981405819860815,0.19718831539886608
116.60182815102597,0.3849445485996498,0.12767567155138448,0.19188035469327744,0.19134892910013557
116.71640930780744,0.3854122928425958,0.13371736577345675,0.19302745003934277,0.19088475897054333
116.67865044887753,0.3859960248779095,0.13601748694814345,0.18830796633949204,0.1869359731839209
116.46684948603287,0.38782315451894,0.13136184669149278,0.18671291506215892,0.18612890056498532
115.92651857360117,0.38474175326588644,0.12945700005555266,0.18352781491872888,0.18364037566189292
115.85462251327978,0.38235103331293857,0.10983053921532177,0.18245364397334876,0.18350225699720907
115.90159425951943,0.3805408850908081,0.08952472089313966,0.16794591466355077,0.1762994453510711
115.53643104597705,0.3802318918312481,0.09075462048548044,0.13241533846441436,0.16136218004867833
115.19722487558576,0.38347829642089104,0.10405430655682918,0.11405538966459992,0.15033146736317463
114.94386888338978,0.38678826254385007,0.1038918553309429,0.1105806684804569,0.14403843840332387
114.78269667112185,0.390078011737725,0.09151070399992654,0.11265065940594125,0.14097788090748978
114.69059136551806,0.3925431990369541,0.0701367273071333,0.13023111680055077,0.14918357496407347
114.7769087079134,0.3934836280395689,0.073498299681119,0.14721638778330787,0.15765029096310904
114.46504265182189,0.39340088106083787,0.08596957617619932,0.15245759252628757,0.15836460190806206
114.26230453219137,0.3927992450699073,0.1051215284589736,0.15874127401184623,0.16192674500232074
114.16662781189322,0.39348644093859175,0.12601824637901865,0.16422597707571604,0.1645786484939912
114.15589119745407,0.39650011830210874,0.12530140879509927,0.16491760155848081,0.1653754110976487
114.38362810167463,0.3992916385742403,0.12209081527877995,0.1695446965170268,0.16946692596997262
114.74867473282683,0.3983351962511908,0.1365026765644308,0.17701228559163365,0.17474436134140256
114.69735581558461,0.3907174139302663,0.13965130823299834,0.18385135196400124,0.1792625743153789
114.79665367464453,0.38708957183733567,0.15473433291629446,0.19281906259383433,0.18452571292617245
114.84732361291327,0.3837341560123384,0.16556552652473003,0.19971247506844447,0.18786203792349124
114.8203633961954,0.38312376782528285,0.17875224875664633,0.2043679632482755,0.19120722594867445
115.01249868167197,0.3790570181366101,0.18091428071101506,0.20482101089634436,0.19046799639726975
115.05068033440763,0.37366141947844506,0.18511932429595038,0.2070520716044982,0.19108399877453244
115.14287408101667,0.3703204739904208,0.19114343603997763,0.20975671358555453,0.19256010812644875
114.68831830436466,0.3681847973595643,0.18737378206354913,0.20921038596672145,0.19254315416875434
114.87224653807225,0.36890142290295214,0.18348268875741278,0.2049633816755061,0.18950213664631751
115.4914718846592,0.37247778507565393,0.19036710526527445,0.20644746824693833,0.19081661865782848
115.59799056558288,0.3728005697467397,0.1880119591698666,0.20404836120412467,0.18922566565572987
115.92699598993097,0.3742632469779836,0.188230947111331,0.202296984227883,0.18793311145416952
115.94300862029205,0.37681874599088305,0.1900887832635304,0.20312202420905762,0.1881337924399191
115.74027566599675,0.37909088881150105,0.1970409968941579,0.206210222557769,0.19027274807780392
115.41188300351038,0.38187299877381553,0.20322714112376136,0.20972268094102195,0.1929615597050319
115.1028374888698,0.3835952944577148,0.2075450946382338,0.21241858115494489,0.19506005899629267
115.23129646945877,0.3856413256397274,0.21143933569860734,0.21419584635479524,0.1972206017955059
115.1511655323966,0.38674745896170387,0.2115515639211487,0.21520968513517666,0.19878140465179053
115.21401758918103,0.3879187501977063,0.21182656011709716,0.21598394280641403,0.20015566931276457
115.1733881232009,0.3877076020200616,0.20707038728846203,0.21150742929340896,0.19681038625202474
115.3007296787324,0.38528009462630086,0.20431771512475172,0.21088721437946326,0.19543004981803153
115.51790312888141,0.3853598330750869,0.20640422174762096,0.210803254233419,0.19508623537963377
115.41805615142864,0.3829694411035019,0.20483713320262542,0.2084096156493421,0.19142246286278236
115.0816279375158,0.38071043632558793,0.20345423382509678,0.20447172106656303,0.1856381336636908
114.87352444546583,0.37971290302652705,0.19906250861719033,0.19641642894571526,0.17543070255621512
114.65057729242682,0.37863623864601303,0.18991499654088728,0.19290170148687646,0.17374517739697223
115.0270151986594,0.37731889695851656,0.18773289827932232,0.1921225136235768,0.17479023658667625
114.9339631513258,0.37734382349250223,0.18458299539118248,0.18837256074620815,0.17086934631319997
115.08679982352815,0.3799716663908633,0.17225498429377856,0.18328091913959355,0.16869124286097678
115.80311763573005,0.3813125615902883,0.1740090822654267,0.18684296379010046,0.17273558655441001
116.19080961357189,0.3818236896413302,0.16731839158753034,0.18665001358878167,0.1736847013686412
116.10108695076198,0.3828952358405479,0.17474761844399542,0.19003035311246586,0.17698048627413712
116.24700155700442,0.38279052503224936,0.17878905357657415,0.1910705929748742,0.17879272593055898
116.01643731891583,0.3846127653586748,0.18263543078900735,0.1930163527090715,0.1800465568703888
115.98782840610049,0.38452335813593563,0.18865286627999653,0.19539404729707993,0.1815449411350313
115.63786289281681,0.3829679792653671,0.1908969802084529,0.19615943907773173,0.1815344044999968
115.47510720949465,0.3843637051222486,0.19548086161864012,0.1972650648400493,0.17913347806548158
115.39799890608094,0.38441853630532236,0.2005602926653165,0.19753885407801638,0.17677463984221323
115.29291057252934,0.38378981351365293,0.19949857371058924,0.19647393152535453,0.17562000456142063
115.02644731196897,0.3839957710294888,0.2037086941027766,0.1976761627538499,0.1754271990861012
114.98950466833512,0.3853797690277784,0.2069719649988987,0.20107789250970481,0.18048704263732965
114.8799901050836,0.38840797620566336,0.20952791545134877,0.20136935035621847,0.17997843400501695
114.88166115234097,0.39014011742624166,0.21455380728005793,0.20335207125250634,0.17885608909362893
114.88243017917408,0.3906745708443033,0.2174677961099375,0.20513457099251184,0.1798767858210583
114.6882031088864,0.38988669201791476,0.22054881832849582,0.20816604296943197,0.18581678325841985
114.48165616170566,0.3880515268823664,0.22288611995330146,0.21060098157783047,0.19030659435920938
114.43986916058398,0.38843693695075115,0.2239112862774861,0.21269880652484985,0.19317538843750703
114.70848001484684,0.3887048569863556,0.22399437679094159,0.21378434082878617,0.195180348102537
114.92381916129736,0.3876605415621124,0.22415040656492652,0.21325840355034234,0.19534202627135652
115.32789347343649,0.38596975729121297,0.22377843432717426,0.2123271930106692,0.19517922246637717
115.29671797692109,0.3813547568260259,0.21777252425183838,0.20950206651965983,0.19091399777684787
115.25813115902506,0.37887011576543744,0.21041611281278913,0.20543253001738204,0.18444312275997402
114.89777899982947,0.3785328238886003,0.20626120946239154,0.20377640147184456,0.1810567002645945
114.99229292240017,0.37687143898744535,0.20725898618308358,0.20343892738097888,0.18208743579370876
114.65443017232411,0.37640413011103613,0.2016322997880464,0.1956128799659473,0.17282056689025552
122.98631722079604,0.16165625309596315,0.19223386827232772,0.17427806649816838,0.16064604143880637
166.71817936051755,0.045930825390133045,0.17825657388354443,0.16827937517340566,0.15253622001618886
128.64679885180138,0.12493618664456314,0.18690543269912202,0.18459604552849748,0.16673841184464042
120.0676454995146,0.19176504862146027,0.20634022831373605,0.20135780407672582,0.18271171817683873
117.35988820556283,0.2367546124334619,0.22470328056383096,0.2182429573709294,0.1985350430384918
116.56468572454492,0.2705756719148435,0.24082543822862038,0.23406662987785168,0.21367241085321612
117.52617538312178,0.29183331385855016,0.2523729817090534,0.2430076872609922,0.22483055783994302
117.94982790532707,0.30827997437803545,0.2590497982868251,0.2479067298816996,0.2318609083509039
118.7315765056846,0.3216484148808993,0.26434844178050165,0.25017222133070194,0.23759794111193222
119.68730144817648,0.3285651815302921,0.2659317415528411,0.2514161817350673,0.2433666760108654
120.77812925849439,0.33495384172723214,0.2701717596373816,0.2545566590547463,0.24607935140165876
121.44006849407319,0.337401947221221,0.2713703153378164,0.25644865644462006,0.24925712211102596
121.97353530826591,0.3414010353850055,0.2759165254590757,0.25899839564315136,0.25160551149851473
122.73166964786874,0.3499880094008756,0.2827308655485546,0.2602260902357434,0.2548239629174891
122.88228684713413,0.35620917707336125,0.2853696868740436,0.25714522682596685,0.2564612421677204
122.216168211571,0.3623954658691106,0.28608094269878853,0.2544234399955233,0.2577578934742165
122.15439189001779,0.3658316170222703,0.28700281817435636,0.2533038638185602,0.2606946860596644
122.02100808652904,0.370332834255408,0.2854170250291844,0.2501050625889862,0.2616664177069324
121.2098181344906,0.3704619434648236,0.2820777546470856,0.2461616486696908,0.259199891973908
120.24861884288384,0.3722361460109314,0.2795186665643754,0.2442348036940176,0.2592852261378789
119.54317371529646,0.3771987813663951,0.2765564353091074,0.2402959506148351,0.258605306728066
118.99123075178545,0.37883950719451853,0.2731735403159354,0.23724416429399878,0.2572162370944
118.79737525448228,0.3824548647769634,0.2715892923830818,0.2370701634063047,0.2574607851504374
118.62970138920068,0.383598422385374,0.2731047574909987,0.2394040074019027,0.2585310669877091
117.4438946737401,0.3859078717918341,0.2742685690824717,0.24244893003402052,0.2618296730219356
116.79731637570619,0.38541681518559306,0.2738744335393493,0.24295767757619957,0.2611011432143968
116.14323687942642,0.3800024969542091,0.27377025370325075,0.24400151404472917,0.2590267262101013
115.46707490603924,0.373931635488695,0.2700659949373267,0.24168667150308004,0.25673213377669335
115.10025342851995,0.37089005467823877,0.26921120090306694,0.24164049301888213,0.2548676884980992
115.2102232572269,0.3711269983939482,0.2708925647243647,0.2428462350645196,0.25501884761637467
114.8687757943637,0.373501986317453,0.27234181226026793,0.24383185186638914,0.2537376735763858
115.25639332022676,0.3687188686450735,0.2757134968788034,0.24355772689286548,0.25406415579049685
115.45476620460146,0.3690399036321865,0.27708238564959653,0.24446768901847765,0.25386966395823474
115.56586789034495,0.3689476523201164,0.27601562071071134,0.24219889116183435,0.25148302523811916
114.93956323115152,0.373324229058904,0.27256035197246065,0.24111037373419608,0.24895712336206602
113.89018778895226,0.37653927535177995,0.269891179214161,0.24118046650542915,0.24463544099762946
113.74414287806925,0.37920387022093266,0.27017793883213004,0.24119526997285373,0.2438154255658521
113.50279667021812,0.38422570507080445,0.2694551175945266,0.23989594059155708,0.24405342236641275
113.67334704210715,0.38711924882677656,0.27107581029213623,0.23978569790206272,0.24467966871778754
113.89164389276563,0.39212085851449785,0.2744993495442624,0.24102820011200607,0.24572210772989894
113.85593904819686,0.3963320434753615,0.2717422300154184,0.24129302348627304,0.24902547903125044
113.92026860666878,0.3998295221453776,0.26937648871629055,0.24319683415743015,0.24945956614862236
113.34126869796637,0.40084496287480814,0.2653037760067227,0.24404686016889598,0.24959205542071705
113.10117459186846,0.4013936661487072,0.2626559617199812,0.24542525373974872,0.24728994408594823
112.61581537278667,0.39918572778832867,0.2611913890157592,0.24514801348100113,0.2349655125828889
112.88152368879841,0.3967891969233372,0.26180086884092924,0.24430723292237239,0.2286837264762819
112.59275838976092,0.3976748913533592,0.2652068958659838,0.2451255428538882,0.23133155684881868
112.80957804679188,0.3964978178565468,0.26588398892363196,0.24417995585099922,0.23355591101362647
112.69998645823213,0.40270002329045923,0.26872759734003493,0.24728675875238174,0.24028312639740737
113.03084728723584,0.3998730150594295,0.26768449920686477,0.24401052566623443,0.235766617281945
113.4822041498747,0.3989862528846925,0.26802685527905046,0.2435333329596562,0.23062409753316118
113.20033545647854,0.3973218438874477,0.2685572132298341,0.24321341841732005,0.23275845000493173
113.163096584772,0.3975704092718999,0.269874671009408,0.24279666542680967,0.23489639383731542
113.49390066069766,0.3969942811114487,0.2707936828257291,0.2424685827716335,0.23512140105306684
113.62545973526825,0.39538660568211653,0.2711623731753849,0.2414819508817048,0.2334126761195773
113.87208400598273,0.3966875839461782,0.2706822098996021,0.24204248408198864,0.23368065528389387
113.67403569674408,0.3978098981796885,0.27120868407919974,0.24333314475485315,0.23321427259659336
113.57727527185486,0.39846767602191174,0.27155657072241907,0.24501344007635206,0.23230536093004
113.37344858096283,0.40054942036338714,0.27160759811571683,0.24649044609004173,0.23308893092694985
112.98089708902322,0.3994375874451587,0.2704092254091726,0.2461334082738644,0.23532839155364219
113.14086825513253,0.39968820568867336,0.26979195862637007,0.24521725427647584,0.23868353039597842
113.6422413409824,0.4022559794478301,0.27097745667093043,0.24587740523094012,0.24133639248235295
114.24509102574972,0.404818821424508,0.2709701924089988,0.24823055468030367,0.24548282355978657
113.64161608064289,0.4048070306484634,0.2702741183793691,0.246998903934342,0.24562163461546146
113.9287816678396,0.4034018005154249,0.26854893895777854,0.24542433099973973,0.24432858851888312
114.15249264884382,0.4020922340524261,0.27039408751061766,0.24516284554643983,0.24465573831551557
114.34443485827516,0.4002387454900354,0.2692682393084513,0.24435691690888894,0.24470429952806205
115.06219191724001,0.4021095861844249,0.2663056413147487,0.2443592846442237,0.24433724559777947
115.20162693749639,0.4067615145574384,0.10728835200931838,0.24913685430217355,0.245499643483672
115.86031678548213,0.41005491382353326,0.04931509141074726,0.24936423260831622,0.24485561642301085
116.01242242163022,0.4112851921464185,0.07495024134793599,0.24830299012246604,0.2457411055958034
116.08673217874261,0.41035343122693146,0.1273694663228845,0.24788140828402824,0.24539487029436416
116.3024663347248,0.41099625109783267,0.168857795836638,0.2476595574865736,0.24457629599217123
116.08375357379376,0.40919525319748384,0.20007912838472486,0.24652364704919474,0.24462169938864714
116.22492585676373,0.411069984604279,0.22021164390038567,0.2462176008942685,0.24403413923814585
115.95796298878251,0.4115704264634122,0.23582679069812723,0.24680916115376852,0.2442967489734372
115.92063447395802,0.41219361127529125,0.24985016008281402,0.24669663255467283,0.24496522305991233
115.9657482759082,0.4136606947752678,0.2580042114407436,0.24805730702153525,0.24525239219222553
116.08889614454526,0.4122942299360176,0.26324740783678313,0.2474059427715928,0.24627419643253978
116.07077329310313,0.4111245435563884,0.2654183050028786,0.2479666533865858,0.24703619080735598
115.4909480433859,0.4137373196938884,0.2686211137998949,0.24932344556834246,0.2489321072327092
115.96442406780747,0.4096822984013889,0.2702407297469077,0.24665531105865074,0.2473134297756062
115.84845181435658,0.4115483343972,0.2709745209801557,0.24834213823096163,0.2484191477295056
115.91072679383221,0.4100252697425649,0.2689202664790618,0.24655108084642013,0.24624424191800137
115.98936750982132,0.41170289195665766,0.2714071925557907,0.24677659080019806,0.24775030897433367
116.15426424903816,0.4088399301236906,0.2714901342942019,0.2459168219707306,0.2462495545774876
116.34035277958846,0.4090353577389669,0.27335479920172545,0.24611086034298527,0.2480433792795443
116.30668938665718,0.4075118013758243,0.27244106888561775,0.24525158257397314,0.24710202756581953
116.45740091194608,0.41023194841477434,0.27293613212703194,0.2459228638885168,0.24881866272435257
116.85786729112283,0.40872189184815033,0.26762077861317635,0.246262771549513,0.24841007374046226
117.20415173016153,0.4129250750000616,0.26814758409970246,0.24713872342576695,0.24984085412423368
117.94221363592327,0.40919966347847403,0.2513204044687588,0.2472573374059311,0.2501265586142139
118.12757865922629,0.40919877651149805,0.2364086688497969,0.2461014557026489,0.25172782294639734
118.885398851028,0.40976815555331597,0.11411211098255045,0.2500801222034595,0.2512650295558276
118.38836248592912,0.4115606040796957,0.10101825140454529,0.24783869583991183,0.2511312280413361
118.4160268857273,0.41037409259048047,0.1056338525052567,0.24777172070811707,0.24884165039687473
117.87261136094943,0.41522928140394805,0.15453629497246052,0.24830562680096283,0.25134958773547644
117.34790525851923,0.41239415624128384,0.16699941155068662,0.24580197086612743,0.24909209514223285
117.10949005809195,0.41400420343484495,0.1992393330781722,0.2460317875713523,0.25037922116337197
116.70020778493786,0.41089428795453975,0.2234203877015097,0.24501121513426968,0.24917898527867574
115.90760644673703,0.410475094305282,0.24042618248102396,0.2452085136593441,0.24870678070721045
116.0372909670901,0.4082539882431607,0.2526010995849987,0.24562073106861104,0.24815540452953433
115.92113964722375,0.4058659939000145,0.25691229887227446,0.24515820759445106,0.24507776305661455
115.99528701023536,0.4062521041865416,0.26250230057567786,0.24517340026837642,0.24578400140690168
115.62188634108985,0.4056835875091061,0.2650640343190306,0.24469766833469128,0.24192118543685065
116.15622336124936,0.4045809037105502,0.26699461174789146,0.24423772667715954,0.24171297917884713
116.41290619453204,0.40478212927362206,0.26888062890599834,0.24379401478641383,0.23575921752090878
116.36837429404258,0.4071791812022163,0.2529320041531815,0.24470650074251904,0.23962736504452642
116.45035173474385,0.4082564393651059,0.2571305721570662,0.24469916792212743,0.24162896067462142
116.53687798027133,0.4072260298062319,0.25712445385282756,0.24513156388424676,0.24124886303966203
116.44847711962508,0.40598900391961984,0.25126212093399236,0.24579053861727831,0.24230088224420118
116.77679323739966,0.40473081869687694,0.25730133700084684,0.24502081612485302,0.24338513010411264
116.51486925972098,0.404881463310471,0.26164322407942475,0.24554323054019334,0.2435097178995786
116.865969175438,0.40209988340620195,0.2646341767107071,0.24485412063755305,0.24592699522229228
116.50893804054101,0.40187444621257307,0.26715062163447545,0.24424037401408744,0.24545722084148008
117.04712557594691,0.401651909093364,0.2683091299131265,0.2443092304189836,0.24693746953256118
116.91656845286195,0.4018369142876547,0.26880655259368624,0.24332074220075242,0.2465453604318616
117.13388974382299,0.4044521193851224,0.27057863392575937,0.2427360701240544,0.24839005518444285
116.76679275414853,0.4060131416031016,0.27304036841571977,0.24226769907540563,0.24915818903795464
116.0096297185447,0.4081759733220272,0.27449521291201434,0.24035429331816202,0.24703601905900618
115.84554150986078,0.4099224466183567,0.2757024099272928,0.23897864126547716,0.24753114268256168
115.90124874650044,0.41472478690287023,0.2757002992645328,0.24099230813398478,0.25095654315750826
116.41386793140853,0.41454314847851953,0.20002804902431634,0.24099605470452992,0.24929188713453188
116.62896789672013,0.4144910759711039,0.22063223074505334,0.23971101112190152,0.24802794382432888
117.05501616127003,0.41363643902072605,0.2355749528110068,0.24179702239561782,0.2503862697656229
117.55045214154678,0.411147674142486,0.21087978069019964,0.24129264664005595,0.24857590198529625
117.73242792190528,0.4096940804065766,0.22428246019898587,0.24102641143572154,0.24935436820831808
117.80381909844212,0.4112806203540973,0.24012631476109347,0.24099614146142367,0.2496035336074726
117.98936980236475,0.41532327963481186,0.2515474992049533,0.24125729291624892,0.2520803349824943
118.12624708546939,0.4163680268167409,0.2603200120584003,0.24077840968614106,0.25405481099969146
117.9675842309373,0.41666338340907333,0.26650925053087987,0.24067824903803614,0.253280608844674
117.8392993413968,0.4160982155706366,0.27064252507338477,0.23998928060857963,0.2519893017187336
117.61762782865702,0.41694439150853846,0.2752135896472829,0.24249499515614753,0.2517656289476402
117.59175383540638,0.4157713603834402,0.27630254918351993,0.24086025811117212,0.2506781652699727
117.54034105936422,0.4144524973960347,0.27730920132654224,0.24075644502885196,0.24973150472568081
117.26950873692635,0.41322939292403715,0.27798284953039837,0.24006489975812703,0.24740221768637577
117.07147548560584,0.41297311921660795,0.2793026147890154,0.2407562692714805,0.24672370031968371
116.9393360704462,0.4124716203114076,0.27923478516881983,0.23928579569545536,0.24678022250429793
117.33579672455318,0.4137309175770461,0.28080365133635343,0.2405406130716891,0.24732633220371722
122.2409378635468,0.9201856840283332,0.4443284340579759,0.5165665593535123,0.5132813671314059
67.12198783738205,0.6394684453510581,0.2614809470908099,0.3266852258060135,0.3344822979552004
61.76735597221052,0.5130528549195735,0.21403845708777128,0.2559877108847627,0.2495983434252334
85.18936920070851,0.46854509337690436,0.22194291641455072,0.2438242321831097,0.23070826747129178
99.42904457157746,0.4464759874289952,0.23573260477810024,0.24783687604132562,0.23304725042788252
107.60814449514557,0.43131223231546273,0.2491778156268139,0.2535540361034489,0.24093121756660668
111.04344982170267,0.42443845711897965,0.26088889864920783,0.25677118379252906,0.24640620472831076
113.06854802885987,0.4142014667644826,0.26839037884496203,0.25721824738779864,0.24877466995097025
114.94750490494977,0.40590548334576293,0.2722703736056926,0.2572289510295782,0.2509860316842157
115.94845302867276,0.40593249623383654,0.27427771853578753,0.2571785380850037,0.2523623627572303
116.5234895986974,0.4005936844001337,0.27452497350202887,0.25576022962954853,0.2519785741563987
115.66167225379786,0.3912709546633377,0.2721526836330654,0.25180154038708996,0.2492860075652703
116.66958850341506,0.39194903759948985,0.27328417221660256,0.2503617769979424,0.25102002115136035
116.31827957897251,0.3798684437979273,0.2739178886640016,0.25021351585708806,0.2506529650660882
116.31962105835403,0.38322369736213124,0.2760315276866329,0.2522166479227825,0.2520382029949916
117.69562959818542,0.39320945116520706,0.2776114267554194,0.2552203394061521,0.25430854216104076
119.37764172075373,0.40001579686209593,0.27777444642037635,0.26023860302726226,0.25748143562278003
119.0830246928479,0.4032643511522106,0.28158906553508356,0.2629050351198051,0.2598376629578856
119.73852810322713,0.40807378531181265,0.28433905503000984,0.2650812263773352,0.2597307524379463
119.91987081878308,0.4138068039417716,0.270213270815961,0.2657377018305207,0.2610390942980079
119.47282197351718,0.4133312911143011,0.273403096663668,0.2635734518816162,0.2595136265928432
118.96971982826838,0.4136148136636859,0.2726266284708402,0.2607386696463534,0.2600395257419775
118.34848801427925,0.41744512314818055,0.2750020354309739,0.2594951227879583,0.2600677664289463
117.70938526315315,0.41744001513892426,0.2755472300914206,0.2565434827608562,0.2594906170510605
117.22699987927342,0.4200760700787058,0.2759408262431345,0.25537598493224556,0.26060804088226325
116.66155987279458,0.4224720191949934,0.27674377607330836,0.254227220378516,0.2600108505923704
116.18812658131294,0.4243015250659137,0.2771302683978525,0.25360349452613984,0.2593289650383439
115.98968663734149,0.42363350625314944,0.2783461401675515,0.2535798025724144,0.25878223750851603
115.53570553238256,0.42238649710499593,0.27844655749001984,0.2532088476354502,0.25707948361132726
115.02075696755792,0.423368095006119,0.27734466673135655,0.252215794261441,0.2555502924211294
115.03638387498638,0.42386752105750813,0.2766703102327335,0.2518016117285198,0.2573137078137706
115.01495931195004,0.42316973074805914,0.27591363529759194,0.25124664151653114,0.2569332688452626
114.70505331821902,0.42414357629167593,0.27439840417653855,0.2506175941563664,0.2564760912973378
114.39680254844585,0.4224663642696049,0.27344772965024666,0.24907133621919983,0.25490065747697754
114.41789182636658,0.42041720097664603,0.272416138313809,0.24764349569623362,0.2534424987354778
114.7108383298595,0.4233952417337588,0.2725230489580508,0.2475983823981589,0.25314476564083355
114.8386277505861,0.4233982872696982,0.2704946466514912,0.24628270033211058,0.25166502679826297
114.7753502947838,0.42342675654436457,0.270019101791632,0.24685894423292498,0.2512330667874309
114.65503117925427,0.42454741499450804,0.2701771618219035,0.2484787849300429,0.2529740483120544
114.0247050784656,0.42473755372446403,0.2716680773852396,0.24941057795668728,0.25388204100251155
113.73382724131216,0.42186778391894114,0.27181332158490706,0.2504750772429608,0.2546095958841228
113.11069068121023,0.4183632611272316,0.269115033390444,0.2504530850740405,0.2526073619923564
112.6051687737561,0.4155936459593192,0.2706277453390918,0.2506627241265818,0.25183820841465104
112.38946572243024,0.41329805272063463,0.27291402300202616,0.25121808048590305,0.2519697957408723
112.930379943492,0.41293183239596765,0.27534590112835283,0.2518472570446137,0.25118555089533107
113.40368679514589,0.4162498518967251,0.27741696607696154,0.2520535739034708,0.2511181136986673
114.01250612890786,0.420268262730137,0.2793171445095915,0.253032457590484,0.2523609992857907
114.11653584312407,0.421083095872316,0.2809120753479539,0.25399884259908007,0.2516434714465152
114.17194592242316,0.4199300243677059,0.28053403544024047,0.2526897519232613,0.25025641195405346
114.46357896594657,0.4189057485207024,0.2802943957768434,0.25235543404233884,0.24960939503129548
114.44356975774207,0.41947200338550905,0.28176778024699306,0.25300580090490743,0.25040021978270693
114.09815195897569,0.4183750304593831,0.28266150772037163,0.2533307787421521,0.2503304355807794
114.13696194205916,0.4192536457111704,0.2850934515834699,0.2543119548138285,0.2511672037513618
113.75758627844759,0.42097828963829664,0.287294846148168,0.2560596005544946,0.25203135567570356
113.29984677613355,0.4192863790660284,0.2881052304268246,0.25807677164587217,0.25337444649219815
113.69775703139173,0.4143917534177544,0.28268774940166236,0.25608415557264286,0.2541506777455787
113.64719940936475,0.4156465204996734,0.2840402883723131,0.25712416211024314,0.2554778831922548
113.26766452392977,0.4160552147073727,0.28568445023050226,0.2587970362159548,0.25746163998983707
112.76544826226258,0.4154663835358576,0.28588586059593823,0.2595745050035713,0.258620191589941
112.70761779398974,0.41630012990770543,0.28598584991839215,0.2593022514665762,0.25911850659116387
112.29417726539769,0.41624555194715196,0.2859940411203445,0.25821968256771644,0.25842678577668987
112.41748943534135,0.4159017864287306,0.28626078217322015,0.2591483212588871,0.2608114985536317
112.37339462369535,0.4136367619198378,0.2337467267906216,0.2570261999467123,0.2602741966119891
112.13761514873482,0.4111545007684305,0.12700967514679845,0.2559704371010727,0.25874304566074985
111.75611376629014,0.4095370254662931,0.1594667232970853,0.256641341041641,0.2596376800343761
111.89680899436381,0.41011468174684595,0.12589137944322756,0.25699453619458174,0.26035617208374356
111.63096480560608,0.411316303913976,0.16555620447971775,0.25915878277650073,0.26082685197924266
111.9633388087751,0.4114493206019993,0.1995610978803715,0.2602073654181792,0.261845032884195
111.7737254703175,0.41119582977496943,0.2229795500548993,0.2611105311135804,0.261549335761836
111.87961037882233,0.40561913682199663,0.11142518333667716,0.25943709655516384,0.25974869508568554
111.60930257047121,0.40223463166341306,0.08649010082834563,0.2629437947378769,0.2582089017008842
111.84379215838133,0.3986843923076796,0.15783399241238286,0.2676805244994805,0.2582913791433232
112.3278863325771,0.3958550827446354,0.21848832852638075,0.2697027823958187,0.25757388549968974
111.97966032191762,0.39904284926194067,0.15772438204637965,0.264193053742031,0.2580703345643182
111.75317506719601,0.398169272516292,0.10214363240162003,0.26198397199292506,0.256027403915389
111.40002007981424,0.39923790031445827,0.10084171908699475,0.26048860113809313,0.2557062488229254
111.45776992915292,0.39964221764304547,0.14797904843070744,0.2616920772025359,0.25597850758625584
111.77004318017677,0.39935900807992,0.20701793604009394,0.2634355519705189,0.25642111641973725
111.8660743332458,0.39873588815174343,0.2423792729280165,0.26379182254769296,0.2567107344169617
112.20581257460273,0.40310211776664634,0.16624599376082203,0.26212606713785086,0.2583635992754122
112.06979441591741,0.40419352090215777,0.09118768794653963,0.25943614729143394,0.258580001453703
112.07098400024425,0.4044374775557206,0.09292689872013132,0.2601060548941873,0.25848536246017384
112.21087684929527,0.4041439290645909,0.1327122731801378,0.25965175761795056,0.25795294123452756
112.068749384984,0.4067275642360774,0.07498737371130161,0.2606055672352503,0.2589936252465112
112.28918747541852,0.40480918966745993,0.09652583817259722,0.25967474990884126,0.2563573751389862
112.40001724395113,0.4023017043475173,0.16364297439684347,0.26177691031739553,0.25688235054702635
112.48417580362877,0.4000934529046163,0.2212846027801624,0.2636463753580889,0.25848364269689805
112.19487245517571,0.4030771854177659,0.24216800589808776,0.2628282787360494,0.25842098251588175
112.17874967044955,0.4030781209898014,0.21256602968234406,0.2592009087627309,0.2561176156530809
111.77272264994217,0.4043396170890947,0.2480269768512185,0.26281934522230005,0.2582923679408257
111.72799605365813,0.40408858653080076,0.17264874018417642,0.25904184682798564,0.2553821350399106
111.61985988221986,0.4044739384586828,0.1856998608763605,0.259336811991663,0.25505133432306293
111.88183116340838,0.4078807770089209,0.18200279582119896,0.2583022453671897,0.2547722063898437
112.08490010920403,0.4084030123636222,0.21134986534426362,0.2589245335882695,0.25542113706030645
111.94811499587112,0.4087435107240348,0.2444918498742543,0.26070045638176487,0.2555514795708498
111.96721429351125,0.40480489945069015,0.2541607151726273,0.25984801393914153,0.25275077910271176
111.62383611643028,0.4049358351576346,0.2829753732156729,0.26433052396234125,0.2556914801734323
112.19000512556202,0.40268696537505944,0.2945769270451841,0.26324033831652294,0.25276358095387175
111.88019804126849,0.40907825376640017,0.2634416860367109,0.264902488159851,0.2553063896728654
111.75979999440032,0.4062828932786705,0.2761337274116875,0.26566452689317965,0.25547167619744865
111.23865248842544,0.40563079062681096,0.2908972267316741,0.26754879800065057,0.25767172539757793
111.2190880388566,0.4007080367131573,0.31162398142207465,0.2715439852036789,0.2577702446893903
111.18456337383039,0.39787443051143856,0.32230102424539486,0.274380716549218,0.25832503715936533
111.23549225453341,0.396535368899863,0.33329109719468,0.2746351863462689,0.25832754340175784
111.44799629787818,0.39658772910453705,0.3406544910908936,0.2763701733339008,0.2581494548762426
111.80791423504904,0.39728154963808165,0.2089328920767668,0.26803607123885026,0.25775444428994526
112.12055576056595,0.39902468556559295,0.19660299964880937,0.26545754187380977,0.2580785512720635
111.59281273161432,0.40276414838932456,0.20724043047085894,0.2683741253174701,0.2585614668281189
111.29983910281452,0.40319166069157186,0.13469687696172636,0.26470502768290166,0.2588929330953513
111.30367600772794,0.4051653205254219,0.11302403438426528,0.2643915487493052,0.2579876778819011
111.85026437113265,0.4000891284108346,0.15869593971140727,0.26151899045600663,0.25367277848242403
111.82430815278859,0.40281111627807664,0.0870750100713614,0.26159662598709904,0.25555815134498133
112.11890793238462,0.39902027381262284,0.1445818947730722,0.26288940932185456,0.2549998552825124
111.41782780197015,0.4023191815896974,0.14322696222492617,0.2638345159035003,0.2570942473047223
111.83941582062077,0.4004486998107796,0.12810164886812878,0.2591446302350014,0.25427166360425385
111.5084224869403,0.4031901411228154,0.1428936574671172,0.2621724018585375,0.25457778636667355
111.98968010362769,0.3998329449213397,0.18507310051929532,0.26197562610019837,0.2533467943658627
111.68963766600567,0.4026868828404912,0.17148791772027927,0.2629071974604818,0.2532247758623759
112.25093225149776,0.40324714145137125,0.18335038156582922,0.2624216699883696,0.25319407354659823
112.20416249793341,0.4075270187997595,0.14137828486219914,0.26284500864396637,0.2533913947343624
112.34230775589486,0.40517266780319616,0.10408533496919631,0.2603498330535045,0.25349318639507185
112.31569476939701,0.40841305190785304,0.09376938251440291,0.2611283392918849,0.2561923124312197
112.89919221484946,0.40334381846988554,0.08580509926678384,0.25764259830428193,0.25398402734974446
112.76254276690018,0.40483567030509954,0.08611194365990323,0.25891248345652296,0.25319191583485184
112.52281972518789,0.40336244006222005,0.09172854302176935,0.2598435164806904,0.25257264479608155
111.98102619938582,0.40151049521524396,0.1131015324745529,0.2634437217556748,0.2525095518061651
112.57254513131389,0.397503095208515,0.16426920307545848,0.2626447299861216,0.2502940669623793
112.4381230394025,0.3998265983705881,0.1600752062005836,0.2637017047297706,0.2519127834750128
112.20736984965379,0.39845888034696886,0.1072319921828295,0.261745704188406,0.2519957313834764
112.3747134793679,0.40130310178520257,0.08227883263150115,0.2624898669210414,0.2527041985304219
113.23284747792259,0.3986845568657125,0.09813960700075733,0.25981508030056016,0.25159559770584333
112.51941929731868,0.40126139048207593,0.10278044397703125,0.261277500705488,0.25279746436623374
112.74730543290666,0.39617594770192416,0.11782143624417897,0.262189118953284,0.25129597990128455
112.20980554560016,0.40016145761814925,0.16234521154681764,0.26639349961497993,0.25419466063085494
112.34440450098124,0.3938660614518824,0.21504084915121316,0.26500526253413587,0.24959152850374164
112.15290150189088,0.39807905913530306,0.22459167607458763,0.26781611665469396,0.25198983210903436
144.92280280985187,1.1536289531053474,0.46407878927615803,0.5333356838066612,0.4603340537795899
122.93542148175058,0.8460667011262712,0.35653161675870065,0.39127280006801896,0.33155547576914907
103.3073777218135,0.6441314863165316,0.2967530299432353,0.3057388005141205,0.256924361827354
98.7953643036228,0.5373002112564749,0.27677041097002064,0.267112006906623,0.22397326791573147
99.7460481679378,0.48446881801664426,0.26660315633479637,0.25002919661618767,0.20677468379456804
103.05512350360597,0.44553037557049896,0.25733003424727363,0.23824431845982905,0.20003650968448614
105.8689806842059,0.4245319449796546,0.2553745209802951,0.23339781561831355,0.1999247940595902
107.71984200461537,0.41880903149850507,0.25681226801400103,0.23444956230002093,0.20151117714850733
109.04380730790766,0.4199785546253177,0.25533262505066434,0.2326452199800911,0.20426727746130058
109.99948557140945,0.41552424505219737,0.2533993163626824,0.228372547306598,0.2055811539352732
110.63035329784988,0.415921456434601,0.25322001037777225,0.22755229158547888,0.20976306898529623
111.46812509359047,0.41506441032494906,0.25171346087694035,0.22395647686319858,0.21108096749636132
111.75191761250531,0.4194585599178578,0.2538558900766531,0.2241482510892324,0.21469271216896493
112.48364381685764,0.41721468029535125,0.253242934029919,0.22202744695955898,0.21452074185290707
112.96060409580845,0.42077702301837794,0.25342399531966125,0.2235699773467675,0.21655433683647485
113.23216927726067,0.42240006044353534,0.25620551205164405,0.22493575909339275,0.2176459559975806
113.58322005927876,0.4233626017376984,0.2525010260886638,0.22425893762710436,0.21710623859446482
113.9495785818855,0.4255971180019268,0.2520367455895986,0.22369980550845875,0.2179816956293145
114.34025861398695,0.42663203534889815,0.2537000767769961,0.22434721750304,0.22113015391008278
114.20547191311954,0.43028675480700873,0.2559704577233537,0.2272166629987368,0.22376879808563713
114.81006246209714,0.4267836427935067,0.2562526492731484,0.22595720361517355,0.2233272833058879
114.58338388519701,0.4307022855665814,0.25713303213626354,0.2235535350294795,0.22167523517473794
115.05108607187444,0.42823078584180474,0.2579110830410463,0.2246409268094137,0.22168385594141912
115.93784770516487,0.42454207276432077,0.257972993763924,0.2232255959061534,0.2219285306390681
116.40877110893442,0.42740628449222196,0.2584850094410264,0.22362129838042058,0.22287155071571602
116.84435526325599,0.42787336142211174,0.2583440511446786,0.22651685296819285,0.22151816751050915
116.97399426640284,0.42915607664722366,0.25646806933263105,0.22721278491287228,0.21957682016514943
117.06352361597374,0.42955972787464514,0.2558011841656999,0.2259528003540603,0.21919604056011904
117.07343819295126,0.4345039275469153,0.2591554632755524,0.2284768835026761,0.22189776300766792
116.86124455909273,0.43050586349192643,0.25757882370404417,0.22718519322103467,0.22099722431260335
116.85140364026317,0.4311466484028785,0.25710444115402886,0.22479802274870192,0.22150397851247466
116.6653110136892,0.43413229451500035,0.2591406929906207,0.22620656073759263,0.22213587344190996
116.69311986829474,0.4326839305706831,0.2577881289454735,0.2252549714096543,0.22286694968769963
116.49635412085038,0.43428625686968897,0.2597430214544087,0.2279275047440244,0.22408263366272435
116.7176711568336,0.4366831823258661,0.2625760333169756,0.2308718057523333,0.2270651248460686
116.2423732883302,0.4384476857511229,0.26362322480077244,0.23267717050045944,0.22764732124843506
116.62195240031821,0.4377701916342259,0.2643303544137974,0.2339047331277966,0.2294739691934482
115.97139746868197,0.44073233437678727,0.26537505543422446,0.23554313775338429,0.23110926793506345
115.91309754480604,0.43935005290640766,0.26614009829544977,0.23641893823044902,0.23191903355201238
115.64374315417832,0.44059733990998395,0.2666915312578137,0.23586357154963125,0.23148315002981892
115.38887935914653,0.4414102050537434,0.2681983483264146,0.2379544928064069,0.23221530226762788
115.20571625990632,0.4414592490264677,0.26961665192771894,0.2395370157520028,0.23297063699019677
114.92963001668619,0.44475130006950464,0.2711161625431983,0.2437832817062532,0.2332785157321718
114.579093411978,0.4404517073350297,0.26835568162814155,0.24272568286608578,0.22883127943172918
114.13147249382952,0.4430196878381084,0.2674810403269129,0.24280818134869286,0.22870716404239427
114.26096667466881,0.441076340283411,0.26705658310145186,0.24238718940376128,0.22886985618141537
113.92228260896071,0.4431536922089622,0.26694062302174504,0.2421045140108412,0.22999826974061177
114.07852304827354,0.4383938086599146,0.2661559606191252,0.24000449346319352,0.22929189124126434
114.19571627926216,0.43946418652288205,0.2630893793290279,0.2355409628686215,0.22880103245376643
114.85965660949384,0.4343037831418412,0.2600513483718043,0.23099268055354677,0.22795263918467806
115.32138632151481,0.4327128937762498,0.25898291425130027,0.22754981946613317,0.22672675045381321
115.66339209509417,0.4332641084312432,0.25967469467242366,0.22898830177886467,0.22798052874816982
115.72555890447606,0.4366700855438128,0.2608464004426647,0.23223675207798328,0.22851875485102738
115.64788973177198,0.43787079713521954,0.26293455728534076,0.2359038006697514,0.22906266350601304
115.43136151260323,0.43939097069676736,0.2631205460379473,0.23665723568844374,0.22904943320711516
115.4247609601094,0.4422236074732948,0.2651710503264699,0.23920398092179843,0.2300119832976351
115.61039916407938,0.44246387813973376,0.26594663342986646,0.24058603480651639,0.23162476322619727
115.40300918805649,0.4432772272074921,0.26650259675933796,0.24121724569081804,0.23056378694673899
115.54957834112928,0.4407285819131745,0.2642593882566284,0.23957435466632643,0.22943113224794923
115.33094962708212,0.44160263537062105,0.2635015352080149,0.23938773321231277,0.22791189186407068
115.5914027516765,0.440426168702392,0.2630566713744524,0.23843782831498425,0.22763589309744095
115.5159172801811,0.44252943234439307,0.26258880223851916,0.23783046906818892,0.22759014660490015
115.68170058032361,0.4422895079774564,0.2640803392612514,0.23805251068307484,0.22905980884189525
115.72407731697324,0.4443083678556508,0.2653287060883894,0.2396638873565703,0.22785778923312322
115.48269939910321,0.44164855126538466,0.2642546750662897,0.23706274539674962,0.22665753735670385
116.00359879301476,0.4433616890569638,0.2625146935970416,0.23389028798713088,0.22481459152599195
116.04248176121953,0.44223864623623427,0.2619180588444653,0.23167453145426187,0.22427363392124566
115.67107447127385,0.44243213187675456,0.26180764805737206,0.23087943571580286,0.2247395294268487
115.37058991973537,0.44162151525821736,0.26270662674133266,0.23205563869542065,0.2259665438911926
115.31189780474226,0.44066849403546554,0.26395871349306355,0.2328081399772501,0.2275509743252198
115.26414347822836,0.4414868367435306,0.26654037778662465,0.23521621425652164,0.22717414121832688
115.10519218542525,0.44242544965312236,0.2662605278865723,0.23658355084201996,0.2279041564243898
115.13469380738998,0.44222197399554414,0.2652838168089808,0.23641890593910347,0.22770437651645875
114.99479409616839,0.4445209050076066,0.26469573894806775,0.23563819949252998,0.22798968041664985
115.32841900712026,0.44448112535964024,0.26605885619805625,0.23638630328103333,0.22841880050107274
115.3540743136933,0.44353450381337983,0.2654026252089824,0.23459652620174473,0.2286238125300741
115.57267952009957,0.4435577295506193,0.26649508989008736,0.2357704791753912,0.2276283858092655
115.494497873702,0.4447665241988605,0.2656105421974805,0.2369132556936157,0.22673578704630487
115.88619325925386,0.4427852933655882,0.26517405271081423,0.236604005474258,0.22706967168675932
115.87137855834268,0.4447606109859595,0.26472151500721985,0.23650400496702245,0.22806218249849394
115.96129082809443,0.44510522085263027,0.26586800466975063,0.23766982094527753,0.22869156773983607
116.01298157468197,0.44575408780171805,0.26566942230166257,0.23602172140527247,0.22915062687107912
115.93956159890858,0.4432405311261381,0.26509068614197456,0.23457571999469284,0.22906995388242998
116.00447166237021,0.44306749724968414,0.26523509788957117,0.2329759108681787,0.22885605268602294
115.85091771975607,0.44279256519327814,0.26589590249658934,0.2343689798968782,0.22841041292780576
115.49101896259347,0.44225429300879987,0.266321157641919,0.23441882301483627,0.22792038699206293
115.24588857321461,0.4442021060583124,0.2671358880345162,0.23471419435726706,0.2269761574940767
115.8916861481901,0.4445275371398703,0.2657340426340509,0.23252940691621501,0.22692150374020595
115.62234124491343,0.44623577079783994,0.26658993716492513,0.23349450101621075,0.22642408444949352
115.5664007840096,0.4463106921326407,0.26767636742605194,0.23499763091360104,0.22713728214035517
115.46991710089732,0.44676018846641113,0.2673348946416729,0.23522727040260655,0.2270497664888162
115.81078445600876,0.4455131154335047,0.2652882795880722,0.23467304814704681,0.22740755077115118
115.65742217648979,0.44413811747334647,0.26511735112806206,0.2340704562079886,0.22589697519150373
115.82815238289531,0.4421919264705777,0.26410573453230335,0.2346463662581049,0.22736407136680706
115.7344164327033,0.4441946251320906,0.26517302600026194,0.2352459590713072,0.22807928263075888
115.61277869756636,0.44240447030667046,0.26496555526898075,0.2361456124793347,0.23035017353604303
115.4832180379005,0.44247419358366924,0.2644605180904337,0.23576266423409414,0.23034817585680906
115.52832137420782,0.4392209811079937,0.26413661741894284,0.235136567959751,0.23047895658128276
115.54010333248266,0.44016697598411475,0.2637325810068046,0.2344293193228181,0.230055482932934
115.83520355803451,0.4364090494957649,0.26229712168247005,0.23407659882177956,0.23088616521371114
116.06651109648068,0.4374493400270548,0.26220082465242006,0.2324733363942727,0.22988919691642262
116.15893984325179,0.438494980321738,0.26313083937670173,0.23259669577939243,0.2290850655891195
116.3666082345072,0.43621006971642967,0.2623435719654862,0.2312673753810165,0.22890703109592578
116.43522259491728,0.43747453745381204,0.26335691529699995,0.23087997225649096,0.22936490592192918
116.49969417205548,0.43567330436559326,0.2632739541126214,0.23117768677181244,0.23004174924648169
116.40342241503018,0.43832574497590476,0.26415154713685907,0.23149517596152455,0.23034444909993426
116.6190921244277,0.4346414457738471,0.2630272615925235,0.23019672159158552,0.22896582076417551
116.41133032084275,0.4362795914307861,0.26403496931495274,0.23138986514385224,0.22923827443731037
116.59031577814596,0.4334492857993083,0.2619854656261403,0.22880660884418585,0.2279004220329353
116.49791197632334,0.43574382335874107,0.2624951307471349,0.22830471923256285,0.22713560388612605
116.69492941234097,0.43348511847649845,0.26196211967717664,0.22792913566116146,0.22762927630750893
116.86507906082731,0.4346060405281132,0.26219745088518526,0.2281299735056922,0.227116530379977
117.07404526648564,0.43755814354671874,0.26341587497267743,0.2300116833960622,0.22806717558278977
117.13347888720752,0.4378233925680894,0.26380576855551735,0.2302365141886223,0.22770592875050158
117.0779887107156,0.4392462546906458,0.26468816158193903,0.2305679748110425,0.22711141048507916
117.60175936563239,0.4371509307408204,0.26373579174303813,0.2290322417805155,0.22682591509049235
117.63867470340314,0.43724910820820717,0.26400291437874157,0.22837133106838903,0.2263456517650681
117.92148459890275,0.4349653820645264,0.26217818872997894,0.2277930560320957,0.22606591011721452
117.4840032777728,0.4373925822259393,0.2628945307651942,0.23079608912901664,0.22626205860629583
117.50138489869381,0.4337591143992054,0.26204135917619936,0.231026528712824,0.22606908454437272
116.73953745091043,0.4366305718363878,0.26469590175213636,0.23316303335383784,0.22601929650906846
116.41593137185188,0.43552148200391055,0.2643471541467978,0.2325791300824907,0.2256261108131631
116.22404710138939,0.4379912914604169,0.2658148737375564,0.23516446681146638,0.2262111434317786
116.27682356640437,0.43529899186314563,0.2644410170877897,0.2325572655795163,0.22455501709295855
116.28267318937107,0.4376613131067364,0.2649973742115355,0.23348361848173083,0.22438199580181975
116.38850979489112,0.4343431675435938,0.26436482766080227,0.2320843218315266,0.22299007411165284
116.07265609051693,0.43819467432682635,0.2673268333640861,0.2355762632422418,0.2243184262327566
116.22285903349923,0.4360968425922477,0.2657267980025625,0.23395316618087222,0.22259214914207387
115.80960888552787,0.4392467003115753,0.2672236143370877,0.23595629198446053,0.2236392946564052
116.37191960903047,0.4339525952197818,0.26408175714357734,0.23140714638008095,0.2221141309935842
115.68205588010778,0.437661743261657,0.26497954259505174,0.23516687475383818,0.22370286522787067
116.35440441498152,0.43121767080282397,0.26229863511308926,0.23104197954351338,0.22206069038709972
115.5257260367024,0.4397087505696346,0.26422319996930327,0.2334500210241518,0.22485357768608374
116.16961686594342,0.4332532989403869,0.26325574535276675,0.23146530603333104,0.2229635708515175
115.55409661867478,0.43953221658763764,0.26399215387339886,0.23329334780321626,0.22573727014094297
116.13877265456075,0.4347688861949301,0.26235123242212766,0.22989323501969677,0.22361797094991478
116.01947656652229,0.4357647367338458,0.2629513013853965,0.23103504577115846,0.22376549286762565
116.188721414619,0.4338153832155835,0.26272395849725644,0.22992029940310932,0.22230057708630913
116.12855268626586,0.43640776030591705,0.26322052401095447,0.23132416553347385,0.22406363211332406
116.40229729645229,0.4326336509317512,0.2617552769658982,0.22886511546966312,0.22250305672588624
116.21676144285362,0.4324930011132437,0.26249747603519397,0.2300753575362735,0.223721838201965
123.61333570350509,0.18761346373871313,0.1720799998969574,0.166511485826834,0.16322518839157182
160.41071911534704,0.02005103081363438,0.13167246897364854,0.12543334407494958,0.11864014668067845
118.56458013422863,0.10724615464869712,0.14334764621305476,0.13085565967333312,0.11714742311345086
114.96140719369704,0.19096377504517875,0.17533265900227968,0.155711635378568,0.1334116433701705
117.35275379806323,0.24355776779778218,0.196432593848597,0.17363916433865673,0.1501883305377843
118.64437219640982,0.2793239347868969,0.1459452624275836,0.18553757545766092,0.16585083711734835
118.65541051373069,0.3046149417931371,0.17063902858220745,0.19435401513388775,0.17506363807459535
119.52123172533575,0.31993637949557535,0.1943611101847254,0.20055063290275124,0.18275584203022996
119.65726556945206,0.33344190341791835,0.18857295171502544,0.20483256019655396,0.18937464858639486
119.5902651457866,0.34166224911133203,0.2044798991356821,0.2051611696152854,0.19395209716696954
119.19726341398275,0.34693836686399615,0.2159011586272942,0.2058820289847866,0.19824563266107534
119.51094672983615,0.35715797025464063,0.22807990679818488,0.2077483396430084,0.20202489784983027
119.85803761373799,0.36093304437367413,0.2372578838307082,0.21027224172570264,0.20462229820541578
120.3498541212411,0.36427897398589687,0.24264765529164067,0.2112498763969383,0.20653436316223606
120.79227302959458,0.36782879068532426,0.24495691885698784,0.21234853789604538,0.20842149696415613
121.30303119831339,0.3682943883838928,0.24661272407500653,0.21213774781145855,0.20971731469975063
121.53321453070242,0.37105353944179076,0.2474709530974365,0.21179201477298631,0.21007232678301055
121.65339267944177,0.3724109814432944,0.25000133900442034,0.21228663342326903,0.21079676288256
121.94885055658048,0.37540623397651957,0.25030754633086544,0.21261654688283788,0.20919225026404978
121.89613702447042,0.38182864758216467,0.25437028035695636,0.21644904984625704,0.21186580646378425
121.46744807113215,0.38450307714309107,0.2555074724987455,0.21593763542530403,0.2141559674315271
121.22536987981783,0.3881265982457519,0.19124058611608766,0.21857060229302785,0.2156942166980734
120.49910282770131,0.39172855892196906,0.08418991728601834,0.21965398756200008,0.2104073980098655
120.07650299483292,0.3946309929383288,0.08971002233817602,0.21553441842072693,0.20765931865555343
120.02240389189073,0.3978041932822978,0.06816141691141632,0.22523304392299684,0.21440486014048618
119.83088521415704,0.3980163692720967,0.15531132806794712,0.2326536130135775,0.21805678375789442
119.38115073907788,0.4022928036490629,0.2252723387882114,0.24413365871648246,0.22958948190922107
119.70530724827621,0.40320731633527024,0.2737977912501751,0.24460552561558632,0.2273211738460441
120.55442956324431,0.4026567197090099,0.12172738886925002,0.23328583006501435,0.22162792119153363
120.1016134463235,0.4026857259187206,0.03762158046659783,0.22741611292243435,0.21995201700316666
119.90683145396989,0.40421999407084785,0.07524173128766103,0.2235281073871507,0.22078066681907307
120.2551411768524,0.40132554697816686,0.12108420834195599,0.22223504526002422,0.21869655347587702
119.83841801333045,0.40372828820093787,0.03171513611600104,0.22827833195506392,0.2203170586938253
119.64412800914198,0.4013418299461213,0.10310468357661104,0.23161827163108364,0.21895502909992645
120.00630155584803,0.40356759687772387,0.04840592051002884,0.22988910466300552,0.22094908859932555
119.94151173302616,0.4065659930941417,0.055402607139276125,0.23083570919474602,0.22306029763540786
119.1883266481663,0.4071945087712591,0.14334076689561145,0.24009703785566958,0.22871333281727557
119.25395986614765,0.4011540410969647,0.04860405598793148,0.22863290100157674,0.2226832082992811
119.03249584514012,0.4020366209805936,0.12348473051290478,0.23259401900666363,0.2231544655615059
119.25128796039452,0.40235691090049525,0.10460251662753312,0.22935222910450395,0.2220561706413383
119.69704205832586,0.40177306925974327,0.06789529830832418,0.22681288207293354,0.21934570468924602
120.00950413592437,0.4012751005730596,0.0763009920422717,0.22116314623896915,0.21721825483826188
120.384683878512,0.39538644264182876,0.12090625248268741,0.2161922615812603,0.215247141505672
119.66293255765912,0.3953999748002043,0.1584094073002391,0.21346321975563087,0.21477134537872733
119.05450806658668,0.3965437378894101,0.06366289677642274,0.21865419058238203,0.21502311258416976
119.0473098678435,0.39780579792043563,0.08650896399990753,0.2182733922098738,0.21286338163227322
119.04999484406021,0.3954487726528126,0.1350653399503947,0.21391098080092114,0.21028186020509135
118.94128175576613,0.3977110881599,0.15475612494082303,0.2146566249533449,0.20976862543614386
117.76536707867514,0.4018931614630046,0.036321969646125864,0.23069448982958607,0.21863758104623765
117.32167007382908,0.402338946952854,0.08119343930261459,0.2279252744456807,0.21299270833433562
117.4942085926912,0.40305812909689975,0.16399604572726884,0.2340265611035792,0.21538397463301773
117.97944499015006,0.40243334565683153,0.22931547933778876,0.240340513443144,0.21737826114787911
118.32720820954889,0.40523740550792964,0.23062710242336984,0.24005174524904832,0.21771397189198505
118.00044038240333,0.40693347207109315,0.26302099122778705,0.24187318061036814,0.2199479409257493
118.81323729566819,0.4051694177083038,0.11646935511735858,0.23061278445512617,0.21613717258928075
118.92689791606203,0.40624828898920934,0.030579087271565757,0.22519095802501193,0.21753917195021427
118.55186334606469,0.40643517996857265,0.11234019194746526,0.2335293283834735,0.22240303202303133
119.14738749829307,0.40440719675333575,0.034028104177237915,0.22978358367089516,0.2203423491257862
118.76240627973637,0.4028519050143598,0.07091832514282113,0.2257504995408795,0.22000024827115525
118.72733531951454,0.40478418288217166,0.03218641710340869,0.22736953989737874,0.22123491584274574
119.07487840017387,0.400433712196469,0.1043769928218692,0.23376181709137847,0.21809574040776725
118.60987802087818,0.4016311646012313,0.17829669715790655,0.23823363046808785,0.21967809112017284
118.48124758272131,0.4018908618442172,0.2391138526849925,0.2440540958314263,0.2201009285192257
118.48901404317354,0.4010667962461516,0.12805957221572603,0.23935424524644888,0.22073361459691923
118.42235504014525,0.4010343381571994,0.204909337539651,0.2528478754639137,0.2264716973485937
118.07121695166413,0.39877301860666736,0.2598611049168817,0.25688578014456875,0.22673681985574048
118.62508845548169,0.3961782695083295,0.2999788443355237,0.2616737597963175,0.22658302005027073
118.82030957957674,0.39565844509163367,0.32994723678275256,0.2697641527625942,0.22902991281092272
119.28840687167184,0.3932327145747411,0.33576911355476846,0.2661181813062915,0.22731072217710122
118.71519347646861,0.3908647795015547,0.3441969414989446,0.26953475995468157,0.22528156991108922
118.92723353094104,0.3921426034584298,0.1785172505921767,0.25065447681494246,0.22027826494807168
117.53243660039611,0.4024519104375037,0.20674146702952248,0.25153731649914135,0.22272956293723617
117.49469070817082,0.39963193248886875,0.2643525570730271,0.26184494695665234,0.2233216528622762
117.31523698414308,0.39895164136138983,0.2923856861936616,0.2562456462701911,0.22028608462111654
117.2247369516524,0.3952730042975107,0.31350229883208347,0.26654457949153826,0.22326950972100543
116.68750302325638,0.3956275409975445,0.33071571240436626,0.26509493871353756,0.2241833463910195
116.86140279963708,0.3975701771696663,0.3469408519583567,0.2700572588623069,0.22790076664830275
116.90105481546453,0.39983919554541225,0.3561089501846472,0.26796387490707974,0.2284960556891981
115.74455545470869,0.39957675258700964,0.37031071445306135,0.26992712885264286,0.2256587655578348
115.68464867006001,0.398131768511294,0.372120126679794,0.26274178611256666,0.2221968895440206
115.6945671413927,0.4009871763164426,0.33927286945283375,0.2542128776251135,0.22034359693120614
115.56253106248634,0.4032233632703043,0.16366939807823444,0.23810401466025133,0.21834148258732122
115.45092908083097,0.406837356760074,0.22911519161146232,0.24685919196508166,0.2270853200438107
116.02588032953878,0.4076634496909111,0.09762404353530091,0.2330293072950269,0.2253934208861787
115.64983401494635,0.4118478015311597,0.059104155622416846,0.2298553018973704,0.22779986605475597
115.6192388427818,0.41155906593394576,0.1148730849733048,0.2324258787978127,0.22534843545515612
116.04674743702427,0.4120987508225318,0.1874847159618102,0.23533477661375624,0.2260073149616441
116.4936633694817,0.41275368996079054,0.14108651719515122,0.2332093537419629,0.2274436369540922
116.59381431680652,0.4056740913530626,0.21058244974449533,0.24394931122233524,0.2322460175000453
116.98606028260139,0.40432592865842226,0.11480886532099037,0.2342702932409697,0.23081295771526256
116.75370604491953,0.40094162401227373,0.19204787369799955,0.2406219542462648,0.23118108022874775
117.01691104152223,0.40280644369229124,0.07708220982828516,0.23170857898417824,0.22954572148421923
116.09894940082222,0.4021035865924317,0.17061827948740316,0.2421212301606022,0.23859237316589332
116.56818290329026,0.40279894690487716,0.06373149063778497,0.2344479227380208,0.2356088321227331
115.06827487075795,0.4050117109291031,0.15556384353325295,0.24871973373981562,0.2410579550115752
115.66663285512787,0.4045446013877264,0.16510244437692098,0.24254870519289223,0.2376649477825584
116.04134987174544,0.4052380303248296,0.23607618283387843,0.25425463052865005,0.2413550604881606
116.44233678809039,0.40208418318865935,0.27996435314385804,0.2575240910301996,0.2393236168959931
117.16538976728879,0.39779073939276294,0.2962984231141783,0.25477534558014486,0.23637890950743765
116.61615036774252,0.39631618280515346,0.32835969598688064,0.26279301800066257,0.2383564834959189
115.94524614687546,0.3971691293266983,0.3454081648650294,0.26643407178624506,0.23542671652849267
115.79758361542075,0.3959012527286935,0.3627456599767843,0.26845611655211044,0.23490853052681168
116.00004402110896,0.39719814470015946,0.37317349976774483,0.27304513963067717,0.23662787364158805
115.00027862262374,0.3964857265663702,0.3809825901260159,0.2813784996583371,0.2378634265095687
114.3376790609021,0.4013950685979197,0.38620017805984236,0.28737404908138225,0.23854070685768064
113.70764862277164,0.4008514933015178,0.38640012044648525,0.2890532546779649,0.23727103891226423
112.91115315638392,0.403803579882847,0.39005189344909447,0.29333124188313364,0.23829140660852946
113.41811989493357,0.4063867424824771,0.3952901178310506,0.2948294573129624,0.24186204273506073
113.0546696925236,0.40636911324957914,0.39881643700508673,0.2959042252341707,0.24093601895416525
112.97339172891338,0.40855628699726204,0.40359970541273515,0.2947702262579568,0.2432879291331849
113.39804945721951,0.4070316845729406,0.40060238740533943,0.2891474816775926,0.24049722206285354
113.53669248170965,0.4050444446467165,0.3954289310043777,0.2820942928460921,0.2377152056379526
113.9001500148479,0.4047188727446108,0.397985164975255,0.2810175954294014,0.23850212864348663
114.93250254997177,0.405534043380594,0.37546330201435113,0.2724124317685411,0.23666056479779107
115.5735229191903,0.41008201519062926,0.3505877387288387,0.259200290670635,0.2331318798576208
115.26962994708485,0.41087036606354094,0.35847450274585957,0.2532958345042536,0.23151714620821973
115.29118710132977,0.4086437033759406,0.3622642748542404,0.25085754583185843,0.22889974260834228
115.95331165876406,0.4058631867737129,0.19397048508864637,0.2386812029405335,0.22450591676190085
115.66786107936437,0.41000728652969515,0.21233228944251417,0.23962694120484215,0.22560089873707054
116.3111967130301,0.4072684894434164,0.224763142947814,0.2302180419553715,0.22080103702649284
116.88238545233276,0.40234783900931,0.24449026490064613,0.2292245804014949,0.22238751040814206
116.78126092805749,0.3994360194154046,0.10491159618363705,0.22094976127213092,0.21992110727012681
116.64405265766025,0.39947142706246447,0.17932111398810965,0.2262993291941512,0.2221576655163449
117.11570063497344,0.39860822579995453,0.06409483227334996,0.21929159750074964,0.21759643750437932
116.90185104905822,0.4014283781001584,0.12155997068547778,0.22360592158791107,0.22023066178589348
117.01554541266826,0.3995117404659293,0.046760725433769995,0.2192887823041615,0.22110372653736615
116.69670533495301,0.4023504785751521,0.061663007048023445,0.2195510771065354,0.22145142843453008
116.24879460958724,0.40555200869776065,0.07062344430497065,0.21923092455242532,0.22144997991475202
115.50952192440036,0.4025205098207178,0.14370428845815444,0.22340612799857487,0.22204268425545215
114.84729465549918,0.39710046467797316,0.20391839952430504,0.2260560404328296,0.22205076716295308
114.2361926227768,0.39497078373519706,0.24821246155473659,0.2297488406633715,0.22246942863283004
114.83985137124867,0.3969540672552504,0.1181857482008004,0.22464296580181403,0.2199306363689904
114.95021387158587,0.3984611776477776,0.1914287723970115,0.23549128756866036,0.2238783806249859
115.17344521101586,0.3998270636249607,0.1019274801021997,0.22793345766096743,0.2207815745282892
115.06091611993544,0.4026020384363402,0.06588644239416509,0.22689918043950746,0.22425502815810777
114.82116953005463,0.40135642175706376,0.11458533372670837,0.23543494901040513,0.22780874051208586
114.03834639893681,0.40050443574099615,0.18089199228587025,0.23679229494009887,0.22636021663539774
113.63850512331032,0.4055053529056791,0.21399803519442992,0.2365255929378845,0.22626715440913356
130.98812524029987,0.1367586702636914,0.1896129732949678,0.1439170283938117,0.15283685971923125
161.50422750927484,0.03452699642309764,0.19136739068945444,0.1332769398170912,0.13232566001151358
117.34975218777342,0.12776584429933455,0.2032538909732241,0.154290575495685,0.14200193368752256
111.75216754570319,0.1927322171704883,0.23241027254994262,0.1784737029063689,0.15355300417678433
112.17131192271457,0.23533209724656057,0.2504258088647968,0.19288943252151605,0.16742232283037978
112.60761440298795,0.26422326944057895,0.25839430623723036,0.20339662454821109,0.17680234109665818
113.29572175941654,0.2855644117802836,0.2689837603885752,0.21096892514908622,0.18413596972719914
113.63030696783215,0.3019616929373876,0.2784984396715729,0.2176518327714806,0.1924877425115606
113.87345598179513,0.31010415127955554,0.28539730829052523,0.22161394129518497,0.19791643126789643
115.22219345428661,0.316327101326709,0.28966866132020924,0.22484479501381885,0.20399901396875803
116.15195890312901,0.3214730510807819,0.2916395016218228,0.22706206974737145,0.2093333859358117
116.74522252998244,0.32813438517503585,0.29187077191067085,0.22876971139105046,0.21376045273083116
117.1114424126479,0.33153828625132586,0.28898823430942816,0.22712637287540893,0.21495667800005355
117.65871779065034,0.3365354956125178,0.2882354231662885,0.22926874130748953,0.22014669946372928
117.58090375767583,0.3406029281851324,0.2903130478776082,0.2311834997038956,0.2228351494017694
117.72280658276722,0.34242113412524056,0.2915302784077353,0.23155008923942616,0.22316818463106114
117.27553929154425,0.3430847552397119,0.29282797248141446,0.23263237279324125,0.2236811411574499
117.01044528816317,0.34668481368814125,0.2936070008957252,0.23551155567052337,0.22734182888519577
116.20752016552032,0.35135260944798613,0.2932144389140501,0.23747065623987654,0.22920765102925972
116.12753941094158,0.35648878437558856,0.2940469870610077,0.23732007775084205,0.230375649928497
116.39958504396277,0.3608288326159875,0.2982473952338065,0.23919120591024368,0.2343217445298746
116.29045038307979,0.36194618972175613,0.2983298567112576,0.2375449284945372,0.23764889232557654
116.6450447920955,0.3617863678592118,0.30089301081309344,0.23751990453826455,0.23861712790159378
117.1585615878222,0.36158941325409744,0.30274642004449503,0.23740335711998706,0.23769815503184025
117.77704942598724,0.36058571502869835,0.3052333419785447,0.23622346536583722,0.2359285376129003
117.5682132390155,0.35940587068914476,0.3037704103766855,0.23469660182260715,0.2326090155851196
117.7332748491343,0.358374471550148,0.3054298449115236,0.2337239043280303,0.2304813899518216
117.18331606517542,0.3556868592967933,0.30271240560527274,0.2324609040454569,0.22921450735486754
117.14638327433043,0.35464761485111,0.3025283439072368,0.23178505508816777,0.23044156660165374
117.65728168093462,0.3552187611516422,0.2981667668621689,0.23089791860511139,0.22946308164116308
118.026502154765,0.35592530092611574,0.2972265807294643,0.23072297096154318,0.22903779620994694
117.94384706746838,0.3549188506185735,0.2970706724870056,0.23133975196549203,0.22819962625790977
117.24988033318111,0.3556712971451583,0.29648026665430055,0.23205130988235437,0.22796223655639883
116.87211494018389,0.3566740818899264,0.29689465336464654,0.2336166583176747,0.22839429184963173
116.71469377641958,0.3593087211908441,0.2989307705069839,0.23593179174816942,0.22860232904431482
115.87661341614015,0.35853208945597353,0.2981258343609408,0.23666262022137613,0.22785231493916638
114.7848812494609,0.36116596481613955,0.29797195482801564,0.2373816247275103,0.22855774359604247
114.35766684453253,0.36572125661638594,0.2996918722100017,0.2388886429167454,0.23164391476279572
113.91197586369222,0.3675786838136468,0.29836890888305967,0.2374957273413428,0.2330449972789185
113.58575804405491,0.3687071490401169,0.29872024578559786,0.23598102420029615,0.2344817518049964
113.74614419534873,0.3667278739307715,0.2985262690494038,0.2346435971393231,0.2330892672000186
114.47402319657107,0.36642357683844,0.3011190262836047,0.23623829277063893,0.232459892423504
115.16567065606715,0.3662384931773175,0.30224723345639776,0.23698115870663852,0.23092736367049868
115.53076493059746,0.36637537009753335,0.30497784867431116,0.23886084149267117,0.2336097693470398
115.15419351205121,0.36361784142028286,0.3033008001758257,0.2370090925583879,0.2326411326596388
115.32893384268402,0.36292941414391433,0.30613103982762024,0.2374510278313409,0.23474040519701686
115.26137723525696,0.3617895455060719,0.30564268920474896,0.23647546310952952,0.23437854773593753
115.00947599178116,0.36124897274011447,0.3030816470775255,0.23542139444964752,0.237334790729804
115.31999182549019,0.36001030904224646,0.30511500669895164,0.23668381564515573,0.2381085931153871
115.59434846133996,0.36028936794657174,0.30887037953003044,0.23972713218471162,0.24051956675221284
115.54575063123777,0.35916186376997805,0.3082062208891484,0.23992226797459223,0.2399888584514051
115.78271479073871,0.36255828729575773,0.30750358914872855,0.241065567552543,0.24185249363737285
116.25475416404163,0.36368043641163106,0.31830659160294256,0.24707588854341744,0.24460128831440767
116.7162119384581,0.3638836346263306,0.3276379011391312,0.25126202784572677,0.24684658427839537
117.16072725895805,0.36574830153797716,0.3314561040716869,0.2534075422493367,0.24874238755888464
117.43398894967291,0.3675929212030172,0.33782775783189956,0.25667748726604306,0.24969521959505606
117.72167941769723,0.3714619549678505,0.3420447651394258,0.26163478461106265,0.2530971099731147
117.93422579733956,0.3713450133406344,0.34602772654638697,0.2626516588991638,0.2530109959764149
117.81140089313972,0.37059166077522365,0.34646118249762053,0.2628025600911541,0.25309361486786264
117.81992192802906,0.3712308779373062,0.3460734549988695,0.26296904511430014,0.2547731402374536
117.80594456320001,0.37171101267737156,0.34720534462885655,0.264295548145281,0.25612747908512296
117.94186685286692,0.3699333103584977,0.3459083040112571,0.26294487949320033,0.25548346040157754
117.94073796119503,0.368914111255704,0.3414365934686962,0.2614793608823693,0.2557745551079643
117.8679487237963,0.37053052062889885,0.3454687995090266,0.26129208558265976,0.25512197974044226
118.50589228987239,0.37150322119681756,0.34848058289188116,0.261449080194625,0.25614422013528115
118.39489798218163,0.3714897775173165,0.347413261228587,0.25949636313130103,0.25411642400515755
118.02831199905154,0.3701544558742919,0.3463021124325648,0.25904630085967534,0.2521749254444647
118.1966981589661,0.37007148516587113,0.35149054153638143,0.25900472590344087,0.25085639770956003
117.85885399341431,0.36635232871107315,0.3475736771332286,0.2583850760778698,0.247470703548112
117.86510208147807,0.3649394384030485,0.34309514113813894,0.255648441022616,0.24543248889456884
117.70580473841959,0.3636469200789111,0.3433516125783631,0.2568654698999505,0.244875794952788
117.43113472013351,0.3637262471684677,0.3404294310925393,0.25594573556055,0.24487184986541355
118.00502482119653,0.36667684306583137,0.3373755998962337,0.2564843300388869,0.24667288138109725
118.23350648702645,0.36692701872091593,0.33639748560156224,0.2565631724835858,0.24715853223179657
118.5548526827022,0.36645557102489934,0.33567552592637495,0.2561535292240421,0.24608970387894932
119.16177886862954,0.36769039393923275,0.3363711628776467,0.25809081430013747,0.2476142026309201
119.09846356846867,0.36855156756570867,0.3433529168005605,0.25997126686186894,0.24812253388454916
118.91398606831011,0.3704051591018483,0.3456009552536012,0.2630989955495357,0.25129357398010493
118.69536478451609,0.3715375981768633,0.3504692216345708,0.26512094450583173,0.2540063016395114
118.34322299239078,0.3695729035721781,0.34496320657443513,0.2622595216139044,0.2523400192130936
118.09741625251206,0.3699994086896568,0.34862069955694647,0.26297796724688705,0.25335886505154903
117.76999112264842,0.3690569716499374,0.3457750459467328,0.2616224744914113,0.25190141486699336
117.72511967616843,0.36951194241523994,0.34861892733290034,0.262465174724566,0.2528106853763382
117.7422002282793,0.3719189568765045,0.3505856446064256,0.2632266483281621,0.2553260169215738
117.69366293203242,0.3718880304796829,0.3502683004238753,0.261943856794056,0.25568106796609696
117.51023572723236,0.37031390312245765,0.34209981812248674,0.25889181366238523,0.2548172595433821
117.39147362033724,0.36730972379237475,0.3338650817902834,0.2541669181322334,0.2518596454088993
117.36821782642924,0.3651653908566704,0.3264797984967947,0.25207343821856226,0.2493612848307829
117.70104500564489,0.3641419790136013,0.3336572807944127,0.2547582003939424,0.24953713583639198
117.60626727135211,0.36308110354725626,0.3266579105565724,0.2525982179814128,0.24983295686687576
117.64137046202114,0.3639298333446633,0.33307592785732176,0.25500983265548427,0.25158454518670237
117.42572381382105,0.3634091762388971,0.3300645796950155,0.25413732048284376,0.25120227622845354
117.67213817608035,0.36474585094278195,0.3309380877935931,0.25590081328748576,0.25173888250376086
117.92846751737024,0.3659734278043014,0.33660795486316814,0.2582471582388365,0.2519823660351484
118.08572862717483,0.36613128973056697,0.337772978980723,0.2570904553332975,0.25076332921822914
118.25576600353588,0.36894452733962074,0.34251278048107336,0.25881119299721933,0.2534966161851084
118.39495906214589,0.37107616332154697,0.34602217990816847,0.25948030517131143,0.253936893027485
118.61959224350687,0.3711205596286864,0.3475154777486934,0.25790193022285507,0.25284540107996945
118.27384154400477,0.36932586830204395,0.34255221642501343,0.2587055981332511,0.2529958437396968
118.66713302637515,0.37118216301540746,0.3429541639338261,0.25903735782551324,0.25267176352951987
118.75361377180475,0.3699037401587063,0.3396596345416069,0.25720855260819386,0.2509750188565278
118.79528866389843,0.37049615300507166,0.33941212710630725,0.25739294637635773,0.2520918561196367
118.50164181304851,0.36960871245630605,0.3345736263769166,0.25688718940217575,0.25240786925649233
118.06758785404355,0.3703419020782382,0.3334413248977598,0.25715670993228823,0.2522431913770467
117.91411115966524,0.36999947211127476,0.32871168837409265,0.2537680773010281,0.25048162158770026
118.12956543271729,0.36949133911590015,0.3284365810649891,0.25338904636966375,0.2500214140225149
118.04919050085071,0.36818543716089147,0.3241324060702121,0.25115241075046085,0.24933321007520995
118.20860723178838,0.36949858493101573,0.3315876172223178,0.25367052795988326,0.24916135031746542
118.36596136892966,0.37018413101540876,0.3304328102629702,0.25322058107010853,0.24995791102813086
118.68774579394918,0.370982387849686,0.33733651493053285,0.25745046080633166,0.2506963037270488
118.94618230735844,0.37058856607319995,0.339454953244085,0.2578426621162837,0.2518944952547586
119.73467942101031,0.3727818338574353,0.34819542183855484,0.26410381421403695,0.25769612905547334
120.19567380361563,0.37600472509587296,0.3457668206589693,0.26222840933765895,0.25833979119762673
120.08681465215341,0.3773226220702855,0.3479312338239688,0.2620715065517611,0.2577913002756576
119.66117375299359,0.37698449682741375,0.3401862273742824,0.2592627096367305,0.25765012896638273
119.48389146454471,0.37633512745218595,0.3396773025387573,0.2601957364877768,0.25801478434070196
119.29152413779578,0.37519074475417724,0.33671981146577723,0.25803167648512915,0.2569098152621509
118.60131116557507,0.37469429483012723,0.33049092801546254,0.2551421803950622,0.2548371471617137
118.22572642994633,0.3758452456617257,0.3320919686566881,0.25484346051085577,0.2556304354438863
117.81968471408136,0.37551788896984345,0.3290301156203482,0.25136865326036684,0.2538328805509115
118.02839357415851,0.377481213735195,0.33114907391431236,0.253542624751913,0.25588973154623024
117.94521095045188,0.3766332933359788,0.33319623913575463,0.2539682302828689,0.25671225917283175
118.0100255856029,0.3740217493242352,0.336779848105946,0.25520142548610386,0.25660440556617053
117.90636087988666,0.37074271159251576,0.33727105266117086,0.25528910437540187,0.25419977809391325
118.01182371856228,0.3713865700277958,0.3407750576152655,0.256797613622573,0.25399861088077996
118.25727774627629,0.37267731415780936,0.3435910300701391,0.2577838518209775,0.25411334190970336
118.12209899723328,0.37430660901275287,0.3460342889220481,0.26054126197204297,0.2568012001616256
118.14998969014333,0.37478648685556887,0.3460679426094771,0.2595202052787782,0.25629772588537464
117.83613799892525,0.37336922650714055,0.3410588587465315,0.2566556335737273,0.2547958772403838
117.66142284795023,0.37222847823463034,0.3369527732935831,0.25306661677425984,0.25236529726569834
117.48307317242663,0.37110011589181174,0.3372328684783157,0.2529678571702711,0.25211580132883066
117.24876694368392,0.36869221049400963,0.33491059906750614,0.251770034692422,0.25092043799682523
117.24088688118486,0.3676847434830677,0.33355431949933056,0.2528956421145464,0.25126713829236824
126.80265842433597,0.18174242549852998,0.23073470813815708,0.14788991461345782,0.17263483653477082
133.64463244005694,0.06297101080774772,0.23449137116785992,0.1354490414163257,0.15639782172780953
115.41810516818686,0.13934343437748248,0.2777727548028613,0.1728941228779828,0.17725768645008494
111.01214700402419,0.210690284332934,0.278337528164735,0.2005400127160095,0.20000556432386934
111.82307032645014,0.26530799285060824,0.294705209141963,0.22686536217921968,0.20834382956731062
112.37867290995358,0.3003715180254285,0.30828753697154365,0.2427502389054047,0.18963065997574943
113.05071429650013,0.3259321705764115,0.3200409967395895,0.25576765397554324,0.1750411192286031
113.6526312356121,0.3408517683423895,0.3183101026705172,0.259403219516764,0.16555323117413892
113.98699882019541,0.3518090098020227,0.32009492673673867,0.26420335978254095,0.15323048885902693
114.39437541385252,0.36323063123979343,0.3270039160008855,0.2696349422308284,0.16819292466338126
113.89327215450757,0.3681849498724993,0.3281797868618017,0.27288153653997604,0.1590003096102198
114.17295509762776,0.37346738752718656,0.327249483272718,0.27568064008161275,0.17359760359982504
113.85360104099773,0.37397719129877716,0.33536799912486676,0.2790703114766256,0.15155481442625898
113.82337041292517,0.3793120812696208,0.3269479046242182,0.2776453934043656,0.17052134009880707
113.66589307353003,0.3815706477092892,0.33395244113337846,0.27934347790518177,0.17694894392631713
113.53143805706056,0.3824367739053878,0.3336130486974103,0.2803193114090373,0.17517767659843148
113.49368612513273,0.3832805335341005,0.3332805989038881,0.28035161770518996,0.17478002701502893
113.70233313843143,0.3833475496852015,0.33257575173277254,0.2803039473912206,0.17012552503457315
113.61998474124867,0.3805528542904013,0.33098205550904464,0.2799680722226647,0.13788727138294332
113.68015591238851,0.3821027711855244,0.34675212690801466,0.28671177952084087,0.15291783456264543
113.58003373449893,0.3802994140798948,0.3513603129010548,0.2896275212447909,0.12351119054994053
113.2765285451188,0.380341973282398,0.3521286233114997,0.29176128535272466,0.1171571907690013
112.90778796498174,0.3799990344615428,0.35790035952579713,0.2936150845538141,0.11028730259693775
112.81285908572352,0.38212051360159743,0.3596306571093174,0.2962156006665967,0.10746038645137437
113.01572908764327,0.38341543020537533,0.3650918884076994,0.2965470545551203,0.10689100575483391
113.40442576878775,0.38522277432068247,0.3632439383812368,0.2938974171098875,0.1113832075363011
113.64230803473497,0.3872252180679813,0.36812373126202763,0.2942503809081965,0.14081410011908174
113.46470472202185,0.3872843086801751,0.3673227699554185,0.294383549262977,0.14019455520566249
113.96915256323851,0.38937118020194694,0.36499806298104326,0.29332500609320056,0.16878308751309123
113.22783491432926,0.38811350740944256,0.3750422431486074,0.2937844596207962,0.17565809620365677
113.14002719432933,0.39212807765266966,0.3764716069374099,0.29675420477378406,0.20636599924271923
113.18888033838972,0.3897601700368786,0.36698484930337033,0.29316441668413507,0.21472406881615874
113.37836911753988,0.3925488703320943,0.3548041483743457,0.29124822502123676,0.2352930809234201
113.4586146719306,0.3896771073709007,0.35075880332191817,0.28763185464303065,0.22628003449030215
113.36624411794706,0.39094420015113607,0.34309986934561815,0.2866226995307674,0.23913009320778833
113.7200734498984,0.38685490104654,0.3384661470443241,0.28178440538611693,0.21002913498520343
113.75716902286075,0.3847837230257928,0.32394060470493286,0.2753441601128518,0.22077877429873646
114.07800763423533,0.3824509402478333,0.3215794591691311,0.2716958715345249,0.1956900610715045
114.22930337840162,0.38043613875587795,0.3108602766447955,0.265016692907697,0.19963388050228936
114.25722010376803,0.38078572799893895,0.3047212320060555,0.2616408096656153,0.20286834692971825
114.48064286216245,0.38342568205914357,0.3024999482216586,0.26191838642622883,0.21105905941632128
114.56633280692024,0.3849030048946182,0.30340253208991963,0.263202622343422,0.2200786199596381
114.77612947582865,0.3870787559948529,0.30941262006809683,0.26880247971212506,0.2285223476390281
114.95975898230606,0.3881490040630715,0.31088947321852034,0.27102298802319424,0.23790271793511125
114.45142990058719,0.3879768438787164,0.31140847092843604,0.2725583549836939,0.24552560454923464
114.15205712199271,0.3887691218174022,0.3120689937388249,0.2727867967966508,0.24620211453781582
113.93078276494661,0.3900910045770079,0.31215754988937566,0.27365957515938755,0.24904374802954843
114.1624695744659,0.39446536537390264,0.318025557395136,0.27762157301571966,0.25616474381632753
114.10178536487366,0.3973359985560278,0.3231063208416789,0.280815471939237,0.2637465257939077
113.78519031206005,0.39850732494653435,0.32294760142926227,0.2809188628356742,0.26758802761767997
113.7910659921926,0.4006882356623565,0.32113502131756577,0.27846763530056007,0.2686739864149712
113.3397368490988,0.4013366228226044,0.3172328327752422,0.2752140672073853,0.2662207495921394
113.00491648019046,0.39979752199882673,0.32353048148583724,0.27689278702865233,0.2558881376687979
112.92896326998617,0.3995233676140306,0.3245934881841674,0.2772362477566169,0.26055058962668504
112.42498219642836,0.39832018956867493,0.32605705939751434,0.27579392378616346,0.26240706665414165
112.48307737598597,0.39954792896958474,0.32295342936325766,0.27358048923931316,0.2554361007901391
112.27811514616003,0.39632448949788307,0.31992242016685657,0.26832430695442255,0.23496337072086332
112.04071744314372,0.39234017248253533,0.32431616419487025,0.27140802241433454,0.1729326190919234
111.70005135442584,0.3898296970605824,0.3277930880413732,0.27117822057766006,0.15388012395786613
111.40031568153864,0.38676359548628864,0.3250289463105162,0.2675692043891168,0.14137613494036272
111.33021305878027,0.3879570840369408,0.31801584423918233,0.2632961072496721,0.15228486539323624
111.81301389392193,0.38898697622320283,0.32281710088943055,0.2633152682079964,0.1485585867541768
112.0842410448833,0.39068985263798356,0.3190015052992178,0.2630448649302954,0.15488901245676512
112.43397210914488,0.3878936123992761,0.3228225997208993,0.2650660516773845,0.1403974075354584
112.003030756042,0.3856309222006402,0.31759510628446636,0.2626966637966149,0.14732020125263412
112.35209810588435,0.38680554378518023,0.31193239523709854,0.2582402014874728,0.13412658709292433
112.57733374629487,0.39100313291236716,0.3007237450370335,0.2535046362858653,0.14009956943712254
112.38235426601665,0.3925599019174182,0.3024288344951614,0.25715180043199576,0.15640582140013215
112.19840677225726,0.3941735582529074,0.302347528305794,0.2610742091099285,0.18173275691804439
112.3303593413008,0.3968402436738395,0.3031908005250705,0.26342868049003737,0.20343420297090165
112.34323809613775,0.3976085632105861,0.3141233911424802,0.2708547535114934,0.22440733387509976
112.09817314126609,0.39820155910451477,0.3289256589930761,0.28182561831572567,0.24172786235789598
111.5712308419205,0.39785070734468336,0.3444026155152669,0.2903408830143931,0.2532963120094157
110.91616059756569,0.3961367911364002,0.3628836026285562,0.3003793744475347,0.26373816934395045
110.710368626702,0.3968557356462763,0.3652879832315391,0.3018721998394525,0.2724741997872761
111.17366162844776,0.40145572225405385,0.3613721265556319,0.3020656741597383,0.27779777346896467
110.9088389004552,0.3988262268221448,0.35342401460567996,0.29663751157003865,0.2751189514592062
111.40287312092669,0.39639762912349413,0.3499247862164112,0.29256614573708706,0.2768681438977066
111.91170046149274,0.39752715929431215,0.34551019629732627,0.28957047152497806,0.27566839266586135
112.38607821047822,0.39978134665238263,0.3416476397625934,0.28743593626516506,0.27775376505335436
112.85817380459802,0.40177538933293594,0.3393227611781715,0.2867393244529041,0.2790886345536581
113.01607456343578,0.4032029154506447,0.3370574264671373,0.28613054525889164,0.2765997922156925
113.52195930146335,0.40464333566022676,0.33477727227240234,0.28307553227509435,0.2775068814868663
113.31933755040704,0.4052715467206174,0.33519909118191926,0.2833197986960748,0.27559246303702867
113.56567947019725,0.4042936116284902,0.3348969268231177,0.28238935465438625,0.27184807545363404
113.86028924697963,0.40544907826076165,0.33065712472415437,0.2782018190297114,0.27001787128691446
114.17739727825865,0.4048091244415469,0.3327216428003889,0.27983116513197565,0.2704239132462697
113.96068583457655,0.4015945707244045,0.33271562142365246,0.27761339525089945,0.2596328769814306
114.19899977284267,0.4000768693371834,0.32731926431318326,0.27395424700832416,0.2552082882478181
114.15415421946963,0.39844173830003543,0.3248512896325051,0.27191444602370746,0.24537649066382786
114.16988382433075,0.3952723488156205,0.32007808173400193,0.26584651909825296,0.21004928881717105
114.04670452115856,0.393084213919059,0.3175045836108698,0.2659841842966746,0.22233759807000272
114.07178854030153,0.3926478888810758,0.3206782483662381,0.2664848289631129,0.20692812334032862
114.0225426945617,0.39388624388694904,0.32108918866852265,0.2675946689628595,0.22055970254323135
114.188371104245,0.3923938208235172,0.3258045261264651,0.2694520054840415,0.22847741256455764
114.07660204950085,0.39390785756782437,0.32336982365497347,0.2705815016215006,0.23441494209144245
114.09019872363011,0.3943507038205747,0.32467674214228937,0.27201647948422464,0.23773024773700208
113.87326299446887,0.39541306579420854,0.3256893235151785,0.27502731812351155,0.24693695886839567
113.88082636115965,0.3939764264751854,0.3254580771952537,0.27467483813824917,0.24727834238601498
113.98613675096965,0.39141360801026104,0.32210234723603876,0.2699791306376656,0.2129779843336895
114.05227121416124,0.39115580742213707,0.31958591859425955,0.269297854807486,0.22515883979687976
113.78287051465105,0.388960379417318,0.3183848117966732,0.2685620860129103,0.23175092056400373
113.96061853396716,0.38672304941677876,0.3190658345510094,0.2653171899414439,0.223240717208945
113.82727883873508,0.38496960439568895,0.31770050516589926,0.2633625799864395,0.2133574704309826
114.0472755990856,0.3843626442438311,0.3193157534041184,0.263009687825274,0.17922715745103437
114.62663167090562,0.38532010188780563,0.3215771674025515,0.2618419772207974,0.17000759448454406
114.30365861877928,0.3889942191679134,0.3226945268311389,0.2641557473393323,0.19011697831374663
114.31277999071574,0.39016854201971296,0.3254709845190043,0.2644906127267787,0.208888252353565
114.4918690525197,0.39186314461298793,0.33319578236933595,0.2681246859872574,0.19930520138528082
114.64822204865958,0.3955096716575209,0.3292180193101491,0.2674256112278588,0.21713852647319018
113.45206685412185,0.39569989964333163,0.32186145232671065,0.2660310986770055,0.22950222153156902
113.28833992407209,0.3967583977284697,0.32290860190350695,0.26536264621769723,0.22652894389724457
113.60029982153233,0.3986550972931555,0.3188950935014273,0.26324302960222334,0.23346739074327993
112.87957138720833,0.396913673610036,0.32351008767727085,0.2650835017549582,0.24137916975606227
113.60416248127902,0.39755859388541287,0.322680092138632,0.2649542516701094,0.2481496150899758
113.67984862214293,0.3997373079363419,0.32486535852318255,0.2681145394588659,0.2551834310547725
113.66673759980357,0.4004700349484194,0.32123084894526616,0.2674702042090811,0.2604018122478882
113.93374380094559,0.4028183542011133,0.32506622772991045,0.27015460205227276,0.26688725497261995
113.73908282085698,0.4014978779208622,0.325985655550778,0.2713993229500678,0.2698992807053288
114.16512507794523,0.40112340139291186,0.3325689076625868,0.27443250265646046,0.27379595044137583
114.14533470554926,0.4013596486362342,0.3321270776914101,0.2752981842165708,0.27660410478348185
114.14232549719084,0.40360744765608325,0.33208809074244516,0.27596583453659806,0.27914282824073544
113.76685284982774,0.40788808475897387,0.32803037217673275,0.273044704866875,0.27875164779078915
113.82467552394347,0.4087657391168046,0.3322444310798159,0.276434510474673,0.2828622972648589
113.93478672571905,0.4094512363064502,0.3361716201325944,0.27794352717939913,0.2843956993606854
114.5174400474067,0.40971714950951504,0.34858599303283627,0.28570244923769483,0.2886004777619123
114.84604476212142,0.40981922102631074,0.3557525943453768,0.29056032223800327,0.2916698084274337
114.99846945013016,0.40909397862739755,0.3658139814964276,0.29754947587034036,0.29688910779990024
114.96971995111768,0.41164079139376264,0.3656093263635171,0.29987188899296047,0.29908933515757463
114.94185006249924,0.4097630414747011,0.36985102521785496,0.300952284694091,0.30048172923401084
115.02266624859084,0.40845450920817133,0.3606788047183795,0.2966831084728189,0.29726810110837537
115.04017453839661,0.4103246248013106,0.35985929728626526,0.2951674174257327,0.29866971383119206
114.85317074067635,0.4105767468092589,0.3554721311451951,0.29159001042121385,0.2953474337539285
114.44211200145509,0.407476247045061,0.3529754655938151,0.290343194646038,0.2926741400227037
114.48543066780074,0.4056640177473659,0.3520782501898696,0.2888000893405202,0.29124714605594254
114.02467180166111,0.4019466414941807,0.3460079674812517,0.28392942448592157,0.2825333054579703
123.34849467250584,0.1887832723771776,0.16790380527934998,0.16555470684904922,0.1608996600562502
145.4238248202136,0.06810719778414284,0.13854182754396815,0.13438128456484946,0.1195714040570891
130.72032773416274,0.11003115834053878,0.15564224331430637,0.14243044949672815,0.11119370468307962
123.01531733541614,0.1833647358758322,0.18591511103736072,0.16610843803027278,0.12818003214465704
121.08647922461184,0.23386635888773596,0.2148043883467139,0.18774924065533413,0.147105848895277
120.93516449198687,0.26412977898383777,0.23125639599521697,0.2024793781160704,0.16560219873414547
120.63890289658497,0.2834662077399337,0.2410972537257775,0.21282541793865598,0.18093639816418106
120.48764091791904,0.30410746336371347,0.25144678981567575,0.22226853086627868,0.19061597445379452
120.13928980534041,0.31902688408188384,0.25717999697492094,0.22922240352461143,0.19798654998420875
119.26585323410289,0.3301800676538058,0.2635883863905876,0.23494156246477102,0.20111036793842185
119.08897228766112,0.34238310385304876,0.26728402121663997,0.2371725758401005,0.20207074589040894
119.33813601893819,0.35136484021676134,0.26788711665404746,0.2369178462729729,0.20201357465497083
119.55556333353057,0.3588093922067906,0.27315217614565684,0.2376513855927267,0.20238452496304243
119.7685186892551,0.36249229610130296,0.2716690516559643,0.2363561473549109,0.20097754876615528
120.06615620995483,0.36502366040674483,0.2732729821582032,0.23703722061751795,0.20077915017940157
119.18733534529191,0.36901663852871563,0.274884560055554,0.23848846688584743,0.20024757698881168
118.93658477248931,0.3712139237665629,0.2725267889769506,0.23774289684770392,0.20101118870354737
119.51994721668335,0.3682755291936553,0.2676401682764893,0.23583265070456919,0.20033434728202068
120.27849986470103,0.36890087589823134,0.2680431976267311,0.23570333036923538,0.2012170442492289
121.07767777647176,0.36818662146623454,0.26745893795916276,0.23402224481652048,0.20015604908783735
121.28273235351347,0.3683849987297928,0.2707402766550061,0.23568999213869182,0.20203863819938064
122.08498127449828,0.3639548502631052,0.2687236416442021,0.23403554516165995,0.202055333963719
122.5518864570521,0.3583533004298461,0.2684443653713347,0.23285510786741206,0.19991350711366962
122.97916532405729,0.35747123927302726,0.2696693884957519,0.23274301971232028,0.19907211642546022
123.03339760553217,0.3567227633025479,0.27244000206497976,0.23268198596332165,0.1969508999080863
121.92856812343128,0.3567947939898316,0.2722026055681229,0.2340498552972215,0.19656357684428757
121.94432883374627,0.35581870082511585,0.2684604960120938,0.23192038661252345,0.19681987163165718
121.24542575140796,0.3546574009895305,0.26374754932536243,0.22787721656223076,0.19737275781947647
121.26424807599726,0.3555180071296866,0.26032618712822697,0.22565168411650907,0.19892391122198433
120.75826820158551,0.3544498036481663,0.25917411248954053,0.2255181439511713,0.19945104649777004
120.7050949418779,0.3539571440886268,0.26037847284369375,0.22746960049008952,0.19855683120285555
120.41903629189127,0.35416585979371323,0.26203359332615117,0.2289426832533615,0.19844240487775044
119.22630161913959,0.35869055364363434,0.2632618073427441,0.2308533195123876,0.19771271027732928
118.6169508916979,0.3602803557509322,0.26357975031316616,0.2308836008793431,0.19665873943503814
118.38771924519807,0.3591434322225045,0.26390964040441367,0.2323463097093899,0.1958708459373955
118.17822422108397,0.36177949138606635,0.2641121779334361,0.23398795434337533,0.19600679992033476
118.22621265065183,0.3599732804212803,0.2650030657868888,0.2342464424035457,0.1959727571917919
118.44044606809888,0.3580474540563414,0.2644742070198348,0.23419024234646663,0.1970979864032057
118.39952215501009,0.35933943385955874,0.26488700179911656,0.2355195657194894,0.1987944488071342
118.5128219943949,0.35903935646667656,0.26411274546167707,0.23485985462261622,0.1997987262455266
117.72671108755485,0.3575279177395026,0.26205773698240564,0.23326074774556996,0.1996928389937923
117.27842178496599,0.3583642921767999,0.260977466997177,0.2326104546084612,0.20052697323707705
116.67201947271703,0.36029252357775576,0.2592744762061738,0.2315831009064677,0.20039055206476042
116.5864227564739,0.3614491584325657,0.25781952158385507,0.2292348900147971,0.20003340808142084
116.34908273880288,0.35850041852348546,0.25693341397850644,0.2279525472834751,0.19906133949142607
116.31310599884236,0.3600499618087229,0.25679503369112844,0.22721628576589717,0.19828741049518203
115.86375717656404,0.3612910296472846,0.2572682548427851,0.22734374656037684,0.19791761879381534
115.09247307247237,0.36402156335124075,0.258704547451647,0.22878854050154004,0.1978594836601461
115.06447059239758,0.3623066681570166,0.2584943653418728,0.22877501625136543,0.19769741149335857
115.44794512290028,0.3596811181773466,0.25630924940083716,0.22724671980864364,0.19653599826033313
115.48236185559225,0.3575449207673903,0.2572278327071791,0.2271642116803246,0.19607666176393865
116.17860306456525,0.361279804352487,0.25805038275955117,0.22759236490987247,0.19663561839150712
116.87040915850744,0.363571954120165,0.2580509541666042,0.22578291598797115,0.19640849504770036
116.54805664309193,0.36604325749651406,0.2579879077226284,0.22600452948517713,0.19625088126072804
116.08305720575724,0.36761736144148177,0.258734826553341,0.22580726614776778,0.19694112862816845
116.2565772882983,0.36831094700567035,0.260001606278863,0.2257391353860037,0.19647817824024563
115.86709858637644,0.3679373594339027,0.2611861257949566,0.2255892686562924,0.19627611660317246
116.13108357850706,0.36578529533851173,0.26012864184116424,0.22490195279130978,0.19626909767423664
115.98607653040833,0.36668029387326057,0.2606126538913568,0.22523710895241253,0.19603340016864945
115.67001596795977,0.36698860483370593,0.26023625415231183,0.22434492247267132,0.19532476976824412
115.66272570891843,0.36654508128255253,0.2604145562392413,0.22444394649782248,0.1955012145466265
115.35171909924412,0.3678920523409039,0.2613549106712263,0.22511662338134705,0.19488788705920781
115.07338443780466,0.3697919468813073,0.2622368871523432,0.22598813270192877,0.19479627500971666
114.71844871854836,0.37212312954748883,0.2614165782678926,0.2260583769253602,0.19448034438165043
115.52864130926544,0.3707403901821052,0.2613878754092625,0.22667068090114495,0.19294807174006284
116.65355272854981,0.36565107115961815,0.2612916419877046,0.22642739314536064,0.19217110018901531
118.44579096859584,0.36489065940812265,0.2611763867839361,0.22619959792264335,0.19288696826408522
118.66783060981088,0.36640678461468906,0.2613926135473476,0.22744347745646906,0.19319724256100598
118.39514405750562,0.3664075268780042,0.26028564890154526,0.22820748886380188,0.19483274524269603
117.81572779947665,0.36868315848012395,0.261379465677051,0.23060333810849049,0.1958091148049545
118.07062042199034,0.36810763093660215,0.2643606056737837,0.23170264776605431,0.19782271178097732
118.10353800408612,0.3670354681284959,0.2649634087836437,0.23080648400171153,0.19793898764573067
118.71937203113828,0.3656601953177872,0.26413207309581876,0.22902824190090837,0.19781243402154694
119.406622360199,0.3642950434768488,0.26151863032819866,0.22785120542162485,0.1968582432509532
119.90741673577652,0.3633840211195874,0.26006805214579537,0.22546497508748486,0.19480765470672826
119.98930694527112,0.366227703493448,0.2606554839379537,0.22515456955596624,0.19414034665765287
120.26052933575045,0.36912053692317787,0.2604677430461574,0.22447030473602997,0.19283727827810848
120.30587335382148,0.3677503712552189,0.2594508956532165,0.22378654707087015,0.19292473143616007
119.724820228694,0.37170341346056224,0.26066993702479896,0.22503391413182539,0.19445820608719405
119.26072290591046,0.37302842002117653,0.2610168702775872,0.22530516796072675,0.19535734256013543
119.14839303075563,0.37510770405307764,0.25671572796581904,0.22503085687437313,0.19474734285187809
119.51078581273667,0.3741289357631728,0.25750694687298825,0.22474379764302427,0.19290426770373043
119.17221669629919,0.3759841641859669,0.25804939910443153,0.22453198107488692,0.19289999066519575
119.6124509213537,0.3757969096043525,0.2586836828155667,0.22415798547588991,0.19255937923797833
119.09654275156527,0.3767218824944073,0.25757086228302534,0.22415747480734732,0.19324161805019408
118.88420150171373,0.37641227869244165,0.25797342941824314,0.22528031463941062,0.1947340953773344
118.82726232574572,0.3732267635607935,0.25840026164792274,0.2249163788864189,0.19565760854823186
118.85383231019286,0.37285689556287277,0.2578503919091975,0.22339341360718065,0.1943263793187599
118.34132883667982,0.3755877689429774,0.25728003982318737,0.22534348148473435,0.1936653507309526
118.39975546660385,0.3729878996358968,0.25365643198458865,0.22251206144179642,0.19234896674764831
118.44543598976644,0.3709352839259805,0.25395652209861763,0.22206553444921637,0.1916800885952615
118.35318291517149,0.3673181803303571,0.25355833144058004,0.22112474731870527,0.1900454258111934
117.98373444129575,0.364742794899883,0.25366274763402974,0.22003179009726623,0.18839437288448482
117.68769305858312,0.364265588506596,0.2542907171650846,0.21946870386364745,0.18715623313552388
117.24229772437543,0.36460733841330223,0.25624925460813974,0.22108764279090315,0.18781280011082743
117.2102860860484,0.36449404704529687,0.25606026348129624,0.22141216772369085,0.1885575833457435
117.61233422037918,0.3631608483762131,0.25670634551752713,0.22152987026885904,0.18971273308093206
117.98890502132863,0.3629654522979536,0.2555281203834219,0.22126101476404123,0.18996416912385888
117.92443629507576,0.36357239769070704,0.25522224403775057,0.22133270743097475,0.19060853737577865
118.05093763140982,0.3625349729556699,0.25394272348481844,0.22094591287821297,0.19040583982346151
118.30153945805908,0.3622018088957563,0.2540623077000606,0.22107413466144737,0.19071868616644255
118.19067139094115,0.36203280188606496,0.2538030662485223,0.22077159716350164,0.18998613661892322
118.56681361984273,0.3626864646791245,0.2522552500279261,0.21930072823811655,0.1867085157811787
117.78567604980726,0.36255683994306903,0.25285528685071995,0.2202382284499784,0.18667711719477198
117.21737238473618,0.36353879005263084,0.2529179139377591,0.2211077286470713,0.18526896259653153
116.28453757320632,0.3696796316350473,0.25273501401048487,0.223469243276558,0.1869374380692095
115.74808373194469,0.37591518355631776,0.25512171282007956,0.22818883865587627,0.19074548783010747
116.34455399318611,0.37636631321231206,0.2552892673755097,0.22777378571549964,0.19205723952637854
116.36272095554415,0.3791915379792786,0.2560668063899889,0.22973064062567408,0.19407379725253052
116.21957301749316,0.3800583650220876,0.2562643741018004,0.2328219580738896,0.19443396974716
117.06571379842059,0.37521632707458746,0.25547386441291325,0.23097125711179026,0.19496932315421206
117.48849976207308,0.3727444863944058,0.258136453478759,0.23126999313615304,0.1941878387992016
118.30355414067421,0.3686058634882676,0.2597343187381528,0.2305803151940598,0.19327966909714825
118.92245918564626,0.3666822654649696,0.25856938606733887,0.23005993430351293,0.19361648267373072
119.13510165865868,0.3641794157485572,0.25863992443850436,0.22875754913385482,0.19276121421226217
117.98084663790854,0.36472730675464937,0.25791114614981714,0.2289517513742286,0.1936471300335035
117.97329209426312,0.36128007658498024,0.26002967602755706,0.22996727129906194,0.19334747782842712
117.25911324592514,0.36308388325151625,0.26324710803448936,0.23322147167309829,0.19378406599295653
116.9432693572396,0.3653020141425042,0.26411181458956856,0.23208501990082045,0.192442464798087
116.49090836423439,0.3672724044161111,0.26333162789505066,0.23088816322100847,0.19125663819554986
115.7271943156827,0.3767285138889603,0.26320627550178183,0.23110792165910551,0.19320374502326756
115.8509229776812,0.37101440174867695,0.2634069361358548,0.22963737865796024,0.19068415934854216
115.40912500687516,0.3734431754939232,0.2628162253825923,0.23096602790056864,0.19324770123254545
115.34284864330989,0.36840867853414194,0.26257456283782354,0.23161575171654594,0.19223348143933586
115.2449798106468,0.3656329955133175,0.26508080344941076,0.2323881056589594,0.193084592006567
115.15473697791691,0.36103352656059673,0.2642476277862992,0.2330365274893261,0.19357590378395137
114.59629762325525,0.3661330366426313,0.2655620733903512,0.23490770469544117,0.19378763449291342
114.10281436523209,0.3682514406310356,0.2658408455578755,0.23496823171787382,0.19295134158688007
114.90916164702229,0.36126315450452334,0.26691265162762534,0.23476165335777674,0.19130332486297089
115.05997267426915,0.36397827139728645,0.26677751042169184,0.23529737951578505,0.19087310364769416
115.07057068278549,0.36110299224785103,0.2679897099583295,0.23584948772428893,0.19161062270319054
115.42813438453138,0.36157716349608987,0.2690172713855796,0.23623505416280902,0.19200023859790008
115.38714199575693,0.3618037530724499,0.26935683452771375,0.2365039648410778,0.19209734181402835
115.46065902610653,0.36354720162693593,0.269307647145235,0.23630195438492707,0.19255719645214214
115.6962052686434,0.3649969353452826,0.2689856626545737,0.23638838099907922,0.19306010606766946
115.52702510624268,0.363330788970961,0.27017971811295244,0.23620915285843894,0.19183400098459613
115.2978366840364,0.36755367140423173,0.27133373025166135,0.23814350927302155,0.19370188770568753
114.87440460394508,0.37236326982266366,0.27192046663152214,0.24038215535796253,0.1950174493352879
114.51604563216365,0.37789046007028515,0.27453819064783813,0.24156363123040456,0.19709160256383043
115.25501844572005,0.37926678285151605,0.27559792299737657,0.2425553509421766,0.1989661333757643
125.30604189804673,0.1558180147086768,0.15538424057081582,0.14762174154241461,0.1500956527093655
164.45554100596257,0.07087206815815866,0.12384268782202856,0.11932950711587235,0.11602948397406136
110.40154237254198,0.14096187827964285,0.14588990763918408,0.13034263178632022,0.12230612782353685
107.54838008960995,0.2156855320838212,0.17502536216002862,0.15544107216287628,0.14433132289732853
108.55931535235914,0.2725998332854422,0.1959848611052905,0.17452510667614543,0.16502408228038684
110.44955424574661,0.31531966673175904,0.21442146893880834,0.18952263896608706,0.17988371502082437
111.87749804200782,0.3514911241117267,0.22952495515176263,0.20454439923531678,0.19427026843603315
113.37814633212417,0.3646911257912162,0.23801988689935621,0.21165468588059858,0.20288825788940507
114.04075930231753,0.38028550527510496,0.24300627190901652,0.21552658961687526,0.20641476823631139
114.6144641166412,0.39343528789942855,0.24975454536729152,0.21939064056560614,0.2107823520400849
115.51202697469967,0.3945131112676878,0.2512841856291806,0.22141882439059052,0.21258220861306235
115.95242544037335,0.3950126838279011,0.2522332016238544,0.2239400587650442,0.21391904388818653
116.30737501545202,0.3933905087853724,0.2569664707352214,0.22726890753224482,0.21760981615732186
116.56174478473898,0.3981660221141486,0.2598354853606652,0.23052705287057348,0.2191776435630584
116.55212053474604,0.3935661181653294,0.25937488716581136,0.23176466383305017,0.21893040792168011
116.73391701589343,0.3902048778471761,0.25780541658672135,0.23185918333400402,0.2191691317190981
115.95144285374661,0.39378770104431743,0.2605882607015513,0.23512973088063613,0.22172088677330498
115.65816074921268,0.39874103989148263,0.26162691348548356,0.23671799991081863,0.2218067648888525
115.6456747004633,0.40327851939738696,0.26451604637330534,0.2397698447070596,0.2221560427007273
115.74469617588706,0.3978894844158587,0.26118625049925487,0.23597807763409367,0.2203611821607777
116.08368956568695,0.39208081144880025,0.25797101504231046,0.2343403411981727,0.2200232024029609
116.13310375064317,0.3911897508251183,0.2577943821230222,0.23431930477577803,0.21865004787927667
116.36533739785662,0.38244198671214774,0.2572136628549882,0.2331058236001209,0.21779207438294243
116.37682587876327,0.38557121659022,0.2562923041794811,0.23140392583051977,0.21667202597258758
116.64592329536333,0.38349045895880657,0.2553836768726196,0.22879966534776358,0.21450965395936772
117.04067915229906,0.3849232172334998,0.25721030602177164,0.22547477985423767,0.21201045920979603
117.6192361557418,0.37772232405753553,0.2569373380789058,0.22353710962223616,0.20803497957738853
117.89916566709117,0.3752582487911647,0.25596763242472415,0.2211979407736106,0.20681720044587726
117.77586178449035,0.3770748935028054,0.2571974582456401,0.22224880166866237,0.2078136872164595
117.80187095072621,0.3804981714081379,0.25845107624737973,0.22335134102693652,0.20881209520360725
117.60290024014029,0.38081286708100504,0.26133449508731055,0.2254709926070749,0.21035697603714823
117.39176634011021,0.3819934537295533,0.2630671147092798,0.22808714466427701,0.21090617621275076
117.84683687757654,0.3879877173361886,0.2650603655106564,0.23026643012699397,0.21119874173334707
118.34454761273122,0.388639619278994,0.2667492788732685,0.2307610371323475,0.20882461128713084
118.06596525130004,0.3894974332717366,0.26724459529724215,0.23520387143031832,0.2116718664102314
118.50795058360823,0.3859013154644711,0.2677575609977543,0.23442257515773393,0.20921998544412918
118.59352175057172,0.38530959978026846,0.2686967845962974,0.23435454708317144,0.2088133170569502
118.1831120726008,0.3928822106649043,0.269829323960102,0.2348791411037901,0.21167227530681126
118.10601172180151,0.388619688463274,0.267818127532294,0.2326727756050788,0.21165989318950182
118.12419159209477,0.3858555902756957,0.23758432730313872,0.234256210123755,0.21346593249870743
118.51274721081627,0.3853276323766828,0.24284078943539256,0.23196877529728863,0.2132860660831522
119.2524757028477,0.3883201209648346,0.2548162918885943,0.23605920181723086,0.21448730593344945
121.78741748261217,0.38726025340121434,0.1979869395767221,0.2354408764379056,0.2100489203617344
121.16655047538447,0.3913567738317718,0.08307234551110527,0.23998214801727957,0.21331713700099716
120.44036878686093,0.38880556746471845,0.11812321967815141,0.23727543248059987,0.2124964250993625
120.65923762866996,0.3849482983141677,0.13186906935041892,0.23694347319247733,0.21274021449194666
119.97078133214998,0.3875279179643123,0.15788795955224566,0.23535560920067713,0.21348531977750146
119.809999554471,0.38725435898684685,0.18730560373163058,0.234732927377053,0.21347533999616958
120.5818501879265,0.389002193382369,0.20852094189853668,0.23449053023103547,0.21109512480853224
120.14580840387917,0.3966542473992481,0.20427670124950373,0.2357641099157493,0.21347269239516184
120.14807428865743,0.39553803020926015,0.11690948489710912,0.2372231134691977,0.21328078395113545
119.73340860980136,0.392539051085337,0.1338777186876833,0.23522407548394167,0.21390780468515203
119.70248171956918,0.3874678625979939,0.16698788109317805,0.23530350194901034,0.21437309175651603
120.85816295973954,0.38138623358284457,0.19458624699476212,0.23395768312492024,0.2129149088199574
120.1707911058086,0.38489257417520684,0.21052310035739027,0.23293374386136886,0.2122981403102811
119.68125465013867,0.3852756274432673,0.22858971507163164,0.2337888347513583,0.21318557070856908
119.63989621014028,0.38317838410921795,0.16232027801996182,0.23094225008346192,0.20832022639799624
119.33356933051121,0.38226110507472827,0.1840111653108821,0.22695958934808214,0.20934360994554238
119.86586227013476,0.381350353821095,0.1078614292264326,0.23696108419124357,0.20932816258309933
118.26230229855362,0.37487237385828864,0.13224404857076474,0.2318000666798439,0.20910618444551524
118.7997989923766,0.3740630915264822,0.10473365192470745,0.2384616690171793,0.20658950454669986
117.42891975066553,0.3704006894579043,0.12167962357491358,0.2320436066232308,0.20649441018528775
119.36845653357136,0.36849332506043314,0.1062305311413555,0.24369550520602415,0.20229392321402115
118.40082498800271,0.3565738875208555,0.09989122305717396,0.23497713181240074,0.20315443618624637
119.34961464485619,0.36172767393067257,0.1109511320664786,0.24625675669560806,0.200482440782152
117.78759803602898,0.36152348008440255,0.08741313298569131,0.23702642078887223,0.20071193937984844
116.86882075024181,0.36604694357033724,0.09796375286072455,0.24108609017905872,0.1986545969511088
116.33798180425818,0.368206567702284,0.06765736158041595,0.23030757161227544,0.19739222621293798
116.06315163912855,0.37324847349561074,0.10720479668768827,0.23974152425892134,0.19639166182377657
115.27821891594279,0.37020421561906985,0.08939690722664764,0.235050337762811,0.1998034526468111
115.9688308360273,0.3701264707820451,0.14089476273396948,0.24255320567900485,0.19907577743324492
117.75163603227979,0.37553498888820125,0.09483276961298155,0.2387302186993082,0.2027017723586695
119.73027116131038,0.37947481103150904,0.15129034077894707,0.24988997409510408,0.20508726301818697
117.61382318260706,0.3769348619715396,0.09933257550838072,0.24495389966864578,0.2085419585871399
117.55300082951122,0.3817822387587642,0.14527007673818593,0.2562350238906556,0.20809953648294766
115.57925569096166,0.38061076173719427,0.09150476116359275,0.24562831260931575,0.2089807731330665
115.96406407883717,0.38280518447140716,0.13484401695580617,0.2538611836524177,0.20575264017952752
115.8827666087335,0.37441120629915114,0.09446813716498434,0.24679375262965908,0.20901499962112047
116.6595392195869,0.37963103348803606,0.1471113380674205,0.2530309717746733,0.21003796676639216
115.02349396476178,0.3853408388543838,0.20238688493953386,0.2528279483173271,0.20860917352482328
115.82709435871762,0.3881771473563703,0.25227548520794696,0.2588841865664389,0.20932527738896242
114.19663398537568,0.3915424864841779,0.28934267308676626,0.2632275301639629,0.20885973606633965
114.62805879689228,0.39186567054280125,0.22868532687459128,0.2534136636458102,0.20862287432558238
117.70717035811037,0.38794743028256506,0.27199836407538164,0.2585616369949062,0.2063074588735537
118.0168420902182,0.3867285383074448,0.29502098796110854,0.25690551945149875,0.20523888202848264
116.4811815044921,0.3843927668391454,0.2989006359232818,0.2537143215068449,0.2058003922423805
115.45967906098339,0.38883400180017896,0.27644511465805255,0.2459486510306659,0.20499391620266633
114.70265206690736,0.39233881055406694,0.2631445497412765,0.24000868748683388,0.20481622842296426
114.56483655317554,0.3957357112397748,0.2893400007812194,0.24336098153527463,0.20569957190053748
114.05585113014166,0.3980014830337808,0.29726438939720967,0.24479862079019496,0.20604026527982594
115.29953950052986,0.39382990918757266,0.3169467961722428,0.24947965402889807,0.2045795015768403
114.70580399212821,0.39206977014782957,0.3109814464516126,0.24637144586961957,0.20484876968464258
116.51298580621135,0.395173597624243,0.331202206562965,0.2580497771880556,0.20710797427417124
116.67403134072403,0.3958326193566523,0.34607862892047075,0.2622571196790116,0.20827171581908385
118.02359993879439,0.39527005908427587,0.35411444454255303,0.2603246827916698,0.20623033703349303
116.99208858616657,0.395762218934901,0.20222797042528784,0.24696407792171693,0.20753081382167657
118.05224866254001,0.3897838274740969,0.24252507741410684,0.2522323207352567,0.20651406940327438
117.57543964476082,0.38802626383199545,0.2751293246270276,0.2537092706851648,0.2063275814103165
117.76978215110111,0.3865862742604274,0.2999648797115382,0.2575112424687645,0.20686135259700894
117.31995556783873,0.3866503272248638,0.31968751318787286,0.25919310957300506,0.20628222825722412
117.25541895626168,0.3888302547395094,0.22823484960605614,0.2493313407240659,0.20804135283381436
118.36113041061475,0.3875911942049397,0.2673330213500388,0.25568665853568956,0.20735407741010578
118.73749936987345,0.3855962683162629,0.2874484660792636,0.2555955340484099,0.20600236471246333
118.502420871579,0.3881924378644716,0.30982326020832385,0.2585510704550148,0.20551960262874003
117.81572562891937,0.3795159033425632,0.21466030078514972,0.24602631519331913,0.20535179941489157
119.55384679104124,0.3784078901281011,0.25802850822923096,0.25687552766899807,0.2074402306078539
119.97546381030685,0.3819266352686716,0.2869568816644339,0.25569190162915834,0.20600213452994093
119.5678188441193,0.3809530294309036,0.3060531023634741,0.2595986491313437,0.20846390181278407
118.06300874497305,0.38079895903588173,0.3204581671624493,0.26010666516755226,0.21000061164493886
119.02732031640367,0.377665584678288,0.28776801764351545,0.2556163487948096,0.21172350226708753
119.21482112515416,0.3683766970724335,0.26373462817357995,0.2488903882736537,0.21074253322985734
118.77911524737367,0.3731576835387548,0.2934249132201224,0.2536631517783459,0.21071054467959377
117.61082955220293,0.371430961257636,0.30582953765727616,0.25369320838579124,0.20837832831793768
117.4329535859354,0.3791195304968387,0.3269710621835439,0.2590472448011509,0.21123981748242124
117.65490382352378,0.380019775758008,0.17352105247156333,0.24740154877642573,0.2120716605277975
118.44099576366146,0.3794389753507331,0.22598924418048807,0.25841061747250355,0.2127466538595944
117.93948732420931,0.37384798868698355,0.1186169650289488,0.25130997156488794,0.21191517015405234
120.34494179454992,0.3699042550531111,0.1775532498582724,0.2616472691247332,0.2142573792712706
121.13717963358066,0.37324534054081515,0.23660864261572037,0.27125536097096403,0.21149131393124673
119.10549902868819,0.37836102303285757,0.2649324831256016,0.26785318698848043,0.21096483491203732
120.04954494706246,0.379614636493782,0.2944620941483847,0.26811202187720573,0.21232799755922344
119.23893195349397,0.38271132081872594,0.31481895816867866,0.26538829677051873,0.2108035487408218
119.27779041690975,0.38392253048059594,0.3196451849034643,0.25997602306071055,0.2111621642288651
119.76310628572371,0.3813249610505376,0.32949745622088533,0.2589985646633939,0.2101576246454194
119.04225577919631,0.3785599960639441,0.3246333832917631,0.2561112810550475,0.20986251610128182
119.0574116294988,0.3686062876843959,0.21577621156328108,0.2445137992617219,0.20791943644776678
119.27645053282855,0.36958734611099847,0.2510878496325479,0.2480748899502707,0.20869021991366127
118.42609221782797,0.3696345957208418,0.20121464135139824,0.23788518672491624,0.20696440387836038
118.09936127657605,0.371884946909226,0.24665816747387637,0.2416504759072141,0.2078179198442365
117.08173778997252,0.3751098270370392,0.2700001210646791,0.24053207529129755,0.20800933322582343
116.97363112202616,0.3762040483626247,0.2903729186058807,0.25067290235533307,0.21135484768541313
116.52796664942439,0.3800399304320189,0.3089440811445347,0.2500418400596641,0.21057653646092014
116.46286189841133,0.38497851228958413,0.30966393940129,0.24564433570930977,0.21006048739766878
116.34221518681402,0.38749327206036416,0.32665092406721324,0.2519916753617339,0.21296092932155644
117.31034875833653,0.384672455957184,0.24201745091805768,0.2400356150877508,0.21143707354529356
117.11238892888753,0.3863361237425077,0.2751500939721214,0.2421821943096868,0.21332825256504745
116.06746038103398,0.3854212006682905,0.2934575183666233,0.2440945933996766,0.21248916502263757
116.40058811692342,0.3810208554182209,0.1586856346282816,0.2376720671108768,0.21324065548122345
117.6275397047583,0.3788298332524723,0.210034683296578,0.24430435843815293,0.2138912647601452
117.72606843064175,0.38165679784489115,0.15046083709128888,0.2363059441776935,0.21266720458686494
118.53714759064337,0.38335535227719497,0.21090889536199361,0.2479509313098046,0.21347933513249487
118.0227751370807,0.3856435074868471,0.13334292144970203,0.24128090302705946,0.21233498218383534
118.57207579769,0.3863050348260546,0.19612628875889618,0.2507664364241899,0.21175370332020477
118.7619808931536,0.38689426709256536,0.11142257293064341,0.24312153023407285,0.2118170019555277
119.44166297413206,0.3842914257167546,0.1708276573792916,0.2531617136314217,0.21124669909517238
118.9683511166646,0.3867452909577737,0.08786112353302371,0.24514859537845354,0.21292343729487692
132.743798104318,0.15312098238304991,0.18599909281938773,0.17699936456200802,0.16409576335397644
152.69597725434113,0.01891108298423128,0.1650864322395545,0.1592671794302839,0.1430812592880671
117.66588100785287,0.13219083532975087,0.17942462270821705,0.16788451254674155,0.1494976882112267
113.74596540535393,0.2118572960262178,0.20882917919532662,0.18863492600740267,0.16632499359129815
113.11127618007029,0.26980129662469415,0.22951530299364203,0.2047957942955647,0.18215999543929984
113.16510371392418,0.3114015580690841,0.2480319407854146,0.22129276611221083,0.1970323570734717
113.66535859382537,0.3391448385381266,0.2574306171056937,0.22872605336844426,0.204025965012136
113.89307542033953,0.36050835769496326,0.26470464596081195,0.23546698108885,0.20909539281280032
114.2857706350959,0.3740248742092977,0.2704192678632902,0.23984802089809834,0.21320246151729982
114.7438269856437,0.3823889494688804,0.27590326501802936,0.2419304379707217,0.21561676785119088
115.10293931137073,0.3866163531292519,0.2746508745534481,0.24105823185932274,0.2168679132520313
115.29415902632388,0.3886362753152772,0.2742780374014893,0.24185197611441556,0.2177998148992479
115.74969979081487,0.3873686032628127,0.2736461081886376,0.24104815972856117,0.21760459270097973
116.23426470989949,0.3866939294430073,0.27544773636240705,0.24214018829453032,0.21802763235985942
116.14748291101955,0.38779203413795793,0.2759343729705614,0.24275299356370822,0.2193112424431277
115.71879669559047,0.3929027758246937,0.28022978112057956,0.24316416824749235,0.21999618268419482
115.18742616104636,0.3910010310032271,0.28396825637662476,0.24241115113906647,0.2163780387145669
114.78678793003859,0.3931944491192513,0.2825462068297021,0.23907411532120984,0.21441314151547572
114.46296937701776,0.3962565652338233,0.2816305824434928,0.23826186694499074,0.21331745949669956
114.35064069926526,0.3999735115819091,0.2810247656562785,0.23738401153244795,0.21213457741594635
113.83703159419677,0.4020643794306053,0.28132737834646915,0.23963611746043667,0.21508633568168992
113.46788536105117,0.40129455848865603,0.2838010810702782,0.23743852020733267,0.21286841490972924
113.73325403235232,0.3979093432239563,0.27808221584603077,0.2340072848458906,0.21244715754724416
113.32088570438552,0.3925620434805132,0.2776617576503539,0.23125962437508368,0.20837855710965508
113.31583648443912,0.38913330485486897,0.27675270106277894,0.22916528137753148,0.20633011132958107
113.00635731287625,0.38607916686720695,0.22850375702576364,0.2267424660397308,0.20601167600690692
112.77198186085849,0.38949461910998323,0.24079773413585076,0.22636242693399883,0.2061275812013635
112.76168975536102,0.39169718646873697,0.22487055184572388,0.22450777975766786,0.20594158999711154
112.44198219845987,0.3932215369202861,0.08883589790776306,0.2253024447029717,0.20441923080627764
112.45462017307949,0.39103748195901394,0.13899681959504634,0.22338357344032708,0.20323309565186012
112.67551624116037,0.39001449648967196,0.1643157589618974,0.22371031446934764,0.20355862299294056
112.96140332947002,0.3883196050443059,0.1943409455241335,0.2234435649033789,0.2024998576028946
113.68031905726498,0.38671095341770495,0.21392393860345604,0.2242509537966077,0.20175714461904723
113.86893546367058,0.3864520062714725,0.2115051583295545,0.2247113112346163,0.20273695101896977
113.91935154055825,0.3866080297066134,0.2246253069345301,0.22622339454601384,0.20341934744401574
114.14275330696337,0.3873463182111856,0.22046852153236596,0.22717292629938113,0.20558024486470258
113.73761105365764,0.3840481869540902,0.2261769594567442,0.22585754199357597,0.20624363154580314
114.13803861276607,0.3872914784871361,0.06593895881583656,0.2276490164031859,0.2069201964430032
113.39801738936272,0.38680492193451915,0.11932045903685375,0.22475526368415286,0.20540000295307018
112.30902466135585,0.39145629582684,0.041370746638376074,0.2328433307921376,0.20972479598123628
112.95127501166264,0.3896439285593784,0.06028560656543287,0.22962916513828655,0.21043214179946637
112.4609626213215,0.3878647735625595,0.06592614028353867,0.22970008296388167,0.21034870525113086
111.86515069198532,0.38843315607584733,0.09134732376435802,0.2293494453948927,0.21008606512939684
111.92975421891042,0.3910196207718624,0.050150040923312156,0.22878250914345374,0.2118718703014111
112.81656671007906,0.3865879471190707,0.08876186231109817,0.22808691872905149,0.2140917408110542
113.38597269598337,0.3896080593595876,0.06579241171501227,0.22732935444261645,0.21342204629437375
113.51394733153285,0.388320869805534,0.11922855512020905,0.2274206670367546,0.21295756294627552
114.0652203393585,0.38791914584707876,0.13888898192415058,0.22547550208439313,0.21413072746241144
114.89288191803143,0.38085644932239676,0.1749938328985966,0.2247956500079322,0.2126379499375266
115.53414497657795,0.37615451966783175,0.20212597149934713,0.22559563812253858,0.21263307167868956
115.84940552445147,0.3773566211549201,0.21989492364155927,0.22491623019199158,0.21074414492193294
116.20360464474162,0.3860022734967641,0.23579085115817566,0.22633274837213965,0.21306422814982273
116.39389988077455,0.3765282180770555,0.24645016894566601,0.2270769881920928,0.2133931216455413
116.77654713016692,0.37480434984818634,0.252749464354657,0.22574639678391087,0.21140124024181947
116.6236484522213,0.3819482579358072,0.2513699859658194,0.2272503763745809,0.21239223451667272
116.16089367203418,0.3849666721568968,0.2538175809119234,0.22683307938053135,0.21196370529507683
115.74928751330044,0.38658131501743453,0.2550376608903524,0.22830532552532315,0.21279828828507572
115.89530390072909,0.3848453671138478,0.26169482303763125,0.2282993535558151,0.21113599152598542
115.8415226610727,0.38859088861469504,0.2646281775389249,0.22944502436375194,0.21062899107924096
115.9988182668366,0.38943997855993234,0.26621078818255095,0.23054459537145158,0.21166520716100085
116.03897315209247,0.3918318048154383,0.26996276504282546,0.23097055617712228,0.21060821122524753
115.8746845666071,0.3922876262220618,0.2751034703888588,0.23242190799057597,0.21114536682043777
116.13447710529417,0.3918648049089388,0.27527947935832625,0.23228708078228116,0.21096256994146415
115.82466084071228,0.3948411803322856,0.27257190372157886,0.2327515900523751,0.2106204658093811
115.61285507281359,0.39409667804457804,0.2680526907732731,0.23104123889825812,0.21058646913212237
115.39388976536937,0.39476130624492933,0.2495465275874646,0.23009275840376323,0.21207096282381308
114.8604952632928,0.3900225545550184,0.25665773011873155,0.22950284464195245,0.20999066974186112
115.09769880722033,0.3893572277532709,0.2599851290975209,0.2301997062576894,0.2116455932434911
115.07541268429257,0.3911269755760173,0.26403638967334375,0.23063160934083404,0.2114344192297621
114.99975248778209,0.3915129169012594,0.26775056012288223,0.230694745822708,0.2114405588528581
115.25817454273424,0.39095980215858916,0.27087072429206327,0.23132528394837823,0.21111505361429317
115.40834717499165,0.3925674881873413,0.27440014725561634,0.23200304392539872,0.21194349002245552
115.6774101318363,0.39426118199850746,0.27533585718173753,0.23316265142495476,0.2130343153991173
115.65479557465589,0.39533475889549313,0.2750378495794668,0.23335906587330602,0.21283228370836743
115.7545033615803,0.39239608889959254,0.27483630685499616,0.2335495608396269,0.21238544424432515
115.92815824337778,0.38877748646481336,0.2747423520445278,0.23347411227670456,0.2118295378572868
116.21976348334485,0.3827791231022277,0.27245062438243245,0.23077512004491663,0.2101132324288565
116.07829636574701,0.3855940132441316,0.2746427365300698,0.2314358155344254,0.21068619640958547
116.58932190055053,0.38388900702754514,0.2731301182284024,0.229416292433991,0.2096179051884896
117.37887460763872,0.3869374147386847,0.2734927331945377,0.22980519122626122,0.21005457895638455
118.13527597148946,0.38694233247766785,0.2713612348567332,0.22917437667631124,0.2098765400735541
118.13854426313961,0.385825789234119,0.2694347734528264,0.22674164623107257,0.20878516897839594
117.40921200122457,0.3830362322165321,0.27083020328344715,0.22641561716857206,0.20729308848031214
117.19094747460662,0.38034560610791984,0.26804317143685163,0.22488488644991536,0.20644536422530674
116.85790304336568,0.3779883674232686,0.2670531364445442,0.22638595656070715,0.20716880886475278
116.24984946343217,0.37635874418717763,0.266420236895628,0.22677945129493665,0.2074856726343069
116.15094514062758,0.374586701897213,0.268836446853907,0.22891585140481496,0.20785481674710501
116.08948564430217,0.3734760409035054,0.26849982558641533,0.22953519354869528,0.2082765356020563
115.61911229595151,0.3749076927038859,0.26983357870907987,0.23043022617589828,0.20943423733016997
115.15379961570122,0.3740960625372557,0.2707002479273459,0.23001308836810086,0.2084840675089
115.14716257339477,0.37565729873633635,0.27139062985960216,0.23004824758719633,0.20756538052516307
115.30455000518609,0.3791540953691297,0.272291680105104,0.2303400061338821,0.20752724808644926
115.20104480625999,0.3798014388631983,0.27423339922310896,0.22999392548372322,0.20765226848255644
115.20131661440874,0.37149757556543644,0.2733879762324429,0.22842168769947305,0.20652849411191734
115.24754971461599,0.3707715388862094,0.2734342022882039,0.22781244150229252,0.20680319734365066
116.00336690750315,0.37095131586946295,0.27181330675795506,0.22600535220946513,0.20649497320601104
115.91382148046078,0.37881656339982284,0.11927403557657475,0.23085065226955692,0.20841433525053452
115.82067399858241,0.3809468497298745,0.15518748733597898,0.2292446238729065,0.20791902632202883
116.32484935838913,0.38321131402317726,0.18675239596837087,0.2284471278453957,0.20867954090233637
115.72711275407245,0.384082163430721,0.12414899878646901,0.22536620753697886,0.2069615079075699
115.89536506060436,0.3925696079947508,0.13973733077478723,0.22387013962484467,0.20637459326053464
115.69688001471268,0.3927273790697533,0.11606346794610807,0.22448444353677452,0.20805515174210162
115.25146275604318,0.3955401800458119,0.1517516110501052,0.22511962698696597,0.2062897810450585
115.38910236283415,0.39756913332417304,0.18563556088521319,0.2253804751374561,0.207796394774392
116.03022301540963,0.39814674868572575,0.1712236817583538,0.22345371640188336,0.2084141281389858
115.90643145381526,0.39635350559925747,0.19574077780943142,0.22539196147650026,0.20820111495959856
115.97496546466363,0.3981785011220641,0.19682527192850133,0.22556496650202762,0.2094642363943226
116.10100255717774,0.4007319607373983,0.14529445603991017,0.22706526509808242,0.2092498524981627
116.3664530350547,0.4037449163985956,0.1689566619135314,0.22865639332605525,0.21006267710291435
116.22592299444824,0.4035433943231368,0.19344880619280772,0.22848392577105267,0.2103282110880627
116.14191941578623,0.4067335991922248,0.12604849090618644,0.23056053483987346,0.21047704885866053
116.29655024729048,0.40442535311844563,0.1659174424208026,0.2323606781105515,0.21071735780522077
116.55093167734371,0.4063100053283497,0.18896744826371698,0.2334915545573559,0.21233960273988559
116.48407853119339,0.4063918725777666,0.21275101904409902,0.23420542535208658,0.21255553353663678
116.22003212336926,0.40288511853675874,0.22586810911121913,0.23198681264165932,0.21079459181686205
116.46600875882936,0.4047787398650608,0.2407633559445391,0.23134627312497016,0.21114064896500165
116.49295337585872,0.4011671278697255,0.24808086139199192,0.2300982038263921,0.2101235116458373
116.41609173271145,0.3977365734388208,0.2550428822491374,0.22866298142184074,0.20874716642214228
116.7200246937528,0.39495264877720215,0.25276827133158863,0.23000653113373482,0.20955643955061198
116.89260258841881,0.39602683417897916,0.2595290363857726,0.2298326208257279,0.20964668238142906
116.61884364693273,0.39598216794230046,0.266577148331644,0.23333500130076176,0.21169056125644234
116.51648194942688,0.3958526772608343,0.26287958290317237,0.23273046005234338,0.211949423750649
116.24906298084429,0.39781386730728097,0.2635428829134955,0.23176439028478216,0.21194464051466552
116.17548817356686,0.3966561014550436,0.2633080221611437,0.23223921974594083,0.21223153361582384
116.87028221460722,0.3900144652744188,0.26593798010039343,0.23037896605876218,0.21058990250436765
116.36076693148372,0.3897056285462625,0.2688426699960223,0.2318236393550267,0.21172762288600824
116.98730080780767,0.38746924386421583,0.2710976787443061,0.23304066739000104,0.2120564396436341
117.42822151173742,0.38988145755531634,0.2719069822267415,0.2341343402989995,0.21203483366074552
117.31204101100387,0.39430399828644225,0.26797717900275964,0.23541707130870232,0.21355510820658694
117.30478230476699,0.39786877521967473,0.23831151943167642,0.23272609668694444,0.2131285873939558
117.38765536413564,0.4012237587249618,0.2224325647976614,0.23266563599274734,0.21285344208946622
116.71679786796999,0.40524875556841383,0.08839662840278033,0.2361905249416712,0.21250966376167055
116.26137950710736,0.4077117738495966,0.037752594638839065,0.240453606491428,0.2120765841242986
116.49166621995575,0.4096170814206427,0.03275402415440439,0.23982385543113344,0.21158190607216737
117.3600332498455,0.4092539820493606,0.08548302763341065,0.23988822217251884,0.21187381191477025
117.54802028541803,0.4061696789682933,0.12456485428993493,0.2390748687035507,0.21204961582365645
117.47323243829716,0.40339875126254965,0.13766434445891618,0.23642615367033104,0.21179058416362118
117.16285981592718,0.40321521436120206,0.1646475650712267,0.23673660302982233,0.211987884208457
116.48400754944123,0.4024250633100185,0.03999376175202531,0.23840732502625592,0.20978604173840787
127.06907322249401,0.15290432505694398,0.18160944697499673,0.1831315076688267,0.1688365732318169
160.692332938093,0.024794546441664966,0.1502638792334722,0.165878484834316,0.15392451321626355
127.73792828091948,0.14109441913772838,0.1270601399514443,0.17687346141834362,0.16582390394678292
122.96698271887574,0.22265428036383456,0.09831848206210204,0.19996763767077894,0.18681365012589607
123.59327980391075,0.2834081280106629,0.12110916902150927,0.22354080354851594,0.20820093233370998
124.86166971871175,0.31877030128691963,0.17866319564828673,0.2406824215003644,0.22504971648064723
125.40779184329256,0.34283309269358997,0.2314387202550634,0.25425928262592096,0.23501552820222602
125.0243318079054,0.3562400510205145,0.27691388629251223,0.26188388608527974,0.2370982327363167
125.28057734559847,0.36451279506287027,0.29650283071162625,0.26084214354177604,0.23467239377878485
125.84051306660697,0.3732505579081701,0.29104361706270415,0.2588000544379162,0.2334343514703778
125.13179878077729,0.3812412554929658,0.2698780995729589,0.259823479631427,0.23352208008431216
123.78869251692522,0.3846871610578139,0.2906189055001796,0.26339240473631415,0.2336434296206138
123.21461866518999,0.38781717412513994,0.29971022074081627,0.26492145875405365,0.234628529858083
122.22004862070585,0.38959976384150696,0.31428512292028626,0.2682526157214833,0.23296597457680532
121.71955293536999,0.3942573915105578,0.3289168232569816,0.2683830676942828,0.22925068584537936
121.34361833835233,0.3963587917830861,0.3406655280003481,0.27078374154602974,0.22707083774885656
120.59838972671012,0.396164796111162,0.35200714096640723,0.27163471552922075,0.2260791162728992
120.45099585953491,0.39487883705192434,0.360462175285956,0.26877914242708356,0.223528529112867
119.76162478150438,0.3929970244890927,0.36280356055839885,0.2692373188513903,0.22240045957581525
119.59250453919127,0.39033660645644314,0.354533017175671,0.26802496578458324,0.21952442723148566
118.2783250651048,0.392222521848878,0.3571724913503138,0.27130486744542265,0.2226738324564239
117.1858321564259,0.3922327043583806,0.35698027697509704,0.27155483973211003,0.21985022239896607
116.60951440868342,0.3916999147598699,0.36212697907355207,0.2723596363051124,0.21624411700881616
116.30161161569369,0.3950047188890572,0.36180155689480253,0.27636447622277155,0.21627972488057223
115.44408210084723,0.3984135723084894,0.36417491278153497,0.27714106508004527,0.21690435801376773
115.88093485770881,0.39706505729073,0.3594273140187224,0.27004173874888376,0.21367280959094986
115.10383253889975,0.3964715146940109,0.35216692351191975,0.2664392823077225,0.2121114535380541
115.49671380155489,0.39144806039436153,0.3447377695687485,0.2612148987003602,0.2060978937656028
115.33039601347791,0.3926891333325931,0.3477427875497989,0.2645837193833773,0.20865804290456139
115.66136459298046,0.39682626486223543,0.34893001541171376,0.26581323415763386,0.20962105202563666
115.22822790365748,0.39929198295321905,0.35454132128689314,0.2661197124082179,0.20871660020794314
115.13226645381566,0.3984706537470889,0.3570513546340121,0.2659451178150358,0.20886809836809778
115.65934709941706,0.3998142668212337,0.353532469839216,0.2645594073517092,0.2106630956782318
116.07038324779961,0.3936405997517732,0.3494670418253643,0.26331579965043367,0.20998340867810067
116.39647913410856,0.3931401346652271,0.3507065269834369,0.2648008177547667,0.21096445897158325
117.06884135582378,0.3919675716015496,0.3415182263166899,0.26028825516811943,0.21046109913760888
116.21707448463819,0.39586290991492246,0.3506956504895186,0.2670301352526072,0.21768355883863003
116.80565291493004,0.395082062432123,0.34709992666400524,0.2656588099263764,0.21598374319975291
117.02123666824905,0.3944442909304378,0.35191158183574134,0.2681952402356212,0.21625359325134189
117.29110812802536,0.39763107432477723,0.35767063867175675,0.2698594088622219,0.2151203060721586
116.1823067219186,0.3987562031323633,0.3609465870480561,0.2741966880150861,0.21836675491513638
115.5487094694,0.400481844398716,0.362979442788026,0.2779142445298318,0.22444745513100556
114.9453848746489,0.39925439982185634,0.36315349984101153,0.2717273383827126,0.2232656458444553
115.35337182696712,0.40068232912404517,0.3686067613824701,0.27695898835586247,0.22842914411465826
115.23981273880418,0.39834899612729957,0.3676297020730837,0.27485509506149136,0.2269243994386671
115.16438568996271,0.4025898558184097,0.37264128370880845,0.2791915173797666,0.23108173766250323
114.71241513066818,0.40518778538320654,0.37637521735590307,0.2801605849291198,0.23205252514875768
113.92916328608875,0.40100102684474676,0.3751668062576495,0.2804365173488026,0.23342680941345198
113.874795871009,0.3979717472376524,0.3731549916553036,0.27746824130562603,0.22962504415288643
113.31049529106048,0.4011415549275614,0.3754587459100479,0.28169394705799833,0.23384342468564995
112.88045750462459,0.39833667382464866,0.37185405242087094,0.2781079385946225,0.23131691137989088
113.22009443766525,0.39858661846146665,0.37298022793352004,0.2757211059863992,0.22971766572976512
112.87691388180245,0.4000882659849756,0.37502627825024726,0.2774666939334418,0.23071998434025892
112.85064032723807,0.39898618055726043,0.37525443672329306,0.27870112399725455,0.23240330566178094
112.99493534626444,0.3992231311920576,0.3751205814362704,0.2744092145371156,0.22963026018503505
113.26853910852812,0.40022174806883776,0.37534344255959323,0.27490783455612483,0.22941468340563953
111.84602269581305,0.4025128837093319,0.3778648008850611,0.2666625900181173,0.23031870188961137
110.88859616414307,0.40924239042205857,0.38532770547508477,0.2815604737885806,0.24031435517922176
109.7466361403587,0.40977925299801665,0.3844236426675511,0.26034736192659913,0.23822342108677996
107.57906576151903,0.41211015187641953,0.3895284641866678,0.2713080782798156,0.24407147104401003
106.43213420060117,0.4114020781049333,0.3891809477560332,0.2815881512037769,0.24697910693072544
106.66089060876347,0.4084368203000892,0.3827973016969234,0.28482694715547785,0.2456984740957138
106.64613197946713,0.4114874368219612,0.3875616188567701,0.29194780770894607,0.24540290986396232
106.13917281716199,0.4126962237159935,0.38992282760484753,0.2891028510860788,0.2438919715398342
104.58287963810443,0.41823455722580216,0.3979500863193307,0.29324858490696154,0.2512050918912015
103.70107452307862,0.41915622177365874,0.4013223313915105,0.29495652312023696,0.2586863137537339
104.68789173254271,0.41296847961724625,0.39155386999370706,0.29181760527956835,0.2529399623346134
104.30819447011797,0.4102397498427546,0.3880824372371131,0.28336883696712106,0.24594384813304426
103.87456907378102,0.40970641978055355,0.386294013513595,0.28320713586016266,0.2459587463674389
103.90258151661341,0.4101435089411852,0.38371227119329004,0.2756103158185779,0.24773625777983016
103.19259330637593,0.4078210673122107,0.383562106981854,0.274999232575894,0.2479820400889337
102.72047968966965,0.40749622831207744,0.38279178491659765,0.26306181468114825,0.24235480283614125
102.94468173053663,0.40573115036538565,0.3834276618395224,0.26717983328694933,0.24369801680830777
102.84196857717407,0.4099152662926348,0.3804094841225974,0.25699551498587286,0.23991863234819816
103.08883393368345,0.41310158283985154,0.3891067870543573,0.27514160716913416,0.2487203569996803
103.85344400314229,0.40956659585357447,0.3839513385036102,0.26802324775072794,0.24364917497925365
105.22206284346068,0.4069635738721181,0.38371242814121764,0.2734567556605951,0.24357136767509924
107.31546158395479,0.4059019643164805,0.3755776421226367,0.2630231262426849,0.23633825535205294
108.14819581236915,0.40169334390532413,0.3701581468173701,0.26766093888788756,0.23482089277147883
109.96194536826617,0.40138699201878025,0.3735303752382307,0.2662879050528082,0.22841599197526663
110.4856055656602,0.4000511426880623,0.37347108770002624,0.26453920979514467,0.2236206964562389
110.87488979088705,0.4014009650689026,0.37654320388794343,0.26590226315694504,0.22526521725139603
112.25734583358387,0.4000110853679675,0.3775017409808009,0.26347141160344434,0.2219566515068172
111.88514599820428,0.3997626829878922,0.37733110494750727,0.2603273713188588,0.21978256735782173
110.29899793532401,0.40004213782687775,0.3820102168288259,0.26561075834909265,0.22327445302497648
110.97480221551939,0.39784020147746785,0.38037260025681574,0.26169446301927124,0.2187146152913828
111.49060619765802,0.396928942456966,0.37859981963379463,0.25965009954348267,0.2175667748549523
112.45280859288985,0.3965773174082927,0.38014534920428916,0.25856543589182135,0.21451842828239392
112.94680618536864,0.39976985650723706,0.38222533109570267,0.26219585270102763,0.2164306181006632
112.44147741551453,0.40086322855668444,0.38444579404490087,0.2616813760411493,0.21449009573781622
111.17268839535522,0.4018409948096696,0.3863844840249224,0.26133554453927965,0.22105638022162705
109.78482103119643,0.3999273216451853,0.38298678896166977,0.25367736165527177,0.22254762584463966
109.04361930407649,0.4039332564031149,0.38099785100321043,0.25741179099331685,0.2278723641829076
107.3832344622854,0.40821874989133583,0.3854898973391887,0.26172581526383804,0.23467637693161536
105.78405987651799,0.4126161625727631,0.3950776390008723,0.2691103563960722,0.242728468387459
105.4484496927706,0.41518304575411863,0.38887877473686555,0.28143426619378714,0.2509703568931669
104.86326116219884,0.4120286548173867,0.3890467113050222,0.2686348032507399,0.24835960642907798
104.42702241501638,0.4126588261642645,0.3903451242836721,0.27055354023694017,0.25194661778523786
105.16827898822201,0.4117549959297865,0.3829534235041296,0.26870296629028917,0.25126430023395313
104.74410789044413,0.41525276620908735,0.38078852997994106,0.257783641639275,0.24632175898474115
105.82511842171847,0.41467748638252844,0.37963488565444325,0.259721128474443,0.24421484759740478
106.21084048949953,0.41574154038639416,0.37875701402190837,0.2597484288248866,0.24168305735806317
106.28907098084242,0.4181771571068395,0.38353201103811163,0.26852999640254466,0.24475754059342422
107.49846894489507,0.412733256209302,0.38140174229033574,0.26424705384910924,0.23807261908741104
106.54354744250796,0.4124575207147489,0.37706687414309975,0.26016838826474337,0.23610406774679324
105.75603997371101,0.41698647492434643,0.3844942838726189,0.26220382157705935,0.24226768027231504
106.14520914478493,0.4155005656514522,0.38285309560231146,0.2667695695469857,0.24289272283797173
106.1010939835036,0.41263027929678264,0.3810076074826452,0.26040932879582795,0.237610212883592
105.5384699921438,0.41764619361132677,0.3880395985427157,0.2691992853005828,0.24070253622214166
105.00911835697302,0.4175346785300451,0.391025218853389,0.2695639748559577,0.23815870596959787
104.1905354462229,0.415173645170823,0.38865945943324964,0.26960387156243343,0.23891374206955635
103.18258497725391,0.4170356067980239,0.3884010732388887,0.27734804174106553,0.24539017009530648
104.02638240895166,0.4198145657433296,0.3852066529184954,0.2864586760016771,0.25152353727124765
103.48694290248774,0.42309153952910106,0.39032295936863654,0.2849643136619601,0.2519469464310409
105.30569092078314,0.4210684363040593,0.37682382449858626,0.28699630794945713,0.2527946687829036
105.85024092707839,0.41502388098881865,0.37290783788920845,0.2745110668627481,0.24758079003437108
107.07349950346546,0.40925987307120487,0.36355779199523935,0.2687003075502279,0.24125856292597464
107.28181759055734,0.4121790359372672,0.3643482927800677,0.26655234578492903,0.23680921994124343
107.20150121211817,0.41363542779755635,0.36527374346127417,0.2675485897828816,0.2384427271498522
106.99771483656423,0.4141578500986217,0.36279470953907683,0.2691528668537601,0.2388798734536704
107.05176305357658,0.41337085264342804,0.35976819051701286,0.27092402270421095,0.2406194229011055
107.99239667734864,0.40988359452860124,0.3579851956322658,0.26205070765262056,0.23476561748429603
108.6992516257893,0.4089048258767859,0.35603571985216986,0.2595100297308085,0.22870049753967364
108.36049825744237,0.41071726272749226,0.3567959515158585,0.2629888167958045,0.23144053899172387
109.06768589595599,0.41088833105082684,0.3549675096878918,0.26098740223135847,0.23045224839487155
109.37509743500314,0.4065237764336834,0.34507378707915576,0.2586074533484575,0.22878660502790432
109.51743273733548,0.40371531541728284,0.33520191030141244,0.25944802391222865,0.2274235293607585
110.29733400735522,0.40210516518106276,0.326304611964452,0.25650722404144705,0.22299324781283522
109.79404897374296,0.4028261773703267,0.3305647037704365,0.25858848710585275,0.22128573483528718
109.8669764274478,0.39967983949766284,0.3287151002835138,0.2594165112501923,0.22215739898518375
109.72456319804664,0.39922414060663036,0.32386198568028873,0.255434200008708,0.2167388873675372
109.09338890681248,0.4024099411324506,0.3321039405625544,0.26070614312764484,0.2199676089445181
108.42529330524918,0.40401421116152714,0.335664014630042,0.26008680376946025,0.22004403465797345
108.45814011361675,0.40563817601022795,0.338258488075994,0.26280434186144985,0.2235428147776401
109.83091818933102,0.40407435420472343,0.3308938503262824,0.2519974019468072,0.2167885367013735
127.1105225705018,0.14270589084314106,0.1975508487618296,0.19510252361781397,0.18665349539585568
142.99464482983868,0.038875629776850947,0.16622320420462908,0.15862961624870137,0.15594495097282174
112.27217259857187,0.1456095926423841,0.17461440209275833,0.15865605962460708,0.15768369250520944
112.74170033785585,0.22002819999375137,0.19601124601382264,0.17359439360985543,0.17233043696973724
114.62189865840077,0.2757292455445985,0.20785594902811866,0.18179333433344588,0.18056551635619233
115.74145442055304,0.30933704554359404,0.22327746666308973,0.19186323141817432,0.18867421998844483
115.89241116785362,0.3364703696826017,0.17894423803867188,0.20860134367700364,0.19822662843440977
115.81781266309254,0.34625479028650585,0.09937967077733395,0.22234497922067972,0.20522283440264602
115.58460756998917,0.3566429568406069,0.12708083773267193,0.23489474114146866,0.21107676807729944
112.98067599097067,0.37170284801395836,0.18626123519047663,0.24532566613762086,0.21315169778895676
108.58294162994555,0.3748484237700447,0.23297338889046837,0.2598997894602485,0.2194662034285367
106.2861148287428,0.37629957017371746,0.26815351919704683,0.25911253448454985,0.21901441343192055
104.70254262925353,0.38455405152260574,0.3027149433480325,0.26847244606523507,0.22168317912038343
103.10517740175004,0.3843540704953766,0.32241134427189483,0.2742956963378455,0.22649551516135125
102.82727568077433,0.3856411066959023,0.33283642393045637,0.27344814571604686,0.22667332201301763
103.63862781922721,0.38509688194790054,0.3338048712413245,0.27133093334521363,0.224989329264937
105.19461441743786,0.3770760722766693,0.3324487228907,0.2708540871101563,0.22285124166385514
106.32454960685949,0.3738398264845158,0.3299574838289341,0.2695075095007361,0.2232142401379139
106.40811723372376,0.37399365983150473,0.3349284494412924,0.270745010699083,0.22258539601011043
107.29694553693732,0.3704429782500037,0.3380064414666097,0.26516178333220236,0.2190860368544234
106.62880791849089,0.3702894500772973,0.33866423807001567,0.2646663165700117,0.21983301376378628
105.04049329925141,0.366489331401885,0.34036344867085694,0.2633404749701545,0.21737965015795851
106.36750310653032,0.3624739876450503,0.3376616883504097,0.2583800532521081,0.21644901613268044
105.55201764755444,0.36986089699979297,0.34253191111087006,0.26152765429506036,0.21688668036558173
107.3655764478674,0.3743649790302138,0.3187435934563436,0.25574659844562564,0.21612183717448877
107.98050277891933,0.37328943220090227,0.32239534302770645,0.25668224547850593,0.2187918472319918
108.79574772016608,0.3740441220943275,0.3188390795399693,0.25537895693823504,0.21660319164633662
110.0952388080588,0.3826029609898522,0.24416224659286365,0.2505628627977003,0.21643295595483386
110.63842999184652,0.38363808805896593,0.25972636500305063,0.25066844577301645,0.21875563721526545
111.4282399573204,0.387947530741528,0.22337940200185455,0.24765618756100619,0.21905483545614962
111.59778684008597,0.3912736906330854,0.1939913570461009,0.24675297398185533,0.21981798679322953
112.14389272295924,0.39393967256544143,0.19568128631386264,0.24748000557654062,0.22139643496441458
112.67877356694598,0.3927678839693792,0.1986743242177194,0.2466915560464857,0.22129120321364673
112.66511011432908,0.39232291303250666,0.19657183501817885,0.24635889141840805,0.22071575539535193
112.17570346586315,0.39136792688521893,0.21100752617820218,0.2468994115322338,0.22138558866711175
111.92022581933861,0.39360807493712885,0.21941350972720888,0.24627313147440522,0.22232815715361653
111.37996431962554,0.39396875205247267,0.23729004902770842,0.24922709447875294,0.22461355185461962
110.76621937754769,0.3966896498724691,0.23769448617495853,0.24975544936311303,0.22477030792496597
110.42507276851401,0.3953710991262063,0.2408104886291595,0.2503988918226673,0.2235148231926848
110.56660750486844,0.3935673144746763,0.24373130404578158,0.2515672895113154,0.223937561942918
110.48602270144563,0.39251255078894515,0.24072704035366954,0.2526192112225992,0.2235987229655508
110.74059505142343,0.3935993680149612,0.24733290740010366,0.2543678020451026,0.22578657066384153
111.35065541232343,0.39255604721788956,0.24344234688038213,0.2525503219544778,0.22340603205359003
111.4311729109389,0.390922061813995,0.2500226852375026,0.25380944743413836,0.22414616813048985
111.67786316315625,0.39436391355714473,0.25564632786021274,0.25262839124901765,0.22553271852455373
112.0313273417449,0.39499674847457283,0.24423692968165445,0.25054093608521466,0.2246116537746947
112.61666821319464,0.39514711789492885,0.24490586108797807,0.24890136039298694,0.2248016558222967
113.03228827594018,0.39684706950885473,0.20476394897577418,0.2475422605480023,0.22494133499444346
113.26392904318271,0.39709158286818413,0.21139566030430543,0.24680723428126858,0.22413427199893546
113.57022958525634,0.3953571715739273,0.22052614595454584,0.24838157059074767,0.22317985010972757
113.52437461276246,0.3951334361230721,0.23275282680672882,0.24877242874249428,0.22091805363740694
113.48936380874277,0.39528582505543813,0.20956228625632412,0.24692931440937826,0.21781484635352538
113.41848884419618,0.3929559113356076,0.16798202292699368,0.2440258686201088,0.21589522579991885
113.78946169618911,0.392979445812627,0.1523302392505711,0.24181876559708546,0.2152193906723802
113.73657126823794,0.39210959025430464,0.15170943721378466,0.23983346644893805,0.21540139574015668
113.33132185681018,0.39167201972096605,0.12780799168931295,0.23760708767454677,0.21415230848158995
113.59757608371667,0.3899599411550431,0.1277632298619164,0.23642623056907897,0.21242545511848207
114.02306752221436,0.38870980492436596,0.16650209302837696,0.2372914258169237,0.21204734101861908
113.76743524273328,0.38762804400524165,0.12859587650706017,0.23621111345992135,0.20958020744379877
114.29557006504226,0.38709593729373,0.08246933142759338,0.2315863973501562,0.20677847452512466
114.6171536840102,0.3871053476362789,0.07561768048688058,0.22901632137981376,0.2055728630800954
114.67491150241209,0.39154489730087755,0.09503970575778371,0.22694146937674015,0.20546285186757926
114.84008607112887,0.3962150418054982,0.12297649898055325,0.22545914512970366,0.20601626714761306
115.05761074699846,0.3983435872886256,0.14671175833475317,0.22364880322648995,0.20588276084490761
115.44902541861799,0.39829071307026964,0.15919785567057806,0.2225193220534028,0.20576793880882424
115.42319775645406,0.40103459146793086,0.13989294112019848,0.22482629625504758,0.20752261413858816
115.42155511233697,0.3983647426935961,0.13181865334326312,0.22470778308294495,0.20619402522705715
115.49900190942776,0.40035811482132827,0.14986197814787444,0.2224445048705353,0.20582639101900987
115.3356162917923,0.39795377080447375,0.16372089008780924,0.22039873639624732,0.20376822227522945
115.47631632106838,0.39661706059958035,0.16886599825936865,0.21945816120194245,0.20375234372539044
115.45912758224917,0.3994236185807133,0.1410194783031583,0.22173340893242985,0.20602667497336788
116.02501952752363,0.4005434455210603,0.09751871695671899,0.2254837699685396,0.20831938784703158
116.18057372716146,0.4022129151502862,0.07958619595793161,0.22788313288299045,0.21005876899383347
116.35167242287031,0.40197987074467034,0.11141284086454635,0.23011891799341305,0.2116996966199425
116.30871444203069,0.400990279273104,0.13775934948278268,0.23258265398876754,0.21264587718137018
116.18394268628988,0.39975095260471694,0.17367903111706376,0.23556691697567148,0.21472329212974575
116.09583993582703,0.4000336756331728,0.16937086195998743,0.23547098912607173,0.2142921440242536
115.89090377944729,0.4012706509974001,0.16657919206972435,0.23649259377655002,0.21411989210866839
115.72377242507154,0.40125204992990976,0.17247295457945017,0.23648699656202132,0.21470960407665735
116.65131239349297,0.4017278776611799,0.17841168992536133,0.23604128535219282,0.2140554621428866
116.98820454819528,0.40136760313017295,0.18267941003485472,0.23536805635197486,0.21264884531830225
117.34630404170434,0.4006843198982617,0.16500995089985018,0.23408963254209036,0.21064922202233852
117.35752121941647,0.39732942214859523,0.18636134988048353,0.23433955757510533,0.2085703542804973
117.769040806732,0.39896041103722485,0.17417350270651383,0.2339969176914373,0.20865700088176536
117.9297080080363,0.4009749408487565,0.164563622836001,0.2344521078680311,0.21089294272446277
117.26876844143428,0.4021811176285043,0.17552969399845025,0.2340853886656508,0.21169395369910132
117.08150059656656,0.40196346917825454,0.13336062695696024,0.23317561282255467,0.21333929476613056
117.07797194623544,0.4029429247044018,0.1310864431317443,0.23413810340539584,0.21399021902163248
116.89245017044084,0.4023693028638551,0.13148719678160062,0.23431140681426132,0.21298758654848923
116.72060788012442,0.40374766200330786,0.1082557221889581,0.23313036744269608,0.21431714504162844
116.29248265882548,0.40479091950475743,0.10288082510984789,0.2341793736769254,0.2133893597224937
116.08058355042053,0.40552694955419727,0.11247419186352377,0.23713013747527842,0.21503245768915832
115.72780238223086,0.407424853892935,0.10576425684892969,0.2371562626477613,0.21537057278141444
115.8516934625115,0.40646330905061395,0.10116770435148748,0.23559317152455542,0.21277954444044136
115.87955752331132,0.40298262822825276,0.10531928505238035,0.235941132895032,0.2091525365468597
116.26366739124974,0.4044647761238008,0.09911709147039444,0.2323936146454135,0.20912621468683443
116.90743311450585,0.4041064882773723,0.10792810468944222,0.2321924721990101,0.20928888713087804
117.41532149274171,0.40650954722654364,0.09487239669908615,0.2276376012466861,0.20773701320255444
117.48326645831669,0.40540602370015644,0.09338544868398065,0.22456712320201966,0.2047547816635503
118.07421019998414,0.4054401536463223,0.09086314197577625,0.22535518236836433,0.20541412532441455
118.14899630090827,0.4030323560794695,0.09199089530480412,0.22488121970135588,0.20339252343529912
118.34561940991247,0.4041613684454084,0.09486922548995753,0.22407446854612154,0.20456872363189735
118.32772785372806,0.400858286595516,0.09753010322992907,0.2222478033548842,0.20172043597474337
118.38134188564482,0.40192582907565605,0.11615139935283797,0.22139160664388938,0.202169609597658
118.5578089591416,0.4049372775995262,0.12697182654864514,0.22032446557475613,0.20403259673546728
118.63454887496478,0.40540344707826487,0.1408036940877864,0.21958859213740173,0.20543354599359176
118.80210896315567,0.40813557044814125,0.1396002249019414,0.22094025352147223,0.20640774153752914
118.29640436934716,0.4115338760845026,0.15137365300271752,0.2201121347848904,0.20759817902992608
117.97048927817693,0.41246083456002836,0.15256878811502067,0.2215127153633629,0.2095136185391344
118.07451229830271,0.415988261478555,0.174056527442872,0.22526672686352123,0.21298638221948354
117.88615764935221,0.41810231286171173,0.19111269578272705,0.22732145571008158,0.2156842029429994
117.87467661822951,0.41591641223826187,0.19594711577981178,0.22780070904987362,0.21654905308669886
118.41669891191178,0.41511373639610666,0.2003635202018665,0.2276534724698121,0.21769651603011175
118.62890805810206,0.41659154525053416,0.20656761238113855,0.22868494684518467,0.21955547702366468
117.80956170112228,0.413106577195343,0.20126036063424046,0.23062686347838016,0.21848537131281098
117.4989552893954,0.41011192017063447,0.1788731854382279,0.23060188898186643,0.21576026617965083
117.4656914240241,0.40918570594461,0.1707625277746089,0.23059763407932868,0.21416717460153975
117.29856957327252,0.40979887315563757,0.1670249145679534,0.23143566642392613,0.21328300015263957
117.14238573322434,0.41028014573368793,0.12871784590844013,0.23463757863961185,0.21340549830956876
116.4778788715386,0.4100680343447899,0.13996041884590082,0.2341214051296988,0.21302580357798015
116.86212331550065,0.40719238624200493,0.15362183999331555,0.23290733678765316,0.2115595585484697
117.42616379649976,0.4049886556249546,0.1605451546017605,0.23023147586795042,0.20927366609042414
117.44136820406521,0.4072423486198469,0.17022919738920853,0.22854368979274753,0.2092635758472664
117.75521126542169,0.40447708525478887,0.16912899999151385,0.22629101677177968,0.2068683664412179
117.5044281477823,0.4063590119492824,0.1708154918592808,0.2260571994532017,0.20625725593854555
117.61544987448706,0.4068158682901459,0.18309274922839747,0.2256921968824277,0.20585144819572748
118.18552870929089,0.4044105152814344,0.18905394447566679,0.22351340837988604,0.20249368525185305
118.66636062955644,0.4024157920570909,0.18899016403826552,0.22030464009946718,0.2005120715222812
119.65530314491298,0.4058607481641229,0.18656553829625502,0.21915621178958933,0.19953622250945244
119.57701139353716,0.40832872733913317,0.16787230881177334,0.21963816546706288,0.19960258886160914
119.04042839647494,0.4087394305987566,0.1562031695199719,0.22047919517421852,0.20138959029400672
118.98962831560881,0.4123212211243673,0.16828528577813315,0.22129025497206603,0.20318536290537645
118.18301131948985,0.41505607552798474,0.11863504025334937,0.22541126792826707,0.20481610627407623
117.30028060614748,0.4144531021716523,0.09387528121517506,0.2260347983009259,0.20425078875399486
116.8940563739668,0.41306553881844665,0.11460267218496652,0.22319619145747874,0.2042991547739123
117.11861668488379,0.41344523752441176,0.1257864130435144,0.22366328639641175,0.20644431966296978
116.4410264179004,0.41465146197198693,0.06719577174975427,0.22846588043482866,0.20965892381265297
116.06005623648849,0.41505640982728687,0.04225193819474908,0.23146436522921052,0.2114787134389294
115.57666033501452,0.4161339344805307,0.04219038873357261,0.23181294505669037,0.2130810844241712
115.31929526869581,0.41542076472387723,0.04027646525061357,0.23378941044341894,0.21433657855115743
115.56781768167069,0.4162715598071199,0.08074222187079465,0.23154416299358516,0.21423828695766522
116.22966174573591,0.41740499377765755,0.12628144442865427,0.23144484521907904,0.2141079611895669
138.6396613702325,0.1904132618280314,0.211407133377717,0.2021305163342696,0.1857521013196669
162.79327892711447,0.03557123570351683,0.14252425045031308,0.17579449064449146,0.16533178112978447
128.84001819730636,0.12108466117266506,0.09873541947285185,0.18624576515627986,0.17470129710273277
121.38253582412243,0.19753598827355917,0.13855406237884668,0.20786438150834796,0.19618304523806443
120.89341395203205,0.2429549445843488,0.0691912872022221,0.22795949017501213,0.2125036331219988
122.12259901362474,0.2800445867059088,0.07903448588494943,0.2381573136330495,0.22174467248441443
121.93988396222463,0.3047158782427684,0.07051810911957422,0.23993121287244507,0.22472056735734947
122.31148722655124,0.3239787888037292,0.09337609249392516,0.24146686749053853,0.22801510077587822
123.21775241081279,0.3403288575468019,0.08628303006396489,0.24752203988281898,0.23339962104589265
123.91908007468258,0.35082373719127063,0.13159853818266917,0.2528342929904644,0.23496179931132705
123.92948389255524,0.3618347676934491,0.1594757971288481,0.25307268067471017,0.23620442632257674
124.85779832639973,0.36997757881095833,0.1803581451875469,0.2571058459595824,0.2408662916501442
124.08764578399726,0.36681374264449546,0.19969235833846577,0.25688793898551454,0.24061787174895694
123.38454128385807,0.37113501449883196,0.19929928412008674,0.2569858873415253,0.24219655240378468
122.4064248529475,0.3766886600333673,0.21148432463009056,0.2586019560010516,0.24270997197793423
122.47561517676623,0.3803717684815372,0.21877728495325333,0.2583018577750925,0.24190655102125028
121.97697774901353,0.3838070221765547,0.2198985213196663,0.2585432507695344,0.24082587906948982
121.35074824247029,0.38900711046749425,0.22848171499421557,0.2599334880514833,0.24084967485228867
120.3296244559478,0.3901706513919279,0.2444779857146024,0.2592135246923974,0.2392321527946458
119.3508087343248,0.39273243250518425,0.25559146963685964,0.26055275099015335,0.24219335297270353
117.23201977476666,0.38811929886445384,0.10920108245503843,0.2612156057583355,0.24316517516997682
116.50511031081744,0.3887208566361114,0.14769135446597978,0.2589855647281021,0.24236796925417345
115.915482779998,0.39201376714737046,0.0656681944057513,0.2621922504425182,0.2447165778022091
116.15342128401657,0.3885232612467567,0.10242795994772175,0.2579358259121282,0.2429631347468099
115.65356742858843,0.3877301536067186,0.06792364207482117,0.2574455442897432,0.24260416803040696
114.46831171071445,0.381850888265984,0.09747809850714444,0.2594889603539377,0.24242821687282742
113.27163124427939,0.37865907163467216,0.16126133219253755,0.2628832497531878,0.23843354431792377
112.30700596932596,0.37747548644662765,0.21423881122820138,0.2663056880595694,0.23533470072140658
111.24992060728218,0.3767157095562856,0.25389553695795225,0.2673745887158238,0.23429389852617824
110.60863388358933,0.37604000399851284,0.27682124715264295,0.26723424219091924,0.2319426218093126
110.42247366810804,0.3774564966022197,0.2976470141237077,0.26940996100504055,0.230906133750515
109.93662241846636,0.37734341546964456,0.3057123577258829,0.26997177871689554,0.23080757901734827
110.590504469962,0.37643640956862423,0.3050736590802695,0.262647591946365,0.22578506207994184
110.08205139089746,0.3739283962677007,0.25920305591100445,0.23696132794855077,0.2159215397474099
110.6823726800423,0.37334583112133246,0.17009087943219278,0.23455408101338515,0.21248123589211118
110.72942202482652,0.37408828631521124,0.2059467585645771,0.2375485394942636,0.20795181270543325
110.19956916522591,0.37726944819902253,0.24554305935649987,0.24617040109305838,0.21140708840713043
110.43674380366119,0.38155188804026136,0.27253225465000275,0.24952353771345165,0.21253737031282272
112.62107576386938,0.3805666846852365,0.2794992807473223,0.24828431682009125,0.21447009605378026
112.57563597249366,0.38004980984510467,0.2766271334875355,0.2472705779489464,0.21490765218112348
113.10126574080864,0.38206284900968596,0.21608513699809145,0.24523010875659026,0.21919783759344846
113.76641776433956,0.385927357827973,0.24136146999787592,0.24859314702547278,0.22345854137899637
114.23854033875537,0.3855730608951709,0.2577174051657626,0.24826112760996558,0.22282903930870054
114.37256108385468,0.3852338310563332,0.26058249729539884,0.24863112998309675,0.22416029682092603
114.60900615079004,0.39093605461450215,0.1882087837136353,0.24863025422727106,0.22591051801084464
114.60791119746202,0.39533374799210597,0.1894525368676015,0.251120790551353,0.22910053923409462
114.28600235030389,0.3979471861558628,0.17700960535195032,0.25308887800904406,0.23168382356114117
113.41047380714267,0.39634829552026596,0.21498978275804234,0.25514110644387633,0.23107769936657957
113.02424662444203,0.3934946908171035,0.24117205427280308,0.25618207173294877,0.22851648080367784
113.05389303237735,0.3934849819124081,0.2416251830907962,0.2546214285931385,0.22629472332621575
112.99363827428101,0.39152920857163165,0.25713952751297786,0.25488857421518296,0.22470152055166936
113.00763339111838,0.39262431632184414,0.21771063076850808,0.25186726696221495,0.22408696877304404
112.6576845006895,0.39444018025251243,0.25288267670709347,0.2560608632557527,0.22493837416396378
110.805589080569,0.3958774772909107,0.2812753045947733,0.2613932200926312,0.22853667890720297
110.62261879283034,0.397242481331571,0.2947813010131392,0.2603158594153996,0.22543332227493754
110.12055219170003,0.39557913338294665,0.312963541576735,0.26211856148531565,0.22468935836064485
109.91432291441149,0.39599924814909765,0.32162318870884493,0.2606107942299182,0.22532262603171713
109.80465053317246,0.3951038645790805,0.3164993724469403,0.2559414179211066,0.22187452775584093
111.56029174345245,0.39819810115051013,0.27148194003191456,0.2469956581741876,0.2165802374118674
111.24353459481657,0.397223036548132,0.2912419382222594,0.25076257074563846,0.2203634741743979
112.25748904701756,0.39621010675435886,0.27103337731818367,0.24639346062416767,0.21773461985859344
112.29057781478457,0.39536551857923125,0.24590288747024308,0.24387859179108815,0.2180003165653391
112.69668976040094,0.3964559781681484,0.18646294938029112,0.24077582212569126,0.21802563647441364
113.1403592757428,0.39778091008105065,0.20601956621474765,0.2431078209564212,0.2197882386444338
113.32868962574172,0.4002952589429852,0.18818813390372638,0.24217409689110048,0.21692684948350083
113.06047848658842,0.3967696831664105,0.20981817884355775,0.24092528999170773,0.21328522267489808
112.60349696453035,0.40303675578796244,0.18939883431093282,0.24522451969692416,0.21549960379925676
111.541057939968,0.40151387444259273,0.23538371547850634,0.2586817102212894,0.22065479524532575
111.1217965455349,0.39804464882665264,0.2592092439600979,0.26147232084415784,0.21968426541259595
111.37396119864674,0.39565708549874395,0.2658382629609532,0.2617905327596359,0.22429022007351487
111.46403356729355,0.3943926333945193,0.24876893371544329,0.26241506148786475,0.22924718511597214
111.50220890166945,0.3918326974196499,0.25568947164513267,0.26233299472836447,0.23266912967622583
111.54586769117371,0.3892560880496043,0.27814349249407916,0.26353139637221007,0.23043617055147114
111.58388552105215,0.3893342372362036,0.2908756271649974,0.2648026727688556,0.22924885965275082
110.90058164694439,0.3910579232973184,0.30117966872916213,0.2655842760114649,0.2275479934456714
111.0837120072172,0.39269278203267766,0.31144260606023005,0.2623979119455732,0.22566765959150276
111.53317627876707,0.3926035971118693,0.3137354045107147,0.25813778053473907,0.22197049453927756
110.81584812442995,0.39157208363165474,0.3190007824295718,0.25809053469486803,0.21765248476674967
111.53183514655603,0.3923227805288639,0.31939862341572206,0.2546765608262742,0.21454691891034977
111.51092688273084,0.39251595349425344,0.3194923959706274,0.2538974689517946,0.21118271833554775
110.84197646876852,0.39546019647725084,0.3285015457817546,0.2568276963227904,0.21081696108562925
111.37480514868477,0.3952036524462984,0.33013542118111006,0.23918324221080806,0.2076378841640024
110.9013515708732,0.39726115663279804,0.32586809493402985,0.24814848602379824,0.21421526481623956
111.84253662297806,0.3992864887708668,0.3002053031908193,0.2484490448406869,0.2182298404249304
112.48226777507264,0.403348215810726,0.28173754121583316,0.24930762460562605,0.2194665974617115
112.47186204163862,0.3978825328646358,0.20430679217791378,0.24376644855995677,0.2187369994135639
113.30328636942646,0.400247559480446,0.18405005650337547,0.2401236942001398,0.21976931125507104
112.61987541000057,0.39837976863586444,0.22616467416728997,0.24691474960193996,0.2249224406804108
113.12102533043142,0.399544364620063,0.23076294608531764,0.24661165445874036,0.22592323637212317
113.20806165058332,0.39826567845197086,0.2588144845216039,0.25123025229772705,0.23159604392610098
112.63605102091627,0.4025264562175712,0.29083355941045225,0.25980760788311075,0.2376471066876712
112.68334303546463,0.40281587343358827,0.29940269030631983,0.25693611407795597,0.23344452414785982
112.22642331470337,0.39854775828694894,0.3065041157927874,0.25805974678389776,0.23704692395752594
112.0317239967553,0.4001152067941572,0.31490953901663904,0.26171027366538796,0.24008602233734996
112.18462791796644,0.400986820029788,0.30047335278392523,0.2555875031407034,0.2351613191558126
112.15270787650373,0.3990434536213399,0.3028720096958439,0.25789483720678735,0.2366290883467411
111.81923507762117,0.3993476848396663,0.3144309053738218,0.2609875922596714,0.23528154880708205
111.42923468109385,0.4020257354506254,0.2981266536277831,0.26072420910114286,0.2333644406852997
111.6280562299309,0.40036821406691203,0.30302819475817755,0.26035078098272896,0.23207529680876623
111.91861175090412,0.39938617114310304,0.31634686453090344,0.2623029430042554,0.2323932752174293
112.16239925961085,0.40332591568383896,0.30245739868666965,0.26105781399908884,0.232746845148597
112.29864018795725,0.39941818585409194,0.3043353128440032,0.259857248967868,0.23267224076184265
112.71288050771767,0.4033709513435192,0.31887860644229193,0.26267572824754115,0.2340383703034922
112.91905599514725,0.40723334423568697,0.3156832202155268,0.26195623373931515,0.23351672935426201
113.2611128721676,0.4052337904723755,0.31362900981828323,0.25936157370556173,0.23200350650267632
112.80455218030035,0.4032207560733267,0.30599039090241276,0.257499231113734,0.2305072679892033
112.44665413459086,0.4040763745360096,0.306175687890287,0.257506823779879,0.23159163638070474
112.50117680673031,0.4010819694081523,0.3132168230762066,0.25804890099181615,0.23411661600310982
112.89212821158472,0.394341701849124,0.29794865315542873,0.2540594903965381,0.23023976460333104
112.94322555534666,0.39219665095867096,0.295822329230056,0.2516557940369284,0.2293400158955862
113.21695176322156,0.39286324658125715,0.30110063326161013,0.2552013210700322,0.22975986258901476
113.30423866375705,0.39470276269647087,0.23981416978176326,0.2517007258123693,0.22839432046666014
113.79406883188597,0.3951876708613887,0.1338182952605623,0.24776432762929984,0.23046326161268738
114.54763197940238,0.39427896217640285,0.18508619755863182,0.2492881186729358,0.23012216929287074
114.29688777610278,0.39783579184814216,0.2308012335078508,0.25244482218994285,0.22942225965312743
115.1022801059464,0.3965667293806025,0.14771537199399384,0.24725236573647205,0.22946392293782555
114.79398710600557,0.3947827194390607,0.1393243094185158,0.24599934008763283,0.22852585474188322
115.03057158872137,0.3929590553981737,0.11092041832172499,0.24395078718677138,0.2300645342288068
115.81006372568802,0.38859825302794443,0.06540519595489049,0.24230384391822718,0.23307644676317227
116.07984346553027,0.38457909594469464,0.10137619181710193,0.24813453992765805,0.23737603014726258
115.90295604638857,0.39134546654804125,0.16823530977450465,0.25319071490984985,0.24070959219283905
115.59822994163194,0.39848276659444826,0.15061895928070715,0.2490606502553132,0.23613513824590215
115.72924964637976,0.40108497492263795,0.1314584729434188,0.2462482497974828,0.23498635131246487
115.7843769122411,0.4034891588893914,0.15904383012913573,0.24775109758973424,0.23597333571148432
115.7101102737317,0.40471555543414434,0.17598740950575337,0.24785050239916798,0.23630132410965649
115.74099146643815,0.40379529287568255,0.22136617241709147,0.2527184596083178,0.23661565506175464
115.30287181584124,0.40294266173794624,0.2430756648145292,0.2511097870191518,0.23345273681406795
115.24190382251655,0.4031374658539234,0.26708813130946096,0.2534655046183655,0.233008180570513
114.80376268369028,0.4062913047196281,0.27745962054115175,0.25136577244829167,0.23094303968236873
114.94280238406263,0.4048837760300642,0.2940347798111643,0.25305753573942275,0.23248228162873036
115.06778728207324,0.40783359868150015,0.27475395096696914,0.25023688549292017,0.23134539207230873
115.12364577636791,0.4018162422626247,0.2754246796195936,0.2506785158941296,0.23057714414460156
114.53310745449038,0.3978949166678698,0.29397136505786026,0.25366303282073277,0.23144404421408796
114.28728535041105,0.397870534099814,0.28613579353894875,0.2514025626300782,0.23144837207438276
114.11221779572213,0.39762775124579613,0.30131577811362203,0.25535998172853214,0.23374069102216954
114.20249721268064,0.3991509453991627,0.2816817008758609,0.25059896281789606,0.23140176334414425
113.47199293818939,0.3964623398598911,0.2939755422805783,0.2527263368816252,0.23108240568863844
112.84853755242257,0.3998272774813101,0.28550456540693414,0.2518892614182168,0.2300620749136924
112.55598853376775,0.40265759956169034,0.30049006111942667,0.25515181388743396,0.230649555481132
113.22336840807287,0.40267633391064656,0.2951544948163944,0.253223121941289,0.22943848777826809
112.70947528514489,0.40126365261598135,0.29812955239403105,0.2514929923174352,0.22892899611620818
131.9177528155281,0.15387141290690504,0.16377060907541796,0.17538140353771373,0.17378371656808464
137.86366533130777,0.06756169507354912,0.12470414014555276,0.13989424550802013,0.12564235384821787
112.77985444809892,0.15331502269952338,0.13503239976429082,0.1459499500226544,0.12912736465838734
112.11590297231552,0.22521196638335816,0.14964609996973977,0.1682235752115304,0.15182106084708197
109.15865541310933,0.2992947790112168,0.07391041241093273,0.20724869757327244,0.1830142922513725
110.07666230029083,0.318469589325308,0.11572156874087954,0.23272318850417198,0.21049252299160315
113.96722328893021,0.32814857079713877,0.15582440772654485,0.2500075736187372,0.22477394703334727
116.70349035000353,0.33268814720790657,0.18015192573630062,0.25430017537872535,0.23114243474672685
119.47910886620018,0.3437803777082891,0.18858647128731557,0.25005965081522746,0.23690963845371427
120.54758872715499,0.35285588831499953,0.1371996004497699,0.24796882748539217,0.23797190613640243
119.90832909614954,0.36274367458029766,0.14180861833629652,0.24784573204053967,0.24055351569821634
119.92174427747337,0.3690529542066495,0.11465656333283537,0.2421907041117367,0.23994083203847455
119.3336657164448,0.37376171753070536,0.1062215698482028,0.23462113700641674,0.2355676467419525
119.2187481796133,0.3774067730813855,0.1411325334806645,0.22868397819317465,0.2287339395101523
119.60159350427917,0.38041189278116605,0.18044895683768414,0.22588302954400252,0.22555564944303283
120.1552952733599,0.38501522220381,0.20543870958272303,0.22417670581523094,0.22248975992725886
120.69954537743938,0.38419106857964697,0.2315949940644906,0.2232211182723581,0.21972223924108225
119.75663560137839,0.3843402541761341,0.2419313942257293,0.22001316946055305,0.2167521240345313
119.1504523293972,0.3823031248472054,0.24442570662389632,0.2190800877210939,0.2147668123479314
117.91380599717452,0.38099960012748296,0.11511059214221521,0.21969630589818895,0.21234906139170637
117.89405829823146,0.3810323565913653,0.15381593354835899,0.21741202823970024,0.2095763425304143
116.65959637685725,0.38176362973106276,0.09145208667414155,0.2214924308929548,0.20983803918227442
115.73849234484803,0.38476092311418725,0.1123537483119519,0.2154924764373898,0.21024686196073872
114.98705694753549,0.38978504464226726,0.08857454555424887,0.2184014268274263,0.21172724484938246
112.60268325024731,0.38738696150016816,0.1390499540275518,0.22583222181050375,0.21277073100604627
111.64357665477623,0.38781558533589716,0.20832640525058096,0.2375667863983398,0.21844876563920768
111.51352619691012,0.3935580154653935,0.2573837294927797,0.2531368523539461,0.2229626048317687
112.7885481348724,0.4000024238239694,0.28035810276899414,0.2558830313705528,0.22076990336966076
113.54819778131689,0.40395858683598973,0.3000191991704743,0.2540296700519305,0.2155889698285258
115.18662190872094,0.40561358805903064,0.2881446833494136,0.24264884141126716,0.20989573794299268
114.79207342518646,0.4081757859786235,0.3135012007169211,0.24449120862636944,0.21172188930616284
115.43577894043915,0.4105290092080799,0.30244215405901337,0.23959288247587865,0.2080456414959449
114.53473204196428,0.41543463919027435,0.30757684770580396,0.24346226983702082,0.21035929362498806
113.31451260326604,0.41599123232170365,0.30001203776179136,0.24020961913475863,0.20896434643161088
112.74597397842417,0.41134648020774156,0.2875245945885386,0.2319450076322777,0.20789400137371475
112.23501334196834,0.4184450235173429,0.305309069471178,0.23780108800740385,0.20760435942460043
111.22302642588816,0.43444384127579716,0.32803584257860113,0.25263506788876694,0.209208400713097
111.54772012830274,0.434040685527525,0.34081982294531615,0.26130081491652235,0.213994099266091
112.71348407574123,0.43174995172568764,0.3361969664642503,0.2560306319159556,0.20971251620466874
114.24805819374957,0.42914805818391816,0.3204127243946666,0.24843865403482676,0.20521478092319995
113.94400841523543,0.42965257336668,0.3242727831111834,0.2531445790732819,0.20779932505565246
113.92236880015913,0.4239939645765659,0.3307134160288315,0.2560509853747289,0.2076705237951166
112.3875006091977,0.4247963258273617,0.3403337654587188,0.26030387229642454,0.21045327065513147
111.20646001268754,0.421885719279293,0.32055031291137637,0.26386477101115086,0.21447265487549588
110.2434939252947,0.42297481865463105,0.34285437932589263,0.2772769495136549,0.22202680019712642
110.57131564179208,0.42557920645858344,0.3422669290757936,0.27817717484977617,0.22458185942908196
111.07420650687729,0.424933558063005,0.3161900864755601,0.26689910266251327,0.2201297609643374
110.4943991366603,0.43076904409052513,0.29876138200728064,0.273192818009195,0.22109562928869095
110.1697762021761,0.4278605250549598,0.31379189086828335,0.2870512716096944,0.2215824973107875
109.82157135863183,0.4234310763670199,0.3257265242657073,0.29312263632054264,0.22194218548118932
108.9909430677212,0.42140940967325097,0.34326102812398107,0.2980324938891349,0.22313916510392715
108.62394975838441,0.4163598733845942,0.3408237890474067,0.2907785389302296,0.21805895474173467
110.05823023421733,0.4134722322618957,0.32157657154429153,0.27367432893259197,0.2104331011714399
112.40081006920346,0.4142269114538004,0.2521080794838217,0.25571034495812583,0.2036928320128948
113.64232078065169,0.41258296923449816,0.26221722155170524,0.24737193287906575,0.19974260879913527
115.32626572659896,0.4109989168757068,0.19503961071443615,0.23874102942460634,0.1944799101204969
116.28263437108508,0.4106026428874034,0.1804873012371512,0.2324758179362874,0.19247086157461912
117.10738988680768,0.4073198411342543,0.16789765086282563,0.229950349500941,0.18975813151296328
117.1212597228765,0.410725347402129,0.1842387021212695,0.23025015768454915,0.19023638997313264
116.60689359415528,0.41496704255574046,0.21985660231770351,0.23426707557126872,0.19603399329420967
116.59415008563651,0.4139166878129764,0.22741859630560185,0.23061537419736616,0.19243490518029469
116.93955941204929,0.4076814304157796,0.11415605118586335,0.222751353466187,0.19101681217665817
116.76707127361901,0.40830520476918863,0.16879693972211823,0.22756596422472192,0.19411553769876932
115.71240787154814,0.41540138018561223,0.21798598968694446,0.23565645367735494,0.2000491902361295
114.12495112182262,0.41411356043085396,0.2526304313743857,0.24030355578828955,0.20132154420860088
111.6684254152677,0.4120300206887564,0.2809751815308631,0.24551314182643952,0.2026018212696442
111.3419203988958,0.4094568774529699,0.29317920010390724,0.24923842223154832,0.2037860607446002
110.15231889593571,0.40671030272936676,0.29809845641602745,0.2523228827951975,0.20468394470101509
111.15908227848544,0.406201287725029,0.2767450777145646,0.25220114381240333,0.20443273137535584
111.46669191741715,0.4042812605478767,0.28208734449439826,0.25363884590505575,0.20462084725487698
112.18459360619417,0.40591684099396924,0.28139091020551127,0.25524707439656685,0.20431753987924492
111.87318398098904,0.4069458099033246,0.291419051249915,0.2593498837688456,0.2060174382130048
112.34250762468119,0.41036099100901713,0.2981272630927746,0.25885959107991147,0.20812909646001232
112.04767853524874,0.41041261188929945,0.30470669990614285,0.2579601461769968,0.2084774920294759
111.85847880030683,0.41551238728618745,0.3138436219058859,0.25882016223877696,0.2096715956037517
113.07733476167641,0.41332248410277583,0.323295482009639,0.25546850849224717,0.20646833613398696
113.11557588290353,0.41509963442423264,0.33239177129276004,0.2617634751036555,0.21048632658836372
112.71062513285715,0.41735968459621214,0.3289723587771637,0.26345000883353376,0.20922200086607085
112.2065347944131,0.4157127125233148,0.3294403475159814,0.26527960294561875,0.21222215206118525
112.8915487715348,0.41235061917763666,0.2916121326462994,0.2575749741692152,0.20987287556517256
112.89741871402254,0.41564941263712374,0.28987043282681263,0.26201711571942843,0.21537031593189557
112.79551053660751,0.4161650025522845,0.31785365988458797,0.27266440581551543,0.21503807128316482
111.72478714930385,0.42854217764381974,0.3489905353334137,0.283754176649285,0.21732143709801152
111.80314182279629,0.4366790678554843,0.32886262835947566,0.28190525959150237,0.21748080178672724
111.59359004012023,0.4466379724911457,0.35529394514187534,0.28694063792952723,0.22047433461963242
111.77701094660426,0.447829451016623,0.3692035186179946,0.2883659147582678,0.22023397854115023
111.56838054536058,0.4422200264297497,0.3701557385668141,0.2826373287338707,0.21876360233161687
112.32139864799113,0.43783248480523373,0.3271644803508364,0.2661173246671404,0.21460441579831327
112.43249176877362,0.44382400686750945,0.26378340855198357,0.265497804752674,0.22136188036027485
112.09283423407767,0.4462060305728416,0.26122448648571833,0.2626556472469498,0.21591234339725057
112.24522614254496,0.44358837520365096,0.27897151062984127,0.2552519479039974,0.21044518804558662
112.18982226987708,0.4527958912174546,0.2871334281761149,0.25979152275246364,0.21703840063432972
111.66132367883748,0.4616820685147905,0.32964330127390135,0.27650380967966837,0.22807087662960654
111.59461409887322,0.44951629606417065,0.3163513992392724,0.26179569685727955,0.21676187036536468
112.08665269277722,0.45546380916155943,0.3156087621514616,0.26883001321500966,0.22325220855992867
112.63765018348549,0.4524862303239443,0.3218689951912086,0.2682654650847589,0.22283371109462397
112.73548153642469,0.4482469871852465,0.2679830292945359,0.2581787277186067,0.22130932984234655
112.53156234897745,0.4444107948566356,0.3020559758729665,0.26300727656489964,0.22298786328188624
112.88840552663417,0.4332714665414602,0.30552567099440914,0.25682972870085546,0.21832067295666432
113.64446657532652,0.43245954539211795,0.313570866008475,0.2578047268614305,0.21949195217289144
113.62615806171645,0.43219569111948974,0.31775996888423397,0.2576833337784389,0.21922005214851067
113.79351435772266,0.4284802667500083,0.3207347145697045,0.2573712961498208,0.21861147760696767
114.29461735669813,0.4314585001560097,0.3321252316552028,0.25859982746228305,0.22047535278466632
113.78180703833979,0.4378024060158354,0.34648016174966423,0.26576635962954,0.22514418600064348
113.29886974112803,0.4393873386916408,0.3598688000243126,0.2681961980378665,0.22340115233689034
113.56092748037378,0.43409694836978024,0.3394551101993781,0.2573562884210831,0.21618248908989168
113.51185927218708,0.4358416757889279,0.3543399800804801,0.260698714820068,0.21789555157033424
113.07937580833382,0.4311033909316191,0.33393989457172696,0.24971037958651748,0.21111983551781743
114.08651918844541,0.42848495945673165,0.2780930030044507,0.24315952911250105,0.20777422027386544
113.37061948614938,0.4290880458253735,0.30272868004529174,0.24535973966705535,0.20891308329621747
113.76628028362319,0.4248306961534961,0.29612620433256703,0.23994334690820077,0.2039377236871267
113.79837375918562,0.4244228950433403,0.29326830102941703,0.2383249354379072,0.20621241801520326
114.87105013247965,0.42656252508856557,0.314940654122217,0.24130467897110983,0.2072093914732832
115.64075971986945,0.4188077881765314,0.16337422805345383,0.22850777037223877,0.20423678092167394
116.88682113384426,0.415031497070529,0.069079629421254,0.2205806582983586,0.20011646723973753
117.53982676707449,0.41193586194897763,0.06424333952549251,0.21500858351997296,0.19660950830155682
118.66927655954252,0.4117298354356128,0.10444589170062821,0.2133418145333669,0.194386648881966
119.33604488091618,0.40533833433491806,0.1421011681607608,0.21107605645006552,0.19414288671697855
119.15501786618879,0.40180501511589967,0.1681492355025239,0.20925786958144613,0.19202479575295556
119.92826392539487,0.40455792446989713,0.17930358907475175,0.21067870069883082,0.1906495998147048
119.28133670220686,0.40464015769987344,0.08852886029587537,0.21557972672962092,0.19083213612585798
118.82650784120378,0.40230712969009524,0.1076358398009162,0.2148632802403028,0.19039725853059877
119.04638678187436,0.40409502697466293,0.08550630466651835,0.216027936149196,0.18957427242097785
118.47685712936944,0.4026161541717286,0.11385842196572006,0.21380299247432122,0.18796788224165242
117.88877195487001,0.40144622579569855,0.14646661991301455,0.2133853160566778,0.1868754338057592
117.73338216131495,0.40240062116381875,0.16272446368641888,0.21242472383555036,0.1848943591744914
117.60135579061343,0.402599217725605,0.17282593991615733,0.2099188456691288,0.18416513769237042
117.5277196080999,0.40659028423984156,0.09182776132015698,0.21413253956903125,0.18515473894744613
117.19653682316297,0.4119479937114801,0.04356110959192818,0.2197995579757822,0.1896418663520629
116.7052240232931,0.41497759231288217,0.09660125541326312,0.22763898500227334,0.19464496248384713
116.14502398879021,0.41316672143578903,0.06262885809946503,0.2266935194294015,0.1961132815489042
116.83679305723709,0.4173538726695283,0.0977425652374377,0.22804330242874946,0.19607772410274174
116.71110885892024,0.41610515237969686,0.06412390920911813,0.2266424868992837,0.19631092569068373
116.94126539295266,0.41809474462637286,0.10353716681915412,0.22707353967283142,0.19516856597680665
116.84501241766849,0.4178178802015804,0.1060997818576619,0.2291201327111729,0.19735700718794508
116.5956386978634,0.4213010218621202,0.17765717847778886,0.232597885497601,0.20041706392913355
116.51629982269247,0.41823860863972445,0.14391555910251982,0.22971865707187572,0.19817650788240726
115.7162446974954,0.4191371254048467,0.20601570933722407,0.2314728424340335,0.19931307418858304
115.94723826412877,0.4174105166607427,0.16416058586989873,0.22968988395187231,0.19768900333667627
115.68422131573942,0.415703638616976,0.2136296596360171,0.229449220493794,0.19758790192279987
115.787669402279,0.41267714223746205,0.15369031249767462,0.22600871073918508,0.19706350614557833
115.91236037144552,0.4150799376880472,0.2063328308360336,0.23005074725258928,0.19964341508606948
116.59066338390463,0.4123840373595694,0.10404489110398912,0.2237032220264657,0.19563678139091695
117.19779134691038,0.4152344543610794,0.11930108676330506,0.22207599183164034,0.19361791810144424
117.21745919668071,0.416163097873873,0.13801435792086206,0.22528038702968342,0.1942590697328099
117.52677499484417,0.4143928694478454,0.08560696739131773,0.21977019316564178,0.19042288094030133
117.55143835910424,0.4121128385263311,0.07385689572303013,0.21810563064249325,0.19074402055195872
126.91795478006368,0.15589669025509953,0.25125622942817716,0.23670278319229368,0.20993828421612648
149.60782005547318,0.024479355639737348,0.25730526824695993,0.21301525339624242,0.16783400017800026
130.80222101795798,0.11584919419861456,0.26450828010134164,0.22393133822251313,0.1837976708454212
125.25228491741375,0.19114348015760935,0.24730232890764595,0.20560444156641325,0.17863644797878278
123.07928807599889,0.24705257254276025,0.14342051798170105,0.15267570518101228,0.16794883296579582
123.03026728194502,0.2853167424555183,0.08095963139669393,0.10046136853680537,0.13179913736026427
122.06243979773788,0.3105995797060665,0.09614303480794999,0.09837466679095336,0.11398008222014286
123.26564364972945,0.33452777683263835,0.11937765023524673,0.10767412173044408,0.11410089949267416
122.64269431317685,0.3519290033898179,0.1430621900061134,0.12907570972306584,0.1145724189187926
122.78967696487437,0.36663764811899685,0.16490083111590167,0.14896790315852837,0.12702486941505173
122.44349889714316,0.37824969312955586,0.1745462522743552,0.16627016569767253,0.14582478681737013
122.65690863928344,0.38177033380116393,0.15551234107782824,0.15850441410856866,0.15038782865048217
122.6181600272241,0.3809443639986564,0.14048749315312456,0.14030659354766345,0.14683725688954213
122.3320051382632,0.38743136850642074,0.14762841912811908,0.14268843065188344,0.15265551296066365
121.70596900322214,0.3928354038441938,0.1412012855595204,0.14980478315408213,0.15845361442066033
120.85809260457357,0.39871987999233666,0.12053445092846315,0.14897693840081966,0.15715007402728953
120.60937667216989,0.4022918412420771,0.09677381980986728,0.15152733135903154,0.14887974254854053
120.05853083416308,0.40502312939614554,0.107514520370534,0.15988390582507045,0.13624143718393963
119.86080787935384,0.40728695847149515,0.1271926138622687,0.16584269193726978,0.12961627721748442
120.9949278949548,0.4092571918493742,0.14149328206286257,0.15632486790325936,0.11634822947102881
121.56709396083109,0.41121141945600886,0.1618724631720715,0.16170531675778352,0.1135200032605034
121.68662621376943,0.4114127761323646,0.17275309660644336,0.16296682084107073,0.1110670215957023
121.39775981045761,0.41593361467918627,0.16870888635291362,0.15805802156940937,0.11231648885307502
121.13756919231618,0.4208369955429229,0.15530155707826487,0.15353071273699484,0.11549252938364936
121.1898075569099,0.4198204374951577,0.11495417331117655,0.1254378191795973,0.11962948248552462
121.3768956194494,0.4171364337524124,0.12233959035559733,0.12358955888015406,0.12336877303534034
122.18848735200316,0.416753764745847,0.1482646609554337,0.13808428894839544,0.12264384324822807
122.33398688601173,0.41515067592219224,0.1590746881487723,0.15409186543093226,0.13095271887674817
122.41175087921235,0.4086450649676106,0.17329160968110008,0.17005377878685277,0.14586783722777255
123.15595847618266,0.409213455685284,0.18330381022634357,0.18443825135819406,0.1603725479052483
123.60163036804596,0.40984605124697243,0.19734698835107956,0.19408987543776524,0.17177580034126658
124.39222845459595,0.4066227487354671,0.21023657439401552,0.19867563837716998,0.17813208257279234
125.45635783169564,0.40548416694052863,0.22585429207068494,0.20724645154724616,0.18497732594724736
126.1769543068704,0.402146158374888,0.2200617038773892,0.2120812879332413,0.1913741217961465
126.1654261178588,0.4023880422819701,0.2256127188385142,0.21739191489407525,0.19846527512367143
126.7818337412703,0.40653009100967813,0.23207129965050677,0.22025307491307589,0.20137919027108941
127.30690253816856,0.40296020210592626,0.2428169804957085,0.2305722358658704,0.2090757890257828
127.63119380680918,0.40054968778674155,0.24478901163813838,0.233331817101363,0.21172742335800504
127.83321826340139,0.39972914966046125,0.2395635354125291,0.2326010245432201,0.21256587583140094
128.31214385383527,0.39580570382853647,0.237033516014619,0.23636799786731458,0.2111163702686657
128.65146145725063,0.3943083487833213,0.23788682116531545,0.23216941493864998,0.20621270969308908
128.84970587356298,0.39400410721985635,0.22133758435733214,0.22478903856078858,0.19713863815109273
128.76138334191452,0.392453005706025,0.21608419725243552,0.22393121879508288,0.19409846168083197
128.6804068339532,0.3922717528868134,0.2286152109445622,0.22891571246051026,0.19747180016243
129.00322486976532,0.3940823367330574,0.24003746236825074,0.23302091898725963,0.20237560914406708
128.5923622488858,0.3952764935222368,0.2353012023996963,0.23413033330882613,0.20912828529285285
127.98120933592828,0.39649060104743444,0.2323338762152971,0.23489243802632062,0.21450259784919215
127.27800452475562,0.39575757558080893,0.22388770019209656,0.23312213656323666,0.2183527499830218
127.14027795397939,0.3983087606966027,0.22621409431048264,0.23630110022799508,0.2257574428036334
127.53812505670135,0.40324124163609426,0.23051358796196988,0.24263760035604062,0.23475280701322296
127.3918914722305,0.40250343475722244,0.22867671754835026,0.24275370206358093,0.23248029640793888
127.28756461753439,0.40181778605012247,0.22525604690884676,0.2438766830040569,0.2322185145143699
127.06750255257046,0.40074360614637,0.21689580219611485,0.2421028285230987,0.2309726100776752
127.84111573758564,0.4018666347306937,0.21417490334241887,0.24384446172258586,0.2313023186155156
128.15854735676,0.4015013892414595,0.21674172405300607,0.24489008238624932,0.23278588084111354
129.01123190437707,0.4016074245173573,0.2283670441856054,0.24872064749729933,0.23285385830950966
129.68206064190846,0.4052775677034536,0.2391199068290126,0.2518637346102594,0.234556042794096
129.90434243277244,0.40668171792185814,0.24518113508547607,0.25130195223623625,0.2325093256199158
129.45676603892687,0.40599032303133775,0.2465932809609595,0.25208826245965715,0.2298570652643447
128.9321312142968,0.40259825628723545,0.25087020732854565,0.2509298715367427,0.2266120886844091
128.4239101584684,0.3997538700996449,0.2519509311836869,0.25050513099435223,0.22252516408769912
128.26282627781887,0.3952438045977994,0.25288169531340143,0.2510839262634071,0.22533546011304606
128.63612648577586,0.3936932913571366,0.2555809064720145,0.25147623331983837,0.22724167838895112
128.9565005050284,0.3895149226031273,0.25653485477839316,0.2505447306178558,0.22812787140868007
129.1154711564648,0.3886108178872222,0.26084640577695245,0.2521709145404015,0.22818130416644924
128.6882293822014,0.38592081620086416,0.26508763376459465,0.2549008443316042,0.23066142766105577
128.18588420019086,0.38411921366149887,0.26645393235760506,0.2565538883188466,0.23224182356111894
127.04109149483904,0.3844301770845671,0.26573495322926804,0.2552440692093244,0.23265024031070275
125.67488509084122,0.38445730547134616,0.26274387656413767,0.2511705016889842,0.23101587676315508
124.80844063688932,0.3861083526506949,0.2617929668061279,0.2496586150450981,0.23051138460605725
122.80446113800598,0.3868583755364956,0.26068569414352827,0.24883643124419058,0.23098850004843946
121.15001714290271,0.3890757510290408,0.26109340529930686,0.25116134934938367,0.23202707121963426
121.29719775177605,0.3941324046299875,0.2614635170897949,0.25449472251258765,0.2342254365159715
120.78490157641282,0.39597891790905687,0.2636999732888161,0.25753144819594825,0.23718526111140412
120.98371227932593,0.4020245727755517,0.2608849108226397,0.25997620402102667,0.2402215905485961
121.47217883417875,0.40944079462558475,0.2656959141157544,0.2627298670130928,0.24782185723435776
121.30449471387628,0.4064244295408427,0.2640636379176258,0.2602591036292507,0.24621159562900152
121.4387082675725,0.40179451275770606,0.26298023241117474,0.25745995404046507,0.24135516614032104
121.21665770195641,0.40198088512957586,0.2636447452510957,0.25778212954519847,0.23990169453119486
121.85231217521428,0.40206154848765085,0.26244439926093943,0.2550164722787568,0.23613793313215542
122.08590288826777,0.3990787815008564,0.2608373626244919,0.25483241749105046,0.23350271443684134
121.76831805455252,0.395264705777349,0.2597336701412947,0.2527412097363128,0.22905150448799344
121.5858826323629,0.3945541294771085,0.2577102676153577,0.2514892950595387,0.2262007738632983
122.34946390350156,0.3901816376080766,0.2557654405826769,0.24964898473763417,0.224250391122562
122.07031849724252,0.3893852402476524,0.2538603142630401,0.2473574915465888,0.22228291657089239
122.31656050700646,0.38794313194068625,0.25268515264432156,0.2467043973206958,0.218514222709075
122.14876556747618,0.386842465959971,0.2533852898718454,0.24698191764511546,0.21754810014523865
121.99087903073702,0.3811560890292078,0.25356823474512996,0.24469906235069921,0.21474990681049497
122.15441718415511,0.3803616839117288,0.2578142323752083,0.24511656305156268,0.21477335067356088
121.86747872893235,0.3844760350756699,0.2617754200137792,0.2488611784508434,0.21804091798096512
122.58221678080255,0.3861384491832876,0.2657608105392554,0.25058759356923155,0.21661054391592918
122.97128423942169,0.38823437040452796,0.2679539188070788,0.25107421340689107,0.21828639480171505
123.1007915593443,0.39035883417641853,0.26742315503539965,0.2508506691105046,0.21838109014913443
123.51533044918524,0.3962102479905907,0.26915235537532617,0.2516834530879013,0.218694083921903
123.51514007843912,0.397341645775669,0.2697044805496988,0.25316747400493345,0.22022359765798585
123.96288434782676,0.4053453147686207,0.2734206159657355,0.2536533231675316,0.22176574752078562
125.03965574650275,0.40992983588257254,0.27779440196894023,0.25805699186910114,0.22514060248655737
126.69390832300708,0.4163606063984117,0.2805190723845834,0.26087873792156047,0.22972388919046535
127.53186381977325,0.4231081911786122,0.28473271758685786,0.26659773704172396,0.23360948168196422
128.57734934179933,0.4206387834087363,0.28140192928991753,0.26659413881138216,0.2363503520351099
128.89961400448536,0.4219303808517293,0.2836602984978648,0.2695993436065227,0.24066919575096443
128.93386819039142,0.42080742501217894,0.28458176946299424,0.27019387439500164,0.2454148199052857
128.81663411150723,0.4204707038449251,0.2885793899824845,0.27153732648244094,0.248333593708714
128.79875001816478,0.4207827832701956,0.29095815998011965,0.2721334320477864,0.2470892564016206
128.21376483500444,0.4181941717406076,0.2924602905651177,0.26984730878956165,0.24074257134962193
128.44717139354003,0.41623830914677395,0.28800238038210396,0.2685926438108279,0.2353940216654993
128.87787794045866,0.4118944223167618,0.2769743767916653,0.26268052025617633,0.2253456368674098
128.41445011122784,0.4109031783236814,0.2758032376453186,0.2634468491917882,0.22579492576483293
128.75907533104584,0.4119518062857792,0.27436073211148004,0.26678669667152344,0.22800371456756263
129.0293891879264,0.41285159018572276,0.2800624939040634,0.2743011183129594,0.23294243529834993
129.260640592731,0.41216973867448337,0.28600699575736327,0.27893717899654247,0.2394060850955364
129.48025506741786,0.41250288659886103,0.29099915674366716,0.2850631931036836,0.2437010068213991
129.4789464232426,0.41180341227484585,0.2933739240251894,0.284814538478795,0.24392198900789894
129.77437154403916,0.4124260519506896,0.2944759735183866,0.28286122769010646,0.23545781724661402
128.8168323849784,0.4095817395644727,0.29678519232419454,0.2816193906581999,0.2331289509147761
128.33500346315097,0.4088444980907238,0.2962112478704188,0.2784811864304515,0.2246143226219347
128.4617964676987,0.4083672647274002,0.29480406767967166,0.27434780016777505,0.2151097767638901
128.47592263227472,0.40674387557384034,0.29101768350056173,0.2682721879417632,0.20853854464584753
128.41982140038343,0.4047547687452399,0.2881119939755954,0.26420606363014837,0.20200602871136997
128.31533301557823,0.40304885524095363,0.28896263033870634,0.262912477794962,0.19459544512873625
128.31442597365324,0.39832385561371586,0.2887957283891164,0.26166150034556357,0.19005701119941468
128.18425873999166,0.39656863735707837,0.28920672892115035,0.26197765186025895,0.1883885564317719
128.05251192526495,0.3947018697693613,0.2886072265429766,0.2616530412805177,0.1902550855264646
127.93889008698557,0.39414592951988614,0.29011620632554896,0.26384124656762675,0.19446096248339736
127.89676793661921,0.3927511042854529,0.29021002961383635,0.2637339778089346,0.19649001430947866
127.7754080343423,0.3920708614484856,0.2899379894054732,0.2639392064672301,0.19866644850813237
127.7962167008131,0.39018453308238843,0.2876195698898573,0.26266878966265156,0.2015990211603437
127.8861004162149,0.39259542212123416,0.2832700985511267,0.2603885343799998,0.2041234680573943
128.1585856692025,0.3927038208335879,0.2760240829669208,0.25923165135287946,0.20683196225845943
128.06372862771798,0.3936035087663036,0.2732210831404396,0.2583923209492976,0.2097699573712063
128.0297024580224,0.3944135226671711,0.2745193029331271,0.25968207246409497,0.2125749069554023
128.20592257936443,0.3940134618128731,0.2776037276814157,0.26089484987518946,0.21430568608967382
128.3915645446617,0.39472679734717153,0.2804151013588842,0.2610215409863514,0.21717174569209804
128.637951058534,0.39496391670456965,0.2810103688826122,0.26058564662242273,0.21774230079243984
128.65617920082857,0.3961148041537537,0.27927285194537993,0.2606682971752501,0.21808097670003593
128.12317116773704,0.39884518462971685,0.28020251695350185,0.26135802495135635,0.21692999263982202
127.7641776927873,0.40199148622251224,0.284107917591223,0.2631688019165643,0.21060615483156578
127.51358802113069,0.40260956300557915,0.2842308087880685,0.2622446701766752,0.20009591677863736
127.12204347118207,0.405770032695467,0.285588880865913,0.26338515124762724,0.2056938992913578
141.05527525942225,0.1777622164615263,0.3018786415880974,0.20386102261475783,0.20313414377594005
153.70429267678134,0.07226449344465495,0.16252629982847985,0.15368548034260238,0.1394513793998124
135.68705114304433,0.15611188264969503,0.20522108873388772,0.15030724108859442,0.12236074767333639
131.01387940419787,0.23399705015003386,0.21384976494505686,0.16717747918290826,0.12383360088541676
128.84334182764735,0.28843781062908874,0.23187996741264197,0.1840679970504007,0.1347361738780457
127.93829362934841,0.3240093295297857,0.23493123172168606,0.19335846100935436,0.14990167895473372
127.61557145989143,0.3481644611640968,0.20525812662395704,0.2028934057535079,0.16276946199902861
126.17152355936358,0.3618493513390435,0.22603743606199922,0.16013117505437527,0.15904737546521078
124.68942594942396,0.36962365340164677,0.24567421742354795,0.1111758045051117,0.146216197508811
122.99597266580228,0.3775210367481676,0.2633091152221521,0.10159695223767856,0.1444139507854492
122.53412680326154,0.38521976403704455,0.26741779060785414,0.11836826290155816,0.1314109634999603
121.76268832271903,0.39339312132429444,0.23851570794922997,0.14555930899770492,0.12091616504225446
121.26488241369934,0.39740668532718626,0.2575925070281968,0.1834635369838491,0.13857714691441472
121.09215484482664,0.3992889072011363,0.2557607819147483,0.2055715418526463,0.16250106163779082
120.21970245369526,0.4026219071947338,0.2720786063069452,0.22408699831491277,0.183988147528109
119.56118040925223,0.4038218644665593,0.2717964972091499,0.22983907335041337,0.195750962120845
119.2555108196415,0.404634905891335,0.2585465060229337,0.23046876408522013,0.2031978616093286
118.49494873373325,0.4051034802604963,0.24277951201010092,0.22365608426664688,0.2018070255445171
117.96145031675006,0.40780937296341935,0.1812574196031322,0.18760006687869163,0.18506850007073805
117.78516088871476,0.4064705825114239,0.12990402018536676,0.1437961545137206,0.15506308042947106
117.91349834232723,0.4071535359579491,0.13116661657499828,0.1413458029637935,0.15694160561613973
117.54948367792858,0.4070970884120871,0.1504910915109411,0.14224250668695718,0.14231489560447275
117.6986782965396,0.40323838202779505,0.17871052186303965,0.1571317306545203,0.13983797067405232
117.62209059769114,0.40137195515775975,0.20120973833785225,0.17426041905244777,0.13547237628533207
117.85720365295714,0.3991746486438194,0.21674096773947232,0.19004218909761297,0.13460433652032006
118.66153211148072,0.3983995878775172,0.22871665364789945,0.20518670207289386,0.14767484782132417
118.46457996134883,0.39535980077305005,0.2332319416958067,0.20898010371320647,0.1499110315024346
118.36770391592555,0.3968059357807046,0.23190476471371038,0.2103725777818427,0.14544564262427628
117.85293269111828,0.39699704681389897,0.23793808719270412,0.21710101530786488,0.1453670910495622
117.62708097810867,0.3966257952371676,0.24013531381808706,0.21610090294146705,0.13210911402720926
117.28505009687736,0.3971218847909958,0.24690561415333062,0.22860017668537905,0.14386055121978572
117.66218369366904,0.39802675647403835,0.24925820243940197,0.2357715792899238,0.16085662966151754
117.44857503472757,0.3956050190480445,0.2506874470826101,0.23621325263253984,0.1680076185143926
117.21113210464466,0.3977032616191115,0.23989886444153158,0.21992641372130797,0.16474403225851786
117.64490058925281,0.3981101494943762,0.24301888253593446,0.22398082012026477,0.17076349640353433
118.03252226063104,0.39744755852739766,0.24471226415498976,0.22530986675997872,0.1739582491759714
118.1115752522607,0.39737989268644247,0.23474940416727783,0.19873299038459685,0.14624991650967234
118.3600311810827,0.39926220879906943,0.23794118886397822,0.19534521931905263,0.13481918603152124
118.2929347374476,0.398339621281635,0.23199311214577029,0.18655811992834337,0.13184517512336755
118.05841527521284,0.39740074844638373,0.2383626981090029,0.20086439027399774,0.13843746145380717
118.12584596936811,0.39483520582655884,0.2522043696034264,0.22028870080345428,0.15465983574398579
117.84189123145802,0.39186849083993885,0.2531245822478307,0.2294091833086615,0.16567784773549102
118.61644919248633,0.39185842738916604,0.24186338249190623,0.22500889245087996,0.1663637801347095
119.54540939084751,0.3930968432524898,0.19270172228170668,0.1936183502385493,0.1537589880063318
120.04272949366805,0.3954654206199592,0.17264788918797813,0.17483216586227007,0.14333261157758867
120.1125159484223,0.3959990489708819,0.16198147756717446,0.1775518960149461,0.1436914796274431
120.67601701216888,0.3946004509749478,0.17046318547644387,0.19559961868638664,0.15795934968808695
121.16600587519086,0.39472552170769865,0.18299138925428124,0.2105093151231422,0.17110072739045754
121.16533021345649,0.39447532585974443,0.1912913891680142,0.21024289348778377,0.1731361850056585
121.19156703805405,0.39723478122308836,0.20599400233203327,0.21440050848019915,0.16553367968009514
121.30991139678255,0.3989389640336669,0.21600490301715755,0.21834046376267693,0.1606763115827386
121.74498711247104,0.4014600999385226,0.22603326484000455,0.22400202404603106,0.15524531283507523
121.67024183066216,0.4038668977945705,0.23181505829888066,0.2263544410469415,0.15571937563233884
121.92587614337067,0.40707742492098475,0.23017119265613936,0.2198751683911432,0.15012431182309827
121.78353454958358,0.40867741864930285,0.2334003482066338,0.22237728556290862,0.14962502855683318
121.47725935845239,0.4099747447909587,0.23855210599266194,0.2301908999339498,0.15848621268528576
121.19835054714872,0.40998770818494895,0.23644951282979712,0.2288167538910599,0.15646672194207364
121.07534011275982,0.40979232578770614,0.24153311144677783,0.23427689738019533,0.16651199230563907
121.13714270281507,0.40779819833927045,0.24410854279068242,0.23644476184885982,0.17346196148726972
121.25067994174647,0.4096762238308721,0.23896694626622084,0.242303885591913,0.1817427606668681
121.40411851780469,0.4086662191804371,0.234042059668366,0.24659069812232876,0.18751480664482933
121.42114157288552,0.41013708500299945,0.21467017735593988,0.23025210747897712,0.16080588568676776
120.74702218264154,0.4099330478245744,0.20461962357838565,0.2204639281651193,0.152417246510128
120.5384743157057,0.4102492491864294,0.18511158319518942,0.20442416183966872,0.1545939908051114
120.14431255499552,0.40651173815434277,0.19721579430782532,0.213440381735275,0.16225389213172497
120.26500889728884,0.4056726579089225,0.18401253673923226,0.1963631242638087,0.16456483455290913
120.03531241517584,0.40392485233721825,0.18149884028203483,0.1983448779197947,0.16581161824950028
120.30188668573584,0.40461735635870455,0.17753233621019823,0.19648124252780091,0.16318247773630748
120.27984743645315,0.4054889601566264,0.18106729921132825,0.19898677971688622,0.16093468560582216
120.53627202058706,0.4064392575513424,0.18381718710874703,0.20318789505048493,0.15763672419466132
120.7469541855307,0.4071606505826922,0.1692967871412057,0.18180046570760428,0.15521814048836644
120.53015555342202,0.4040011621025002,0.16227525322295966,0.19181494164096902,0.15585932807480823
120.45623913776802,0.407482245181362,0.1655613193035942,0.19606597976974802,0.15617202795082274
120.5224558978402,0.40932354137876054,0.1762453456180012,0.20195306106623495,0.15765854844059357
120.05099977637026,0.4093309333480971,0.16926408322013917,0.1938052615967744,0.16210622319021256
120.14272954691893,0.41163778442527477,0.1728631698660297,0.19484935772346235,0.16474602245585815
120.62697637997339,0.4128905545074783,0.18628266609870825,0.1810843162261838,0.16212983979081055
121.15798178458697,0.414432797942948,0.19726720687595872,0.17674067368545576,0.16394859814329493
121.53929354824453,0.4152854705885693,0.20728583561838435,0.17283520842108063,0.16322690050629826
121.53873944850798,0.41326450421707306,0.21622656379987895,0.1721372458660029,0.16527710114344019
121.71987745347472,0.4122612558715474,0.22785188953328053,0.17951680602218176,0.17257545218106243
121.45299993332655,0.40932515227323885,0.23575925816421084,0.18260249750591673,0.17638310810134872
121.10747612311461,0.4087421160028884,0.22912288388512703,0.18449739098905146,0.17713375814482663
121.01794160689866,0.40946279915853145,0.22937084428216525,0.18771271206228782,0.1769379407162358
121.57629993380543,0.4106318307214009,0.22593876126854612,0.1874002027349612,0.1736754307561553
122.38906371046465,0.4103525092322251,0.2193892396345909,0.18939170014398146,0.17669569774936952
122.47390291168938,0.40944174588861537,0.20880927449311948,0.18625146869247786,0.17348375364381058
122.43206700497599,0.40902190828846263,0.2053083220693367,0.1864935922772778,0.1773131276275501
122.42143543407347,0.40733396487582846,0.19685896174463008,0.18464243517666223,0.1715802627314907
122.51560238115553,0.40808285296886554,0.19006993430755664,0.17912191699303837,0.16753161527173072
122.90076381264515,0.4060112180113024,0.19199507964989126,0.1859090391355607,0.16666693300667196
122.79326668435222,0.4044534424424028,0.19934785436804028,0.18974116510306446,0.1658769222754964
122.72660747042889,0.4041343673726156,0.20279527148171617,0.20005021899042258,0.16406384303977667
122.79475438925357,0.40440817336041124,0.2055364290727033,0.19594754077454718,0.1606397212026043
122.50394234374987,0.40246778765278124,0.20594415327589086,0.19361862351905654,0.16290428852129812
122.4493439685532,0.40057583452460555,0.20997833650232442,0.1988486191750371,0.16143183890658067
122.29831348878182,0.39987627290039623,0.20767201705809343,0.1905577235073134,0.16148723536521908
122.40541873040998,0.400694320151712,0.20989320146336182,0.1964517733027935,0.1608573807920244
122.09648799879439,0.4012801545318176,0.21140457374155133,0.19841926919091954,0.1584474389580034
121.81805196846074,0.40136357387990756,0.21669157369056322,0.2079334250652831,0.16541186376641423
121.65729087130673,0.403912693382284,0.21157661140123354,0.20463815312354092,0.16574916748567034
121.5498209892394,0.40157796080257796,0.21007826823916204,0.19812121500966043,0.1659975360335391
121.85511017518814,0.4026238002766334,0.20723798020863318,0.201720859734996,0.16228827420224265
121.91722984436417,0.4035510784179335,0.20151668889059532,0.20062639705912075,0.16016524914658106
122.15489437631769,0.40243904118497925,0.2013080978546824,0.1985609210895138,0.1599239676316995
122.02780272419449,0.40048589218785985,0.200468719231827,0.19990488293861947,0.1570145291306922
121.9856307300908,0.3991209736119272,0.20548842647194296,0.20464644146205452,0.1558118252078927
122.22751347917597,0.4004116427279878,0.2055190016526584,0.20301586415648712,0.1536512475161927
122.42644403686904,0.3996687432639888,0.20237199151181628,0.1977471930948702,0.14863131381696212
122.41104377138338,0.4000074837176873,0.20044415181173458,0.19479807693320614,0.14506715825298078
121.91121969337594,0.3991086827347541,0.20349231486850447,0.1988982458421341,0.14265476917696776
121.7811748747581,0.40011210504695255,0.19896470509172118,0.18899518177807892,0.1395114008011211
121.90367859882525,0.4019668116203012,0.19934994765179245,0.1890500819159919,0.13922615280284228
122.15350468356061,0.4003257307583469,0.19594090175124293,0.18585919616080504,0.1401954134265826
123.00163259212272,0.3998282964117361,0.184227734426368,0.1713235492762961,0.14465579538304416
123.16132927785513,0.39948064865096233,0.17394583652568094,0.1651728895712638,0.14830445902652356
122.96438526349874,0.40134142764489816,0.16712694524934882,0.16677631853627978,0.1523324942223966
122.74971529987187,0.4018628314763249,0.1592572132221346,0.15941651262086773,0.1452022131164147
122.47479808771533,0.39976125678047686,0.16012519594956726,0.15799427037965283,0.1407365429609373
122.21754127682749,0.394962765304442,0.1648178317416081,0.16376927725097734,0.1426461819460796
122.35698322757864,0.3950981928563924,0.17955387549357593,0.1769224858981939,0.1431531822794679
122.7649042836367,0.39628594736547024,0.1947351029653811,0.19255526966096925,0.15140535633168375
122.76416056323338,0.3952807791254879,0.18565223438810496,0.18305369957015288,0.13899734164257233
122.58004236905322,0.39391111697453685,0.19662188786960713,0.19348685099961474,0.14334563946031065
122.67470935980842,0.3942735920854382,0.20366599114466968,0.19829113038786456,0.1401908635503996
122.56441934635897,0.39493192565145596,0.21632360620379562,0.21113509674806474,0.1515793711898527
122.59092607366975,0.39720723692972393,0.22246019063612743,0.21718991240075736,0.15310638479277897
122.57469947755173,0.39840584262416934,0.22225339715960296,0.22008766884607228,0.15426128026164918
124.26232389267875,0.18079848834809611,0.1866853458524813,0.18419738876239877,0.16957764635581613
157.0045636142985,0.048972739435832656,0.14291929996347782,0.14834562128664175,0.1478950554569273
117.74820357090252,0.1339084502756046,0.1098285774760921,0.15171258130194867,0.1498885244988132
112.92930251551314,0.21462184516081614,0.12683697574126035,0.16789431765785004,0.16024261093869713
115.68225910628406,0.2713048053097748,0.12638936809997614,0.18186032853348075,0.16729714465778303
116.19989575052693,0.3091507750746084,0.1499793829184937,0.19602013653242392,0.18042916792892652
113.1773782637074,0.33071961615987816,0.1721053390909251,0.20084340551165622,0.18370174104022827
111.715793924766,0.3443256751458262,0.1958588701249335,0.20443591489941773,0.189816097087918
110.04349372764473,0.36137910761741465,0.21366028909089363,0.20884305838353018,0.19461090486724075
108.98400536250263,0.37542801402610915,0.2236968199962827,0.20783485106893737,0.1989051578460528
108.35222074343774,0.37141188224127264,0.2327115228001317,0.21002405860817883,0.20005797580139204
108.14459579967897,0.3679853039132042,0.23818280430703564,0.21583684446685256,0.2058913259869733
108.08010038830903,0.368793754325929,0.24342049957961434,0.2240052790300769,0.2078014555464187
107.70283908987248,0.37181155977711,0.25072130832574824,0.23086765743034193,0.21059595517738533
108.12814773575376,0.3751035615413807,0.25703643654571556,0.23614009848058876,0.21382587735827566
108.47718058122226,0.3754319144779271,0.26192171155757865,0.24102500817413977,0.21461069726030282
108.9494742143201,0.37507301245145735,0.2655484877725232,0.24559313146707662,0.21832628596784687
109.19176258705367,0.3755842206819406,0.2675486196635952,0.24825252170186643,0.22089010122295166
108.66253499508396,0.3730055055174372,0.27029061591082354,0.2486056173099952,0.21618565523227662
108.57215209870259,0.3771755107325697,0.27400007119960906,0.2489343362456643,0.21220053780419285
107.77633316511476,0.37768759658557843,0.282635892659311,0.25421337488571866,0.21813951567767242
106.70584483412128,0.37789460625714977,0.28124698149712457,0.24667085564437255,0.21551992755271046
106.06053812510491,0.3789027613239391,0.2847570005545417,0.24905420166639367,0.21938366505006518
106.01161011544777,0.3811495013468397,0.28722091657288096,0.24923422843485726,0.22273993848537044
106.21925079178018,0.38002100828673474,0.28288070210020955,0.24548979731599743,0.22363461585436
106.297518580304,0.38057060857793856,0.2833358371516789,0.2460645483521941,0.2225467508302337
106.60521459278569,0.3795202822222013,0.2774086572058224,0.2425722295200144,0.2224056514502295
106.72933023300223,0.3819377736403197,0.2742313661994987,0.24082242998743605,0.22365207523109268
106.66629472519011,0.3808533345610435,0.27424598913530873,0.24128237984083467,0.22439139253454898
106.61191190645624,0.3779536110219053,0.2742089953655065,0.24101999047249983,0.22431064290875213
106.57475116900709,0.3774585420638374,0.27208020595811405,0.23939262424428728,0.22572430330083876
106.32711329680178,0.37879168257305457,0.26927454155800945,0.23840445891816656,0.22486916529135997
106.29666268944254,0.37906962498898905,0.26942484553867513,0.23816318126501335,0.2242077139920078
106.2647482718935,0.37813693863197456,0.2709894865927721,0.23782094973175036,0.22492875100911108
106.81869245928718,0.37733033506528757,0.2712242252090836,0.23762061866149115,0.22741909917636655
107.19937785318446,0.378146021531168,0.27221230329305934,0.23794595887751185,0.2283427063786178
107.56628013141524,0.37872086915283787,0.2717690125846415,0.239534706280872,0.22918536308167842
107.99700153860634,0.37823126845314675,0.27391996491103426,0.24113409310550227,0.2286020628334743
107.96847533367729,0.38094381094431634,0.28095398108583997,0.24304529854101725,0.22844632411617274
107.84193337463722,0.37929878683685025,0.2845675671789975,0.24498304697680567,0.2237619371271999
107.35227788322283,0.37587423401955333,0.28125315423846187,0.2383909717967368,0.1940324033331834
107.24189208825153,0.37513842776480194,0.27611981429367916,0.2359045268781523,0.1901293068301752
107.45765053111434,0.37408279778750897,0.27808032592947934,0.240877903283876,0.20007806413378124
108.07874303331819,0.37388172406315556,0.2804182243252003,0.24330909445974394,0.204871513115021
108.51924976906297,0.37302358935088864,0.27879133067547873,0.24359241221988404,0.20709825353109212
109.10900037482344,0.3698295755575359,0.2764836342625036,0.24517994219081568,0.21044172848855286
109.84940569679065,0.36808385093659934,0.2754432593966188,0.2452437284016263,0.21638006184222722
110.30470640764997,0.37000039734841855,0.2771832627998564,0.24548620273356944,0.2192990072079398
110.79950412815249,0.37163361965661007,0.2761695867842001,0.24699498529717723,0.22136387124433338
111.14593795370604,0.36928442788076626,0.2745855693912562,0.24597313821894984,0.2229696043562418
111.47323972618462,0.3668083844308783,0.27246879140513935,0.2462370139043473,0.22431518704486555
111.52589855275845,0.36632165832669966,0.27625135161375175,0.2462623162231624,0.21987617742632387
111.95052967529446,0.36538709825660287,0.27805039858106895,0.24512528593773467,0.2215050640775528
112.02938846128598,0.36744535022513053,0.2845437848241573,0.24325652138647763,0.2185453520803973
112.22599368360306,0.37008782285972114,0.29310803279907016,0.2425932107272027,0.21659423659383614
112.5219634540643,0.3709299320232993,0.29665882171756197,0.24260983983237536,0.22120708634302874
112.46228578546798,0.37331809193625365,0.29561370101636725,0.24114389484653204,0.22217616349258335
112.37013247456491,0.37537216847154653,0.29847846892879465,0.2424179583262676,0.22596326723510407
112.25588444117935,0.3783152386812215,0.30320702975031044,0.24256002559122075,0.22352690909040793
112.53879470090467,0.377669975906835,0.3057763820453586,0.2411685659321001,0.22331048083591007
112.38223625463925,0.3774879026455791,0.3062723011884537,0.2398472880644472,0.22425727105915333
112.50478840712908,0.37647775960752866,0.3090027167998413,0.23850238241139443,0.21934438516453514
112.74492804742694,0.3738808120518301,0.3053168774254543,0.23975762084660304,0.223891157607258
112.58346364967514,0.37155479274268177,0.30116694580028974,0.23971211075207546,0.22592055840225284
112.61298806771168,0.3709350339339882,0.29726242258265906,0.23964698042237265,0.22900929076378312
112.52336264543719,0.3677963696541078,0.29522163502180937,0.2390318446604348,0.22953123823760818
112.72877103309975,0.3665879216822272,0.29303896716462347,0.23975057393905067,0.23145702683572197
112.38274500535033,0.36561203376914003,0.2950878307872286,0.2404772929996793,0.23085203620235178
112.13058745532896,0.3671362043409737,0.2995299586594774,0.23897142354120984,0.2286020563698228
112.11115754150562,0.3647811581716537,0.3021149060284847,0.23829726889756186,0.22273553772074456
111.80420677293192,0.36705780897849294,0.30522157075981854,0.2397108176236922,0.22165797718666216
111.94385112198297,0.3665371016229011,0.31252308451931454,0.24119904316277657,0.22151329513542728
111.58626241861177,0.36640259364047123,0.31388364446546707,0.24110816876851288,0.22231766493371752
111.53014251817625,0.36388237417422764,0.3200736656457444,0.24425774589162874,0.22242480714848334
111.55922236338778,0.366146970402145,0.31407895742937236,0.24425877179424835,0.2277804277599809
111.39712512853342,0.36383337116473585,0.31773596207578464,0.24639480468442365,0.22704048056241272
111.45497655245973,0.3611496318630318,0.3158225172704641,0.24834323412614093,0.2293657821786492
111.35030743264645,0.36145979423823305,0.31717661313674655,0.25024957542143117,0.2295314970976665
111.64936521256543,0.3624105758571377,0.3161714131855317,0.24910510383452733,0.2285693769909586
111.97500691385572,0.35910336089536105,0.31165243456296843,0.24998473739578658,0.23041670651063445
112.23092584486638,0.358988893935806,0.3099999900120225,0.2494874062860866,0.22952158947473447
112.31638565108905,0.36011056571437927,0.3084541840436602,0.24948452982346492,0.23084544388927014
112.58960315019593,0.36024676222074853,0.30847856835186166,0.2490266303137618,0.23101070538023727
112.51700688413486,0.361168866457866,0.30884600070599083,0.24808599672940612,0.22820613440118115
112.34725906322535,0.36260482998458143,0.30657967795860724,0.24744892794001688,0.22784294092393823
112.52532032942561,0.36213429044886836,0.3030519805904552,0.24413691330969942,0.2235238393870519
112.58084400285216,0.3633157730585518,0.30055889536506836,0.241017489873133,0.22047168215025878
112.71331257156136,0.36140826593916786,0.29894911097017696,0.24053059043656191,0.22245286975895373
112.5849567139515,0.36291391874148926,0.2984641857092278,0.24048929189391496,0.22376867798515462
112.8285283642404,0.36260341070326063,0.3007393529331944,0.24083828189199757,0.22254561415298738
112.63438589492672,0.36350035580479406,0.30388681929363687,0.24196551357478133,0.22444500942054035
112.38345357141314,0.36300745575051363,0.3046325818205819,0.2429771010153823,0.2253598382381463
112.38891587222992,0.3617591859304906,0.3025010318935649,0.24264865526748491,0.22478345842753333
112.41525802762499,0.36099559129450715,0.3025521952459948,0.2432874678488121,0.22278770065358286
112.58816210554927,0.3592549429164337,0.3034674851256672,0.24279725975109281,0.22210202761963477
112.83950268627942,0.35726562993577615,0.30116514237132,0.24292062065935147,0.22452925363115614
112.77537825336589,0.35650818059531714,0.2948274678689996,0.24120020281343804,0.22333024539217614
112.79599669630709,0.3577078965495046,0.2885983544094241,0.23881363669276073,0.22385910859182973
112.89959521806237,0.3563390772024581,0.2905850552497625,0.23951906155648997,0.21398659221476027
112.74002089673334,0.3560042519718356,0.2920330033072912,0.24015713352128157,0.21608955998042878
112.91610565620178,0.3577675539302064,0.29534129110598834,0.24120167604290518,0.21987071109961262
112.97047640188364,0.3582194866138042,0.2959974644653704,0.24220838756329288,0.2245049575790533
113.17503977050538,0.35798564283796663,0.29764792183152144,0.2441891244253235,0.22898305220397502
112.88147687766276,0.35641182799879273,0.2976449919260512,0.24550595493703495,0.22867353483542052
112.59073332691256,0.3556655784877964,0.2950779260607018,0.24417056242137827,0.23012411760154822
112.26147060007273,0.35554365728780063,0.3025348628080286,0.2472095273589835,0.2272295952603828
112.29908826959361,0.35611796349370367,0.30103754189987064,0.24404263797192105,0.22785756409811225
112.10569663434376,0.35667147410412525,0.3032466986269946,0.24269086536091708,0.22727483842050164
112.22171160810163,0.35476270435742924,0.30307867836292546,0.243398719516684,0.22999378989379357
112.0067377120234,0.355666373752283,0.3039528704906166,0.24425412969072322,0.23247956767229352
111.77429796330843,0.3602218233630436,0.31226069240534166,0.24542223969412247,0.23098118363931555
111.45669306362225,0.3560715353362351,0.31503830634798374,0.24523318156764798,0.23114460689732247
111.58369009027683,0.3564198296629812,0.3183029670447175,0.24700194107301734,0.23155632255681977
111.62854414516583,0.35466164977030934,0.30819403291165365,0.24445456802436455,0.23019035969719365
111.7844654042574,0.3527685096505375,0.30083558065350846,0.24301575850247115,0.23159789505404405
111.83081749472065,0.35318550101864815,0.3001459398600483,0.24254789298055454,0.23060979216030844
112.25013270777431,0.3540921423032816,0.3007547778313001,0.24009165325904439,0.22935611505194686
112.71120034693969,0.35510441072047977,0.2984769895978816,0.23887401889417256,0.22881438317479844
113.0446925884827,0.35193023620303904,0.2969155240149212,0.2379091611560903,0.2271827561025373
113.36849999418749,0.35037405403834376,0.29690464952172757,0.23869596520876685,0.22566847511008126
113.6496537297137,0.34930020585491817,0.2929466059287023,0.24029050354868242,0.22659515239516909
113.6637491698772,0.3501337852766728,0.2913058453273187,0.24233135775699144,0.22982170731352286
113.74422487668808,0.34943905734932396,0.2902455596300513,0.24202927413707503,0.22980479476750137
113.95776192333928,0.3477338272556068,0.2884400385299328,0.2421350617430079,0.22767063086198486
113.59752396331632,0.3464775042603239,0.28700966600104894,0.24362116667278852,0.2269923482013539
113.81081789369146,0.3491793435162064,0.28451638744311986,0.24351065801311994,0.22641143052391977
114.114314408123,0.3470505984222004,0.28446727813223066,0.24383727976916306,0.22670752790804544
114.32492135229413,0.3480183518373741,0.2878579021836386,0.24484753606183257,0.22752488640680707
114.27366404516724,0.34726938626587295,0.2900975151819866,0.24370870635013625,0.22308083831975895
114.5200985787688,0.3471375971403705,0.29084599490307556,0.24317900353677957,0.2181722880414659
114.96490808287645,0.347801605356442,0.2953273879738254,0.24366650038195892,0.21347672412569435
115.14195498847589,0.3472808825904248,0.2935302339327361,0.24266822216436792,0.21087481384750437
115.0196195850713,0.3478009615262506,0.29073263714457304,0.23892862960980105,0.20633885497537224
114.63187721007888,0.3475496122142159,0.2892773595121485,0.23957410697870968,0.20757979612183164
115.17621386569671,0.34899841853477315,0.2869784313747581,0.24196498596453925,0.21216799955973298
115.5364131611119,0.3444022917418029,0.28301582300473593,0.24206039472933844,0.2144003398594559
115.70381591739084,0.3436495466456865,0.2830135251543476,0.24252261047936058,0.215956809975121
115.98222187352484,0.3449878336399763,0.28350528082048465,0.243362181564836,0.22021518449798844
115.14111648619384,0.34082821862439155,0.2855649444833841,0.24383196202942367,0.2187456008049285
115.1433896314895,0.34224913247342864,0.28603517767628833,0.2426860087012065,0.21851151163380372
115.102500284339,0.34448336030734306,0.29230872041622424,0.24561446459512398,0.22039161195018148
115.0272823885043,0.3466686760268018,0.2887939840746985,0.24693536054176055,0.2256701883100418
115.24701151669841,0.3462516903254282,0.29200097305020634,0.24684400003384024,0.22773008187972787
115.21814705972838,0.34608192705393326,0.2960792176800764,0.24678574255681038,0.2287128701676458
115.17569279229754,0.34672928863039715,0.29946028175450123,0.2467393658211318,0.2288493619425373
115.10627058682668,0.3458927412058082,0.30130947106833006,0.24746129250905016,0.22810459221177504
115.14146387793917,0.3470000385509764,0.3070255161583428,0.24854892941297282,0.227092220129318
115.11438272460013,0.34560568263554015,0.3052367936441695,0.24745812548839005,0.22561713903380026
124.52713406744326,0.16001623444810453,0.2010380106182716,0.17927028597819003,0.16905612400893302
163.60894242666132,0.015049434629851732,0.1700840086250614,0.1509260456333208,0.1336054644212798
109.71143270276636,0.11641083163293643,0.18139897341606936,0.16271886813448466,0.13932809134913607
108.99858508241681,0.19097128329236165,0.2010451645592798,0.1865399406861335,0.1612239691068221
110.60848184152145,0.24309031303267828,0.2017343375656969,0.2098769704780517,0.1801648667282035
112.18043702069312,0.2791313328277145,0.2217095933287016,0.2254917326996048,0.1967263891896532
114.26391773829485,0.3044726271649764,0.24151035574992946,0.23886165839699913,0.21034872036692198
115.63812732581219,0.3195095754429901,0.25145479038065255,0.24908070815287592,0.2186689466969805
116.14153639141783,0.3311303819653439,0.2579887711030749,0.2565486566561725,0.224464511564668
116.30404271103225,0.33994481454010617,0.25907889192828615,0.2600519543203473,0.2290876582439889
115.74437607145427,0.343821037191391,0.26252943119831207,0.2619536846611701,0.23150276724346314
115.6722484410146,0.34563030614440254,0.2697493468508863,0.2633554677941033,0.23493010146734206
116.00889258923799,0.34839411260733677,0.27045069396984917,0.2626675903273246,0.2364317959456827
116.16852229674856,0.34725510737739584,0.2720981494766891,0.2630790046882036,0.23660239917687348
116.29059920157289,0.3491013555097768,0.2741207656751404,0.26294696890291996,0.2381888652054796
115.81761930410552,0.35084006496470604,0.27756694599622667,0.2662552146519807,0.23764689665102331
115.64457874438625,0.35392321366456897,0.27867032420251636,0.2672811529241777,0.2366131776591709
115.91606952418556,0.35716259320257493,0.28474885982864256,0.26848751195752213,0.2380177144488862
116.24372582701815,0.3619011988668417,0.2798293897163122,0.2708446104935352,0.2399628414560853
116.52210021375794,0.3636666545474929,0.28379668546104436,0.2713347569523466,0.2398098153538382
116.6895337718319,0.3644937081494801,0.2877110793234488,0.2730222877873901,0.24033970285445908
116.84033887417034,0.36381357049292545,0.2909331011163471,0.2732382391475287,0.23946874558583375
117.12578493548624,0.3606238373202731,0.2931243522268381,0.27393172997816495,0.24007360082088042
117.00181370045668,0.36282143150453516,0.29627205903691656,0.27716100452141434,0.24259959541569712
117.0979121183844,0.3591948002703037,0.2928066862676184,0.2763888295663427,0.24273695505481824
117.10948131968075,0.3581864726449084,0.2916879959595742,0.2760753713736548,0.24330097364008751
117.11495970511447,0.36045510679288656,0.29332389148780647,0.27552750637975404,0.2426660023566246
117.159154924895,0.3613216116213469,0.29654172901271514,0.27478978018704275,0.2438549351965693
117.03679269926111,0.360630770651857,0.29786188875852554,0.2733510479766737,0.24298110134384795
116.87684974309758,0.35910699636561366,0.2959305609502055,0.27107898130806424,0.24256914107704997
116.65634163097593,0.3610062384587588,0.2948988489719566,0.26909231725684774,0.24237120415770166
116.2400191171111,0.3562148729070997,0.29138317811308917,0.26756038574952584,0.24100595740435618
115.29318205185292,0.36187980476733544,0.29423633707121916,0.2695501283127644,0.24138691508146629
114.8337627733546,0.3618207612189742,0.2944736294103689,0.2687226119801813,0.24082969751796404
115.17752826246057,0.3596205897600582,0.29481140367443964,0.266986170277501,0.2399780285282946
115.87347744313857,0.3628327618739674,0.29366703322461235,0.265819567723487,0.23912670433993852
115.56123783009217,0.3648107332304994,0.29225716325256473,0.2659134067971388,0.2389526938841139
115.19710509111601,0.3638722280910321,0.2937185456440334,0.266552065898211,0.24068619345809075
115.13876478592675,0.3613712120065296,0.290844677303822,0.2656862709831032,0.24103864257535287
114.97822127098732,0.3599527735794642,0.2888919775615779,0.26494404495297286,0.23911341166841268
114.82133707214949,0.3637951935440123,0.29126278108085996,0.2655125671627094,0.2392177593444315
114.83823122844245,0.36759137962090477,0.2950038120166101,0.2679621764953242,0.24027559952322225
115.32003753063776,0.3654393223571109,0.293816179576796,0.2685122983279248,0.24096947987646228
115.65268046415297,0.3602487699346595,0.29109398545727655,0.26785203335235497,0.24057969775488852
116.80991599706267,0.35042659439083784,0.2880355907405479,0.2675239601553479,0.2410436471651999
116.50546928073426,0.33865607696175426,0.28407814364273853,0.265843752770238,0.24011828267279484
116.44784888076028,0.34303590180999044,0.28646718434389934,0.2670610106534311,0.2388032584765538
116.1850759940406,0.3462037982324176,0.28731412841770104,0.2676236263500371,0.24033381630107178
116.63667495608026,0.3322687457158988,0.2873193264555933,0.2647687518845987,0.2387746855751401
116.98524443210603,0.3345862189940641,0.288049119932553,0.2637119582953592,0.23900692427513723
116.91621780445304,0.33750741932756384,0.28806674732241416,0.2626963091592335,0.23986196245329977
115.99965672797971,0.3384081545223362,0.2874987335385881,0.26120662316986143,0.2396480878305906
115.91955576348771,0.3390934648362321,0.2882547464618923,0.26055773604625115,0.2391002585971378
115.93020104642751,0.34035794114784307,0.28874725231196413,0.2612041289729114,0.23865687414375716
116.34103951762853,0.343063289738035,0.28992950258251526,0.26129007905210205,0.23935401602213915
116.7396917612105,0.34492799299622673,0.2908882084375871,0.26100090000066645,0.2401471886201117
116.68275795374055,0.34920616758814865,0.2929389633376488,0.26173234967660236,0.2407163016759123
116.82312888257424,0.3489216555988825,0.29426340356949615,0.26195943911099256,0.24132228076398632
116.67771686823494,0.34068397525424027,0.29088159339728475,0.2611044348125138,0.241756621726184
116.75628038859652,0.3425766184695517,0.29146522335684355,0.26187426240649225,0.2419173968371204
116.10768496413058,0.35401262838983705,0.29460597697208674,0.2666600206896899,0.24495244142771305
115.06392038374219,0.35444511415368496,0.2937488796343089,0.2664811652930166,0.2447506232953851
114.91179343292555,0.35693889906765314,0.29514693079721754,0.2658358016220293,0.24508444447841518
114.83577148128825,0.355492871141734,0.2933080185724471,0.2621611503185771,0.24348080128856775
115.31735320689698,0.3497872941454082,0.2948106440932818,0.2618677679422049,0.24360875926817444
115.32143819678969,0.35026496954136394,0.29539756753020496,0.26213466817010517,0.24350120333466516
115.0739848387196,0.34987847525182725,0.296781835027309,0.2624937778195589,0.24183194619416265
114.82705689082397,0.34765331464864874,0.2977062276667039,0.26278614004871925,0.24133570158384565
114.80432508903206,0.3449610053532519,0.297746690398545,0.2636778072412281,0.2414823520125737
114.70182143858833,0.3434279110518413,0.2967860256102029,0.26202423428615323,0.240724243021986
114.4852183610464,0.34550383398504964,0.296065420383812,0.26186732497234694,0.24075393619223248
114.80805287688787,0.348284970989196,0.2952635642054605,0.26181161563863115,0.24108801703448784
114.57057503924872,0.3490391995264889,0.2976672147888474,0.261543166636443,0.24048242483523444
114.3118840579052,0.3483176482731007,0.2982584428139954,0.2617939865718755,0.2402852510930314
114.38468994372516,0.3487765061923039,0.298528833087221,0.26078189762874227,0.23997866223427713
114.51475137360944,0.3460703779545302,0.2984559329945327,0.2618287340191514,0.24026326410456328
114.84760319514048,0.33911014855080773,0.2966887449185148,0.2613995523886287,0.24098864455225474
114.63036760748973,0.3414055523109101,0.29693024488856695,0.26230812511553514,0.24151693956280865
114.46662036250719,0.34277733486673007,0.2960308656540459,0.26146281381079717,0.24192564226725058
114.0761962248763,0.3427945868633444,0.2961509836284435,0.26046792537765795,0.2406751939709768
114.31170138564406,0.3416545518164465,0.295505884502637,0.2600405048414856,0.2398780254216719
114.45314874636904,0.34453536469087326,0.29638972544255565,0.259951799713921,0.23917406428609422
114.4995101981374,0.34645888507818207,0.29746764825018185,0.25948900539206415,0.23868614780235492
114.58686783797555,0.3452242611401948,0.2967042114944116,0.25910384965012967,0.23877303311333692
115.34355428609645,0.3384748431585846,0.29555141926431516,0.25794896453863625,0.23775170966953507
115.3585519825779,0.33855079118596054,0.2970573022672757,0.2586059353372792,0.23839385517649012
115.03313879183531,0.34201566950457585,0.2982548987173009,0.25904032352751133,0.23896121544916357
115.0561852951124,0.34645105803987775,0.30197004795963756,0.2611911665207782,0.2406798830880131
114.98247290054974,0.3499500427423822,0.3027388203704942,0.2628711942480415,0.24176698800060886
114.97961548142607,0.35388789604579896,0.3024455110604588,0.26362322607459715,0.24209358794696278
115.16899454263167,0.3540984151848151,0.3012755330473017,0.2634463860365573,0.24136777066319337
115.11360712349801,0.35205138727178764,0.30061334305109777,0.26329763467697487,0.24115902420075586
115.12745129189717,0.35502019485633,0.3009041001934733,0.26422687697061154,0.2415339395829271
115.18762607131764,0.3560154526562607,0.30052836806159744,0.26372014823004003,0.24178445881755312
114.5557423849831,0.3609665854242934,0.30194918540759946,0.26482600845513676,0.24198937251798833
114.72719401507979,0.3598499250840074,0.3018003743099298,0.2651780211190685,0.2425842617925735
114.96115954521969,0.35931707778565225,0.3004918412494639,0.2648976679024451,0.24279249048435936
114.86816298971794,0.3610262778078469,0.3006993936891744,0.26402042901061334,0.24268806353071723
115.09932098416267,0.3548469195042418,0.2990001489424882,0.26242379342599736,0.2413692331907018
115.05338696900898,0.35731184249232206,0.2992509551367746,0.2625054669282397,0.24017986819860038
114.91776922446387,0.3601418600997528,0.30079076029547147,0.2630431525799401,0.24011929575994043
115.10675841688148,0.3609305702032845,0.301653742271585,0.26452431772668566,0.2418307035899301
115.28537035283146,0.35821027167886066,0.3013096581467832,0.2648267545854693,0.24293628689234345
115.1350483989159,0.3572101915750065,0.3021194392221997,0.26522766856750146,0.24246084316871147
115.03217591750045,0.3603038287415229,0.30039133664288326,0.2651532420999498,0.24265854212606058
115.23744238938937,0.362169755387123,0.2999930610952499,0.2654376289204275,0.24345188242073748
115.31030860038348,0.36470926601884857,0.3015624616653813,0.26608034436227596,0.24243320872540605
115.45474572147998,0.36690134242117944,0.30360584992185174,0.26798552093848144,0.24366315909796402
115.56454687369835,0.369679893662324,0.30294465359443146,0.2679301353579562,0.24431513017621154
115.38027362909848,0.3713888198412032,0.30262231438163406,0.26931874437162046,0.24352199887954418
115.3871141923065,0.37038307704964435,0.3020669301918927,0.2688432483747415,0.24361454800927704
114.92072952666078,0.3687385544384268,0.2988880982263282,0.2671514143477055,0.24047065496977227
115.49092523229702,0.3678426724780481,0.2995699508783884,0.26731336359971153,0.24009414546729213
116.18190373645534,0.36849342576256333,0.3009378151524056,0.2693501561539807,0.24049795729541676
116.11193795987052,0.36927504396347693,0.2977008279916814,0.26743886504342096,0.2392225323323918
116.69545670767967,0.3705700957338287,0.29725635418314006,0.2668289216900393,0.24128832721749746
116.95069202366174,0.37212925605329866,0.29635973044126074,0.2682927884416148,0.24332078548329228
117.4384697520249,0.3735830883123936,0.2984022906890056,0.269802924745,0.24561617270228897
117.06401072653487,0.3772452455729421,0.3006403567384738,0.2712567369215139,0.24647016341873618
117.10610141962357,0.3798705574482791,0.3016800630875341,0.27266463472963015,0.24738576354046218
117.23966742655855,0.3798844719159121,0.3027758499383238,0.27343670592760516,0.24919104428424882
117.14777375119034,0.37938908321196996,0.30140165943348374,0.2738402413204036,0.24843365416527735
117.31261368921763,0.3819946120313581,0.30179931874867516,0.27524401978798396,0.24973841342246375
117.2416410103894,0.38520252933348215,0.3048018803556371,0.27708308796419523,0.2504052257650676
116.8441768743595,0.3865656600384841,0.3030398926211927,0.2774645201042987,0.2488694793475107
116.84817812680421,0.39012612361554827,0.3059386211362212,0.27930369119766957,0.24960385394328913
116.8464251656033,0.3917543165616432,0.3073510554827597,0.28026027689773464,0.24932211704402898
116.85057926274588,0.3925918217932274,0.3088377363965188,0.28154359223979675,0.24948009160097348
116.96979922745359,0.39209429392167017,0.3094990019952201,0.28306035499147875,0.25047339698916943
117.47485689322004,0.3881089118133974,0.30875217711872227,0.2827248741403254,0.2493154428723264
118.03785711822515,0.38356497341855944,0.30773082955494585,0.28188157601921954,0.247609788506903
118.08470956913823,0.38422200644848503,0.3053177577983609,0.28182855891774156,0.24703472251229078
118.10546063611989,0.3852438066560951,0.3053179806867586,0.2812475010883917,0.24623185915860668
117.89265612043057,0.38675848539114477,0.3043551087913797,0.2818116060927191,0.24547285505368918
117.86412683865716,0.38807537718749124,0.3035413981755811,0.2829050403292732,0.24617632960633984
117.7563861042057,0.38908208614803036,0.30240231424084013,0.28243702208924176,0.24605499718081045
117.68989097918005,0.3878186735389766,0.303484128834736,0.281294022725432,0.24603246878000634
117.68951770585117,0.3883762758434375,0.30279367658722733,0.2809591891846079,0.2463035647637977
117.87780131245337,0.38786841634204094,0.3032944468091371,0.2812614628268267,0.24570575318162458
117.91233652064764,0.38959736079798635,0.3037636932325984,0.28196951134710063,0.24610336229787882
117.78065901103488,0.3885080608942365,0.3045090357114876,0.28239545849520453,0.24570123982357006
116.97543274662432,0.39131449475196955,0.3049564072055142,0.2823373952127193,0.24606172293385006
116.43587568260658,0.39495910168467513,0.3068922791405688,0.2837438123744483,0.2468558651169047
116.04878634627921,0.3964798447330815,0.30808844846265404,0.2837108345971561,0.2462264969745931
115.69335332196354,0.39753338547994593,0.3072374857045728,0.2837789565437572,0.24541208494319808
115.71283204974645,0.3982124912717801,0.3072849486518664,0.2834742435626845,0.24523194596980094
116.0158690457215,0.3991329791819308,0.30717694718001526,0.28194896926438306,0.24518988199016048
116.44797038419703,0.4008649431703366,0.30541726845691114,0.281216653854463,0.24461496819412964
107.6206292314591,0.17604478351545455,0.2137322735997818,0.15087303966423174,0.13169625053301226
96.01539436688505,0.1000764812559848,0.15570082095154902,0.08746556044734781,0.087283593080195
99.60425469577454,0.13883686259872866,0.15962788724455218,0.08073634649311985,0.09437176298358825
101.60886995772049,0.1882743077889541,0.16977772132554148,0.11044529950357139,0.12114145874074866
106.00462505557778,0.22622058848967913,0.18014802313073178,0.13681373196656127,0.14465319593067671
108.24212422905033,0.265365282187464,0.1992729568803683,0.15827984735120984,0.16235412522812867
110.72254186200588,0.29611792453591385,0.21572895202696668,0.17548713947992742,0.17648356037475027
111.99120326905562,0.31718851297381123,0.2231308945401939,0.1884398928092506,0.1873736834617576
112.41490183909127,0.33652687402761206,0.23240439317449674,0.1993720011260662,0.19671342487020405
112.97954725003416,0.34929797095965753,0.23995791170199612,0.20787769098131856,0.2037955140213895
113.9215150813581,0.3565727940585226,0.243747998732885,0.21357665576647897,0.20920519579607547
114.88482130827815,0.3607560232485136,0.24772488541960075,0.2181398815420107,0.2131111621172336
115.95012126872062,0.3625172915558632,0.2515640135653559,0.22107365672750293,0.21540384017373415
117.14182373549708,0.3681286837379988,0.25508061101670376,0.22360986452995124,0.21925413295815843
117.98623967270329,0.3730101799047677,0.25771320740418624,0.2268773826382223,0.22328865199763084
118.75417281152616,0.3754670120641417,0.25889220490914133,0.22665927126912605,0.22482418733853185
119.24063861594891,0.3788020263887014,0.2583789486747895,0.22554272897416527,0.22595238359301878
119.6093722769113,0.38222616428890605,0.2611767332528648,0.22768760643992353,0.22843839086051562
120.0615394588323,0.38469907988606666,0.2629164232477029,0.22860993155409326,0.23039912184162456
120.16860904265172,0.38559043817421074,0.26187064633352686,0.226798257831496,0.2294410859556609
120.58032137287856,0.38545612153878406,0.25990945634717233,0.22510381282206837,0.22943022461125925
120.84475953082779,0.38626052527176613,0.26406555200196513,0.23020263756699874,0.23095231631709914
120.7313280116073,0.38459726557676405,0.2645700117908153,0.2320147011297215,0.2304557968325928
120.5942596933766,0.38813959802303344,0.26529747096901457,0.2345309181908155,0.2303372181125039
120.46209394384773,0.39068617927859545,0.2668204548945325,0.23735131620791308,0.2300444019132166
120.52079627612515,0.3941514542060749,0.26854343910562256,0.23905475450532318,0.23054501335070965
119.98587159125937,0.39445583240202875,0.27116804701192015,0.24232488843998692,0.23064234002107206
119.54085112476703,0.3978486722009665,0.273146950945844,0.24346064408291243,0.2305295197950023
119.40860335215298,0.3999985926769357,0.27562742249112226,0.246573427372233,0.2323492369093022
119.8338324088158,0.4002898180329859,0.2765976220997682,0.24553422176804895,0.2318455375982111
120.61117366567538,0.40095240213684846,0.27711361243162663,0.2457660125671327,0.23232296803109645
120.75553727495058,0.3979052177835798,0.2773364662291284,0.24429813999220681,0.23188051989035502
121.07558977146783,0.3964202269287109,0.27698325754497455,0.2442158610475004,0.23279360887614647
121.22429927667596,0.3959066792804219,0.274071966621718,0.2408062660130602,0.23059120490646892
121.34366935301662,0.39614234266009485,0.27186466583920776,0.23815505356900626,0.2275693374153149
121.02765227385582,0.39515568126037337,0.2695454731541702,0.23584143177630737,0.22587675365217777
120.87437931308166,0.3955404384670402,0.26845984242232723,0.23603971842092078,0.2231530414765945
120.31000365613154,0.39578259525092735,0.26862608890111705,0.238638878423692,0.22138857925361757
120.35695295017015,0.39657947578649955,0.26729568507559687,0.23698925462302667,0.21859134022055954
119.75730283850925,0.3956294778572414,0.2691276695942016,0.23992888384981112,0.21672753792353602
119.3339622112599,0.3981032393020164,0.2714943217820553,0.2429730551915027,0.21752160518317207
118.65134295895308,0.396857847777149,0.2733877577186517,0.24518880213807054,0.21662887937491865
118.81541139453978,0.3975481051262757,0.2741207799360982,0.24642492427655385,0.21748835859719945
118.601581891888,0.3961732597022164,0.27788076463487954,0.24953440161713955,0.21869411256355084
117.87286783957884,0.39472291096183376,0.2806219569276278,0.25281469380347177,0.21800022310311917
118.08438668685618,0.3938356120251028,0.27979020345672306,0.2514423954692237,0.2162379888619515
117.49160500272811,0.3931871150681575,0.27893479348373124,0.248940867015535,0.21554682305260886
117.26465298818101,0.3916307567656777,0.2772649913692999,0.246560348428178,0.21544396069579297
117.58455859893834,0.3921232708610247,0.275196794019321,0.2444626240090122,0.21594971371323501
117.45158444459096,0.39204275383320447,0.27317326752136645,0.24213915804585065,0.21689073176890045
117.40946018456026,0.3901988565065073,0.2720359786084031,0.2420315320535774,0.2169884447296646
117.48045264144295,0.38896784318988153,0.27216695381941053,0.24216062821972972,0.21705062761213958
117.23055055175155,0.3898994707451175,0.27219311649486594,0.24240737780764626,0.21751866052619923
117.38575359711291,0.3899757381285908,0.2726751163507914,0.2422964682412141,0.2188455206660141
117.36882203412682,0.3904045876490382,0.2730279300401009,0.24272392956953126,0.21960513783292426
117.61732508832914,0.39153567951240614,0.2743968374451996,0.24373661770844693,0.22136996912620216
117.48645697160347,0.39083227288805583,0.2752921358136344,0.24462180748895745,0.22263118013482625
117.75982657167651,0.39271822268979395,0.27555750547869945,0.2439071252305376,0.22367368736771753
117.83700473482139,0.3918539834576462,0.27569247309233347,0.24373272640692414,0.22352282006515473
117.78211605269176,0.3913647776670496,0.27489684432224243,0.24261745717415656,0.22286924069912364
117.92961378173325,0.39225091842247733,0.2750615437143368,0.2421000345470044,0.22363116355074764
117.70279902230561,0.3914550989813077,0.2743651885855289,0.24097140987224083,0.2233345322877755
117.68890055261085,0.39130333313762794,0.27513708707689344,0.24127487859293834,0.22387550371729828
117.69497540733676,0.39235023414274106,0.27838436004762646,0.24426033797317445,0.2254822899838393
117.89201911464201,0.39276135260404565,0.27938635952319957,0.24452850894548464,0.22663981427590726
117.9259164783781,0.39344978029157557,0.28012055852344764,0.24508565146284547,0.22701539336347307
117.8779150737826,0.3936080511339959,0.28039065938742747,0.24514295232251995,0.2273039675164433
117.87155692819536,0.3944574022472635,0.27996494627345175,0.24533801264797064,0.22764558844289903
117.81673023784163,0.39395091805348514,0.2802210222690372,0.2452996045925435,0.2282620172552681
117.98037679570824,0.39571062776863136,0.2812504530102956,0.24646254105444293,0.22843750822390885
118.28829844525313,0.3935245973747148,0.2792784458687367,0.24461853681557208,0.2274671419112679
118.35995882579978,0.3935527686399047,0.27896436848813094,0.2449175572642837,0.22576178143687844
118.44221529383798,0.3942892472386718,0.27666782165768133,0.24454494328830212,0.22515605439302902
118.15611390064996,0.39327468515284814,0.27749249498114326,0.2465742647683819,0.22412314187886098
118.17512661473214,0.3919830390993019,0.27799796185271336,0.24793515213235315,0.22326668126742527
118.4446238363344,0.3901059481316853,0.2767579718981588,0.24647827900427674,0.22242913282709006
118.36434173827543,0.3888416976965698,0.2777828023164431,0.24799460747982455,0.2217723403903229
118.19407356861443,0.3873921015668938,0.2764693020063921,0.24510138759976888,0.22120814418865004
118.25280503767856,0.386840604175836,0.27662490015550323,0.24455737638308614,0.22079886067759616
118.07007498614092,0.3887185815687816,0.27613122267307594,0.24433039868998085,0.21984528602188766
118.07548186016643,0.39098467165055584,0.27821427716147085,0.24604380922184885,0.22124384460054372
117.90566214276191,0.39005393206160377,0.2784473135556127,0.2463738296723795,0.22121773031102687
117.85857439719908,0.39021290646225454,0.2782840505027736,0.24689917271024933,0.2211236721142496
117.78020241197214,0.38971358790520244,0.2786419837407357,0.24721786981889046,0.2213949331395382
117.73905645572462,0.3894912245246495,0.27774525836775976,0.246650594770207,0.22109698778690173
117.71763132121343,0.3905211057803084,0.2782979112097062,0.24687300131470544,0.22183814149224856
117.49684574184054,0.38906451918578766,0.2787749217209124,0.24709286438986938,0.22172726980098711
117.51512760187322,0.38786001556290345,0.2772206825941498,0.24524320567333485,0.22111039785535644
117.47626068841858,0.387351460330462,0.27662798144923145,0.24445717061620806,0.22068803976382442
117.4448488736081,0.3878886443525983,0.2781508064551582,0.2445243419554151,0.2210639454675487
117.34121283914257,0.38873272029157746,0.2789037709114653,0.24432249675219198,0.22204787824417052
117.6269716026812,0.3900732479014841,0.2796922497484595,0.2445065265122174,0.22380336350791522
117.49615190243745,0.3906352333190159,0.2800068142832271,0.24518018441337222,0.2241187363389974
117.44454531544703,0.3919718337665265,0.27996323657165,0.2454716628092248,0.22371655239087732
117.50365558532884,0.39092535118725197,0.27900097674719865,0.24556332441654027,0.22308825429317672
117.59923550475865,0.39227264617327123,0.2801881529189054,0.24723310191420414,0.22338466218209804
117.94463063036925,0.394209059723232,0.27731406263242403,0.24523736249946956,0.2224445522886329
117.97891822340833,0.3942502230191331,0.27755689316644533,0.24706973634684676,0.22189282440085475
117.96050206960297,0.39319906382664443,0.2768144918728257,0.2469610744741158,0.22103479908464532
117.90847069062127,0.3934310951071051,0.27589462138547444,0.24539305168949233,0.22013257217501161
117.85702552679801,0.39088183120723574,0.27302160407782905,0.24294240980779108,0.21825594221056707
117.97799111226469,0.392084235495586,0.2740289388608116,0.2437078241834436,0.21904119455679377
118.01412534629492,0.3905329105389992,0.2734126007090168,0.243180327884908,0.2181983233638471
118.39256477482607,0.38989251484438253,0.27223064925627943,0.24235895115559047,0.21771129043094872
118.65426399801986,0.3911299741590619,0.2725188218784316,0.2426598216160802,0.21726323037136575
119.07489159379236,0.39219886890093225,0.2743119401026531,0.24428553458181915,0.21859515178764843
119.16180797933089,0.3918868055812918,0.2732629356962215,0.24390183338288884,0.2173912461878271
119.00432750809708,0.39121258831423006,0.27244474966691823,0.24396460218098984,0.21593180640620568
118.97468493346237,0.39166355864228813,0.2727800866413008,0.24460535664357855,0.21462179661726294
118.7045899069176,0.3936130265126402,0.27536378345682694,0.24788384934102708,0.21523644939062836
118.79654292372415,0.39441032256605546,0.27364943581090734,0.24724879558323795,0.21510722863277013
118.58250251770745,0.39198163565892696,0.2727962907701839,0.24438531206412548,0.21344039544003904
118.98940717369165,0.39166020921815936,0.27241353088109266,0.2447046134639032,0.2124246399579894
119.26557764808878,0.3922019997990067,0.27232093238400396,0.24467618036412322,0.2124588231634473
119.55911782649031,0.3923045684036704,0.272924315372335,0.24551980648360341,0.21264558990038765
119.77209605435202,0.39353328663822207,0.2745277963277309,0.24708445793087275,0.2148885908951667
119.90711921647664,0.39470061854203153,0.27563412649493957,0.24719204132856665,0.2159463758165673
120.26193955198326,0.3958615668405185,0.2766123768011716,0.24870008611362757,0.21667283428439743
120.31218350841938,0.3960969107172545,0.277191276605947,0.24844744911847225,0.21787798103313286
120.1338882048983,0.3959849659459677,0.27673268116072325,0.24851675738887735,0.2173827489513935
120.27180020094372,0.3960009176266863,0.27610148158309905,0.24873679418734104,0.21528541496430234
120.47351521458836,0.396197136127047,0.27572153024500246,0.24926698928205235,0.21500936318409905
120.41998961606136,0.3966372509109147,0.2765988477941111,0.2502734802477888,0.21543551755889104
120.14592988275582,0.39594213804538836,0.27615001571363046,0.25043055074975545,0.2163242624038586
119.73627200552211,0.39497811402997673,0.2756059069108373,0.2500104510435646,0.2166622961840237
119.59377301790276,0.39452533171012993,0.2761209605643532,0.24914846874185054,0.21732413791656136
119.88667640917433,0.39355850385679453,0.27563001001134335,0.246250261161223,0.2185394052112011
120.1001948593778,0.3941035777818387,0.27669862414053187,0.2453466476353222,0.2169339929495365
120.58453984979957,0.39580519409745807,0.2765330007947688,0.244148597745009,0.2168967718800479
120.71083968378001,0.3971707002824611,0.2769133204510012,0.2454946704542967,0.21784457278053573
120.88229072373242,0.397926350085276,0.27769875772467206,0.24462733243155532,0.2178774672970952
120.9449101352743,0.398310262735592,0.279373099861099,0.2441289574670363,0.21873610360255338
121.28625574913751,0.39869473456793875,0.27960625450996723,0.24315007391560295,0.22007612922606512
121.17122742455113,0.3987546030485421,0.27818712099727805,0.2424998059192176,0.22024669887862391
121.30371003250784,0.39962015912182375,0.2798056724594022,0.24460550439294712,0.2219847570219419
121.46151509804218,0.40038345845476503,0.278853176188667,0.24454739175282988,0.22268369220258563
121.57802389090185,0.40026325643414973,0.27734008858655546,0.2428139420223211,0.22160259314620073
121.79104293534053,0.4003825844299227,0.27627831140827636,0.24027936445719658,0.22120611945132274
121.6045231222752,0.3992163444692838,0.27732074171753907,0.24097217796481216,0.22200925393499116
121.81924344715473,0.3995403509381327,0.27613311711573907,0.23973988839736124,0.22210075126626094
121.84783212028363,0.3995032991587972,0.2753064265542796,0.23812366219154174,0.22240439262987538
122.03334470942039,0.39977119147357937,0.2752142147455852,0.23784466678492747,0.22291443118413193
122.30898889291555,0.3984370770897782,0.2747259554503559,0.23696847241113933,0.22277144912385774
122.51805302018657,0.39830548300479135,0.27465506636211867,0.23676135387749916,0.22345445813260248
122.49473978968308,0.3983386531625137,0.27498099771354567,0.23682594579420843,0.22488469781700904
122.57809983128273,0.3989335255556303,0.2752162173456942,0.23695781894028942,0.2256119935336842
122.59169928056264,0.3986143820831048,0.27559763439376267,0.2371801922974637,0.22640131205096978
132.222541972938,0.12110930507460907,0.19661218586929105,0.16891966223996388,0.16808649469360576
160.5255841863972,0.04760908791815513,0.1671648507725133,0.13935912302879958,0.13898771892364717
127.28687052379165,0.14531899397207457,0.1753753564195008,0.14224859177048244,0.1357489352162972
121.40540917544348,0.21198566025837107,0.190968680786858,0.15312589765888823,0.1406991742129917
119.78823552574077,0.26313863456641984,0.20924191464262673,0.17266218466652358,0.15309909959045448
119.16655321835981,0.2984023593951504,0.2212986571026086,0.18551799252168485,0.16822774422346273
117.97782671320745,0.3236711677462768,0.2326450493761964,0.19902112460541466,0.18349869092638182
116.9437236215888,0.34281079986832597,0.24255395615642922,0.2094853390008689,0.19419659678859644
116.59519229242241,0.3563828233937005,0.2520619815736798,0.2198471572311691,0.20146499566865292
116.05972331095975,0.3667317479280634,0.2510541569391645,0.22311651943025113,0.2082603638722565
116.17520373665035,0.37582634378971613,0.2549526406527187,0.22765185481533684,0.21383232875964492
115.95289331383442,0.3820380386065018,0.2596100422898056,0.23185033523422496,0.2165246149401187
116.08212472858443,0.3853862646546429,0.2675614355393993,0.2381172930812903,0.21936982863177085
116.14333702566266,0.38791486920997276,0.27584806280841334,0.24361639237388125,0.22142568315431996
116.50942303680452,0.3882258980943857,0.27969870676853353,0.24508128514303584,0.22196901248250384
116.82507100601437,0.38520979147165363,0.28169421114042714,0.24407126338511062,0.22142868457239107
116.77988109832444,0.3838575241475308,0.2816547430850825,0.24467039233210855,0.22270745438127632
116.36904623153106,0.38204298721592,0.2790602707508774,0.2418343717885279,0.2217985079766684
117.21271585786386,0.3833704800444043,0.2816080273986311,0.24382933748603913,0.22488893473349938
117.29731788435771,0.3801603285389184,0.27816497144110086,0.24037875796561942,0.22277568659332528
117.99722788338858,0.37989644250785337,0.2804004818366728,0.24190605392198214,0.22260107086239517
118.20082859728618,0.3796972499548287,0.2807654687889978,0.24308968838857292,0.222312521788483
118.56032646347884,0.3807746244590333,0.2807931272937831,0.24399454627245776,0.2223448226531011
119.19756933261984,0.38095051432267757,0.2839773511995506,0.24633960451987566,0.22401540249472177
119.28830314420398,0.38195197036086076,0.2840465638377513,0.24926326536544702,0.22628619239115116
118.9196929948899,0.37899039498688003,0.2810861275690071,0.2489676957468904,0.22571930141615712
118.48586518475203,0.376814708129529,0.28019859957941934,0.24919306028052884,0.225251160680784
118.79488618002335,0.3749569125752826,0.27749081160719413,0.24695477341740532,0.2244875159952794
118.99040019896479,0.37561040189106687,0.2744871039004772,0.24474708060894337,0.22453046085857917
118.97411669740495,0.3755201383915192,0.2732928840195912,0.24403812395972715,0.2250697008495942
119.14739841691939,0.3746333847274599,0.2715078308722345,0.2426160514732834,0.22553557139680327
119.30029672500936,0.3753961049622832,0.2707960894363422,0.2434626053513275,0.22654182042464882
118.71323307824076,0.376686364844606,0.26923553426457303,0.24504265126312275,0.22717984132653915
118.18338230272471,0.37800261017587905,0.2694242687278674,0.24776595337332394,0.22754137608190644
117.81481692829907,0.380615971836222,0.26996198002841665,0.24923323182108176,0.2278260466332389
117.92179707480476,0.3803584806294888,0.2704936594479751,0.24806183536886878,0.2294660770296585
118.15123832434338,0.38179565464528675,0.27261211202439395,0.24917089893914637,0.23160904600683516
118.19506868484861,0.38050295564202047,0.27558815021385014,0.2492618670560157,0.2330407032597126
118.02768588653211,0.3776248928534326,0.27612411161238176,0.2480626593420111,0.2322171634082727
117.95737892644128,0.37730171682357583,0.2772592206965569,0.24895737829180767,0.23282351620514927
117.76526194189854,0.37689399499142334,0.27708275622187695,0.2493212281653898,0.23275294155380735
117.77063706752534,0.3767915539475919,0.2783246024809717,0.2503332953073804,0.23381684104910488
118.13679186018999,0.37803299032328896,0.2793950322373556,0.2501735818484168,0.23449213058552038
118.47683204468353,0.3773617028270965,0.27744189184248236,0.24915864457835937,0.23496290285711013
118.28489912159807,0.3789718970947474,0.27910830153796673,0.2514273209458362,0.23488512118931543
118.51000502717767,0.379538668815632,0.27966338055360035,0.2521810307299323,0.23508729942609444
118.45688789597288,0.38124153921865644,0.2817566976827241,0.25488045961138917,0.23595816753035523
118.39798963458104,0.38354004885614956,0.2836113639246784,0.256405127087479,0.2367323706738449
118.5164323995814,0.3848625400190724,0.2846335279364234,0.25589014260259574,0.2365986826621968
118.68241694830839,0.38539573666206545,0.2854702873656428,0.25576122353377706,0.23720374593644772
118.59445082585799,0.384973204906635,0.28432973860638244,0.2553932765459617,0.23634791706743308
118.75437625249329,0.3843816603418805,0.2848385551878057,0.25605854005979856,0.23744229993138366
118.79477407303601,0.3845124472313559,0.2845017029721414,0.25635300600026767,0.23748407554045933
119.00604148392925,0.38477803793668863,0.2846888620691375,0.25635372917399774,0.23703639663723144
119.05539680855192,0.38437306769359114,0.2827840216138714,0.25584766041858437,0.23568810461860737
118.91840823016868,0.38438163637716094,0.2817972329172325,0.2547891905648397,0.2356945647077652
118.93852457256557,0.38589082799655033,0.28211116318953156,0.25431920524784396,0.236027999653617
118.96244440495224,0.386787335862936,0.2828543728215764,0.2550378783841203,0.2371911602438394
118.89846668528511,0.3857614248375104,0.28321391349898734,0.2548725431756836,0.23668664220309343
119.10304382463698,0.38680151643569327,0.2835116774837622,0.25475821640925517,0.2361001646820347
119.09212702598087,0.3857305935559517,0.2839029214478691,0.2540902755360873,0.23569457927245782
119.00595695579644,0.38542711485966114,0.2847480590887887,0.2540983973872038,0.23598597152007902
118.6536047462526,0.38586252807331095,0.28600317906692974,0.2552964912128003,0.23680118453596638
118.44628794813723,0.3855164527563531,0.2867599309679104,0.2568609603505545,0.23737644280863693
118.29840615474872,0.38401350712924287,0.2847671418874008,0.2563956483785463,0.23695094819266788
118.34367058385114,0.38441126432883027,0.28492999637355526,0.2572066773882668,0.23632533750272683
117.84922672731908,0.38507772951590974,0.28542425572426483,0.25781807740937096,0.2366219101114941
118.01621644012161,0.38589231836451987,0.2839379781821719,0.25846589757121874,0.2368882251187708
118.16729389102373,0.3849673235794176,0.2838612377871597,0.2586617916453183,0.23590188344521437
118.30481431141078,0.38331329426893646,0.2841510405928104,0.25729472852532614,0.2344802161428044
118.58495239054653,0.3824384547443254,0.28421230773817513,0.2562207851433317,0.23319725248988138
118.81393578132321,0.3822957481672757,0.28491991205354755,0.2565300832675339,0.23323830494953882
118.91680884341439,0.38254081334219275,0.2859771374150437,0.25684360554628105,0.23267522802432428
118.77330300410604,0.3821642172603924,0.2863928202152973,0.2566489656227003,0.23320471652098326
118.75399370670902,0.38246783845125015,0.28605616876104867,0.2557929289378793,0.2317928951273509
118.2585662757858,0.38139583742436445,0.28595698092380045,0.2555258173921401,0.2319132268233032
118.03295795598665,0.38158056378113336,0.2854467624218387,0.25573125281729264,0.23293332092603686
118.22939046734164,0.3805156123402283,0.28529723145110036,0.2547631282385522,0.23242032445755273
118.37045627411176,0.3793795310095656,0.28355918287347515,0.25198349156749933,0.2308504042185362
118.37058962547113,0.37805385942033326,0.2838651666765468,0.2529617774923229,0.23068983411605512
118.32379273610661,0.3773557948828941,0.2843195062396303,0.25390513491983174,0.23108173961154455
118.13286999813096,0.37663242244353223,0.28568172823615234,0.2550046336972541,0.23186741181697212
118.34116605068017,0.378073459187594,0.2858886972849336,0.25472325515969324,0.23278223735393722
118.54064118747308,0.3787039474241235,0.2861075985349483,0.2545275188685707,0.233685413052117
118.51543639647451,0.3766142118377273,0.2861936588588268,0.25405630857018385,0.2336618381324882
118.66548865342045,0.37599328067836957,0.28639791143632165,0.2536257436495209,0.23348099659623253
118.7409783084552,0.3760306112040731,0.28647620100943505,0.25328944542305293,0.23287329681973498
118.82791074286966,0.3756331245912967,0.28711861417035806,0.25375382679364306,0.23329915692513972
119.0860829957231,0.3760670766514822,0.287387066803246,0.25465097142289855,0.23383103400525038
119.19414283792355,0.3779045855997755,0.28873590799220183,0.2565597627220683,0.2338880044396469
118.9721416228686,0.3776182647898972,0.28737662842064776,0.2556150712496402,0.2345342872373255
119.06484420751987,0.37961447419827116,0.28648199072198044,0.255585542496272,0.23361208527324712
118.86361271622968,0.3796400103714349,0.2877300575656785,0.2562738087009054,0.23521255767767382
118.82443573522218,0.3816371454003148,0.287999619060229,0.2571485867876427,0.2348429984164592
118.82759340792646,0.3832290781370193,0.28816345868031434,0.25763645134352525,0.23709223552383463
118.88621118621755,0.3850141009293192,0.28722320017822295,0.2577300902096659,0.2381908323148672
118.89484425227774,0.3860225541425134,0.28680723942078434,0.25824253150409854,0.24036567987747312
118.86732341006714,0.3863272207533118,0.2868303054095745,0.25888620604148593,0.2419841132818142
118.73932463470011,0.38726836940923237,0.2857829378474531,0.2587380417833466,0.24390585532149284
118.72843405272607,0.38661906392877493,0.2855286571559158,0.2589003632472323,0.24407611902659446
118.69590352355043,0.38626880561163923,0.28532216194612486,0.25908178882342847,0.24435202236507467
119.07018600076188,0.38647619198619887,0.2851001893575933,0.258389674579866,0.24390880854593974
119.28264767127247,0.38808263823707834,0.2846450200203886,0.25787498188802577,0.2423823413588523
119.32855630010968,0.3871796678172013,0.2861488309563641,0.2580427188093247,0.24197210043968975
119.7176709329976,0.3876864993698103,0.2867117122682843,0.25772445366072355,0.24139320339362128
119.74688325482917,0.3878397494006953,0.2880950141678014,0.25774930759221376,0.24088998016239266
119.80334644001493,0.38584762582548376,0.2872642317129979,0.258321452681642,0.2410895820172568
120.39552118931002,0.3857538932151456,0.2878581568563136,0.25821532085358284,0.24046989455110573
120.80662500322867,0.3867619919000467,0.28882353768787467,0.2587137567486183,0.24077390877001947
120.92859972764421,0.3873683758660685,0.28739839631990904,0.2580533762896696,0.24127421020063317
120.8463251385009,0.387579455684988,0.2859367463886415,0.2577937519109387,0.2417745393713274
120.88436270173554,0.3855573671521946,0.2867764485753538,0.25831130639734673,0.24174663624733145
121.10178128725387,0.38668184555182145,0.28618445818272614,0.2575828444469254,0.2414918069555622
121.2898091481299,0.3860772665623807,0.2884744080565691,0.25931809231659114,0.2428088963885295
121.48529267134623,0.38700093210741054,0.2896503360805544,0.2605722258107251,0.24288710115974196
121.54736426843719,0.3874507695029189,0.28913564930555335,0.26028237150237954,0.2428811436190426
121.64568878754915,0.38800105558639403,0.29027841003147975,0.2620046494580272,0.24341089797263593
121.4354651097764,0.38728155947453996,0.29035707605827055,0.2618193724135288,0.24488595669505475
121.49357376606143,0.38824813295629407,0.29175208959237925,0.26276911690080834,0.24485393903661098
121.1113467334324,0.38618477552511915,0.2917537183245919,0.26114897243686214,0.24582320025699347
121.00224762509244,0.3871915445682643,0.2919080497425482,0.2605812684539346,0.24510698946392717
120.58587531424782,0.38714133492873354,0.2918095193274651,0.2607222065160998,0.24529239533674735
120.7063908764498,0.38521522122123186,0.2908685291040149,0.2581813436801379,0.24436108943505433
121.00582456929456,0.38588217327095503,0.2893279431802546,0.2581313863192405,0.24488959279913508
120.96204668468835,0.3868602887766409,0.29059264987980443,0.2596525136316076,0.24617609872639198
120.97023774408906,0.3867228318612481,0.29155661296890145,0.25933754025880085,0.24572786686166162
121.29018962109348,0.38738195489115496,0.29046058154714804,0.25854314266734774,0.24590155218398704
121.31440853574921,0.38774704659955145,0.29057817607142516,0.26084471444810825,0.24610419425484423
121.34047436407947,0.3870652664570925,0.2906553940177227,0.26188013396167514,0.24687495678451427
121.47607954730995,0.3863995530601275,0.2912775642650621,0.26213055229693577,0.24677636731524535
121.8421147580754,0.3873179716269587,0.2917745546358656,0.26230279826127995,0.24756662528747725
122.1550833098604,0.3880522855106844,0.2942311519850723,0.2628951100817333,0.24746947050304013
122.04277450168814,0.3890653302331242,0.29554928440712774,0.26372296811286317,0.2485799328040655
121.99686956053323,0.38774670701087893,0.29449588602272125,0.26178714434384304,0.24758254442186747
121.86993906861069,0.3894191725582281,0.29702117053828975,0.26317633845399574,0.24823899357320184
121.99539650971967,0.3890500484568394,0.2955128095442617,0.2609341334519381,0.24758944809801794
122.08606086784052,0.3881207785904736,0.2959079018545476,0.26031540800060143,0.24724724356402153
122.05912171663296,0.38637898716211033,0.29424614091807133,0.25932758720560506,0.24599308574568726
122.00439127063937,0.3869231534356452,0.2911414289999291,0.25828651230295613,0.24551407082983492
122.08684411622498,0.38671872546273584,0.28949279976383846,0.2558611721643495,0.24346131076258173
122.5264914419084,0.38498776248648914,0.28751807742231345,0.2535905730261047,0.24070197327457538
122.69005915087463,0.3857587081013623,0.2855541156344612,0.2524518246740154,0.2385869315796975
122.77488152807621,0.38499333424047943,0.2856222946465352,0.25128141632810735,0.23604574994006808
123.12117898090335,0.38435422118212403,0.2848790667697309,0.2500996387203888,0.23383019234657554
123.20991469393763,0.383370590524049,0.2844415227155634,0.24979795850233713,0.23191200841420959
123.51435169785518,0.38150604241691627,0.2835799534982186,0.24890566730742875,0.23091316971753756
123.60050017046505,0.38113411246880785,0.284190538154686,0.24867441496562906,0.23041705969095763
118.42053904259095,0.15182196604348383,0.14586019774646444,0.1479081869350958,0.14989140233483722
112.91475932683815,0.03568477698578852,0.10020788664034107,0.11203397536766455,0.10741473788900356
92.50749116962137,0.1285312066606216,0.1113603079807049,0.11903501126061594,0.10609411246738049
97.33825929451693,0.20484378349297916,0.14152769750148103,0.14068184271590434,0.12561812585912102
100.643969368025,0.25427643453012055,0.1660322279410431,0.1585248110675376,0.14677693397752525
103.3858503667742,0.28755911438401743,0.18550597943545005,0.1732396765878471,0.16214806459946662
105.15788822339147,0.3097530677770272,0.19943640668530804,0.18691072495979144,0.1750938127425271
106.30651968985923,0.3249963086994734,0.21139525735132253,0.19879179670701602,0.18317706167819497
107.20214023101556,0.33232740275167133,0.21936085192069943,0.20793218377854342,0.19110555790983855
107.77267117697475,0.34075938155128627,0.22624548140632852,0.21494038385135517,0.1968315168934841
108.2472966079558,0.3464407003832239,0.2303972072614806,0.2194265368544239,0.20102464157615993
108.56031064751937,0.3503698109157386,0.23311129790171936,0.22281380978917592,0.20516961239449663
109.24205558025034,0.35049138690263865,0.23511089754417241,0.227948155497852,0.2079293153178379
109.67637502510638,0.35371349585542317,0.2387301440819605,0.23202004456101655,0.21074953734520321
110.10805353146434,0.35317449344057705,0.23845597609779826,0.2323493352091147,0.206391221717032
110.0456298622842,0.3538400685596136,0.23881634569526772,0.23512088249491783,0.20666100879323776
110.36305370827199,0.35227756121857123,0.23803441587615495,0.23631600837520284,0.2004064273955678
111.07630194632496,0.3559251137732431,0.2395860387725815,0.2368638097274803,0.19176326462251275
110.91955230381214,0.35617820829271307,0.2427500732122653,0.23752218709163334,0.17649529743306283
110.94215682047464,0.3575454700324312,0.2457127789045168,0.23997251348628712,0.17914412514915778
110.47831647359835,0.35842717002016117,0.24515230888339412,0.2393813300286425,0.17998212252829934
110.1489476562701,0.3605377187383733,0.24896206369488144,0.24200230636252562,0.18779561079168544
109.74122848615643,0.3613220349372432,0.2502997833774154,0.24285295660556758,0.19302612334719424
109.33784676430584,0.36247807510425306,0.2513419356608487,0.24308929370531618,0.19464323738235928
109.22179071048151,0.36285310027187134,0.25211926996089346,0.24341127083639005,0.19615476160360082
108.94091887425492,0.3638199856041032,0.25293427830673193,0.2427192623386545,0.1988302239850554
108.72038151648165,0.3686431209095155,0.2521372986138422,0.24083360984378535,0.20030732493949918
108.48889259882834,0.369316840177757,0.2506198649961686,0.24221345647438988,0.20234977106734095
108.64147594052127,0.36973633979854303,0.24907868980899983,0.2430087991053073,0.20510929464480995
108.9544422748999,0.36923598011293524,0.24753717606689324,0.24232219715673295,0.20674695028286624
108.98354642975997,0.36823862117545575,0.2469921014331089,0.24297229755649344,0.2078607079801803
109.41389752106328,0.3693105373125637,0.24656540293146417,0.2422285245533109,0.2085612740948401
109.72078066611051,0.372336152822286,0.24545013195620863,0.23985490812787352,0.20967537317083368
109.38226243135526,0.36998271261303833,0.24592410946877888,0.2396843005750239,0.21090765258890162
108.91014540940904,0.36785107227252445,0.24320830511605676,0.2379128052475862,0.20748529701529494
108.67798931065767,0.36415561499710253,0.24105697086521297,0.23612136253146168,0.20276498291934691
108.33159907416075,0.3614177438307806,0.23951830195980905,0.2350290379399694,0.19940540124726658
108.05780425574471,0.3601726420691156,0.23695851947286733,0.2314855412048065,0.19058463947396614
108.45111417977803,0.36207710202828697,0.2350602508382022,0.22957855546736194,0.19027969205431944
108.78274232266298,0.3633173049661982,0.234569849534551,0.22804438656068476,0.18828001116351628
108.68272323659467,0.3629650291674878,0.23616085617170376,0.23023251673155673,0.1918910003363938
108.72978760182176,0.3638693423094735,0.23745384796205066,0.2306377806509125,0.1953296360683701
108.38127668622823,0.3647899209977859,0.23799258674298743,0.23061990013320105,0.19899251588712952
108.31471464515009,0.3622518199927033,0.23874940593361668,0.23149585984595555,0.19913706713375215
108.17489237939019,0.3620384759528734,0.23983723406036542,0.2329434626875362,0.19962639435531526
107.93693337702277,0.36063238561509353,0.24138303351761367,0.23343009462621964,0.20005029849103892
107.58284353933271,0.35861593267123876,0.24187361247734426,0.23215900485661084,0.19898028457263783
107.58675150605725,0.3596976320606494,0.24253200765004487,0.2318344359189693,0.19841086341321934
107.81483135476438,0.3601301513585121,0.24425846314237826,0.23158888233468192,0.1988725948078419
107.70802068513467,0.36156663528512445,0.24538227515080543,0.23207903570840283,0.20199837791139527
107.75897922392795,0.36384740538436366,0.24594769542498604,0.23155826912344282,0.19986703782384307
107.81495320162479,0.3646716999690234,0.24661868982632604,0.23176351125579342,0.1953302928223172
107.43548235321755,0.36647693331211184,0.24785301692940764,0.23348379121569945,0.19699546456247338
107.23872439640893,0.3666785406103333,0.24921332944378397,0.23439314297487704,0.20040168364274877
107.17585380434838,0.3640953460166021,0.24895380321547886,0.23451876877683359,0.20054364573133843
107.35677251165208,0.3637061216523093,0.24897518697415733,0.2344391389564796,0.20310413478707312
107.43034661832604,0.36200093878561307,0.24965357832715454,0.23486625852748944,0.2053868189304227
107.47729793775832,0.3621045700177472,0.24970322896219266,0.2355873045247195,0.20634478607868542
107.47871431296376,0.36294530904493694,0.2485498216611714,0.23531573308844506,0.20665868213824024
107.61653155432212,0.36293065429931537,0.24781992575339723,0.2342028581104545,0.20738656744745862
107.735513586646,0.36322061124522387,0.24737034555227147,0.23392838598289847,0.2071688300185292
107.62292899778825,0.3640468339339813,0.2463290665279573,0.23310074142808002,0.20812459386822618
107.56157439039643,0.36590401928592103,0.24707256575951844,0.23341768921991968,0.20730082282555898
107.43725785139331,0.36313274183679217,0.2462775437030128,0.23299593740153277,0.20743009931999845
107.86733333019404,0.36433065111662827,0.2468006889185372,0.2348933256172538,0.2088726623874877
108.08455013527589,0.3637123679730668,0.24687651749710712,0.2357324487427434,0.21070868522536718
108.17867262675988,0.36178166899847275,0.24695940653924134,0.23745278970449568,0.21191663942273098
107.84616085808783,0.36058571907547593,0.24732540906765707,0.23935075013101823,0.21180448782055825
107.74067010991705,0.3596996962088626,0.24713681386882735,0.23932935593357824,0.21235189024374898
107.63125228143974,0.35867266996707836,0.2473772086237076,0.23895878616833896,0.21101086455064136
107.39271043346997,0.35501669237556405,0.24745499264739942,0.23899539472969483,0.2087785253933662
107.2526964599819,0.35475807165867856,0.2478542063397166,0.23815819400767227,0.20793913453713248
107.07829444139661,0.3547802317034869,0.24865591534019776,0.23766334123678742,0.20493174376444614
106.99668593499544,0.3562415190216385,0.24917543091097555,0.23678286277849522,0.2035197143965611
106.5615221587197,0.3574336506710888,0.25205666827099094,0.238824788717923,0.2062181588873075
106.08783099289323,0.3567738680242793,0.2521752219888145,0.23757394029588164,0.2057940899954065
105.89794596658801,0.3560932300412023,0.25166872760138975,0.2357210585821653,0.2036368845508664
106.17084796682516,0.35863143946136306,0.24925543089506605,0.23349307799469116,0.20528337051235868
106.04818870958135,0.3595360151996461,0.25128427437023193,0.23418608625319418,0.20582042439904258
106.29607280084149,0.35966430306433905,0.25058296484379067,0.23365441706530898,0.20797489596933466
106.63128105024977,0.36071271527652304,0.2505112685827943,0.2340921863697831,0.20735742492077539
106.69274466261407,0.36072260988673854,0.25055932043892715,0.23414489908452768,0.20702488222690896
106.83735172844646,0.35921578055538517,0.2514759871020531,0.2353359191866341,0.20715485573544223
107.23320996949487,0.3601308971613054,0.25219688989231454,0.23746111144593415,0.20845569710673206
107.39802345677764,0.36067676948179006,0.253468750586811,0.23901783072483446,0.20887104139758064
107.57119099644567,0.3619195311392565,0.25568196967579004,0.23910721121874418,0.20859076571206084
107.86848930561538,0.3649023596538548,0.25548064773720697,0.2393209673276296,0.2071025832105631
108.08354540258577,0.3650978350000953,0.2557168295701734,0.23958949416444114,0.20874940653428936
107.84074942029333,0.3641093473960728,0.2538737638036288,0.23997012655891076,0.20796402316070067
107.29412626866679,0.3627135870652554,0.25159895667639437,0.24036816587472112,0.20748254043466705
107.085019606787,0.3658482094076409,0.2523039604241728,0.24251506064237074,0.20927323585251764
106.916699360305,0.36459172515998645,0.25165382127279107,0.24226861676769904,0.21052763680623085
106.92856244783492,0.36897235189370925,0.25307628877306754,0.24291567147011803,0.21233010049336012
107.17172754963809,0.37074490379072783,0.2528958982689493,0.24177857135464648,0.21209528595801483
107.06597124309344,0.3703354919107199,0.2540021862892625,0.24241183145427014,0.2126254358231347
107.36868719954595,0.36986844762084814,0.2528014626893408,0.24104156688322195,0.2124931927455533
107.13514585632849,0.3696990467665459,0.2506961466178803,0.23905796831773546,0.21169600523459237
107.19595225830294,0.37022153011799697,0.25027001247269326,0.23798254436015678,0.21176711309158863
107.00484617595927,0.3664887732477479,0.25004788974474157,0.2370554864471254,0.2107455130705339
107.19084857509186,0.3659264494312161,0.24973329835104532,0.23654378820022093,0.20990588892727094
107.58427671147714,0.36997970854015994,0.2499843700539475,0.23544263412466734,0.20787335817033575
107.6196713224424,0.3689247084517395,0.2520295231488668,0.23619627960157055,0.2099818938262914
107.74874140644287,0.36931127787035634,0.25265394118542933,0.23610340724564335,0.21081913238176408
108.17893574319008,0.3708041827430386,0.2522945755633435,0.23450239099630568,0.20953318654307526
108.59423674953482,0.37019017965789225,0.2523740578309668,0.23361024185673038,0.20668878924022757
108.86528787727842,0.36952513652087515,0.25218490014904366,0.2331165404032429,0.20699797207741438
109.31219668578302,0.3712528676561138,0.2521044462977526,0.23346045212601957,0.20696990812098465
109.74495679056689,0.37212839912204176,0.2532179273111387,0.2333531311989809,0.20779942111896094
109.45287412693592,0.3698940001322224,0.25335367483816823,0.2346488609464829,0.20886722534708593
108.61297709900037,0.36736078629286417,0.25310976019800974,0.2351185362591234,0.20759967176082775
108.20934759450216,0.3662669647744895,0.2533570500490653,0.23669395442274116,0.2093027329769018
108.173907792132,0.36789926289497726,0.25350136800530154,0.23596523936809322,0.20717197860821557
108.36155106031099,0.36986881593354803,0.2533544586777035,0.23382167435853263,0.20857576713539205
108.71938365137792,0.37052967367305795,0.25152414350907515,0.23133722049297947,0.2076881396946754
108.90789406979609,0.37105869592943447,0.24941013508718288,0.2276857279414087,0.20840357948730318
108.75675135424969,0.3702463245777232,0.24788849290032886,0.2278700988708453,0.2078423156911636
108.53164037272839,0.3690588774365005,0.2461862770860815,0.22695097914801018,0.2072789513420855
108.24705278082416,0.36772215811404796,0.24489408527408077,0.2270599852003251,0.2056649233203032
108.18350549434648,0.3653793570760258,0.24606297578154432,0.22874141183257696,0.20628966626984652
108.24096302371052,0.3660275878714819,0.2454195681721387,0.22948117582866087,0.2062482565007762
108.15058418780217,0.3651956174385887,0.2471550169424695,0.23044423358954644,0.20514885012626763
108.27566732311084,0.3610934503115749,0.24467894990088487,0.23014154121157537,0.20069406528685224
109.00391928925605,0.35856917468652105,0.2410055014604835,0.2277873591881588,0.19839759430310955
109.60368001677595,0.3580745052437294,0.239631491087189,0.22660928315561255,0.1985441427864322
109.11695373690178,0.35837441705685,0.23923754550653464,0.2267599367476312,0.20012257648297663
108.82204079341219,0.35859804410463575,0.23924927671990243,0.22787211513426378,0.20044955009179166
108.83714837116858,0.35534225398506386,0.23878158230115365,0.23012926138708925,0.20188181093702776
108.98356063941344,0.35676433472424574,0.23984480586883983,0.23090803819544872,0.2023185291761472
108.71547055511888,0.35607368192818667,0.2392621674100578,0.2322979741889817,0.2052454302376405
109.10291999019086,0.35722400305745794,0.23840468436320053,0.23149013720024914,0.20393966268571073
108.86485725643114,0.35970874082196924,0.23993444901182656,0.2314711617186635,0.20597520062001898
108.56469315901558,0.36098548070843595,0.23986588879044846,0.231909270834596,0.20682142404465753
107.69718884571783,0.3595685265701481,0.2402235679752065,0.2333464869986069,0.20807109288010855
107.74987217994975,0.36055050985916065,0.23974748502678644,0.23336113857173932,0.20842264327317148
107.65912326839396,0.360578076468491,0.23932297807296088,0.23345725117146152,0.20842841640179696
107.95956805581481,0.36062091377990235,0.2393069554577176,0.232310272943675,0.20882873913131622
108.3775571844308,0.3626323852232287,0.2422429938521616,0.2338865184276815,0.2123845321986673
108.48729596486702,0.3659276694366137,0.24230612322189696,0.23256993258708863,0.21347959658615004
107.85449223922117,0.3660557567792051,0.24422407839999552,0.2353324498163566,0.2154660461769535
107.4328403953604,0.37023431650656147,0.24795371291793908,0.23768198859939416,0.21961123983754263
107.47997664141685,0.3702264008060528,0.24832841807254297,0.23695986071043187,0.2202799912189333
107.58866902350952,0.3727506821611052,0.2471523955518613,0.23685005420229133,0.22104692364230544
107.63753074733144,0.37143571037110346,0.24691718614873484,0.23563416846961235,0.22010618283642522
107.48725894180333,0.37270324738520966,0.24642684822659244,0.23489722026784376,0.21903898966657787
107.60392014622416,0.37394167005627504,0.24556690668984335,0.23489396627002412,0.21896040347126786
