120.99042458783289,0.8206238247165449,0.3533929127024972,0.4319971928892294,0.4031852294903483
109.1703312925096,0.5698361589212642,0.2706258767931235,0.322282266578202,0.2966082428006149
106.32973248982431,0.4652420951617131,0.24418164206467302,0.2666952481232749,0.24455790537747815
110.66109226650902,0.4115886399403542,0.23383254211438967,0.24373623995528063,0.2235486249706696
114.87562885734283,0.3966857790351717,0.23407490017642338,0.23929479857210378,0.21953862515829606
117.91155975322323,0.3864483303563196,0.23530945722682,0.23686245013251742,0.21998949218841402
119.85696303755353,0.37903859169708687,0.2345689467390377,0.235535268068767,0.22171840747348895
121.82786184414066,0.371719523533581,0.23624604345356914,0.23641852961602397,0.22575766695695476
123.11082504169696,0.3675770419867205,0.23840161803340298,0.2375429618167477,0.22786245961753984
123.81743458182076,0.3613566501927753,0.24239123270650081,0.24068976538498355,0.23008300600638973
123.56252678769258,0.35772328059455577,0.24551753078516353,0.2430222169489241,0.2308874590755399
123.34427801660433,0.35528475412599253,0.2461868382586498,0.24200723931653273,0.22987590809414532
122.59155451559758,0.3500699309748839,0.2449937437561694,0.23939434654698705,0.22803366901781214
121.79050164989373,0.3461340434755926,0.23806457120725313,0.23289340596441052,0.22739944039347781
121.01109684520132,0.3445840759268823,0.2366917770404122,0.23190850658710202,0.22727748360211972
120.423341199511,0.3411064589755543,0.23663634562607683,0.22957629308202168,0.2275718167170134
120.18515105324917,0.339837169836766,0.23938540054209037,0.22959465750864402,0.2274542529141621
119.87030403311228,0.3390065876230902,0.23756588686002894,0.22724406380900544,0.2252953639725371
120.09440641750548,0.337067902270785,0.23569193870741725,0.22530858939855464,0.2234043593819691
120.26595345686012,0.32958613986906304,0.23229817700450767,0.22194635394139067,0.21970262208390884
121.0367566108917,0.3267765325078983,0.23243030436468626,0.22059597084818663,0.21762967891281398
121.97201915813986,0.33398549469612065,0.23614117182023675,0.22144809649456007,0.21604732045624112
123.17460580296053,0.3399587177427838,0.2395149890816063,0.22168696959679388,0.2147543723886874
123.89490049088229,0.34673391929713443,0.24136399315072718,0.22412503120624977,0.21664146149570912
124.87181519717227,0.34700356140722477,0.24107714087473778,0.22563596114869977,0.21845158669271478
125.92243862265012,0.347227104429448,0.24056976126911225,0.2251905989124986,0.2180697136787171
127.08663934481959,0.346032627172842,0.24379665145746407,0.22833073145145927,0.21950614620176032
127.37348466757913,0.34800799316885694,0.2430723135933948,0.22750212520219468,0.21862360412371426
127.742207845562,0.3500431143002113,0.2456371033936118,0.22948808460882167,0.22035790679464765
128.21169120556422,0.3449986914312849,0.24371577980637454,0.22688157065307057,0.21966985660330765
128.00535136053276,0.3444695457999721,0.24361078782803747,0.22739591392140113,0.21959105462526934
127.62616705041208,0.34512160351950716,0.2439762519617821,0.22862634001988968,0.21994790732607258
127.38042364521921,0.34455680279662354,0.24356433358814478,0.22814079930303252,0.21900393817101604
126.9430555481652,0.3474344336864992,0.24111269850820546,0.22697240485441533,0.21721670235254703
126.82923868358421,0.3437649602525141,0.23783917344681027,0.22569492944132952,0.2157575613923322
126.86223004750116,0.3385761825872733,0.23419148895445427,0.2228030364680748,0.21472118677540994
126.89783645206431,0.33708778465494305,0.23164451320254748,0.22071942691758928,0.21425950702172264
126.2189512690796,0.3399289102795254,0.23198090967548418,0.22030595801479935,0.21431236023892886
125.6998590853986,0.3412575389302638,0.23581019708063494,0.22036137807848816,0.21461778893348193
126.06516974316278,0.3432941394534828,0.24004202382366494,0.22041090240256644,0.21540218946468292
126.42026242941614,0.3471165726925565,0.24280599401001626,0.22024360868222242,0.2154336380422259
126.94997546924725,0.35088224202132434,0.24297911230878327,0.21881742325220843,0.2144422809680866
127.24178582540283,0.3535171263885805,0.2437270208997833,0.21825888079045477,0.2135426077055958
127.1897974285753,0.3552324412240368,0.24413605835805202,0.21818171641002063,0.21309791815698723
126.92522767688395,0.3567458732266585,0.24418400757061665,0.21837210093357717,0.2135406528827353
126.98657054957408,0.3575589108512466,0.24704809649781947,0.2196191734270308,0.21457500576097324
126.8381871697826,0.35871595234504855,0.24854684944275257,0.21991313973291218,0.21569555491657316
126.91452150711447,0.3577615837060005,0.24950773903121914,0.21968202637568218,0.21560691557386238
126.61638088998042,0.3559868087781836,0.2489891235218256,0.21806899600793997,0.21450830508283153
126.66200468606938,0.35160150698160536,0.2488207213547059,0.21747014280662225,0.2133037619606131
126.91231784903897,0.3470353132803362,0.2475274207204606,0.2162220538942779,0.21300185442452024
126.1158974840175,0.33751083188760644,0.24587277434589097,0.21501468006386942,0.2115392860932419
125.80290114844108,0.33678585012979184,0.24262079012991178,0.21383967583390495,0.2094662461614327
125.18727140836029,0.33672424548470686,0.2396912874587617,0.213143668764248,0.2090176605546566
124.71303092313633,0.3362421547240713,0.23928855033620802,0.21301744918583845,0.2079797264458675
123.92304738631921,0.33556650594072845,0.23875602811844482,0.21436613243905683,0.20808143774931237
123.08864084688341,0.337145009175987,0.23857839775821343,0.21524418194628941,0.2066932602598223
122.65857729720152,0.33744485965572496,0.23819087718897256,0.21467971899928923,0.20512933540557873
122.7538038121438,0.3401621161751953,0.2377722153358209,0.21345586397291558,0.20501939654501644
123.0948391017023,0.34199620351367277,0.23578166975135034,0.2120762891823348,0.2045781670634016
123.4671716229916,0.34393919043325955,0.23570634459649062,0.21242472078763083,0.2036733174588112
123.28890638303541,0.3455677548637094,0.23570098338734294,0.2127951968749098,0.20449573101686525
123.15283850872662,0.3476026750556675,0.2355368295174725,0.21312847305596122,0.20513066773436456
123.08033694443918,0.3472790566426546,0.23444691934854517,0.2117344329572262,0.2044918123834202
122.75816377810933,0.3446232812609709,0.2330112446186334,0.20891389214404746,0.20188165760178797
122.43609895286505,0.3417437867761753,0.23336054922076024,0.20718411719188115,0.199665676993816
122.63398447273462,0.34042910841293955,0.23393564604292963,0.20704879607379084,0.19768506151583307
122.79046386141223,0.33884602356762367,0.23328944199225932,0.20600279128658838,0.19607816284271665
123.03501825505204,0.3389216367308611,0.23100212671283285,0.20499270753635687,0.19399261087620806
123.13914816961467,0.33945021626368327,0.229215880021598,0.20408581192854183,0.1922372862614236
123.2336120337324,0.3411332744733547,0.22820627118581802,0.2040179574598326,0.19199064193445553
123.4867760153887,0.3400895940935195,0.22680763726182493,0.2032357331192738,0.1919459986688631
123.75257119186912,0.33983972981405636,0.2279468381442108,0.20378802426157575,0.19277965368175973
123.79490150418506,0.34036149783331554,0.23043607840017577,0.20562793741619506,0.19470240506649764
123.87175029363769,0.34113430938851735,0.2354295928914718,0.20845628988160084,0.1964486055121791
123.88380775472498,0.34035306448921954,0.2401761113450016,0.2113826534695868,0.1967744759408555
123.66675860723079,0.33921166724944585,0.24220457790418412,0.21208845359428874,0.19646487317732558
123.67670730908989,0.339605282422073,0.24246705381437267,0.21244510294570262,0.19552142626336166
123.69002848770414,0.34128343288401847,0.24310284712963914,0.21192886334272645,0.19584813270569185
124.13551074222242,0.3439480406102421,0.242722580974514,0.21188150260314131,0.1966246124564929
124.63626338171082,0.3483333737414448,0.24389739684371037,0.21394376848620747,0.19859507728052578
125.25637618378376,0.35129779387138166,0.24583935094451922,0.21621503098369693,0.20093988397890378
125.96841249266946,0.3541297508798692,0.24427386889326336,0.217154489599719,0.20257945041746425
126.54528901377678,0.35675671794171604,0.2427910923140681,0.21641859201834368,0.20348509143212784
126.7909304650566,0.35930823375796034,0.24209138027794716,0.21621053387263336,0.20421763970645437
126.96513184728272,0.3613223837246383,0.24303296006805314,0.21653101786517373,0.20470672459747216
126.98139491933911,0.3631038777592812,0.24476640212721995,0.21752588872795053,0.20638111611988355
126.63038475014771,0.3644120356807204,0.24412746259785936,0.21776012612795026,0.20596823586184973
126.26648121436543,0.3642317732462892,0.24283085069209148,0.21809401708372067,0.20644657371296624
125.93433671607377,0.3628343995863216,0.24228871344489306,0.21785113104623074,0.2068478188926094
125.42848725486266,0.36148662305153717,0.24118183664201137,0.21690160849039553,0.20637111117081056
125.19228887468132,0.36071175035864905,0.24020573999831016,0.21510412421808092,0.20473582599932108
124.83529718301133,0.3599195220568389,0.24105659026445464,0.21560781373959836,0.205584924802789
125.17282770973827,0.3605676597703815,0.24110518150433222,0.21633687520472047,0.20689012363741371
124.78428573902127,0.36016389719051967,0.2419156128807789,0.21739818052130888,0.2078036976772849
124.60434245041921,0.3604263026261118,0.24224177660214624,0.2178116672295006,0.20834621565197528
124.366265140298,0.3605442976542705,0.23984977427700332,0.21634663350363617,0.20749414457389823
124.27700319346924,0.3606515060558871,0.24023511872430744,0.21683460113177636,0.20873437533904274
124.45608271817284,0.3602627292353086,0.24070421765113184,0.21757985327509685,0.21035550776025494
124.60764300545137,0.35925016227072454,0.24076776260413843,0.21811493565875759,0.2104674818411686
125.02656706828289,0.35878606410210323,0.24137341707380808,0.2191739875515805,0.2113616010735991
125.0615390987417,0.3570361701046962,0.24058078409724054,0.21925383613667565,0.21141942439914807
124.99102118323692,0.35606696250282377,0.24169627805444557,0.22097936885832323,0.21263563974612465
125.0831705572116,0.35561981981919416,0.2390853473775755,0.21873373699202345,0.21037764910070156
124.86715428970847,0.356038579503436,0.23786058385549824,0.21793865984946326,0.2096907358189279
124.66068778516262,0.3569835176932353,0.23770813283713943,0.2178590831708901,0.20975904531154196
124.70424096975341,0.35889229907055537,0.23896312749551377,0.2187137078144582,0.2089412607783103
124.82863615005967,0.3611042238951324,0.24111874818638185,0.21871577541637593,0.20875978729238084
124.97814733637814,0.3626432320444549,0.24329986929504505,0.21849212723886913,0.20831187122208703
125.38514162995217,0.36436303487431054,0.24592688033317864,0.21968104053547344,0.2080727293338655
125.64633218539669,0.3660590273407198,0.24783546900865924,0.221070474010155,0.20852244411404175
126.07950554890694,0.3672398105497276,0.24935470746365304,0.22182719858243033,0.20921250239898037
126.19182936288368,0.36684248815638143,0.2507562349310495,0.22352480467825855,0.2101594499833063
126.37959736403475,0.3665227423061353,0.2517234531029891,0.22418594025184518,0.2094973342678721
126.75146768730481,0.3657897260126467,0.2523576966229752,0.2241017306536455,0.20857661984347875
126.79920931783116,0.36595032988674736,0.2531615490135471,0.22437494624491544,0.20780319227892177
126.633328545806,0.36393368075807697,0.2517382669803086,0.22356529491014232,0.20819717868749782
126.45285624898817,0.3615595360097566,0.2500293383823709,0.22199124388356214,0.20700529702251994
126.09596441196263,0.36101917503266034,0.251041563628849,0.22270673684209463,0.2071389984109048
125.56785555125938,0.35957776708568395,0.24851481590573224,0.22063258267413646,0.20652763207287947
125.11199931315517,0.36131535649643315,0.24898876661961358,0.2206781204001843,0.2062551844540332
124.92635784900303,0.36260688788705414,0.2486169357127368,0.22082806021807003,0.20715322191594143
125.02129044133446,0.3631481907064979,0.247888066725414,0.22011004686575486,0.2072565707483328
125.18299289116071,0.36371215741579255,0.2480580700810265,0.2204009643536957,0.20812176860498444
125.36042563062674,0.3627604939629495,0.24615498793713872,0.21934572792250978,0.20846468657947226
125.50718544694942,0.36217393273308934,0.24392179575373077,0.2182655856810586,0.2093174505823014
125.7075781473273,0.361915689841366,0.2434607802133672,0.21854859383496728,0.21146635566126815
125.65179844371283,0.3622234475504503,0.24313384544465136,0.21909579044674354,0.2129694578623514
125.65851918838608,0.3624271836578892,0.24184301963765692,0.21879599648885847,0.2140863461986405
125.62233938665841,0.36113620815652614,0.24163157820791303,0.21984646882214431,0.21522053649847814
125.57547015958242,0.35939438905911464,0.24054912131020675,0.21961962868577115,0.21454555854036222
125.68771837690879,0.35976378641247364,0.24099048097093814,0.21853527859349,0.21321043738273301
117.94540773580611,0.7614613527671117,0.28305237859181354,0.385647226382975,0.34546658591984497
29.78477299869857,0.5098787906311961,0.1536101099841641,0.24859134065391902,0.24513858892528104
68.55162711300208,0.4132312543744053,0.15519349375952848,0.20914133290315612,0.21645590874340168
95.84079304416082,0.377544945051942,0.18824447578552417,0.21041074142669228,0.2094780841002342
110.95394597756457,0.3687648098016644,0.21573192102116237,0.22226497973981005,0.2145359738802071
119.81002988361806,0.36925125466402964,0.23434745001065807,0.23410796928952812,0.22246167734593508
124.50582306081479,0.3675495903218498,0.24141491531770942,0.2390358756106407,0.22759210185945564
127.20297459312046,0.3675384002782665,0.24812586632196293,0.2438783696908434,0.23239918299157342
129.58751151812302,0.3673975733280773,0.252901389439475,0.24814658511648127,0.23736421098570543
130.75389962222073,0.36940969908660864,0.2546484644599431,0.25047143288825047,0.24030776907450627
131.5154632632471,0.3686940897549421,0.25627853147214313,0.2514359330724676,0.24104767549584172
131.61224851213493,0.3682376854223103,0.2544102625346867,0.2497893864426139,0.23975359143764674
131.66165444829528,0.36841592615067653,0.25571522189236257,0.24962093786599485,0.23930284318403985
131.4564056192447,0.36810881222831615,0.25871308456304487,0.2502280581633016,0.23971656442489622
131.5204411306753,0.36787212663713653,0.26111759252496763,0.24989543526369734,0.239121168578271
131.30153557019682,0.3664755918366716,0.26483484395592216,0.2518029919525578,0.24022570942787336
130.54500382351083,0.36427148583625785,0.2671200323634027,0.25293736588559984,0.24016111698674952
129.86900672313905,0.36136904105224493,0.2644865728330939,0.2522254612203365,0.2388914463728164
129.43643920781204,0.3603236776880434,0.2619614715224013,0.2507654085133117,0.23692650120188058
129.64492909440244,0.3588291305591932,0.26268424195903706,0.25083185849110756,0.23642257222328233
129.20142057936442,0.35773537041965786,0.26288766246444845,0.250702364495924,0.23746374953954857
129.05605494049956,0.35720215069139255,0.2619246717356426,0.2507373342946537,0.23767293429104128
129.06254962095,0.35957308757491685,0.26274987284560997,0.2526034798674233,0.24009937272631388
128.9384865513737,0.35862919552218936,0.2675268775218855,0.25609440614544127,0.24407260832048744
129.13168840017624,0.35965471372984836,0.26893079163216826,0.25742561461559393,0.24623441441244373
129.38157616219195,0.36155553423837555,0.27026915422756254,0.25829395004645916,0.24758426391186877
129.51772576584045,0.36341887653577204,0.27116018470931713,0.2592330680935437,0.2485917230912472
129.30426354354265,0.3632756334008183,0.27167347580529316,0.2586250350326251,0.2479892058050778
129.4982086925529,0.3617713613518387,0.27182733665924225,0.2586509909830403,0.24764898915559866
129.16542889418992,0.3639529121457308,0.2740211932339314,0.25972122874295506,0.24832311150882094
129.1050525579324,0.36538466692815097,0.27623273762825884,0.2606987175085219,0.24917808457104096
128.96795560918417,0.36476753523418604,0.27641898495103534,0.2602983367077487,0.24788246991597152
129.02964299511308,0.36427403761203064,0.27590476495010646,0.2596595160994385,0.24696768481009215
129.04381386587818,0.3654193805306247,0.27498145166080884,0.2593221615319781,0.24707022456297098
128.75263661989425,0.3656278345571234,0.2736273735883803,0.25898203940985076,0.24699669032238153
128.7302656945841,0.36389724868329365,0.2723565489463264,0.25808177488905176,0.24705525211386167
128.67657530958815,0.3630251052367417,0.27081175562451704,0.2571131145557789,0.24668552212146835
128.44367662181963,0.3612519327767908,0.2698875456519114,0.25669796774879694,0.24743136463726612
128.1662825692956,0.35929849514122464,0.2692180198208165,0.2562508621613657,0.24724394192056154
127.85415385166064,0.358228020805429,0.26804156933389806,0.2558588837887524,0.24647410513014692
127.88165731003625,0.3587473906239907,0.2682899988458885,0.2563602673776412,0.24727767184408783
127.43529118426407,0.35956902191911777,0.2668936639538077,0.2560066820931139,0.24725809517071914
127.24744341522262,0.3594598153396,0.26531171785351765,0.25434779919947453,0.2456482629190983
126.9506309752293,0.36077856808083764,0.2661456701049288,0.2542346008335162,0.24516970647649394
126.57881894460176,0.35847803564022934,0.26598927288640095,0.25380532439489284,0.2450559736587636
126.61193966686041,0.3566906646538791,0.2651346580865624,0.2528242481291549,0.2433254185430374
126.50244860335728,0.3568115841079546,0.26518181102205707,0.2518475932463464,0.24143508614729856
126.28366327233786,0.35749392694085275,0.264906152034839,0.2517603066148013,0.2409699130628656
126.2059568023699,0.3563824003287782,0.2648294341917112,0.25115703721761445,0.23950751358997138
126.27517153363672,0.3571466332798967,0.26435573989825517,0.25191911124298133,0.23994574077986644
126.29687031854232,0.3568068660451858,0.2635805995725413,0.2521042667384088,0.24064598310721763
126.15404804413922,0.3555626886434035,0.26295552770275865,0.25139254652400955,0.2401830922702067
126.39960260324746,0.3557568174728503,0.26321307180261094,0.2521239043580894,0.24106164955061865
126.96175050639317,0.3563123131950792,0.26218128090975035,0.2520258463984531,0.2415368189346961
127.19178401780883,0.3569450451460148,0.26323989272125803,0.25246153792821824,0.24136145972241974
127.33879425310784,0.35775850952798527,0.26417950214227603,0.25355293330427453,0.24212703045935216
127.2861374839392,0.3567565227026561,0.26405290383323454,0.25319255476656866,0.24192927192728772
127.34008048349668,0.35719485699558984,0.2638954353504432,0.25314645778811745,0.24257026169898285
128.00802733914034,0.3563639217229289,0.2652356898834666,0.253141067216676,0.2423996034190107
128.21074231628273,0.35585041597189193,0.2657975966383525,0.25305485294161967,0.24276626631836645
128.48421339667587,0.3564018022437278,0.26664315923036125,0.2541535240428686,0.24425334837156484
128.85709876939134,0.35613633252869903,0.2668086807112965,0.25467972481679585,0.24467704451134417
128.97357161015879,0.35607655904414764,0.2666735887491238,0.25504576647486094,0.245652267501046
129.0432333880493,0.35712556194365574,0.26729258784403553,0.25535596441440817,0.2458112050337758
129.13331512843004,0.3542848350707892,0.26618961649440054,0.2546117235526892,0.24508134720533567
129.05760018733602,0.35127744021676444,0.2660123901437953,0.25440927730548024,0.24507892414113583
128.9481357288787,0.34910910873346324,0.26584606936261057,0.25398222482796723,0.24473980393759917
128.754872539765,0.3489968063196841,0.26696158022145067,0.25501734548681604,0.2459170355894961
128.61595873372767,0.34708748235743686,0.26843553461350356,0.25536079699670466,0.24635541039399214
128.26336018851893,0.34644195009333073,0.2690883003103398,0.25583071408999997,0.24673706390321892
127.87865312043844,0.34552379709338205,0.26865325123156364,0.2551381951590913,0.246300142824922
127.7066903279984,0.3458244219754685,0.27016670406236953,0.2553684011882631,0.2461719015932649
127.68963919187237,0.34588032043773514,0.26910063656740324,0.25377378330308226,0.24363081739338283
127.85967073145913,0.34676014096057,0.2694305490415229,0.2530770165333639,0.24241361851681714
127.72948978869759,0.3477801534215909,0.26789865763550397,0.25270982690810595,0.24125973772793832
127.57366668407843,0.35051372012211157,0.2682384321658374,0.2538373752678858,0.24143901226546824
127.43730567273293,0.35230764590778796,0.26887949078648105,0.25517759249413335,0.24232002521461798
127.42109048380027,0.3526564869857689,0.2704370980236326,0.25605275603271516,0.24273244402434802
127.24727399272257,0.3523291419336282,0.27124645296737065,0.2569223698260185,0.24390772785674245
126.8174966127218,0.35308927379837984,0.27221005241120055,0.2582265419129525,0.24511863689073965
126.60326700636323,0.35428340535076686,0.2712815180931613,0.25768879591013827,0.24450138343532973
126.40011373998631,0.35330320946897537,0.27034999382095964,0.2573277104998723,0.2435686460600133
126.1010574527698,0.35341360688541146,0.27110153014755656,0.2574603693241263,0.24328514255632647
126.07908421050497,0.35459829332383563,0.27085738452740993,0.257678711698915,0.24372507673988278
125.9694389525613,0.3557284281894669,0.27062448682302886,0.2580038708841766,0.24439751642443544
125.92701504088232,0.35456112596713635,0.27195545263544046,0.25892575286153374,0.2450003416406964
125.97582333762128,0.3545314049111859,0.27374581407430665,0.26035588024439626,0.24608331164402583
125.83088399258284,0.3557083322019048,0.27501480289911623,0.2615211739104238,0.24753143567205757
125.72901788280981,0.3537158903733319,0.2741239394629147,0.26095077961966867,0.24762897362936545
125.81931191720695,0.3523510048977904,0.2729813403797637,0.2595607548240985,0.24589889409190652
125.76511524219882,0.3523105043026823,0.27274556309953185,0.25855856766582425,0.24488888673041137
125.7694106147547,0.35200739066524034,0.27225944336767327,0.25746928242213757,0.244364543631932
125.61175066470814,0.35208012498867797,0.27062165729218446,0.25655285662729665,0.24397656727469855
125.7793687623681,0.3521571337840475,0.27216138826376923,0.2571713614074776,0.2446775450932704
126.23085046192716,0.35147109386175096,0.27400831172696255,0.25790153589286036,0.24548854333865414
126.27804580445049,0.35163011791256604,0.2737510113928902,0.25818259484343536,0.24572997942813193
126.14713774302535,0.352935659258231,0.2732435203330616,0.2584085535890171,0.2459802951085797
126.16483848352824,0.35476131648873604,0.27492368911073195,0.25976635758530764,0.2466096253970019
126.0868378416631,0.3562139407241925,0.2755216846819202,0.26014425843424255,0.24691773071410833
126.30113247682672,0.35839217382299615,0.2750814360136338,0.26114000069476717,0.24811538588621349
126.22605587252333,0.35879490601610126,0.2724676545677158,0.2602877822720674,0.2477954677323427
125.99645879411908,0.3585902675949972,0.2726717225054879,0.2603329837013374,0.24818578709189798
125.94421326546525,0.357859459225625,0.2736671081096939,0.2601727301357399,0.24821868046828666
125.60080941273455,0.35590557124249744,0.27324443627569867,0.25939513132821396,0.24746044049353552
125.42290732841968,0.3525936155005783,0.27413067281740106,0.25976841320746547,0.247694245394648
125.48698599003339,0.35155849475907275,0.2746985362628167,0.2600510721970456,0.24726581212295848
125.53468899955867,0.3500718553625729,0.2741394928436611,0.2596038975359599,0.24699065362968975
125.52488405504084,0.3487882653777632,0.2745436024820889,0.2592182852003335,0.24673463842486465
125.36700980918155,0.347979726438582,0.27317064278621234,0.25811004455234887,0.2463133711860736
125.34855211713061,0.34859207188696045,0.2713271854736411,0.25757914014202726,0.24637867769299593
125.26659622501597,0.35030523769655075,0.27002022661574476,0.25707385158021717,0.24555294151012247
125.59979220569048,0.351593056056074,0.2701675877256571,0.2575361546439103,0.24676923879723706
125.69148517657668,0.35204721643224346,0.2708674270767474,0.2580186531179125,0.2476467626547286
125.88431818382823,0.35169443589831867,0.27051643064150815,0.2581205885254797,0.24790346783735528
125.72725008219025,0.35120944267898546,0.27148779165744186,0.2587733248749585,0.24834681993787083
125.59461659878966,0.3494172798181176,0.271480304148951,0.2587864431372308,0.24759021756009966
125.32085020698594,0.34848735500805406,0.26955212565371467,0.2579530377897149,0.2459865468228605
125.08349442685471,0.3478310363363172,0.26918744364761843,0.2577449622862233,0.24442203102845225
125.11651992468887,0.34783414682734176,0.2684602232781196,0.257038766769931,0.2425801898328569
125.21838383108513,0.34768450553594366,0.2679097479474665,0.25627513139840286,0.2410460698574148
124.95587586641983,0.34811897644072487,0.2675274767508658,0.2557174407401702,0.24045514109343277
125.0146149878296,0.3488620766211574,0.2670472562532118,0.25506330217362055,0.23993933673655063
124.88804447876291,0.3501966701455786,0.26529278680045376,0.25343652962235397,0.2390327763198081
124.87979448641626,0.35134520787998885,0.26494310386840964,0.2525984685570427,0.23831497355613737
124.83964695415996,0.3514352768131757,0.2642787116876822,0.2518291202147539,0.23778420834770966
124.90989952595976,0.3516732947198938,0.26457141396396844,0.2524664922179576,0.23834739723672313
125.09638866420879,0.35052279539763037,0.2635029026736501,0.2522503231554155,0.2378207437362977
119.54058027148123,0.8372071342863769,0.4264483839125013,0.492418124674669,0.47307985354417886
106.46885756554511,0.5819650510179508,0.31582266333957254,0.34642638820817595,0.32758384853993766
107.14756614471085,0.46635789599909633,0.27767024279566815,0.285339013854876,0.26915923573043504
112.42651879627468,0.42002462135875346,0.2708666202199756,0.2718950454410625,0.25676524904720643
116.6560230287246,0.40089801653627516,0.2734655583579617,0.268783861279426,0.2547138237439219
119.37295659836451,0.39037935525808615,0.27687795947379507,0.2693798277126647,0.2551444115585236
121.2604100834954,0.3870811306609097,0.283095960554668,0.2728956221627747,0.25708731713671246
122.74116711232975,0.3843866810213904,0.28633912092805003,0.27599127134013873,0.26034900498872987
123.77074855211535,0.3825561425289313,0.29235427900321315,0.27839410098074197,0.2624841361905222
124.55587745376334,0.37958486284243487,0.29279779535639694,0.2783147299971289,0.26238321063729453
124.74878304468287,0.37643083868715715,0.29383077231062954,0.27891119165471945,0.26318112917011066
125.09195900364587,0.3691006043979587,0.29166791764293304,0.2768041682867909,0.2610740861125108
125.49291150211614,0.3657791153484076,0.29431673682128,0.27598213656330234,0.26047759529088604
124.92816634881723,0.36425566697918144,0.29277061195216,0.2752284002289503,0.2584819458922269
124.81373611515795,0.3638947342430898,0.2921833221994209,0.2747912643621499,0.2575821490533996
124.61820338938979,0.3645670032973144,0.2925876198338514,0.27383630515514196,0.256937556428704
124.2972263147305,0.3597227965908818,0.2909535497211115,0.2723651057039234,0.25581435214761117
123.90809012983638,0.35371822493469085,0.2887622963524108,0.2706613042666789,0.2544660889508496
123.81228575409871,0.3514835108199032,0.291709344776119,0.27266335395160923,0.255231527930821
123.75474607364224,0.3542042307474649,0.29130010140656265,0.2724059894010299,0.25350378736567125
123.45896488345217,0.3596097109009948,0.2941805399790993,0.27360887811798595,0.254661658791809
123.37042316485349,0.36011067703796623,0.29440036143401843,0.2738280728784728,0.255944644138619
123.18415769482662,0.36266092084994767,0.29708274651059946,0.2758726705396521,0.2573670736117864
123.38612763542523,0.36449353097957826,0.29672391534321974,0.2761608341759097,0.25704026080392417
124.22009303896932,0.3645164849445886,0.29404117257726164,0.2738416341985455,0.25389927255859246
124.1119176294096,0.36792319518702393,0.2928391478834498,0.2724745334753195,0.2503931681877367
124.56484306977738,0.3491581345863596,0.2849492649566868,0.2664602559333148,0.2442534328463288
124.49871778818003,0.3388159120108481,0.28189082980005936,0.2629823936093892,0.24230241779690226
124.14286813316397,0.34670642723412354,0.27922054767070364,0.26095691383983605,0.23903134390061137
123.93103715691592,0.35569327429627723,0.28013764723005113,0.2625371942526555,0.23956204314850238
124.11577379950553,0.3586235520070788,0.2784367555062212,0.262110673653236,0.23803189672253652
124.12282484461322,0.3631883181178791,0.27818402804903963,0.2637895690581545,0.2374510173866846
123.72839929918848,0.36905872461658806,0.28032475626005654,0.2660172936807073,0.23857592612272427
123.92214809863533,0.3731431874205458,0.2831899171812714,0.26650915569443295,0.23746073863406575
123.6735330919041,0.37562433572635695,0.28262018320501353,0.26610160028851176,0.23736606416786557
123.51077036399226,0.37903584302307014,0.2852319341862848,0.26701747307061513,0.23668887446837264
123.82643435936969,0.3791218123633512,0.28412971356338956,0.2662180741763094,0.23877811138062352
123.1882457762789,0.3802433531045674,0.284790517290901,0.2661132072196738,0.2355347445011814
123.51962746488496,0.3814306720813748,0.2847528314272483,0.2665519081508444,0.23667293832686778
122.91175740621863,0.3840123481086307,0.28436173591518227,0.26709366025984377,0.23664029953359228
122.58064017423159,0.3824954474442887,0.2849374149199949,0.26687523950157904,0.23629053071816364
122.58909390469711,0.3823306229458656,0.28470386290732774,0.26734199624318344,0.2378542456796195
122.39214269949666,0.3837358833783276,0.28633951281081704,0.26854411746429374,0.23896198040275932
122.36421838235334,0.38509790890654627,0.2863567623473188,0.26790666228002186,0.23835032131004041
122.2217505710102,0.38580524974308084,0.28539814314548395,0.26678882901038886,0.23737390479725826
122.04047411151964,0.3823563673288573,0.2846260240193771,0.26480984564530075,0.2355379771333595
121.50692972297745,0.3834621889135609,0.2846404217678599,0.26562233055826917,0.23734562994840433
121.73910480229162,0.3862766617477206,0.2855855052461168,0.2652258878880639,0.238570369903313
121.63822393311712,0.3868184808804448,0.285232476475692,0.26371638964713573,0.23859637279484822
121.65377062812628,0.38775799649003945,0.2855124914125353,0.26248291021827175,0.23877691957920608
121.62608488848106,0.38596162941786943,0.2829578792920171,0.2606152686247025,0.23803680834982505
121.63958122395167,0.38575058364633763,0.28164793337989813,0.2588609569579453,0.23858152642642666
121.5405562507842,0.3860112058944481,0.2814591711085414,0.25851001268432977,0.23949138821485286
122.07809291369777,0.3879673603523186,0.2840881815101794,0.2592260148409046,0.24084926082002023
122.42257900030692,0.3888740144188447,0.28458288469425685,0.25891312308544073,0.24123511973577877
122.61824686585491,0.3899355243481914,0.2861106728016041,0.2596888855888688,0.24302706848132663
122.71851357894393,0.39150960402562784,0.28763186791812984,0.26073395787420073,0.2422202423694523
122.5236422879101,0.3927184774865096,0.2880217797250366,0.2613957656514292,0.24284978170606944
122.55691381930386,0.39336710701125366,0.2907000285394053,0.26248659187886675,0.2423795513072697
122.50996888280508,0.3946656389837722,0.2925529485147569,0.2632079275363355,0.24098140507032476
122.41750760082078,0.39393290692052463,0.29337374316246995,0.2643416622751697,0.2426117920108093
122.40862202074359,0.39183502115055874,0.29336099584026926,0.2626534896954288,0.2382957875971284
122.41493299303683,0.39149926912758654,0.2920981086782343,0.26253605219943643,0.2374177054480816
122.03146537863779,0.39217055413290614,0.2896854490973587,0.26132891714410894,0.23154276698337864
121.48949677152316,0.39087460567245824,0.2890448930818301,0.25812245324510785,0.22011313613767478
121.25333914096818,0.3909654637497641,0.2903916193526569,0.25787789765368613,0.20659853458628544
120.67751946580985,0.39086038265455725,0.29012888321532815,0.25635823043297934,0.2072408372055719
120.96233824569514,0.38737611752389295,0.28995375265695517,0.2541558166303816,0.20940042844869586
120.93627397231552,0.3857722324448832,0.28988579319088137,0.25341021092217636,0.20826793423670006
120.96379592791902,0.3860615850286205,0.2878634647841549,0.2523024061258842,0.17037430616733784
120.83021716862925,0.3884491151878403,0.29065978321565067,0.25368262657476215,0.16722931051077314
120.62673190323929,0.38835375022072627,0.2862108591078501,0.2502075213428936,0.14668833848039767
120.72535241313528,0.39078358210607583,0.28660943038432235,0.25118563946158257,0.15777366505301924
120.82497573126847,0.38966038323067836,0.28570994798547916,0.2495163528143593,0.1696528396392496
120.81479773503817,0.38948520964741756,0.2857660952007722,0.24931098568533222,0.1742843923205899
120.74295144439073,0.3892663762441066,0.28585209374897136,0.24935744995543904,0.18471977226902772
121.08122774515695,0.3864491964940505,0.285487522031044,0.24851254546445598,0.19461372536582797
121.55541427037903,0.3843093759341709,0.2861557444557456,0.24885002200293338,0.20386640237075346
121.58442463458634,0.3806668948167797,0.2836778027215771,0.24587063318553742,0.2058003508406047
121.48757459844025,0.377941598947083,0.28132820670512576,0.24410097185136145,0.20451302306066585
122.03860718716318,0.3790586211169438,0.27967242377883034,0.24325258883131218,0.20449107078222276
121.69997430425317,0.37872802180110254,0.2781428875274158,0.2420623721469897,0.20657403341266342
122.00890443283406,0.37640572518265186,0.2790175479729637,0.24266343496211285,0.20874932277906633
122.24112686195862,0.37588081046229066,0.2777391476263892,0.24151336726899464,0.2107271516258835
122.14038144393474,0.3758416964819148,0.2778741533298216,0.24211126712413705,0.2125850447253829
122.43115386970344,0.3762712495167699,0.2798979189883832,0.2425616304983462,0.21129660763401137
122.35458360597823,0.37771523628205556,0.2805635123271442,0.24383909788385158,0.21609111919109678
122.34053985031309,0.3774566818076996,0.2806508760029912,0.24410427288194206,0.2194963951134371
122.76613593537284,0.3784700274808003,0.28015233131008,0.24264482056831935,0.21848861948376644
123.89066121665944,0.38023538714393745,0.27794194019858975,0.24029146448557726,0.21728624744061104
124.41244291824063,0.3836180370423396,0.28063280940489266,0.24414643484657508,0.2206891912740462
124.22036892148256,0.38331680306395594,0.28217107480049636,0.24648792281914714,0.22088349577997318
123.77067512812374,0.3842494631761658,0.2849544148306473,0.25060094748142003,0.22608153832005046
123.34129631428635,0.3851983036647633,0.28917528642596935,0.25548576089448793,0.2308573052440849
123.11240397252463,0.38501676701697507,0.291326556201447,0.2576869880847325,0.23266618083224883
123.09059392277491,0.3854368545467497,0.2911065302842707,0.2570104274001239,0.23093336394520295
123.0458708018562,0.38697036853306743,0.29008320225584067,0.25591270968887936,0.2291416576412654
123.01080538106321,0.38768653521976476,0.2913829935194468,0.25663941013945807,0.2283331481457248
123.06625211892589,0.3884032029873664,0.2923043504072678,0.257028857919294,0.22776468798234156
123.1221409171136,0.3895236431990083,0.2927582639730356,0.2569533508677021,0.22635546823178387
122.93453415201093,0.38938414800298066,0.29312381322227365,0.25712712521300046,0.22693461229546913
122.82615183352684,0.3879389040218414,0.29190104803548783,0.25595618552835975,0.22672053622673738
122.60090876548507,0.3865357274766241,0.2894628488956951,0.25466584350331467,0.2262806174830761
122.13385082332634,0.3852635111991349,0.2878814508203805,0.25343417726782935,0.22498077755185222
121.84713713269336,0.385669744186487,0.2858286890986091,0.2530641768724339,0.2279668697122105
122.17881266918305,0.3808378759393054,0.2848956656535982,0.2535894548155377,0.23074306252895901
122.666497590312,0.3741095806182885,0.28436544246101,0.2540817296688333,0.2324995471077088
123.0022381436652,0.36698687083508763,0.28506413853710577,0.2552559171122735,0.23491504873790858
123.03230720770866,0.3702213696104145,0.2873112475012912,0.2565912181271406,0.2379451201000518
122.68272911188953,0.37482094570984203,0.28854237984251313,0.2582677310040131,0.2400620383543784
122.1720119302024,0.3727396156430944,0.2877323140539365,0.258669516621788,0.24078218362701034
121.74001082964692,0.36645792029775337,0.28538660263614724,0.25815466130583115,0.24219783569551853
121.99712472942606,0.3670061853508593,0.28126969666507023,0.2571455815155867,0.24293632377499053
122.26090149343436,0.36999147938835114,0.2779462571363639,0.25538291999077845,0.2434970835994685
121.8937208407929,0.3739801675932938,0.27549288757673895,0.25280611172695633,0.24019804996245808
122.39340466391423,0.3743973810425275,0.2768778011501063,0.2530466862074844,0.2391158919711496
122.5736361138079,0.3800218683541043,0.27959389312266664,0.2541224878004984,0.2355394980985305
121.8852328016557,0.38315309726855806,0.2809166782522247,0.2539927487682582,0.2319419735664141
122.26929298340629,0.38727201896741165,0.2855811357962727,0.2570452427824997,0.22855324315359202
121.6637917141841,0.3880126147594021,0.28558607658084806,0.2565441440625078,0.22941210575952664
122.03362453662363,0.3884112056866417,0.28802083873655493,0.2588846279056606,0.22670224409806689
121.73065724768355,0.3900483562380683,0.2874757270355685,0.25829302670320825,0.22902512073979273
121.81541110572243,0.39179536422056427,0.28778607538566303,0.25790650118372715,0.22548864082211592
121.88613433436073,0.3930633281311298,0.286807372124476,0.2572511850460148,0.23044010468062665
122.10410024040817,0.3934751246099026,0.28847777097943783,0.25843470649577815,0.23083555490281352
122.3119784972032,0.3944056282342521,0.28899061863714165,0.2589894384193416,0.23382246869576337
122.85308602451163,0.3922676866234149,0.29037811060947766,0.2598825141122437,0.23613015786154262
123.06464196018884,0.3945068884775319,0.29040481571094523,0.2603346659354432,0.23949932771098462
131.56901032764387,0.8578136383503175,0.38988468588642206,0.4959031287799797,0.4095183786539208
64.94837252905947,0.5153257407023445,0.18538156109421422,0.30661405442093853,0.273637185197137
81.82778888062784,0.3999637296150176,0.17157853676249304,0.2454466470349386,0.23327101343291634
106.2344199233945,0.37445650204664715,0.19500960785842505,0.23201188791708965,0.2227176650328956
119.94837951228753,0.3644491831608443,0.2108735810971012,0.23179238692362233,0.22195745345565127
128.12094363568252,0.36414142870763844,0.22291469308362286,0.23692980089742413,0.2233014039867156
131.49553864754947,0.36836401656269946,0.2352991095079438,0.24160249689720598,0.22339045810196448
132.947857326094,0.3772104346525015,0.21622128456679768,0.23853777111842786,0.2214713044840168
133.69475830161733,0.3868910177802946,0.22978660335929865,0.246186314768322,0.22691968515450314
135.73173062795487,0.3933868371884073,0.24086722303793737,0.2518312560132801,0.23121663159538283
136.81404899221315,0.39741384641697414,0.2527874763109169,0.257677858856677,0.2364740270777458
137.42230506160124,0.3969270907206071,0.2551178130077538,0.26104706889309953,0.2385425268568347
137.1775369433683,0.3949795797084085,0.21556246289819528,0.25963284181796686,0.23930795674561087
136.65055291371823,0.3954664786368805,0.22527094825564994,0.26213061900926543,0.24090078281133992
136.45000619242813,0.3981959020599854,0.24016456831398686,0.26648229767942777,0.24320427258139446
136.98006866041678,0.3994297297160802,0.2523433317201063,0.2687461621426469,0.24494766261404774
137.98608764755087,0.3992567146093649,0.26274281576933034,0.26866180467856277,0.24487519694988513
138.10004233582038,0.39810805977091723,0.265786103188314,0.2683726110115404,0.24509785982214496
138.1482593955427,0.3987169662217126,0.2704997888755649,0.268773355909402,0.244332793572605
138.41684566031324,0.3992124808611026,0.27769599492542085,0.2720952140179499,0.24628243465632846
138.2832105905487,0.3999926743919466,0.2844061989713685,0.2766271401890696,0.2498952477178513
138.49434064997553,0.39642423795894605,0.2869792906408505,0.27697823639665814,0.2500217106608269
138.765884608536,0.39173540763916764,0.2823515759965667,0.2748198799495911,0.24853996552843824
138.38355367994097,0.39119470950700014,0.28156312190997457,0.27509950362137564,0.2490986390649318
137.57897688608736,0.39169356362350305,0.279471589410902,0.27350358611229614,0.24802120592939175
137.49837780907166,0.39265627586035273,0.2761034789072389,0.27012280979928666,0.24518793503353523
137.16662280484434,0.39544878241921533,0.27878074314239526,0.27251622688101373,0.2457796503217945
136.30320175650726,0.3999859199870661,0.28247593394754517,0.2752148302616695,0.2462987938331583
135.70479794338095,0.40693908891779385,0.2849620504367639,0.278598444501078,0.24895157231639745
135.7639459674291,0.4135467937252232,0.2827336894328723,0.27635989717719517,0.24572250929520992
135.97006049494047,0.4106158354990608,0.2667029528333756,0.2686083105991372,0.23843767332925336
136.03432204661243,0.40761399596905884,0.26089212555207275,0.2658697115360207,0.2387642155838072
135.85651344528466,0.40680475686037093,0.25875674070378774,0.264717718567596,0.2400640531871458
135.40846696161847,0.40608441108222576,0.2649933596064252,0.26829845181020917,0.2434900207567045
135.5882978537297,0.4056075860395418,0.2741377349686572,0.2719681976925875,0.24626718221912372
135.14350958821393,0.4052622024366858,0.28245044325296964,0.2761778837564643,0.24946918644671648
135.23163063915734,0.40634574912492205,0.2856108260846986,0.277134006615977,0.2522793587138674
135.01972844615582,0.40408108103412843,0.28901091837694287,0.2791492132207721,0.25430019500822004
135.78535698171507,0.40555777318287534,0.2845914027110142,0.2761068458716824,0.25237510153037734
136.51960183346847,0.4036273391276217,0.280178995704002,0.2765678792499563,0.2512273663647814
137.10691899489504,0.4029604818414685,0.27981091428691396,0.27744311375542063,0.25009114444424907
137.3519042185079,0.40378053128007957,0.28384877545337683,0.27947537179223897,0.24842220987318936
137.2803678757535,0.4051636623129462,0.2833250015587064,0.2790294220842892,0.24607236929827114
137.6327029399649,0.4048884079752952,0.2841973766361873,0.2803934063282364,0.247256956852977
137.33830606644773,0.4014288815745563,0.28296111841852345,0.27928180091357896,0.2449184058355844
137.77812469978323,0.39901522357553276,0.2835850293491127,0.28042254506298697,0.24499494062875443
138.29933846679407,0.3930867052842599,0.28699867973228604,0.28070101293812943,0.24495344634936989
138.0096583791787,0.39343255427696205,0.2899423274693561,0.2820937556564033,0.24601666134589645
137.84695905310568,0.3905280399286795,0.2919832052732817,0.2832455533539047,0.24654523414270388
137.83061505698768,0.3930721131299598,0.29137955900126855,0.28181204097684137,0.24548268403946827
137.23170820879423,0.39215828586737406,0.29154105170555655,0.28178380021030147,0.24534200192200226
136.97233603134342,0.3943367537203742,0.29157894418220526,0.2816332194173881,0.2471247380226736
136.47495613296502,0.395304324873979,0.29304815373599985,0.2830870608756281,0.24899062326541252
136.9077146371924,0.39290590705481904,0.2910496016167862,0.27993673069921265,0.24580742713006073
136.50332120931625,0.381940268019588,0.273370226271026,0.2711657332083149,0.23910733553741725
135.1153074695903,0.37348160253243173,0.25169720291083625,0.26407078497942493,0.23274256853990655
135.09667426873523,0.3710433100865583,0.24925737890516605,0.26140989070523396,0.23109203529657954
135.10288830855865,0.3733894406041167,0.2534462713191508,0.2623842841337723,0.23193902374416153
135.31333510183336,0.37352575244708974,0.2564413351419461,0.263484479713952,0.2326365580849187
134.9258530120726,0.37439297794240833,0.2657989779683665,0.26774793099435995,0.23564213060348332
134.38756307644363,0.3763811568514357,0.2685259085401433,0.26875809669632084,0.23774306281061114
133.73299843628544,0.3742111262819755,0.2651375723820809,0.26618674975201,0.23626498567114076
132.91764982915097,0.36751362515313435,0.26258616131003115,0.26551041032770195,0.2356335564923733
132.70530311324836,0.3610612307321373,0.2663642083624941,0.26714445765592004,0.23679383554503391
133.3544758889497,0.3630845897638813,0.26547747194044347,0.26702230292442775,0.23554262892056188
133.6315938557563,0.3668401621309607,0.26760751172532987,0.2690744120853886,0.23513663380899888
133.83263872024474,0.3688744814616637,0.2711443124829089,0.27167364647867365,0.2370572323806596
134.13702904182992,0.3642899634942252,0.27297203063629893,0.2704864826852318,0.23648529190043568
134.11983876436508,0.3344940902819414,0.27150703034180673,0.26829713613664685,0.23663455983544915
133.49473469387488,0.3431220283323894,0.2700840241539677,0.2696147148284276,0.23822627920030098
132.30986435813458,0.3479705900182991,0.2721143825773323,0.2704357843463622,0.2400597272653794
131.84321162891854,0.35231205710246594,0.2732264683842774,0.270291064548358,0.24174741378502898
131.40490642033566,0.35593215731814765,0.2752270612791513,0.27064011095003565,0.2432490977314032
131.75515950410585,0.36402698481034923,0.27781348081194845,0.27249669034409285,0.24418850385356067
131.62063632090522,0.366411691859805,0.27979834182407337,0.2742582783971823,0.24546998689446978
131.74556692481545,0.3705457183018472,0.2805082024908646,0.2755240382166987,0.246132880857454
131.68109370209925,0.3741604919665105,0.28140879929915646,0.2765705670496919,0.24700843149599191
131.7043024637225,0.37696839533519677,0.2832968276950331,0.2784572171255865,0.24847525358233688
131.8604327207802,0.3757447358181876,0.28221087684449125,0.2774029042021102,0.24857750242406393
131.99508352847081,0.3763200291107783,0.28219291706191496,0.2774976926969285,0.24804278803426982
132.06811115662032,0.37687114682377615,0.2833558225426835,0.27817490983128373,0.2496051766022746
132.33722725458676,0.37518307015575353,0.2837482985726161,0.2775954666466604,0.24863067764765898
131.7976801344893,0.37590554072805654,0.28184922018688163,0.2763251261160282,0.24828567202790056
131.96045889023569,0.3744640590614755,0.281330800088269,0.27380889119082036,0.24660499066013608
132.2856681746368,0.37702225153662383,0.2817574117094298,0.2725020753057912,0.244493798853849
132.59850317564906,0.3792945671162508,0.28448412933419875,0.2729596293233417,0.24412787674558548
132.3050354169929,0.3791139443879925,0.28493105652834366,0.2733376218079352,0.2445869606023262
132.3210228566983,0.3824162636445181,0.28742235078459627,0.2740267847616771,0.24475063096470398
132.40754345668918,0.38283180294707064,0.2888182369423895,0.2753859492879039,0.24635752744098094
132.0568632114801,0.3848433509165904,0.2893069617013939,0.2778408335160745,0.24941626642249248
131.7422380283571,0.3867835722793542,0.28950680567699283,0.27864713438628075,0.25107287842497117
131.56058148276452,0.38788322935461933,0.29152007574438243,0.28046845272305887,0.2536374669881043
131.31261710054474,0.38558739332578473,0.29247567851670564,0.28052621867309163,0.25403797234816644
131.5708918992151,0.3887385310707837,0.2951596049490142,0.2816873935358264,0.2555112457380741
131.7395474089598,0.38903308373355805,0.2978866911816128,0.2849563892872185,0.2569560532782971
131.65950001066176,0.3894332470516553,0.2976466723242595,0.2854842286645989,0.256257033384708
131.76243280982902,0.38999266802588894,0.3000006429393692,0.2865444577950664,0.25508566789647263
131.97979892704066,0.38988843148360336,0.3018532475751712,0.2882655305760132,0.2555695410352472
132.04926477542526,0.38908499513263123,0.30128725233096143,0.2873296349215602,0.2543235578571363
132.20110949389957,0.38872424699651753,0.30147138228367404,0.28727576579143677,0.2534387125380515
132.30392013739922,0.3902072847098767,0.2992312803786956,0.28566759066983693,0.25248945549916446
132.44653534331502,0.3889654239708111,0.29951299942086884,0.2861133149447551,0.25046918900793014
132.14895315247884,0.38882006813249526,0.29913108014606155,0.28648962829092417,0.25053109698089904
132.4533547410681,0.38976601110300296,0.29932545366087027,0.2870891491467164,0.24903355794043686
132.17314628484405,0.3866674099048052,0.2978549702861046,0.284845693910635,0.2482356823945994
132.16262644648842,0.3855606917158275,0.297442235093054,0.283328773575877,0.2474527166324193
132.30187495130446,0.38958253128643316,0.3008599422678954,0.2829208543560831,0.24866675290926885
131.25398914823433,0.3876671579570073,0.29983464120290027,0.2807170670610453,0.24549458053091408
130.94973459819724,0.3864985530926226,0.29971238698155717,0.27930713450293365,0.24421822570550894
131.31931716601147,0.38521386633897287,0.3001476184713665,0.2782734361377411,0.24334371932613658
131.61849896637236,0.38442935046650206,0.29961939956246336,0.2775207678159007,0.24277744458475908
131.85931439132486,0.3869713073445083,0.30049226718868555,0.2785900486739999,0.2436085743826372
132.10255100702096,0.3859968329948319,0.29858117156581254,0.27807145875477834,0.24303452440805617
132.19093977087527,0.38349364407847053,0.29456927103993324,0.2753966813215831,0.2413322932586485
132.6693398583729,0.38072704196605317,0.29364035346243056,0.2741753628400832,0.24063637992293044
132.81117199116255,0.37634168427408987,0.28954980595259805,0.27121132739410525,0.23841643616795077
133.71964698371858,0.37271191209942667,0.2868418867922705,0.26872480813332517,0.237042860180508
134.0822329846768,0.3711387247235187,0.2854927528519519,0.2670340914707984,0.23492088989741705
134.31487773008683,0.3685056736581451,0.2870870786694453,0.26790153184779286,0.23628745195349377
133.99803681991622,0.37139510828478295,0.28994346018043604,0.271112239568619,0.2394273488757507
133.83998746214445,0.37453691263927424,0.2911703963939032,0.2730402993304345,0.23964577178529808
133.74240111313057,0.37245864772589293,0.2914306290363968,0.2747788781219381,0.24036085693313103
133.46486523585082,0.3705080010793034,0.29204739469528546,0.27576779229748155,0.2392973424320906
133.14602394865318,0.3676885603092087,0.29287474782183043,0.27707109105587735,0.23911605423487733
132.8843847057986,0.3679012567849637,0.2906416353089776,0.27534485183864377,0.23804312485592216
132.86179047180912,0.3672009690813569,0.2938172653434085,0.2778045230211756,0.2380706846932142
132.70269532088545,0.3697541673230479,0.29483947286873874,0.27946015801249596,0.23897418739286772
132.69900406092918,0.3689018202258442,0.2951969007675043,0.2802568651538248,0.23781883240236523
133.21894280793876,0.3683335732592805,0.2975031162820279,0.28214917945941964,0.23890002205600983
133.01583108459408,0.36951906792197786,0.2974349817005679,0.2813802975067277,0.23852948247475175
133.36178303278248,0.36772000980383035,0.2958745556570271,0.2806330625945778,0.2385552721033891
133.19935448425127,0.3694826243513429,0.29538983993512485,0.28055613041877625,0.23910257239214835
133.2427717072677,0.36987092584435916,0.2958842085276054,0.28176401071270085,0.2404523242744399
126.0890119277152,0.8511462091852212,0.3742526678982459,0.4577259386098367,0.43756875656792465
113.73900730831191,0.5874243987645594,0.18838279209567096,0.3209354290453441,0.31513152672728145
111.71867940502403,0.4411323549854728,0.15392724509947642,0.26523217998704623,0.26008706344989313
113.31337982256582,0.377729422278255,0.16238064633029564,0.2465786494798117,0.24251958501862877
116.29677115188377,0.328967524949134,0.17724396888788843,0.23809461721385114,0.23225191846932752
119.05349725045221,0.3159724684094764,0.19154395806284225,0.23604623648437967,0.22963757930437795
121.85891698776354,0.3090835896862621,0.20237263762333907,0.23503643502394503,0.22838223036058797
124.91459670002547,0.30023824499173896,0.2126324341362653,0.23579823097022776,0.23054044679661598
125.97502318995221,0.3158315761923256,0.21807591668192966,0.2375742345723895,0.23120366272483386
126.2088374684843,0.32852731478246844,0.22130780690681787,0.2388016221740263,0.23168587388690126
126.17907756501411,0.3390406763385052,0.22498332910033775,0.24100001353157607,0.23335060685554332
125.43627899928374,0.34678941682606984,0.22359855972968098,0.24084721369265222,0.23224839574154837
125.06880956618423,0.35744551288512966,0.2269300554073458,0.24396327706117385,0.23442115118247442
124.69285290364908,0.3661974312707946,0.22788110105324277,0.24463950700581907,0.23458953552569242
124.10136881937424,0.3682982179678733,0.23007845502799792,0.2445343296348678,0.23166691213380294
124.24642272039107,0.3715097947082185,0.23305309260017776,0.24801332311800606,0.23372429668418673
124.1484322200209,0.37313309992801896,0.233517588014037,0.2514752695423193,0.23564372773846257
124.39440079773173,0.37840328877264306,0.2353844224770637,0.25594650060556945,0.23768050060033646
124.44921138177918,0.38224711034744885,0.23471402902535635,0.2582964427701715,0.23886694749376353
124.55527983404092,0.38581118139622417,0.2386502505412148,0.26151341525250266,0.24128255578392713
124.77028861290901,0.3893989646804395,0.240891506128618,0.2639834063848615,0.2421917414991383
125.00228393240154,0.3919696929240227,0.2430052630390589,0.2658197575540732,0.24244283980361084
125.07123922028893,0.3909897228238511,0.24322701491419915,0.2671016582127803,0.24299923154981368
125.27801619629896,0.3914977584366234,0.24479530869450375,0.26929421064702375,0.24411371280320635
125.2278161682714,0.39234567293171274,0.24645855303074152,0.27041149466966663,0.2455517225534414
125.57266102713943,0.3940048108188754,0.2496755910986162,0.2730857475995447,0.24788338689169814
125.4072926236422,0.3935274421878299,0.24952149669080118,0.27323378859258407,0.24758192492628547
125.21145127086814,0.39370793000733584,0.24969257127905878,0.27226315766928816,0.2476381113541833
125.49324733657329,0.3935919009379167,0.2499345115646645,0.27215075256889815,0.24703815012166871
125.84829438867514,0.39402649134788154,0.2518479456704581,0.27334858313031585,0.24763656315785845
126.01373433160667,0.39382833279281476,0.2543303786291996,0.27395618526817733,0.2483010505327226
126.15420811316282,0.3935339580464906,0.2553746502091769,0.27349011405790463,0.24695496548349233
126.21133262905508,0.39339060780904267,0.25574332052824916,0.27323520700014603,0.24638729386610947
126.0505669659242,0.3937895187777538,0.2562489968901579,0.27327180410576374,0.2465604839757364
126.1253880371787,0.39378865820598613,0.25634722117166264,0.27229202164223665,0.2450707094868556
126.20911173127958,0.39309140469491965,0.2561582551457593,0.2715166652264953,0.24337024609605745
126.05859467549858,0.3932168548836384,0.2565912895115271,0.27209537175946985,0.2427032358161729
126.01302172508898,0.3936550515067171,0.2572446787025229,0.2729006902961592,0.24345202631919516
126.21315958460079,0.3930247487993419,0.2590662123321517,0.2743335485811711,0.24446385714785626
126.35354942341118,0.3932093052003269,0.25931323888637414,0.2747457959403401,0.24475309776544613
126.41261727498403,0.3936807156912977,0.25780576019548423,0.274464626519217,0.24500378886476376
126.9925988149014,0.3959928097808501,0.25882630512681615,0.27511356050482805,0.2455557177185103
127.60549046113171,0.394533908461181,0.2580534532030406,0.27304379568832987,0.24541568747498882
127.91081187774924,0.39315713995909907,0.25682037228980303,0.27141467838055633,0.24488216422708847
128.0226834044029,0.3918485536818417,0.25641701725050736,0.27069735524255367,0.24513568246531217
127.63707982008108,0.3873856939736974,0.2544040072615965,0.26883675959159536,0.24360883906641254
127.48419727469823,0.384222527759558,0.25269675397217056,0.2676505286537633,0.24269899758154725
127.32479356788306,0.3833075210257328,0.2526807647963847,0.26779575019473223,0.24273340794863535
127.11617577996986,0.38368462318093965,0.2526675164037917,0.26759955624745424,0.24220593467053417
127.07680400206914,0.384257010089229,0.25266491898020016,0.26773564109840914,0.24245797090989468
127.20057660523318,0.38388782547335665,0.2510301374626912,0.2662714416817632,0.24149024502845431
127.021635639095,0.3827003559337769,0.2477170833998942,0.2645486744271256,0.23996714393314708
126.8138347916299,0.38335486019950266,0.2476658828563659,0.2644517041047388,0.23872637348308826
126.73872577600766,0.3822679567517824,0.24404258485765418,0.2608598456630554,0.23567523718647615
126.41503460694304,0.38258473223330325,0.24778591054611077,0.26215621164515013,0.23692685457480012
126.55231003341375,0.3839384019903499,0.24676672232821542,0.2612636503475326,0.2361510333908639
126.48328475198578,0.38457804062868467,0.2490398690394298,0.26185970701272016,0.23660773456651893
126.58667450125716,0.3836976420286425,0.24896012664423853,0.26147137033605083,0.23519420631494456
126.30418930786271,0.3818063417948704,0.24896560019552672,0.26116372893638684,0.23505314034043598
125.72103967033132,0.37965201625863004,0.24294095869900884,0.2571907314295351,0.23098447576119732
125.38118167323529,0.37816342765087285,0.24532021509896465,0.2590873087306557,0.2327362327039798
125.07072464233049,0.37526191191331026,0.2438130011454427,0.25928136906416777,0.2329929137086915
125.03968937663605,0.3747512280616083,0.24527926621967094,0.26039579569140575,0.23507470804607447
124.87587225383955,0.37608256418714286,0.24712536691688644,0.2621479037779058,0.23742840722615216
125.24218171683104,0.37466620605969986,0.24809529737098318,0.2623732738238293,0.23583470160673733
125.35402012686279,0.3744685779660916,0.24992208746527622,0.2627102859606189,0.2361558768822314
125.75527137171476,0.3674841130158076,0.24948116038289944,0.2615091977376378,0.23641205398648926
125.6023694702619,0.36576509707289967,0.25065515410453404,0.26093818172850386,0.23464793938143402
125.32722821482595,0.36567403390668285,0.25279872495462374,0.262266550162444,0.23593171219551842
125.39605160135207,0.3686522060799868,0.25418718989516637,0.26323939176471656,0.23741033790630048
125.27409758335666,0.3723094362699388,0.2563308648846594,0.2634752567158814,0.23797756735811454
125.08428657136477,0.36872327746393274,0.25475059062596483,0.2624566837891442,0.23703130166533187
124.59037430634343,0.36841910361453895,0.25460287566658496,0.26180799371194774,0.23565902060905097
124.3334134928637,0.36822454173513736,0.25598982233587064,0.26297572637013056,0.23690043323066154
124.19881866026093,0.36880489376763503,0.2546740220832072,0.2616141228491714,0.2356747528048504
124.01541396345173,0.36967502259635865,0.2527083628016656,0.2611334864888564,0.23512163473486564
124.14446621286287,0.3698199189087947,0.2521467107095039,0.2606583775612309,0.23398315209971182
124.27349840237358,0.368830050942885,0.24950304417384944,0.25913977630378426,0.23277627333894144
124.09367936757532,0.36809661283145495,0.24965045198250096,0.2595929572043669,0.23278925709656004
124.16092855150622,0.3678480486869138,0.2465764704071833,0.25804303213615737,0.2319556124924428
124.1512611334928,0.3684017939948973,0.24431819320593728,0.25688500292940875,0.23099306950701273
124.18589211822977,0.3694842088167494,0.24339775308583286,0.25598353614589553,0.22999288868877416
124.64442383620784,0.3578436493153513,0.23676830038411378,0.2519270295784886,0.22891973681360397
124.82351368598745,0.3507005553604685,0.2357103784514152,0.2504540386904884,0.2275376712584246
125.29987703997539,0.3547532046436737,0.23547152549381864,0.25037808072687906,0.22626726875032027
125.15269332287124,0.3515045543833779,0.23673218049315028,0.25049643067661326,0.2264626432365157
125.37597000309336,0.35529151835353284,0.2389972547393384,0.25059416636933324,0.2254008981781374
125.787468681817,0.36304480428667096,0.24073751363304105,0.24957463675699496,0.22566634223264842
126.14831514696681,0.367518344596593,0.23975674192185628,0.2450404727353608,0.22584823164708467
126.37134137567907,0.37088697906647855,0.2458440933900872,0.2510431545555915,0.2305882453295517
126.62004616721946,0.37087357092913453,0.24632427798719392,0.25096370921961625,0.2301555352608583
126.63532847513707,0.3731333036387111,0.2445363539124497,0.24904838316161323,0.22839804429504254
126.67687748802004,0.37362971946549,0.24357874563883108,0.24911715261615183,0.22846285254142631
127.0014065654827,0.3741497865842728,0.2424756586743078,0.24851367976267652,0.22795742468942248
127.046442415055,0.3728023624835654,0.24184135404950952,0.2487985685768299,0.22926137127054586
127.0197739755108,0.3732771358107445,0.24539032179240067,0.2520009519343124,0.23128710957461407
126.72379439767118,0.37261515256840105,0.24551500732232018,0.251740088386547,0.23152613535793473
126.05126451231976,0.37326615509570893,0.24971548257952547,0.25506543523186326,0.23494031835903068
126.17114056488393,0.37345589548243907,0.2531058805730291,0.2573580460354491,0.23651069022980342
126.0514431676422,0.3745225679059858,0.25589004914211777,0.2596735847450213,0.23823760044330197
125.93407501566278,0.37744836960869166,0.25760887717125114,0.26056357260985535,0.23876564655291616
125.6389026679225,0.37558600190202895,0.25736386805556294,0.2600946210362445,0.2377981476213089
125.52961629013008,0.3753591192492191,0.2568265491887629,0.2595925410306846,0.23707164940262251
125.55324842263826,0.3744938412938277,0.25530460931712456,0.2579171980849769,0.235865843657675
125.791853765638,0.37557842718987444,0.24883143664632487,0.251068791380708,0.23264650742428206
125.99621674922052,0.37597611149412347,0.24726595291099795,0.249427737653663,0.2316347992997962
126.07900985666423,0.3731687573867649,0.2413571306968603,0.24409716285941715,0.22900033530405695
125.96859445158876,0.3730658310882181,0.2438608308488613,0.24705948650315182,0.23011232667513554
126.19845429084477,0.37506739395480526,0.2433888342488318,0.24619503988754782,0.23023739302941149
126.06455981386128,0.3739372882688116,0.24376473934932621,0.2466041093133506,0.23062352546398918
126.0192350315361,0.3734559533934852,0.2481576706486016,0.25077008971623455,0.23280196121030522
126.04527308161772,0.3745497596392907,0.25169040547190735,0.2549781642399003,0.2345440683632984
125.65539706860369,0.37628308376634323,0.2531051139765124,0.2578063463193576,0.23585166280974695
125.53177412085364,0.37590132835402146,0.2514513605235195,0.2564817007238074,0.234112929455713
126.10109144816815,0.3722262249955589,0.2505478294889502,0.25608221119101104,0.23318446931846298
126.43952725120381,0.37298307379225054,0.25251353413684,0.2567430416385593,0.23320064087603737
126.63235303379383,0.37513911447699194,0.254629523154033,0.2594348613592006,0.23597245711882534
127.2925523972534,0.37533457847143964,0.25311003022357614,0.25869577920400977,0.2361329866946179
127.14987946197601,0.37480171775406845,0.25700555005450254,0.2603737771508578,0.23779477459729337
127.38461165002109,0.37657326074346814,0.25792627891661773,0.2605543678923769,0.23746473856253825
127.28860629392008,0.37662152602042304,0.25940626816646095,0.26193823261122984,0.23864971507392127
127.3154679989538,0.3780882349595108,0.25920677807894843,0.26086928213780464,0.23781502499757085
127.33836575315783,0.37801145628355765,0.2598870861010116,0.2611418861842515,0.23908470089195027
127.7662988629396,0.3799442695366784,0.2628902967449971,0.26270320239354833,0.24054002707880803
127.92998936837053,0.3810999859089321,0.26513521137870855,0.2632346777070881,0.24176728507211948
128.16528476793846,0.3822028782031441,0.2667359110387737,0.2641215534441256,0.24235561845090497
128.06907479245277,0.3828532779133439,0.2660254768228042,0.26392339825882377,0.24259725993500014
127.98058764892552,0.3832156863275467,0.2655263794214194,0.2646147005969512,0.24340127538338835
127.98099468655073,0.3831578409392799,0.2660805943353187,0.2659869511936481,0.24381234611259409
127.9578317177724,0.38230605993077416,0.2639844522810975,0.2647603548742324,0.24227782938282924
128.11807541032547,0.38286221903001294,0.26496472353216005,0.2652183995647047,0.2420317374404969
128.09468300224887,0.38067293292941107,0.26312110588578524,0.26314782810241544,0.24041846735149203
127.96432442819265,0.3763047620857098,0.26058517932971964,0.25621993427826245,0.2372712125209313
128.23225136503694,0.37511028147983194,0.263547236337557,0.2560961950407938,0.23801416329617148
128.37585947397173,0.3742297208281495,0.2655558337978201,0.2562467674575794,0.23778853817889514
128.43970536181786,0.3735033549281767,0.26448201577486896,0.25619104512222984,0.2376171042773908
96.05839349151834,0.807876340739388,0.40290171676656733,0.47159635380908105,0.4066466744969727
53.42034587297372,0.5256125746623486,0.245795646792296,0.29076253741658326,0.2703565876364259
86.311557106516,0.40798976665726455,0.23036448120259229,0.2363328093995571,0.23089813733145295
109.43173829959692,0.36799413262119507,0.2377394317080445,0.22616395698309655,0.22174571872462445
121.42014755315306,0.3591773527310635,0.24916551863468134,0.22621373510388645,0.22186495700061448
128.75785743848544,0.36432431121068576,0.2588279473643877,0.23318366754715764,0.22812439065642753
132.27253209442333,0.3667983444510366,0.26297215699985566,0.2347964615415802,0.23013250909633898
134.85572613745046,0.3717048156670118,0.26475731475320685,0.232836871227426,0.22794726721171024
135.35887323517187,0.3790817421600593,0.267661274339827,0.2347676112640561,0.22987147962439294
134.73930242380968,0.3841695652451651,0.2693716101266371,0.23442655116528138,0.22990935265618648
134.6585872376057,0.38699432486636703,0.2775990753606561,0.23691829108355805,0.23237880343266257
134.80488637088678,0.3877367996167552,0.2810940346912586,0.23682821707158658,0.23383091252392185
134.60089222270184,0.3865905655383805,0.28509208099748473,0.2366843512424259,0.23421222037600603
134.60603721230314,0.3851970460055923,0.28625199112548594,0.23516767177395123,0.2336095058814452
134.39907488525245,0.3829170280909838,0.2895863132028925,0.23490957031163998,0.23367833671129648
134.10339238393294,0.38290702307050895,0.2897009520143602,0.23532043988635243,0.23505487224082255
133.36111209667698,0.38342525164432706,0.29760749786641033,0.2394784134373375,0.23711653749658831
132.63566913611524,0.38294097378355724,0.3008480355460825,0.24263805476446443,0.23808597576102364
132.30044518406248,0.3832165267749785,0.30382610814389344,0.2447932841305475,0.2400791510076888
132.36077268074627,0.3820447408183104,0.3096829242815337,0.2485310580231804,0.2416042074554687
132.46615778701405,0.3816789187175034,0.30967470224863985,0.24955786745059352,0.24298932864177014
133.0141759768161,0.3821590965625078,0.30565744759374486,0.24927281723000394,0.24285907865795145
133.50148617800315,0.3823126470570136,0.30773770496571984,0.25023169305182624,0.2422094692944897
133.90448346605322,0.3828036171196564,0.30523780985678517,0.2495853529142981,0.24228515243384124
133.7894948591929,0.3820827708052918,0.3019225395348069,0.24892921368014168,0.24181561003169982
133.74536765655984,0.38263114538096427,0.29921394257667877,0.2485223350083145,0.24157408175610987
133.2217151766282,0.3832931521531316,0.2994171692515545,0.25000691663830193,0.24229184489114322
133.06966514089228,0.3840939537571293,0.2980056340377355,0.24983325098544804,0.24210284562316867
133.21700407199663,0.38457665859074663,0.29781599871110265,0.24950536973389384,0.2420110533614706
133.08875181323955,0.3841148255171213,0.29509832421094345,0.247510176244052,0.24074968840165906
133.0416955169846,0.38295660178606367,0.29039191512967905,0.2455802196071209,0.24106806818823112
132.95746213449704,0.3855618567917475,0.28636516968693393,0.24537545230862348,0.24167610030009556
132.6283540582007,0.3874748896556115,0.2864235429885701,0.24604788128307828,0.24105158501764823
132.10639629931333,0.38770759148732564,0.28542113164326804,0.2450214075024335,0.2395892804117002
131.91907743425617,0.38534359248161676,0.2809407788418362,0.24045770753280082,0.2363544602301909
131.95310170486243,0.3818340584271755,0.27994201817690406,0.23775506974021732,0.23497471444820636
132.34657711100576,0.3787166311454152,0.28035313744813795,0.23617308831492118,0.234862377912519
132.70619100874595,0.37524306649672173,0.2805624815168235,0.23502874175938326,0.2356478478973214
132.9053413400647,0.3735279581649482,0.2828575914358612,0.2360380173406412,0.2369005950846266
133.03937434171442,0.37234437063369996,0.2842640670150151,0.23660508507507044,0.2374197203468054
133.62155996014744,0.37128919359577056,0.2849982510225693,0.23722679884761833,0.23854601295078315
133.88557275462543,0.3684661958422099,0.2830725087993174,0.2370531027835647,0.23854544262948163
134.5878662394722,0.36867298374580376,0.28377409859595704,0.2373500946253105,0.23976849007962772
134.89067453373053,0.3691533869220232,0.28161491556363816,0.2366974401121047,0.23954241490124464
135.20860674298027,0.3678093423299813,0.28018498825760707,0.23429326219165003,0.2389059898036888
135.02085398941026,0.36688108148663073,0.2797151425425068,0.23384902319400683,0.238143802950111
134.79323261941954,0.3680771875987193,0.281924520264498,0.2345197736569501,0.23888201802916567
134.53255160372348,0.3695986770511539,0.2824883619379096,0.23534714213723232,0.24006316654339918
134.41925076974167,0.37112063007743856,0.2839719666692862,0.2362054039187873,0.24070268030360012
134.4074561949518,0.3721127781806311,0.2863457717073224,0.23805808405286513,0.241368714505114
134.56042984821795,0.37181423944222675,0.2874913274138772,0.2389440219125561,0.24126201403957492
134.61742956308592,0.37123887975045844,0.28955896199856085,0.2405970336653398,0.2416847500202651
134.612498646933,0.37099248342527535,0.29172706302531065,0.2421227760365895,0.24158673188945362
134.53588944267491,0.3702300275255779,0.2931703928635465,0.24323926323738332,0.24150750185634182
134.47887285121573,0.3708755962137753,0.2952061217039794,0.24469873391076488,0.24160359027961026
134.56997664382294,0.3721695487735744,0.29651097275895455,0.24559131025901007,0.2415558118886078
134.70424946033225,0.3734675612703942,0.2970667072907981,0.2465444201387002,0.24187247176316515
134.88114136630423,0.37420054213486703,0.2975450444227748,0.24686077670010764,0.241942787824942
134.81300222555546,0.374185627832558,0.297044591273565,0.24706841561134385,0.24161160629302061
135.33770672235684,0.37274757896212973,0.29642988002704806,0.24504611653360783,0.24020362370596943
135.27457710154198,0.3726790077223698,0.296106210233191,0.24387553235318243,0.2395290520516737
135.36034711092424,0.3723394088871603,0.29686041598164586,0.24316529526646147,0.2389824603407252
135.4256876510232,0.37264129083792225,0.29834349439095,0.24387652735348261,0.23817913469479088
135.32424775475684,0.37291901541131267,0.3006399240802962,0.2432586609484171,0.2376551660395451
135.03866713750563,0.3739654685358075,0.3038784872236826,0.2438389304785235,0.23853452472307565
134.8135188402383,0.37493504371560654,0.3052000163076283,0.24437657236613455,0.24000618535375454
134.70300693857837,0.37539779354246333,0.30499295753142147,0.24463659506895066,0.24117009248263704
134.68462881950796,0.3746917638710518,0.30683158334599,0.2458090737459526,0.24160266260580335
134.44004132830264,0.37408888124514394,0.30456550250876313,0.24581257932067815,0.24175205522331192
134.544891424235,0.37500131691092087,0.30564473094415145,0.24677083945002054,0.2424274836489522
134.52918565899807,0.3748639174610545,0.3050851805145464,0.24716599764333708,0.24080523025112704
134.76832019390048,0.375032293534919,0.3068779065828645,0.2480360738021791,0.24042970899124266
134.68089588750055,0.37485077233631064,0.3038652234786845,0.24607062842515845,0.23963207630413405
134.67835737643307,0.3761873888362131,0.30442542244937726,0.24662623516655147,0.2391052768384846
134.50872859478616,0.3766024013704828,0.30111929673554383,0.2453584830582575,0.23929098430313023
134.1856248075311,0.3770331005823684,0.29989626080108595,0.24546180758311728,0.23938590056389122
133.93947445814723,0.3774241802958261,0.2989609500208785,0.2453884609296599,0.23904415383063668
133.94522575136457,0.3772961668910066,0.2981603007967339,0.245272266931352,0.23878720856689015
134.26058240980197,0.3780656506861206,0.29580495857053724,0.24401137106540122,0.23797570743906762
134.90308686521783,0.3791383156619664,0.29489488161353306,0.2433215363437958,0.23799229999857993
135.16499581928556,0.37795128822276,0.294585115784044,0.24350671919893396,0.23803628777820615
134.8301528479423,0.3776037599578085,0.2940257036680044,0.24411437425576316,0.23896411343751917
134.57685344679717,0.3769009114329503,0.29464890723899967,0.24363943362514634,0.23977034259514676
133.92600412927072,0.37379482625527516,0.2973071341366595,0.24263770811733357,0.2390312835268667
133.67825175684962,0.3725410660678722,0.29395296151096056,0.24028431444086054,0.23755922509532698
133.48267182392493,0.371868792888745,0.29182758528043623,0.23799531982697605,0.23521007319167395
133.3000143403099,0.3694592654942739,0.289520797674872,0.2353550424126772,0.23264112292770894
133.27821484148586,0.37008771837704596,0.28701976474081575,0.23322967199423067,0.23100274254258008
133.28393278068307,0.36958449736726157,0.28703117009618806,0.23294396082279395,0.22977053423957952
133.71517442259028,0.3691223195676665,0.28534144136509354,0.23182822565072395,0.22844208980663
133.59840257780436,0.37027101911376925,0.284146782436278,0.23193893206594968,0.2291570473564727
132.74823341451273,0.3706544550933647,0.2849207428749655,0.2327092090781121,0.22903293812445438
131.87501299246227,0.37052450278505594,0.2866677254663882,0.23392561156698755,0.229313209119855
131.3144922757591,0.36957748575213656,0.28705710477690094,0.23458566723628974,0.2298849166933715
130.90571587102312,0.3695125609039696,0.2892373154899757,0.23612197786110461,0.23092789609452039
130.67245936904672,0.3696101533465064,0.2911117840365517,0.23797476328748055,0.23285445260924692
130.46205352407833,0.3698498157734245,0.2958115526273561,0.24161161101881162,0.23538815809758923
130.33020070463076,0.3705199823783956,0.2993436358993382,0.24449389580448325,0.23716545714206683
130.62713009405542,0.3705713991756279,0.3024631998895873,0.24684670736207168,0.2385319061848954
130.71373633133263,0.3700080272102423,0.3009320491245143,0.24632660458535233,0.23841645761100855
130.67080422799089,0.36992433969340927,0.3013902611420691,0.24636406797134092,0.23863403245085527
130.44126637398819,0.3687834077232666,0.2975246062507416,0.24446816677361155,0.23850321559026805
130.3014299706481,0.36764900093228475,0.2975806843873801,0.24345722004364292,0.2374864365723897
130.47885962826632,0.36560249405893425,0.2922902517301186,0.23986457071873987,0.23575513619288221
130.77886367341614,0.3630858478426476,0.28583952446866484,0.23673314932130288,0.23279843561665536
131.39207575751186,0.3612176452010638,0.28164978444644323,0.23438055914614034,0.23117309149299606
131.73278129225972,0.3608189490810277,0.28001506644260177,0.23325524779911874,0.22997913772783715
132.3777300832294,0.3610445644518821,0.28011827610249856,0.2340108288909542,0.2295339803397525
132.78830748288462,0.3619697261677638,0.27980575174765576,0.23507525464370965,0.23092801913235927
132.98142252209846,0.36071813850342854,0.27893486700838865,0.2349837308916748,0.23148490844698189
133.32399152289665,0.3597384652105561,0.27899754511674013,0.23517027569759022,0.2321713435379116
133.58029737256945,0.3594719086503691,0.2782234182223873,0.2355345149489599,0.23206323677021098
133.10240780206883,0.35808254897116926,0.28173289618509717,0.2372440863695778,0.23231626202895703
132.7823666688153,0.35810534925439286,0.28384695459324505,0.2383915693039062,0.23260744752691903
132.56087556149458,0.35888909484359466,0.2858066897923522,0.23931346518314056,0.23238822841889825
132.31089097584876,0.3592208249641189,0.2855479418438154,0.2391019285392519,0.23244598654382134
132.1705788040123,0.3601256386879743,0.28551583228678123,0.23930042222056158,0.2338165998356871
132.03920177812716,0.36110007617360174,0.28338004226473407,0.2396081701276558,0.23563683690928183
131.96345963848194,0.3612288549475928,0.2821901194107142,0.2399190300982029,0.23606989450492039
132.33233719229182,0.36125440543579346,0.2800389205647392,0.23978168842611813,0.2360695029838178
132.5555869980211,0.362416413412946,0.27953354992710133,0.24055822519552922,0.2372691336608136
132.7163208749492,0.3639055876880797,0.27825315180536164,0.24056174992027135,0.2376919688785834
132.70701505979784,0.3647143223662568,0.2776931964876064,0.2410388420758259,0.2384248094601501
132.52644426607748,0.36414530636208575,0.27845254823385873,0.2415779595821057,0.23919171205168505
132.34374542148458,0.3637416668324129,0.27972240017489836,0.24212662876904859,0.2392851652254292
132.50360232726695,0.36310560519636387,0.2818901760356576,0.24282346284263828,0.23989489915723913
132.78123629461123,0.3634113130627774,0.28601270755933855,0.24417437406974699,0.23989134728322603
132.66613699255342,0.3643075709783025,0.2860878542019432,0.2438664945253984,0.23934333547834286
132.53255416899765,0.36514347810766945,0.2878131632948874,0.24389519036499982,0.2393938655717882
132.12888967470317,0.36538409107587677,0.2908106747556236,0.24502308131335865,0.24017485414000764
132.35433786365212,0.36655925125108624,0.2942280956691789,0.2465049510299287,0.24109371611027375
132.46549173942006,0.36663848737128174,0.293120188859688,0.24578020351353994,0.24063092556797996
132.85359297374123,0.36669005285519185,0.2928276398640861,0.2460771718668848,0.24128258115239493
132.94690757438778,0.3667134145241744,0.2893370879391594,0.24508728480597217,0.24180909608801532
133.41604532862894,0.36641751008883905,0.2889147484609044,0.24471342276984132,0.24141176144205648
133.66949285633416,0.3663377435705006,0.28758905820127506,0.24478082310250318,0.241197601809849
134.41568065664535,0.3680064608047508,0.2878286504426032,0.24474810558559643,0.2424025767416277
131.3615919166008,0.8992261402182666,0.5697196114636559,0.6057879330071306,0.5568210322305606
116.75772924485041,0.6521610256238959,0.3969212619403074,0.4276466496107691,0.4027466679187255
110.40461557029495,0.5027498382388301,0.2934337858188385,0.31539756295388033,0.31010015717405387
111.34625418900646,0.4318651547088608,0.2512886169203591,0.2615856304077092,0.2644941120171934
114.58738682444721,0.40463880931106005,0.24234857910262111,0.23969025256702298,0.24677359024202286
117.57237694341205,0.3876466736671343,0.2459794259541229,0.2363556296068262,0.2417289022893565
120.5653479846376,0.385337489107545,0.25267994717436776,0.23557361743354535,0.24174040285756318
122.56300018080852,0.3858617398469316,0.25926586272507435,0.23879946812154493,0.24335538410887714
123.95883919311355,0.3862453721820266,0.27039990371961,0.24320094517347146,0.24561845378617353
125.05433340458207,0.38729263915330403,0.2733586330546658,0.24472071199414064,0.24587924708150868
125.75750900467115,0.38696372750122715,0.27609016959597477,0.24577691861161396,0.24697475716204303
125.89048275985164,0.3833374876417026,0.28651983191007124,0.24953773974991447,0.24713124862048777
126.13120055900531,0.3823800043549623,0.29417570603453946,0.2539927525446747,0.2484789595017676
126.27953767345092,0.38222366989277745,0.2973846990913551,0.2564485028328782,0.2491241481580649
126.24653165027134,0.3809388113663463,0.30800898542284416,0.26208160996385543,0.25113906887654025
126.99759419217158,0.3806008620404046,0.3055614151666093,0.26065080081768355,0.2512286831622115
127.26149772632341,0.37960603941778714,0.3049793450320553,0.2592175416880442,0.24981806730436382
127.47569185896921,0.37842243337887127,0.30566722881883585,0.2583647360153257,0.2482550166514554
127.88174770194934,0.37627799982844856,0.30087444998666957,0.2552461319408077,0.24665243395339348
128.5368535627722,0.37535444158679726,0.29586441729916635,0.2520394415353514,0.2445592090087672
129.17982446197053,0.3762788915769754,0.289558762924419,0.24900724139792524,0.24395527022632849
129.7097943043897,0.37664289490831204,0.28566850207990085,0.24774766711899526,0.243964427594197
130.2213027214545,0.3777434281422485,0.2839334919046838,0.24659589744390864,0.24537764112678617
130.27114593192655,0.3782981391401128,0.29395275800286413,0.25071671106917637,0.24748174452417732
130.18403747522603,0.37975920215787967,0.2997162159060707,0.2548486561860212,0.250223612964158
130.07813918655373,0.38133267512455765,0.3029388794184114,0.2568870438489202,0.2519429332364355
130.38296909259986,0.3823751394486705,0.30306582046758834,0.25715059744260393,0.2527301269280862
130.66858219343894,0.3844582013873517,0.29704916945997034,0.25447280964745245,0.25395657626549717
131.86260898845885,0.3873138773624784,0.2932001899379073,0.2502264767212285,0.2525444654318901
132.47976343279507,0.3873171116763297,0.28757763535030034,0.24612297039480313,0.2506449335828151
132.65036330416544,0.38816752307492625,0.28587292467498615,0.24570672941925434,0.2504158876244787
132.4923601929621,0.3867610965153902,0.28616215838180875,0.2470275094047742,0.2503607331611135
132.6171897016705,0.3869375131867836,0.2853301283984731,0.246218751141617,0.2501639661391831
132.41279860993276,0.38632180641417896,0.2880433138781643,0.24733959992749907,0.24925378209797883
132.2023918297749,0.3857958642125924,0.290916027415614,0.24911268865346617,0.24988346703527092
132.4334743877556,0.38636011469005543,0.28429003457348906,0.24547771516584424,0.24931347578222612
132.5436328439827,0.3868191512498703,0.2862884794171812,0.24638990012355713,0.25143107558601024
132.8726312272834,0.3899111905887729,0.281241476584014,0.24418899827535384,0.25038518690920575
132.7501401530083,0.3905065818698107,0.2795453524747946,0.24416829754298103,0.25109069498461956
132.6138735987364,0.3917679490205077,0.27638206794797815,0.24243544684633112,0.24951927996895737
132.45430826091408,0.3900067805105173,0.27379181303465233,0.24055260214174112,0.24783845202991342
132.3893148766442,0.391166544020048,0.2739024296188495,0.24024173386760175,0.2473952867582126
132.18298545560953,0.39215390484210266,0.274876717871646,0.24130261382767584,0.24781765346191242
132.298468100186,0.39494965776244534,0.27491235709494655,0.24240119735228557,0.24905743473922962
132.369190301094,0.3952941462014081,0.27536572103060347,0.24181795242463683,0.2479066135957309
132.0643809717499,0.3963440980479032,0.2741143211296767,0.24209509866107456,0.24757216420389
131.83592622827345,0.39454519525848997,0.2731680039887757,0.24161707409044694,0.24745587481867018
131.93430486796518,0.39222522537851356,0.27248573054204633,0.24066802773648824,0.2468217219056457
132.1078212723923,0.3906202697446407,0.2733065180592894,0.24041110434219817,0.2462607105270652
131.87862861791982,0.39002238501136993,0.2728254440441483,0.24044999014893784,0.24610579879903727
131.43828951389375,0.39266423741938783,0.27294992634056187,0.24012478829289938,0.24708987933164658
131.17740044526414,0.39149899678450045,0.275451275526179,0.24056371008651506,0.2474118927567629
130.72712650652355,0.39345713445738745,0.27991178129722777,0.2432951381268889,0.2499928783274799
130.51471214350798,0.3938364771387504,0.2852930712415304,0.24628964528506792,0.2528063991536249
130.3952073259061,0.3932552152424958,0.2890283369500573,0.24810866713062393,0.2550551805416207
130.14751371067243,0.3929756412717603,0.29127447523111233,0.2504849103889445,0.2552302052386829
130.31177995230922,0.3930101286384066,0.2933449043421552,0.2516153188402585,0.2563858218960267
130.60310043638856,0.39376630281420716,0.2927478759705803,0.25100208917978895,0.2561628664022458
130.42761296258064,0.3930522765331245,0.2922842348721987,0.2503231093661977,0.2548635533309053
129.94011994155403,0.3899905175819437,0.29570236883844486,0.25169263002135933,0.25441188896776706
129.7389913952546,0.3882330353312475,0.29870957352306177,0.25261453898073377,0.2539983479655473
129.54764137198958,0.3883368885308683,0.30520611717734486,0.25527719133980475,0.2530641905047023
129.83683097019153,0.3892941341132182,0.3028827877000717,0.25601448054378184,0.2552686922364632
130.0970303923052,0.39006157508673606,0.30872171895876027,0.2592874073196668,0.25673751866586897
130.50954895031833,0.3904449978880577,0.31357187630063066,0.26129785506759867,0.2571969699659634
130.47060839867464,0.389399594417068,0.311519997161103,0.26107959474919035,0.2566892165065312
130.48113675972775,0.3911687416153588,0.3112193258342083,0.2603798081689804,0.2565207671793496
130.45171854514612,0.39062599590549507,0.3138857739082334,0.2618702012742654,0.25650825598891147
130.21873928600968,0.3902576640346244,0.3151519763164659,0.26248415364584615,0.2566090032277078
130.26588580490238,0.3892353216288316,0.3170734245788157,0.2633348680961329,0.256618078626119
130.19462493693493,0.3879203617965026,0.3150382399662076,0.2618288894212023,0.25530117148030984
130.47365947692202,0.3870773855582435,0.3080716427998917,0.2574920513402873,0.25399762455645053
130.95879344005613,0.3890902026241459,0.30198790860650404,0.25421194549981874,0.2545375819305492
131.4184084754894,0.39092514127656514,0.2978934084575191,0.25241635408518376,0.2553211501213785
131.67521832352523,0.3920217282006266,0.2958951318463427,0.251217806998914,0.256326619759374
131.83549785649276,0.3917554730577737,0.2918281572861759,0.24887140654240705,0.2554324100678406
131.63368418639325,0.39181192309352003,0.28989777463567723,0.24802812474205202,0.2554018637541272
131.5797617683152,0.39402194340922964,0.2902063314064745,0.2485899248979613,0.25621462972665854
131.72691008601385,0.39641450141154816,0.2899573411882053,0.24940005411624402,0.2582229549981663
132.09273280102778,0.39628013983120386,0.28674860931767443,0.2480418000356467,0.2566937592416389
131.96437898402257,0.3980545482650949,0.28642259122391234,0.24809969697016632,0.25653989958747897
131.60157789183148,0.39629158678143683,0.2957913933031384,0.25263317078562425,0.2560336557882243
131.2648413003823,0.394926997937803,0.3052800269863416,0.2577459615340638,0.2562900754353805
131.36773761089876,0.3941512444671575,0.3096610076203273,0.26016071803370494,0.2565195178654818
131.56264338019724,0.39339897016990605,0.31012897258996147,0.26077829561601623,0.2570053826668631
131.9551691026608,0.3938539957070363,0.3066752929651673,0.26033766638942357,0.2574576002429013
132.51829266914913,0.39503587344131674,0.3009395474862242,0.25751737626706334,0.2571484598306726
133.0431132189012,0.3970040883283683,0.2972174718900955,0.25555584858080704,0.2568483674052598
133.23383060382162,0.39695634539272534,0.2943070915850554,0.2520685896723636,0.2552491943676118
133.16358005428117,0.395940553694442,0.28843409706087214,0.2488988399575821,0.25327591665993887
133.33677695532742,0.39599907155854447,0.2846833367649974,0.24625377803294551,0.2521543664487548
133.2347972102237,0.3964235491915918,0.2825007799081862,0.2437752788056949,0.2509364524069297
133.17649652933295,0.3973824907575181,0.2817943302207457,0.2440162945880629,0.25142582436482785
133.24708098709067,0.39930418446020555,0.2817165495886713,0.24418360937171366,0.25256111312555607
133.3918773443494,0.40086477681923366,0.2821520067925559,0.2433719946764199,0.25213601194703444
133.55636486938292,0.4014839919141242,0.2811390014292741,0.24243460676525064,0.25169368512031554
133.6637212536474,0.4020017646109106,0.27952221629126695,0.240713759166775,0.25123821895725573
133.87367859878677,0.40241924046741984,0.2783583863958772,0.24045120481231802,0.2514521526050375
134.11367125345322,0.4022631966708989,0.27846148881107075,0.2404767868321772,0.2519713095831661
134.2915139277862,0.4011571331143525,0.2794014222458709,0.24177713081332983,0.2533100336211202
134.3891925148243,0.3981794272548735,0.27808108105429163,0.24088730252750967,0.253016408971262
134.4172098685212,0.39545037492940727,0.27845060788639836,0.2397855935288397,0.25102369796153834
134.24234729999432,0.3934752659333587,0.27871809399906283,0.2391461385938923,0.24926369702610662
134.0044620860936,0.39196854785633206,0.28092810119042505,0.23949771531370004,0.24789303858046124
134.24481396311631,0.39217147770534805,0.28339111429092056,0.24086626297599592,0.24802746250916818
134.09247942874015,0.3908779702845442,0.2853555897006034,0.24148809866669066,0.24818058099240264
134.23160356619871,0.3898228552899557,0.2860349890292061,0.24262445807712416,0.2492521924000859
134.1796193217038,0.39042305719537085,0.285605193284338,0.24302980096396914,0.25002009595065183
133.93115514461047,0.3905978907930985,0.285343872373195,0.24263941898662714,0.24943011482294275
133.80041006988378,0.3907360286627787,0.2856637319261858,0.24250315292853922,0.24971589782263237
133.674142564973,0.3910298720556886,0.2862386060259373,0.24399332342720967,0.25082538652438124
133.56086164451978,0.39195991040094535,0.2852620571568557,0.24463185292630776,0.2512718101179436
133.41394750238533,0.3924886079946326,0.2840644672734614,0.24405137158074539,0.2517001863885327
133.45400380347158,0.3934292990912328,0.28359850091731686,0.24407118329091793,0.25256646750222567
133.17544878352285,0.3931855390334552,0.2813846966962864,0.24259359185465154,0.25189922290148115
133.00077130514276,0.39240876250968343,0.2783130403237957,0.24129546218932715,0.25097476077770625
132.99014368341477,0.39139369668853213,0.2795921967225442,0.2416589728284694,0.25068423828585057
132.6329339708878,0.39167855638795446,0.28193156631397287,0.2431672882933105,0.2514068397488081
132.6445228993993,0.3914806831662011,0.2924852629577352,0.24939036175758972,0.25356365285443644
133.03075834085146,0.3918820417206254,0.2932338829775053,0.2507788618201841,0.25542778356336415
133.32548008255432,0.39176118325847614,0.2943022491302023,0.25191069870374266,0.256690052544013
133.25710511444132,0.3908004244217256,0.2928779821903933,0.251446168258318,0.2568148887526549
133.37476998313826,0.3909440249354523,0.29222189055145853,0.2514842380374892,0.2576131383121924
133.42976291048848,0.39159460888990183,0.29001312041582117,0.24973905555182674,0.2564852141348707
133.2575293033497,0.39193938555482954,0.28802956193322415,0.24925244019414927,0.2565781571949142
133.1344008096792,0.39275757147832446,0.28603496077939466,0.24797015407547818,0.2557898183315556
133.10505271670766,0.39304980097717407,0.2846974339638506,0.24679171932966248,0.25459178643615027
133.09595156977608,0.3930721480601381,0.2838876899703319,0.24640848039569102,0.25411543564671085
133.10841279600615,0.39299955948069076,0.2808778932337044,0.2442133716675737,0.25308915686621847
133.25725107153835,0.39164955053101375,0.2818961071316341,0.24456796718796006,0.2539282528690653
133.33350175576226,0.3901347074984808,0.28297901245063484,0.24478801563741964,0.25387138458725234
133.17079242402727,0.3896821997107468,0.2849012383265935,0.24509304145003977,0.25408014942613505
133.38543463126823,0.39057877242608513,0.28457947513991383,0.24427580505929086,0.25288584195712976
133.3032266005504,0.39090199380893365,0.2823884060290514,0.24332439685483037,0.2518068159893728
133.54418938645938,0.39162592863471235,0.28209475015419316,0.2432756065313803,0.2514750019399473
133.4116755253042,0.3913164085390221,0.2805914625265879,0.24273056042051597,0.25103431879295135
133.06625863402854,0.39146533150229845,0.2796952977163655,0.24258367858525223,0.2513295544455156
133.17577477766423,0.3918828032467405,0.2807534235375538,0.24334950537625819,0.25149022502445684
133.2546123978699,0.3924989462560655,0.2804961876959619,0.2434200273097011,0.2512048277336372
128.2331755618034,1.0255733218769212,0.5147489511111569,0.5717435262646552,0.5478211912560174
108.73240367441656,0.6624364299106479,0.27763441145152123,0.3604201821580425,0.36181974276657697
102.26391916949675,0.4844122575610319,0.20203290718635622,0.27372877230843246,0.276833534264188
104.29493000649975,0.4078402982199337,0.19096253532004165,0.2388270153304509,0.2420879876377679
110.5622056992518,0.37146437374324554,0.19677380416109908,0.2259338689527807,0.22755240682047836
116.18923823527177,0.35596642376494864,0.20493979125480447,0.22229004307477054,0.2215380696013209
119.77061479830398,0.35263441220008035,0.21368194368913795,0.2249356827759098,0.22087858633869378
122.58449706511446,0.35155675394677105,0.2225684209710692,0.22771796421909296,0.22133971744515493
124.7609970971847,0.35015799420375765,0.2195783070789841,0.2262008252238231,0.21877860778274336
125.28121933428248,0.3507890988101015,0.22003960223591143,0.22502047613161233,0.2164038983944492
124.75083999723846,0.35214719715166204,0.22155375137800362,0.22526434474311477,0.21777034569570822
124.03660720367444,0.3578369977698782,0.21973569225881676,0.22301548464177184,0.21855064075531566
124.49350400227515,0.3640060451393646,0.22076592037344075,0.2231268891042126,0.22134809165024597
124.80222714872586,0.36853827484827856,0.2232399799327133,0.22506637392994094,0.22370532420446063
124.91695877400389,0.3678569878439645,0.22553096852752205,0.2273381380312301,0.22624001404036687
125.52144827039896,0.37350153542572134,0.2267884002680285,0.22784910449855023,0.22766384882444357
126.12075481180909,0.3709246533926312,0.22417389760602435,0.2254892442802244,0.2266876639030058
126.49127717903852,0.36988866088758426,0.2234927897626134,0.22303544679894144,0.22539841335053415
126.70871656957218,0.3719296071364268,0.2241769089880178,0.22204245903267963,0.22516219080322128
127.48047407325963,0.37512553165309254,0.22602339552890188,0.2231691488492172,0.22633785593716668
127.98743533833948,0.37635984606691975,0.22917771346141932,0.22370111325131756,0.22726941880406046
128.91964823380732,0.37885958420918886,0.22746179894285407,0.22164816587772884,0.2265159015630567
129.77381131620922,0.38064879984050276,0.2293319962253106,0.22290589228632163,0.22743430448653695
130.15643600349347,0.3814482528239093,0.23125187541414738,0.22391481402559182,0.22843492610348057
130.78142593634956,0.3818193578881905,0.23049474619658855,0.2220805252009075,0.22846052026718122
131.05962719604238,0.38580098953495046,0.23373741242981866,0.2235921718870373,0.2305596775508105
131.51590016845384,0.38803859286987846,0.23773617001393554,0.2268548103477424,0.23308660756477484
131.82520166090328,0.39136823627917566,0.24203270391540546,0.2292441641713871,0.23477513102343084
131.7419382148858,0.3923564220634833,0.24372305195465266,0.2297916947410826,0.23487494956771937
131.9954226026711,0.3942121918097129,0.24422575594504992,0.2301951016804256,0.23648076679959745
131.8421523892123,0.39403486690838746,0.24695221912222717,0.23163379373335805,0.23781419083650182
131.6960167920517,0.3957374694845915,0.24884789228309762,0.23312040980019577,0.23856334512099647
131.33325807488248,0.3969718852823492,0.25036231935828007,0.23460122764310937,0.23797071601587755
131.50958260452444,0.39669358881390415,0.25167428483122944,0.23634668390987654,0.23784465076363764
131.85767703264142,0.3972174698127674,0.2527408659277196,0.23801281435328125,0.23858297979877452
132.49202986990804,0.3965817465001542,0.250064647872028,0.23566573765943313,0.23602481233604908
132.71110240984245,0.39746128329521146,0.24842668973625787,0.23518890101450576,0.23345799782110657
132.93693302460233,0.40407186831243724,0.2507165156279089,0.238234006345192,0.2353363447383255
132.89920605536042,0.4085179936297755,0.2547877803133285,0.2433444453011692,0.23684859366411465
132.4845813904952,0.4058994096923885,0.25768285689110587,0.24543384208970645,0.23780945672042217
132.21669397146306,0.4050999456686093,0.2575062285453065,0.24668831285558543,0.23764671764375997
131.84259435700386,0.4047818112868986,0.25820052442604896,0.24861982048807568,0.23774191058050534
131.4429578665637,0.40589707573000827,0.2657070556995098,0.25412997621865613,0.24150491338823687
131.17086257920425,0.40257357364700264,0.26397862940742006,0.2528948575975385,0.23998632212882906
131.43636629180548,0.40271998283552257,0.26630364839769827,0.2541062657675413,0.23980480166759016
131.5903862239788,0.40436062948495377,0.26793096235087666,0.2564032845543938,0.24202671528306782
130.82812008968244,0.4047731996715052,0.26743332913753226,0.2568098092794571,0.2419248140475572
129.97741955390802,0.40504548405533447,0.26954803614315687,0.25900828867175996,0.24287414958418113
129.0759574803757,0.4065127657434369,0.2696695513222559,0.2598045909089376,0.24231292934144466
128.88397828426375,0.40984203507184086,0.2687443530807145,0.25997701600561374,0.24291194119074636
128.3948377290712,0.40741129963875194,0.2712756143251083,0.2607112100668792,0.24265592145877396
128.05927485738738,0.40678262703315005,0.2741197752765243,0.2610421323545378,0.2436149210790557
127.94246410220043,0.40697887363739566,0.27670769374470944,0.2614215271294097,0.24587316401624545
127.89296266104172,0.404859186366154,0.2788411415572233,0.2621109608752521,0.2462039458056835
127.95875789515082,0.40389200905834993,0.27753088719851227,0.2619158652166761,0.2472411376046327
128.10803401184927,0.40329298973469113,0.27557989357362045,0.26002936855746445,0.24517091360771934
128.0056053779791,0.40336055441990787,0.27440805551111513,0.25814902860966665,0.24513106456318032
127.83373205327717,0.40352529054225306,0.27384347731186287,0.257522845427,0.24582211884679334
127.76916288419017,0.4027801319244836,0.27193815386486087,0.25596225618923507,0.2439119547706717
127.7707037416009,0.40372172090219965,0.26702369538404186,0.2516427398850385,0.2415811656772941
127.75437611492752,0.4057914200166229,0.2652957298448149,0.25012895156474296,0.24166498414093476
127.61258459793842,0.4054078162097529,0.26560618801476765,0.2500687611383115,0.2418641677076255
127.87068625187275,0.40799719248702065,0.26751011529817,0.25417799004123975,0.24405141895485102
127.95256805391855,0.4063908011270537,0.26705464941113205,0.2546970011423001,0.24601700254180314
127.91159514656103,0.40431277117997455,0.26487613206330013,0.2522743681792469,0.2427452922991368
128.06195909281183,0.402127327465573,0.2627449484807264,0.24999538715543296,0.2408752791766063
128.02883989755512,0.40116783489152674,0.2594229025732264,0.24687344895857433,0.23828075916965322
128.52148701363149,0.4009210594405498,0.2586174574409735,0.24604341583402178,0.23696020045879237
128.68069110134766,0.40044131905710395,0.2581940194935027,0.24525268297670128,0.23568775985953044
128.99820274575472,0.40056482729376847,0.2555803561825961,0.24315168885296803,0.23409999543755522
128.76594715259577,0.3998018035268033,0.2539020665752299,0.24049141647866418,0.23252279686768
128.64272920529515,0.39846395077624663,0.25212515671207575,0.2383162335727607,0.2315740611895522
128.29869280237494,0.3961359618762303,0.25132368853580644,0.23803236224478966,0.23061534822836588
128.63147019976117,0.3958442795861804,0.2505716044072043,0.23665033015625006,0.22913267507495055
128.86815440630986,0.3975811860436785,0.2476998589478693,0.23525856750462867,0.2281399922980884
129.17607883412418,0.3967580520244788,0.2436119860915968,0.2320921837777431,0.22593334078710178
129.71129668961498,0.39814237602412034,0.24414399591337796,0.2329877678567067,0.2268159931916012
129.5394178998534,0.3983568500138695,0.24682079654198952,0.23502744990788693,0.22821709403973242
129.53546788527674,0.39933754989081166,0.2471861307298615,0.23461871964727762,0.227373695120163
129.43112525491435,0.39938068964376267,0.24724910781729076,0.23459614164699805,0.22681321306770527
129.32771746836852,0.3979206439629567,0.25089444351631124,0.2375290843330873,0.22912890197331906
129.0820489450788,0.3977336619512191,0.2527136557521065,0.24070575058731375,0.23007236596904024
129.35168525003687,0.3980923972417211,0.25427989693677866,0.2421903114125763,0.2306649820766384
129.36743966304047,0.3966744237326437,0.2528138095448555,0.24262737398680065,0.23044526140595428
129.74731629106378,0.4001788410621372,0.25464303694986296,0.24582041291382706,0.23166136794455866
129.73769860193764,0.4034362911648421,0.2576722731003465,0.24834791121887737,0.23569181087425467
129.9507338117134,0.4039815176998973,0.2601700579621761,0.2504902316997254,0.23938835589651963
130.08144769671944,0.407759847174638,0.25902547927294,0.2516307543239995,0.238501492395201
130.26665070632853,0.40952115574333336,0.2592746036082722,0.25345518086953805,0.2391426176455705
130.79588539729676,0.4108552131444034,0.26018507535651403,0.2548914869482652,0.2387556414645304
131.12690173396746,0.41403212662537187,0.2628760154894276,0.2588295758305318,0.24225549561136236
131.44743938743696,0.41699186133620686,0.26469658665050355,0.26076311212542225,0.2444072135296611
131.71146712739275,0.4176238327665509,0.2658877765741191,0.2603729810913616,0.24481411095721567
131.74003815475885,0.41730522509026974,0.26750848021565926,0.2615406896342771,0.24587829558474847
131.45610675876617,0.4166431059508055,0.2707996685830637,0.26283673466128615,0.246514158726903
131.1253898931764,0.4166349395712432,0.2696924027771471,0.26202408513052416,0.2459659793632504
130.934585005308,0.41657791806282446,0.2700368230113187,0.2621539178607336,0.24573205429962383
131.00218684951747,0.41419867637754276,0.2689371537988915,0.2612285601734382,0.24482624463772756
130.48847725527844,0.41203168271650203,0.2676253000259603,0.2596095349407001,0.24320034516683833
130.46672375269733,0.41289301032668013,0.26488517220751906,0.25700446262180976,0.2411406164231563
130.82332629874898,0.4142899105096913,0.26302154440262154,0.25577693754420844,0.2414323178461995
131.00089083326637,0.41350539067255454,0.2646611853806066,0.2565647818381694,0.242708067891371
130.78480740069304,0.4118069004247638,0.2671882239388751,0.2576524355210941,0.24238327492000641
130.2084570175608,0.4110210271111614,0.26634936688411237,0.25652614231903015,0.2405751134327496
130.12082335301287,0.41360844893142806,0.2650856339491275,0.25596573572144565,0.24125083067465206
130.1792370643055,0.4137167476073326,0.26495273211393633,0.2563092416731597,0.24256736231003753
130.0987048600892,0.41429022258581233,0.2693482796342736,0.2605277003337772,0.24624105357016068
130.4729262602059,0.41515567662901653,0.2706853773355368,0.2626501475774702,0.24633246062397637
130.37395692435848,0.4130473446821309,0.27096220546598676,0.2627161311684812,0.24635072188038198
130.7454806542443,0.41205092220842454,0.27177294252830686,0.26345801361181836,0.24608048448523837
130.2599289627939,0.40904649027799295,0.2716766933556984,0.26179731865285966,0.24456765848697384
129.74336070174311,0.40731071944930897,0.2693981847199622,0.2585830185309842,0.24189090229844373
129.86731532230831,0.40758352293490435,0.26817952317467736,0.258082431632413,0.2419073358022168
130.28304468405878,0.4064268144761028,0.2719156674829221,0.2605093077495229,0.24351470632091005
130.64051416819362,0.4075973884941261,0.2700678718454674,0.2595389205163387,0.24322918909725655
131.0455414270956,0.40928200525808345,0.2691825024816756,0.2584644768917937,0.2416030832888103
130.3806963881864,0.4092833684617291,0.268778252962531,0.25818606271774347,0.24254880275287063
130.0469739118864,0.4068011589277515,0.26869404057011276,0.2581077528002824,0.24211927886953427
129.91877640627817,0.4066912541011925,0.26875584975871714,0.2567598172102041,0.24062576773836658
130.0074868398289,0.4068796448028674,0.26865789301245424,0.2567288846139096,0.24138784914130626
130.14610790944346,0.40356369852816226,0.26764534084458885,0.2558456171679419,0.23957039185815152
130.2782117153939,0.40632717672362334,0.266144902852106,0.255950755076299,0.239348580254888
130.49675159603217,0.40739135308837937,0.26939568025035376,0.2589412102395611,0.24225884459676125
130.53562035323716,0.4087648297792314,0.27025577324877276,0.25845336483912756,0.24229264369867728
130.39622154059006,0.40953724411195075,0.2653806312095699,0.25528972408288403,0.24126402615087691
130.2491930516156,0.4122173131300389,0.26544449173505813,0.2551057745299141,0.24138129531900496
130.18352604268026,0.4115256849257846,0.2673510490328926,0.25473598860374924,0.24128669480744475
129.67040024768778,0.40999536497687994,0.2651657304896923,0.25286440255985215,0.2403556853220897
129.82692632023392,0.40993040094775607,0.26192046392046703,0.250589266559648,0.24071247631156154
130.3294187630779,0.4118907765887588,0.26397204103738875,0.25290572829056585,0.24275949013279874
130.06007727484152,0.4095361723300344,0.2626484479145067,0.25149997853803424,0.23999277844168393
129.77168999526884,0.41010908959535963,0.26211419769390354,0.25024748122020135,0.24013884978866282
129.86135198680472,0.406565054736012,0.26431950573273105,0.25169015320173493,0.2396898962479002
129.5794437812534,0.4049867616569976,0.2638196117111917,0.2511697857443569,0.2389895687795317
129.46513176002077,0.4064889320940873,0.2664299017686932,0.25367104802916474,0.24033933845335262
129.04824862482042,0.40572882436495267,0.2632963096721095,0.25136457131334655,0.2402213242670325
128.71289182943028,0.4065746065779466,0.2626379608031205,0.2498459497246463,0.24100841872092743
128.16158326216512,0.40737228534822867,0.2617147590065156,0.24960296288916928,0.2421723051540558
113.56692397487582,0.9630624240580331,0.4651060171925241,0.5012763001218667,0.46230919499756284
36.031472492782186,0.6455450233171143,0.22791125538257925,0.2872733708671557,0.29184787847474547
68.76211765298243,0.4780680342405169,0.13574275520971785,0.18910390560579363,0.20812786743589543
95.73732797520655,0.334513679764401,0.1232698274268213,0.16937654422075213,0.18218636420928241
111.47490818319973,0.2889743456250948,0.1619115814784904,0.1783092024000298,0.1758935458198224
121.27558433923149,0.24050894088525898,0.19461261505547237,0.19190411520622894,0.1805962848658181
126.64546296485508,0.24210787821324914,0.21537448498831394,0.20768554376016174,0.18983340225898424
129.89206013521988,0.2638730083827838,0.23285520875877178,0.21755641024008315,0.2002663335265713
131.22031261153614,0.28422221098511075,0.24291379398344606,0.22505664553539811,0.20694559813134086
131.43355232793058,0.30325722489485535,0.24617969202474382,0.2283684348258004,0.20900360159722334
132.26360072344275,0.31770230799956667,0.257913495523362,0.23506261409468804,0.21432615966394028
133.2207651720362,0.329689012521614,0.25972713935603337,0.2349873895870873,0.21610083051690807
133.5630001042257,0.3365028592361905,0.2694894012806213,0.24508202906196289,0.22634374425713524
133.57422887361287,0.3418632764772696,0.2768843532662563,0.2500636796399765,0.2292513864331331
134.40374708289391,0.34963351199374276,0.27625768058494005,0.2493281985745003,0.2284224494444042
134.46443802410545,0.34925755560189137,0.2837857952685399,0.252328429762507,0.23155724471782832
134.36483993663688,0.342444572163084,0.27812987745631085,0.24906855234476527,0.22918907618525136
134.70087248059303,0.34744084510878737,0.28064553171419543,0.25138238686563863,0.22985193569061677
135.19517071613748,0.3422340915048455,0.28598944690002975,0.2544681586195845,0.23031095186941508
135.0351223922023,0.3411946505334738,0.2886142193948457,0.2558278473652272,0.23416225241609315
134.95740318332895,0.33832539986313626,0.28826636979353987,0.25511091397195956,0.23066017010981854
133.9800401293335,0.33065372774919416,0.2916657573254361,0.2586773079828548,0.23130408760499613
134.22919079820846,0.29094097713077405,0.28675541995564113,0.25777166983016214,0.22889196902598025
133.31957819246708,0.30624995656007,0.27818606429858433,0.25097944521030435,0.21347335726026345
132.61756709736608,0.3132565708679105,0.26594044639523823,0.2450314205716951,0.20918189625162226
131.9089859201019,0.30517232228690483,0.2599433590235177,0.2379038609261313,0.2077152987501498
132.1065945819012,0.27963078238169836,0.2638688304857947,0.24422026802833652,0.21281896067673903
132.39292043614637,0.30066719314652385,0.18064619293702025,0.25169201092167703,0.21844936924499533
132.85513601888556,0.3130849933796354,0.18523895731662768,0.24786095421952228,0.21584604405519403
133.0797778835824,0.3229103667492968,0.1968162147525016,0.24733043937300278,0.21638982259224343
133.32550361769884,0.33154398869181173,0.14130409428540405,0.240554396200511,0.21344850478132713
133.6467115341828,0.339073634549576,0.13127008032381493,0.23498749959454288,0.21312815269105012
133.33025377470133,0.3486176081985699,0.13442864147402803,0.23580594134055013,0.21262037113096477
133.16314202910263,0.3565515789323794,0.16202560356904308,0.24004256518005526,0.21685040939118708
133.00366762104798,0.36326730569386567,0.18311108442846577,0.24241447008015785,0.2207903771198357
132.56420666930183,0.3658515054048835,0.19248510963367713,0.2417092842439861,0.22125215071371815
133.13587284727197,0.36668316841473864,0.16867282896802435,0.24039239941375593,0.22154716534030672
132.7888018488503,0.36988156379956394,0.19301119566070557,0.24585278047400747,0.22626197215615
132.50235449968204,0.37301482424262666,0.21058871093043302,0.24747714226876333,0.22683567104059865
132.51544680561742,0.37655015161928024,0.22576382053939567,0.2469048433421177,0.2267473436145523
132.73516293300693,0.36977418762968867,0.23175432702191992,0.24188897040624077,0.22576879275496356
132.26811475531477,0.3739939159732294,0.236052765877821,0.23961698712908908,0.22410332186931614
131.8307670060782,0.3741135078199211,0.23467871051366387,0.23667166735483455,0.2225653385770853
130.98868898746304,0.3724489892999319,0.2325012568991521,0.23378396122462966,0.22033307042982722
130.53352733179827,0.3704123310213936,0.23122577948502626,0.23306602577710475,0.22093200867693413
130.66354444921475,0.3670839383450867,0.22729611925043913,0.23145578482385123,0.2177025358975274
129.97959414035614,0.36650856802737164,0.22762867076150578,0.23096618474442876,0.21683832622533095
128.86110096834844,0.36236176169432144,0.21794062656180155,0.22602307110301345,0.21258088069019299
128.57624885333567,0.3590503295783822,0.21505339386313108,0.2253669937121961,0.21184633555325566
128.4937615160826,0.35590314470508505,0.22028498772996744,0.22907223011326183,0.21527881537009647
128.42287084649607,0.35567981256943537,0.21763555081832517,0.23052392083091885,0.21745507077167311
128.41872769490325,0.3542729470088943,0.19050036028942058,0.2198984079432971,0.2115533208629555
128.13370238070218,0.35616724569163616,0.19485037116206816,0.22181740228596916,0.2124016657981201
128.3814162469391,0.35992590406444547,0.20314672661018873,0.22781344004124904,0.21678895423566186
128.56516603059194,0.36106762838325673,0.20713328049635235,0.23084968160292837,0.21813705679506487
128.64331968810382,0.3629150639147381,0.21231708807263278,0.2341678326032585,0.22050718938848557
128.18280952785832,0.364529219827479,0.21677902716116912,0.23546269415719026,0.220677274416393
128.04118777211107,0.36553376796885284,0.2215274177566163,0.23883327831531098,0.22379593703804262
127.64347093529435,0.36542663958041305,0.21967206430203326,0.2360285173310236,0.22141919598521936
128.03289545462192,0.3659665534304236,0.21491170695104592,0.23582701044910198,0.2222034137861106
128.1168551321713,0.3680758395051,0.21716513149709016,0.23731101222605408,0.22399046919226995
128.25041040354597,0.3684474906529886,0.2037250622410735,0.23181422425224968,0.22115550509733511
128.34013373162503,0.37115660642034676,0.21140996561457964,0.23288734471229147,0.22156045035425523
128.63169809223234,0.3707005451551245,0.20822868587106802,0.23180682954509635,0.22076610946293396
128.45042995235923,0.3704226224363327,0.2090187139983951,0.23056676300711934,0.21872545420043246
128.76754514564766,0.3679666062677024,0.20147625914890444,0.2265959418116382,0.2154564934826273
128.61751517804126,0.3666781936372128,0.20664161296079578,0.2300169647462568,0.21614966773246352
128.96052250512744,0.3646254105141654,0.19683318673684255,0.22669267168007984,0.214288111809256
129.05469603605644,0.36198949566337213,0.2016725208074485,0.22761225181695818,0.2147084360130138
129.23782861234733,0.3610102269212135,0.19908520906254062,0.22543829146648028,0.2136900812928922
129.21030546200288,0.36230677139321943,0.2053965860364245,0.22807992413275746,0.21461649740788186
130.66747067724978,0.3438546352547542,0.2041493077246452,0.22591846013391603,0.21481121771642525
130.94554797902032,0.3450469818584801,0.19550090239106346,0.21939590368274414,0.2100705717543605
131.45169981978378,0.34711843793477243,0.199641082928847,0.22120424603771546,0.21235992929351358
132.04017335479145,0.3492650607579576,0.19159341111700576,0.21833059410694813,0.21139930712448288
131.5098786246681,0.35064437326595854,0.18738813070224844,0.21243132887138863,0.20765919871168503
131.53662099721998,0.3499846233316638,0.19276608968668024,0.21462860736170244,0.20908121449412212
131.79122338980946,0.3516665674616529,0.19352649696833418,0.21429270414741622,0.2092111897055149
131.4538016597535,0.35368479560338884,0.20228170628869702,0.2195652888126304,0.2121009871749419
131.278922401837,0.3561962357608838,0.21130791554957615,0.22490673761285007,0.2149777012276331
130.7993014066569,0.3547307610390071,0.21137431100079998,0.22496887798147758,0.21435254172916618
130.15263418709978,0.3570286518864069,0.2097019576666411,0.2248595849080031,0.21394139406257917
130.44396960136848,0.36083642664525933,0.21802581209288815,0.2290391718063272,0.2184748051525762
130.0762404491985,0.34748112531856273,0.2204444370348726,0.2293081501449209,0.2206303333043147
129.63230868367947,0.3471109096839965,0.22401251000488676,0.23013277444048807,0.22124857742899265
129.2536264120603,0.34909763714903075,0.22621771330588655,0.23227628672462483,0.22186772762312074
129.17574322926853,0.3555760352056407,0.22842684679726133,0.23419187152387916,0.2230042032667212
129.1321600708118,0.36071609622535905,0.22981063518039066,0.23608210291932996,0.22380326991205002
128.79869468999385,0.36661508759883643,0.23077070544139863,0.23626711763154282,0.223836198937498
128.663895534171,0.37051914151823645,0.2354414546734204,0.23870485727663834,0.22438895128149425
128.6411570899609,0.3722820368335838,0.2364450372105478,0.24018646121638687,0.22460991947775033
128.82934420161118,0.3731588236303891,0.2406805061845259,0.2426166073920359,0.22712585078995065
128.77066330903216,0.37097638252284704,0.24022584301413175,0.2412420638014411,0.22710836908072732
128.79525626192063,0.3709491934151735,0.24084580190957364,0.24036447866865218,0.22581298839099123
128.6227875216571,0.3736771732876268,0.23856152299977548,0.2386372237399284,0.22335548961570087
128.71293401673742,0.3748043208046706,0.2418215402983299,0.2409833053799377,0.22613097416840333
128.61551877024897,0.37643733857570016,0.24640886700737438,0.24341797016044522,0.2282335456496389
128.77114329912382,0.3770870157857865,0.2449681620632006,0.24229613571094022,0.22743610634704903
128.4341527520503,0.37715236931834,0.24367910314367502,0.24106458030148242,0.2272224306944569
128.0669396983123,0.37339194549060506,0.2475857842614955,0.24379204226514978,0.22904606148012002
127.78766524136535,0.3596564520773125,0.24788895286357865,0.2433871216799746,0.2281854745497627
128.24303178669012,0.3612077828673893,0.25275074183149254,0.24823072782124367,0.23270542304330416
128.1339800681022,0.3602513687005328,0.25460762769490547,0.24901152034145105,0.23044325436006846
126.85326892011784,0.3684496693820311,0.26194986717879737,0.2531053253478707,0.23431592561651826
126.6376459702717,0.36697098332535955,0.25947859742918006,0.2538470060771053,0.23079939840152272
126.52768491247035,0.3729126182391324,0.26271577574030414,0.25577643397374306,0.2310727597062025
126.38147264285938,0.3774326839200427,0.2647788142517769,0.25603415472615065,0.22906474472741095
126.9516348811547,0.3815188207822402,0.26932782550507606,0.2574843181145768,0.23178472167774894
127.33140369356208,0.385205665884933,0.27723050196503124,0.26291973579119876,0.2322842579641523
127.3809970933643,0.39003962835696715,0.28413444906757956,0.26681685054697857,0.23562053122440813
127.80585040720173,0.39306980929958607,0.2856017647997747,0.26600469930271786,0.2356435914210799
128.00992022101113,0.3967122168862271,0.28206732922694716,0.26080951068979485,0.23283456785126758
128.16464903575786,0.3968058394748763,0.2805435662546111,0.25869077064840684,0.23331937327365343
128.1387605398727,0.4020821094004276,0.27810658668567045,0.25438182551527866,0.2328383017466185
128.02949333188096,0.4017650004957825,0.2778740968419032,0.2515486043185561,0.2328491663665065
127.83992288523932,0.4038205612381295,0.27604089971512696,0.24861586284946094,0.23207321054034355
128.02165092218397,0.40477734320981634,0.2789979329943763,0.24926129755814597,0.2335812352217437
127.68300672883589,0.40585170019145705,0.2836612737750097,0.2542982688203558,0.23758654942852592
127.11135964101422,0.4058722946751031,0.2828402846740147,0.2548853836612341,0.23852880369056362
126.79878409856784,0.40529628601220435,0.2832333944210771,0.25441652179496105,0.2376522012000311
126.61405582742371,0.40433896841652023,0.2807885065132388,0.2535388160401607,0.23557534488321502
126.827078984929,0.40155866938680107,0.27660409479490483,0.25071644420855493,0.23475197386247626
126.67673275371163,0.4024088618381444,0.271142515774265,0.2470452862288349,0.23447091811431375
127.45385441529746,0.4018886605882369,0.2766628401811905,0.2487468381579399,0.23539754014566622
127.79227311603842,0.40308088126672315,0.2775414476489131,0.24952641244930515,0.23710776928534552
127.73754118034913,0.4051993559795836,0.2788135178144049,0.25086407258095206,0.23882493504097158
127.86426675029276,0.40498606556443073,0.28409870661915326,0.2538398149958367,0.240220793767712
127.77331954624812,0.4049873922590151,0.2832732295369448,0.2529038586743988,0.23981674745531506
128.11389200774218,0.40411428210695954,0.28545336306665864,0.2542089658045783,0.2409618130468942
113.51119364626918,0.8377667749017681,0.41397156651452377,0.5306266769437195,0.4123556219398339
48.77115961940296,0.608319603265304,0.18455340164630665,0.2991798905045969,0.25535568479637083
69.92984905927275,0.3790465980309595,0.13008090108034284,0.21880064403765187,0.19813953772341916
96.58736702306304,0.3043653892620942,0.14138284036268162,0.2002909242210805,0.19374428765402046
113.0007931099662,0.2929516729937702,0.17009906988883333,0.20638952708307598,0.19919045509165526
122.51999288442207,0.30478434862888615,0.19101951905154085,0.21546535129446318,0.20391348116196628
127.89262219738725,0.32250127566544656,0.20353762239327658,0.2216749861576611,0.20899047153246642
132.27100910898736,0.34534994090936627,0.2163684979419327,0.22865379580078826,0.2136918089177941
135.03534768198116,0.36627426441926964,0.22757006416567965,0.23546915393828788,0.21870224949596087
137.2624851952145,0.37977263978648496,0.23618339202753558,0.2417867640104897,0.22554752970657038
137.68292506958701,0.3914433131663858,0.2410321203763757,0.2466471803330419,0.23049430808641047
138.21427023219525,0.39704770067795625,0.24204576687929213,0.25001954280936645,0.23386562613054848
138.40970718565111,0.3994502886396435,0.23092207776975124,0.24963752381668225,0.23461450119711208
138.51397802543454,0.40162104117266195,0.2334680414174555,0.25188959443493775,0.23673656360415066
138.6985732859828,0.40234369108788487,0.2355459403793941,0.25248062589198456,0.23729438324532223
139.2120982335223,0.40340067733111357,0.23477535652668055,0.25304025475134784,0.23659899073154353
138.88637193211656,0.4011733473531628,0.22996206674670397,0.25048146683859734,0.2351383050024549
138.53574507851903,0.3988858893973488,0.23134944059080984,0.24983664682337414,0.2355105541550818
138.64608829696192,0.39869951040730056,0.2336447900470175,0.2512806710239224,0.23662926025974557
138.20957465051345,0.4001963567286123,0.2388575955557959,0.25349514896841835,0.23856053736641572
138.45977455922085,0.40294305517995965,0.23980359094508497,0.25235127314675243,0.2378849563016849
138.20435229269685,0.4054691560259565,0.2476331698009439,0.2555112307422028,0.24039215633054276
138.30683721774275,0.4049334062555431,0.24837990426305684,0.255586287413613,0.2389666060807516
138.31071946817607,0.4029599200497254,0.24744318437915735,0.25539169223339364,0.23815835246277284
138.30226974071783,0.40238777023450417,0.24612361915789902,0.25472100522225116,0.23816309013595158
138.16934297051426,0.4011969360405344,0.24253607740008543,0.25129833284027475,0.23599543100234022
137.87722875040845,0.40513434043270913,0.2520350724526438,0.25619583264582446,0.23808084463480259
137.49674639049397,0.4065806398754212,0.2561717672431171,0.25755907525538774,0.2386816862144382
137.26229737111066,0.40678329429388643,0.25802076909804006,0.2582000597150133,0.2394467752468365
136.83786995722875,0.40759712482445065,0.2610061127434617,0.2585235110205362,0.23938754689477781
136.63657434057978,0.40860951644272864,0.2630444643346705,0.2593370030315224,0.2392973693549412
136.4724694707663,0.41169572626038325,0.26423867756873826,0.2603786109739441,0.24053470409560668
136.4766466781598,0.4108042480669682,0.2649652791494804,0.2603314964713943,0.24056592993220596
136.57350581144297,0.41129470196860063,0.26507607318562687,0.2606034777562217,0.24100977002189367
136.60663258420334,0.4089759842474932,0.26305043373834436,0.2587440980924179,0.24130685269375218
136.48021817948214,0.407308548326971,0.2634885647091213,0.25817667343956563,0.24135403835326688
136.62301851661522,0.4062711776905908,0.26140866144279795,0.2568280461640714,0.2414922818694306
136.45294642283798,0.4044640671562791,0.2604591091960062,0.25555076071066957,0.24047830093359
136.2021799637594,0.4056344447207614,0.26195484584024953,0.2560972537917013,0.2410976701154803
136.04400070403406,0.40603140897026613,0.2628107698582893,0.2573739729216241,0.2412525458624753
136.20739229942532,0.40928761014295745,0.2664054255753938,0.261189768303509,0.24324729159371383
135.76997286877508,0.40898429914288653,0.26620537465102984,0.2623948560803897,0.24435767958159926
135.5459560527016,0.41042424977372494,0.2675759245171523,0.26457047215409385,0.24640793494659494
135.48811032476357,0.41059217959068156,0.26605019086923115,0.2652284731918065,0.24668144391924635
135.5360657412531,0.41151332935207807,0.2640647898329379,0.2649391926668364,0.24793411184815756
135.71311375108306,0.4092100627865601,0.2589176756872869,0.26262380920196243,0.2460852807233108
135.66779511813883,0.40799649066124,0.25442728925679353,0.2597379792585435,0.24473032747052204
136.14597515985835,0.40852788183822397,0.25491324703515456,0.25818079174703273,0.2443159679037824
136.27035735516822,0.4052197247038502,0.2556132472293334,0.2567874687945538,0.24313282583767587
136.10984838848606,0.40222643911199907,0.25742761753024646,0.25787369358815937,0.24321272122729043
136.50333333903203,0.40293121076840693,0.26270198571300485,0.2606203198834376,0.24488365235994275
136.093191317372,0.40413691822593567,0.2607581351778323,0.26013154653268894,0.2428428064176643
135.63654867701416,0.39900429593327597,0.256708282845656,0.25805198903995247,0.24100633949723793
135.44735490320855,0.39754002416805867,0.2561936743024182,0.2574554317471659,0.23995412424907708
135.64871123019822,0.39883158428672316,0.2566529388069924,0.2572587295226794,0.23909184513421253
135.92622972036418,0.3993049292530492,0.25510673918298304,0.25601131804301147,0.23814970328642332
136.19202278387272,0.3988468987387339,0.2516352806593895,0.2556692565352221,0.2409172413068953
135.6769667729243,0.3935685796638885,0.2527994955166736,0.2549114641089504,0.24095123839190682
135.10348415538445,0.39406128218066033,0.25471254500454016,0.25400427888796034,0.24025793843083518
135.05826714761878,0.38907384276946005,0.25894129835138346,0.25624002209961566,0.24359571360317497
134.70193714711866,0.3857611106145275,0.2590237942524335,0.2554149906409633,0.2431933393740118
134.60144769946953,0.3850997797159113,0.2583608472677955,0.25314809038372954,0.24010723576381882
134.3991177455925,0.37838907139136096,0.25741464547943216,0.25100565608767994,0.23807940228376998
134.43415189567997,0.37314164058033567,0.258297180727049,0.24973570518555085,0.2367296236248744
134.53381204859684,0.37198274949781673,0.257354044731279,0.24812515119811435,0.23422834597782208
134.27563680812528,0.3815832520700698,0.2629039675906196,0.25124924672371796,0.23492712513115832
134.27174399378464,0.3824074472312234,0.2621630890829995,0.25160121911097527,0.23510485151947672
134.3592313195667,0.38383709373269825,0.26287552117172436,0.25202230161162137,0.23543084625846172
134.13934914671754,0.38327628496741384,0.264135069845361,0.2536448254108675,0.23697352178415454
133.8993709756074,0.3828789888645645,0.26583295386805655,0.2549322481085291,0.2382003351203531
133.8688509206149,0.38286681173027287,0.2674410321983928,0.25639002229832125,0.23959558795512062
134.25122202665943,0.38541229425083273,0.2706541913106544,0.2582016894627391,0.24056709391526576
134.24964102028267,0.3858753449704396,0.272123666223677,0.2587232412142143,0.24135447654002812
134.23497861945899,0.3887232783583088,0.2723905881266135,0.25562677158047975,0.23982383071995989
134.54558224772313,0.39189053305335847,0.27356712479252027,0.2556621481463856,0.23898388515586416
134.72667042359726,0.398211404245164,0.2740099870533973,0.2573901077142698,0.23932250444396252
135.18835694412144,0.3991550594437616,0.27273654654271634,0.2566462378423723,0.24086495487989223
135.41454026290097,0.39681483631407294,0.2737900455190533,0.25604774484869947,0.2426072408021227
135.11211818045075,0.3984282447963786,0.2720932655920575,0.2554993282401908,0.24095424421055298
134.68172749082677,0.3951387182821843,0.2726382299471681,0.2561972667520939,0.24349450326344316
134.99649379854097,0.39361259876546956,0.27288975930170273,0.25672328510008935,0.24502052137297697
134.304169342043,0.3896289638041703,0.2727537968689604,0.25744584906926193,0.24657180046610142
134.36692395208743,0.39073505762646715,0.2732709817285094,0.25742991322389674,0.2472487695854569
134.40176549482447,0.3928093732160328,0.27270114411044316,0.25715878817049065,0.24759095458961414
134.52101881950247,0.39626157163685555,0.27312431959148836,0.25805507680781914,0.24856940612157463
134.44668221410976,0.39654512170257494,0.2722383246307419,0.25795903690817085,0.24895534757383803
134.3037733852963,0.3957905074312275,0.27039977366165635,0.2581788185569239,0.24924481353979416
134.1338265160311,0.395623037211931,0.2691053645636484,0.2584294018859487,0.2491123588734394
134.38767231723244,0.39589285111035005,0.26939538112309297,0.25911529414716805,0.25020094403142656
134.44487658493546,0.39494487365724984,0.2689492913010378,0.2587077626495335,0.25040713218138166
135.00031018120205,0.3930007322738487,0.26821392999350147,0.25779919677973206,0.24912557705435526
135.1404442811655,0.39424622586194713,0.26777850091851985,0.25689573874903643,0.24841123681480418
134.92243764048752,0.39496535762691404,0.2673201669694144,0.25626224091649824,0.24863888446173277
134.50161789757766,0.3945948708929556,0.26842666195208514,0.25689116087671005,0.2479838077243558
134.2748773389574,0.3972959587613121,0.26962338514181067,0.25802812061351554,0.24828548630120492
134.393409439818,0.39773767785008746,0.2689000352655708,0.2575689724591878,0.24645060987128925
134.49771908905342,0.39809562615730426,0.26904125706723775,0.25683791898658254,0.24543634517587246
134.82195748511674,0.3956835538296326,0.267667793727988,0.2559764428670161,0.24554623242734908
134.9935261467065,0.39457875683634447,0.2655525945304476,0.2542020772070461,0.24428065801701634
134.35131309923344,0.3942630307129861,0.2662069751199152,0.25430790472363674,0.24382760994020833
133.88522917704992,0.39406977848928143,0.2662816969776544,0.25468190441356736,0.24343055137081973
133.72880888267676,0.39400176231698514,0.2639537784576127,0.2532557939994612,0.24303845270836794
133.7585433281623,0.3959123920543355,0.26366780148121344,0.2527433324198346,0.2429217159183153
133.91833359754833,0.39661657791060406,0.2634325668569049,0.2524747284507641,0.24214891840482877
133.63185473249655,0.39762092958429796,0.2621204517464176,0.25168578595649677,0.24127255014984306
133.0534180459705,0.398283488231631,0.26129547367820904,0.2514498108717248,0.2410078103973454
132.79465350210947,0.39995851622875006,0.2614577618462716,0.2517386651921562,0.24176898451726994
132.66722015031755,0.4001728682548943,0.2615676741809755,0.2522291091725181,0.24148017810505998
132.60278602502902,0.3992476531878392,0.263801074302216,0.253886639685262,0.24162631560418857
132.58812331613333,0.40179072627071943,0.2633506175106085,0.2535964367330131,0.24193406571826312
132.53283767842322,0.40317884711456753,0.2664099952068151,0.2555621995159328,0.24280843117591738
132.57900623198114,0.40323128995829005,0.2674445828675495,0.25590691574782415,0.242270413956737
132.47866326057928,0.4042833978534066,0.2676294650473698,0.25570156080688017,0.24180258933060236
132.54679477121965,0.4026727364679753,0.2681258309774099,0.2561105494994037,0.2418569881385278
133.13559174636276,0.40338686664729395,0.2690475139137844,0.25553132354147823,0.2409698533481417
133.56254585993346,0.4028483902248833,0.26935224733181673,0.25425937606911475,0.23859988118492909
134.23293863916737,0.40441556705601234,0.2709903585080054,0.2541999123855007,0.23830693936599243
134.84407485417162,0.4066245125985202,0.2713410174799358,0.25300905487163733,0.23867887266021806
135.063390908806,0.40400893262284776,0.27156721318796123,0.253100788160785,0.2395929660481977
135.5459128745595,0.40340717355282835,0.2719487305926425,0.2535002303983195,0.24047010517991854
135.86240563496153,0.4040101307059585,0.27470269031405525,0.2560073112806733,0.24104933947300566
135.86703426596884,0.4062401693030479,0.2766743058975506,0.25780846351715864,0.24139853233808298
135.69763900942908,0.40731596074576076,0.2774649779362692,0.2582489812206657,0.24171595653353237
135.47162083474657,0.4082351278009352,0.27834271142218564,0.25955736015399133,0.24232322266669765
135.35195333719818,0.40925059510821227,0.2803738013535752,0.26152676147397425,0.24341502380742439
135.3278954078376,0.41261421919696745,0.2818629630832883,0.2629973786175634,0.24499651917250692
135.12744670606145,0.4138576455582734,0.28259044504750563,0.26393188212270297,0.24494679684549292
135.30439892440128,0.41535542098477685,0.2842849240872134,0.265061400282655,0.24619555569757107
135.14556307225843,0.41466576097473906,0.2850073050498502,0.26523549462851753,0.24608712693699034
134.93649690882506,0.41416587917131487,0.28679477295454864,0.2667294926232085,0.24661984405372092
134.70368987947333,0.41316606498388125,0.2869983358225937,0.2671335423936115,0.2466382568512604
134.36030495166003,0.41131754853013414,0.2872316376946285,0.2668549217170757,0.24614452058349057
134.02595476766197,0.4106106687269918,0.2872879589240023,0.26712867598262363,0.24674491759297476
133.74516625742024,0.4082069958085349,0.28713445403480425,0.2668531364271532,0.24618902045941093
133.40919874337908,0.4082785269598971,0.28680069142118036,0.2665919115599007,0.24650785576676731
132.74361839145035,0.4069294719824724,0.2864905371151777,0.2669235354319654,0.24646998755375946
132.4067537853623,0.7917100593954917,0.4582979129478149,0.5349342279429151,0.39818471512180653
114.65549176160535,0.5609646450801826,0.2894903255483381,0.37794852111359284,0.30488041078982486
106.5730219923886,0.452785208323701,0.21797727763740035,0.2921276497988697,0.2666469084469596
108.25654218678983,0.4013838739324657,0.20135437078092977,0.25904552669851755,0.2508786283201014
112.53765281549035,0.3860551307069002,0.206653357428348,0.24691174562986828,0.24052822589840017
116.03067469571293,0.38269093729323583,0.21582451556615534,0.2420889694480712,0.23571286547765294
119.24377592557936,0.3791475512489503,0.23227580760209726,0.24503167270342593,0.23380073271899088
121.44112413101777,0.38027146338344703,0.24124466145223517,0.24749828631251333,0.23311414097423422
123.89603939473764,0.38431156186299215,0.2473943680151256,0.25161911232590467,0.23238902119560712
125.85716125140031,0.3877897807665528,0.2529204118074029,0.25392169928990344,0.2319633332638719
126.84230372916147,0.3945548021500431,0.25633707365323966,0.25581971350167293,0.23210758321435887
127.44668732723311,0.4005003194312579,0.2562569922977154,0.2545856522041899,0.23484982546381922
128.78614547459594,0.4021383475380972,0.25740465799342094,0.2549638495143248,0.23529476581587747
128.66746707981005,0.40297074128879845,0.2590721117079144,0.25658755342087636,0.2372981841639137
129.18363721050702,0.4077336813546893,0.2631287269758189,0.26169243290525607,0.24105461552813617
129.47464004318786,0.41440806778352235,0.2624427237832795,0.26197249991716276,0.2431297348436105
129.2583638668334,0.41608509277253136,0.26602758673864446,0.2649415324279783,0.2422708925865857
129.08262097462878,0.41535101872321584,0.2717757526321831,0.26754796003236697,0.24382466436651482
128.75695559961184,0.4164123062583575,0.27633736979615203,0.27220532778062134,0.24712134650926723
128.75712963812256,0.4170470375616858,0.2568011406911766,0.24489870324173985,0.23423577964877204
128.4797103296033,0.4162321808944317,0.2610930770479361,0.25060006576605204,0.2353675850297127
127.72648564513777,0.412657567704613,0.26302328023746974,0.25121585537984525,0.23474832025275089
127.72353774609903,0.4179047117597881,0.2656969404019679,0.252938842376594,0.23205112833957797
127.22574272647314,0.41998304857464774,0.2672083958719611,0.2587127764606745,0.2326668344272651
127.21832384446769,0.42322668068668323,0.2667007003978816,0.26170035169179684,0.2351968056092552
126.83842477176577,0.425937648499861,0.2684906084923638,0.26594437939085647,0.23811677948861656
126.92359253218191,0.4292410692154275,0.2715753235704322,0.26988269029294853,0.23894381625178854
126.46874764464793,0.43070398964763956,0.2715460447465394,0.2710156466634636,0.2388601293840775
126.24367375490351,0.4318337411875158,0.27086249861399625,0.2711890623287509,0.23952496995794254
126.29724605130254,0.4332833364347285,0.2680754717030534,0.2691809390454427,0.23807063944310328
126.57840170570394,0.43377353903734983,0.2676300995066154,0.2675716864062051,0.23405304009396707
126.63041320791855,0.43178829468978075,0.26589542546251993,0.2632053505542195,0.233016342009204
126.59133053152128,0.42736854847324596,0.26409570603272925,0.25858761375757155,0.23329690744523532
126.79115830955064,0.42411464345982386,0.26603763572750977,0.2585271637478894,0.23310385028274877
126.3451127467519,0.42198776073282124,0.2642747523362027,0.2562838806821589,0.23185036086119057
125.6624364018224,0.41759805342501094,0.2645325782611861,0.25626560630471357,0.23079441244831783
125.23614159386503,0.41698550425891223,0.26536973885166415,0.2579673262274962,0.23604364388699184
125.05736925260203,0.41590681214096636,0.26607967404474797,0.2596258173945806,0.2405836052286968
125.02505003577359,0.41441136725145233,0.26665712165440514,0.2598939668898382,0.24339628668573957
124.5247710901443,0.4110157121752022,0.26777928229866904,0.26169603704436906,0.24751836990079817
124.88638378212576,0.4085084220929683,0.2711492526320277,0.26302339740602254,0.25014385605454814
125.32699436650874,0.409024876439327,0.2742696348945335,0.2661297442228902,0.2547001378122111
125.42073665180064,0.40924989425531305,0.27469715267366607,0.26686366554911106,0.255424221404821
125.338328579246,0.4096202000281223,0.27417433457231605,0.2677853986679635,0.256933592171747
124.92581413577534,0.4131111102795462,0.27412246840785315,0.2675964201385611,0.2557632464215589
124.8368008522273,0.41317654353713135,0.2734602981914228,0.2677312702764762,0.2553937597796561
124.78821159582259,0.4159458296836359,0.2727241863376083,0.2674777980274296,0.2531220576218845
125.63040150331004,0.41832524237936536,0.2739728612010812,0.2696260056199548,0.2534430942725901
125.60546672174554,0.4190029210392513,0.27369124511438897,0.26881704621660774,0.2505808493726701
125.70880183864747,0.42217107662944153,0.27409436889015454,0.2682110341968455,0.2479675531572949
125.4581428306911,0.4215921237584932,0.27136130044935725,0.264970932591064,0.24441576093912473
125.37981013773152,0.42457016027178374,0.27024998404863365,0.2655095079603657,0.24153140453823468
125.32955372163984,0.42522771014402444,0.27160189096086523,0.2657332550169232,0.23861221161869547
124.69751319502282,0.42380519976982295,0.2686539472353553,0.2643175587659012,0.2355362396854655
122.9291001347721,0.4172328177296626,0.26216449599358627,0.25948299860109375,0.23293449053103743
121.74445206065364,0.41091056601373827,0.25802451427966694,0.25481475351408034,0.22843826966140882
121.28554665761287,0.40338203598170236,0.2556191119032147,0.2533545568144237,0.22399902852611212
120.31134666831342,0.3973330306321257,0.25223104011986053,0.2513390436927689,0.22360604495505965
120.27476690432962,0.3950381931175899,0.2518683949182372,0.2500943123201942,0.22375984964898854
119.42743426307045,0.39299975714465246,0.25171883630368896,0.25006582249449977,0.2254353205692293
119.39687625674755,0.39108017843563697,0.2517395725246549,0.2490613104043883,0.22522250427093826
119.24540805036243,0.3894802530418202,0.25022242364997405,0.24744525157478792,0.223626964503684
119.1111220093492,0.38748436743008086,0.2495303774944959,0.24603963188697578,0.2237524000237049
118.69030157202977,0.3849139991397685,0.2504831402807335,0.24636615298494166,0.22595861143114376
118.2449843716601,0.383126377528033,0.25055312848683287,0.24605909682237054,0.22641922926825037
118.17597140694558,0.3808955030539243,0.25087363968867826,0.24662731986115968,0.22809530315577806
118.17406741741911,0.37935157945346615,0.24894946368496615,0.24417926588469166,0.22520012624367042
118.57628557171172,0.3796694723473166,0.24846484583916276,0.24504410816577885,0.22909620724433252
118.92882381388424,0.3820121603270991,0.2500327589936782,0.2468328057064258,0.23210834145235756
119.58938749767682,0.3846284612424662,0.25135049309482804,0.249517036211066,0.23427961270757733
119.64948312237188,0.3856216947701739,0.2518786999742675,0.2489004114128419,0.2332538431046173
120.07971189309727,0.38551322115366804,0.25294449628591215,0.24908943934096478,0.23395395516095965
120.15425116832562,0.3863829025332438,0.2528916134675531,0.248054088966116,0.23293171520041908
120.38005175925099,0.3882027741286678,0.254053966646712,0.24865567679092562,0.23281347159156196
120.74694732083645,0.38935243934005515,0.25313044327597356,0.24790142935851972,0.23215689490183036
121.55847733373001,0.389996761699045,0.2535729463606693,0.2480171023210716,0.23137314371439807
121.3936740599029,0.39108679642022975,0.2549003042291908,0.24980439862949885,0.23255646915663905
121.64371428765175,0.39378804942561757,0.25463853994125984,0.2490790693575643,0.23060405825862584
121.84971373282012,0.39313337208465887,0.25577134147530883,0.2497114630561751,0.22851677861731312
122.02278200270177,0.39511340086233726,0.2570605051568013,0.2512522683755442,0.23076151999637293
121.84999436380734,0.3947640954199013,0.25821111308866,0.25313105724572504,0.22998042589853995
122.01446104370065,0.3960108296649237,0.25964349515842916,0.2537642355248276,0.2305011431393566
121.8922969857274,0.39950769537254943,0.2599579905319689,0.25452581201916114,0.23104823964860488
122.06440554893761,0.40269989480247365,0.2628488188160525,0.2565767653269689,0.23307069354306598
121.56494358770625,0.40382283453658835,0.2645007387763632,0.2586198963519822,0.23371671185982773
121.15768669710498,0.40487394093014617,0.26579836818487784,0.26095381278794727,0.2351727788826853
120.69392278610695,0.4059859221905206,0.269240690700818,0.26405398068838165,0.2363840249413443
120.66314384620193,0.4062890234943039,0.2715231059630317,0.2659861000544295,0.23557486644677667
120.40006745343972,0.4077318773136645,0.2727358547931361,0.26843072528859535,0.23468481822005793
120.62870241283626,0.40877252243120127,0.27010430494119486,0.2674734868519455,0.23278268582804382
121.24683704073436,0.4090257824701681,0.26906949681709225,0.2672458685910434,0.22387013233610187
121.21470086688768,0.40794712048068915,0.263588436770037,0.2618449673012812,0.21788119941405154
120.8591293672528,0.40833111195642974,0.26025876198678066,0.25298409483000867,0.2129685947959066
120.77718654662658,0.4075813159089058,0.2622384260586143,0.2553177770463887,0.21738258144362407
120.88095368636351,0.4082840947860103,0.26339804866322847,0.2593793218494645,0.22372542538752394
121.59046975347253,0.40808653382437915,0.2643688589603963,0.26125176985490334,0.22954490192671703
122.03945469918955,0.4100395166639085,0.2666695827129656,0.2637506263038759,0.23460663302524468
121.75468127680791,0.40891181965516094,0.26705362609672006,0.2634635088088909,0.23528975808154232
121.56852046277338,0.40830231681014145,0.2684351857539183,0.2633112595821011,0.23616796211149485
121.38376598125265,0.40693772997801586,0.26971519594766963,0.2620754895978046,0.23744968817643772
120.40944980789904,0.4058067775184534,0.26930583057808477,0.2604597123565864,0.23733263591136086
120.25684214089802,0.40388061203400716,0.2698085029039651,0.2617286744663666,0.23975078509493788
120.18131450384583,0.4045214468315977,0.27287702299126265,0.2638060266654376,0.23965059702915437
120.52769577718058,0.40449492061682635,0.27334159654966994,0.2651486591775367,0.24083026057369947
120.75799823582777,0.4062019990907287,0.27432421055724154,0.26489178353076864,0.24020027967627378
120.96157493598307,0.40729123260779904,0.2751508511906072,0.26369961191736446,0.23816080241842585
121.44758365216845,0.40925154307947303,0.27577739492730097,0.2643346664550255,0.23943692640736955
121.72200753793612,0.4075381161424251,0.2734451383013156,0.26035195686302476,0.2386023609881766
121.84480522168442,0.40661512674214767,0.27330034362669164,0.25942527538046384,0.2383130261493888
122.12410801758361,0.40635554847563926,0.27408822503850266,0.260533558235266,0.23971837685475184
122.42022779117104,0.40875125784180294,0.27391509784658524,0.26168582793804207,0.24161422633832613
122.56922768159777,0.40884021839979556,0.27563273273779676,0.26344611330856904,0.24262666692515317
122.86191797993685,0.40906573299045895,0.2782663024791535,0.2669122794394123,0.24434606007717297
123.06320188698845,0.4097081896574,0.28070082647638345,0.26802081495227664,0.243676497155962
123.27010131750674,0.40900973430776205,0.2810327292821186,0.2680563967941318,0.24316082966374294
123.29233862748636,0.409522480305868,0.2808976702179779,0.2666580533595549,0.24421311212012403
123.7519906047308,0.40893255503584125,0.2810173160551023,0.2664438258004943,0.24370136596780392
123.7928980817023,0.4085566591928532,0.28102979818708224,0.26589815117267845,0.2432160017033531
123.70363876381829,0.4082286208646842,0.28067608762318536,0.2653562132327904,0.24292144192739468
123.82694600327606,0.4088591763108306,0.28058285764987695,0.2658168448884722,0.2427656300224165
123.91257038348537,0.4080186705687254,0.281145086880423,0.26656721626953167,0.24338506267131588
124.08165222368231,0.4070114239030416,0.28140633085365235,0.2669065210415233,0.2420035823776305
123.98378925486313,0.40447681378676037,0.28144388367474477,0.26754309974530416,0.2419015385443262
124.01046264095353,0.40280007203270995,0.2818702933215873,0.26820043005931266,0.24329831901177873
123.84577348294164,0.4006840580955281,0.28130177993516353,0.2674462281739996,0.24356166856195016
123.8901635690572,0.39984389140787807,0.28065263331859536,0.2661860590926206,0.24326187145212877
123.81676065657922,0.4006118614584016,0.27985770125168613,0.2662320818636477,0.2435392599249166
123.7304494369127,0.4010255443162427,0.27947475663985183,0.2660868576933717,0.24475825181012056
123.74551049445121,0.401813555995249,0.27969098249777447,0.26743858711942353,0.2462852852362005
123.35873065839465,0.4002870579351524,0.2777042093523166,0.2668934182779218,0.2461675864541746
123.51441377499229,0.4016086299988678,0.27762049280604584,0.26607584399021245,0.24555147313843712
123.84009424840218,0.4019653322921469,0.2798340036899285,0.2679599902666089,0.24657177705197336
124.12646565298677,0.40126810768470483,0.2793678031377584,0.26902536085388473,0.24611329842586993
124.4508215633581,0.3991183530897039,0.281016047708976,0.269476162282774,0.2456559146911649
124.44136513342882,0.4008705039436492,0.28056423079333426,0.26955240991074586,0.24677025040637482
124.33594111247824,0.4000777160142205,0.2811989864891273,0.26911214152460056,0.24577480469865012
124.14811090647116,0.39920753113680363,0.2809381564748223,0.268214206830051,0.2449585849617103
131.36372531519166,0.8218056485281158,0.3349105755340215,0.4287840642076517,0.38804666308489183
67.47759669574864,0.5540455898410769,0.1944523932067772,0.3066912302678913,0.2979235059142708
92.96178330670423,0.43901030137604263,0.16275192413571068,0.25940085856595063,0.2621301487783019
111.89827761287617,0.3985767674729211,0.17805553048907213,0.24483702548077663,0.24600480148833542
122.15595542788851,0.39136433544053634,0.1858036490833009,0.24156716643088721,0.2412696918368415
128.17129207684823,0.38935655937849745,0.19652267202214688,0.24300014424160432,0.24045339290071738
131.34380032277434,0.39105312843947176,0.20435629972047106,0.2448279907131232,0.23844192488926846
133.90223731457456,0.39846213781572687,0.22053780038996063,0.2533272614355652,0.24115672348798464
135.50168968960827,0.4056118023884291,0.2351474681849627,0.2594934248739156,0.2428215543425564
136.47255365827175,0.41543247534509314,0.24641371706419377,0.26553141905094124,0.24284697867930632
136.991699882656,0.4178450574828479,0.25957092284912114,0.27035362052635903,0.24440049479644002
137.62952144843175,0.41814925306561723,0.27029961194557367,0.2752277067842083,0.24265169016944751
137.50632268975983,0.4188625289212487,0.2787261233725405,0.2773951336234407,0.24204416816334795
137.4566561345746,0.4183899924675445,0.28525903273835146,0.27893917120347167,0.24030558232751215
137.09414857983262,0.4187478107790163,0.28868391792858733,0.27994132847330766,0.24036104549998494
136.4999226801373,0.4156478286981108,0.28649199355932703,0.2763364616176935,0.2400974247199387
135.9981633391918,0.41411370441141665,0.28382716871995445,0.2736867383777357,0.23944452484412684
135.60444112581527,0.41339084286058286,0.2850207990113791,0.27271806776940694,0.23808258531778204
134.9173640821986,0.41957776609556185,0.28555758270269604,0.271969724268056,0.23946354542562845
134.17838930310486,0.4274106646254031,0.286512659919698,0.27206883598802284,0.24065661834534646
133.87826878086787,0.43256376859130424,0.28942016496099904,0.2725733971960224,0.24084566627989606
133.68547171390065,0.4355169944301601,0.2957201198603836,0.27443845568332514,0.2415108580746017
133.29938317653117,0.4380280606380601,0.29813039319338047,0.27696650017004226,0.24174488098974278
132.8776653926228,0.44000777780923056,0.29597232642614013,0.2785152315216759,0.24152448316161798
133.03100045982018,0.44365948221557144,0.2953734406761462,0.2771493801431783,0.2395372489663717
132.8657714095394,0.44424873520540004,0.29667844757561784,0.27728554155496543,0.23983313644611495
132.76956499127573,0.4456757860951561,0.2950644972373856,0.2792199830411339,0.23877432825316383
133.56053191030585,0.4489552043179878,0.29595982341387594,0.28404399641560135,0.23855914680524043
133.81946353737973,0.44954650053948025,0.2984285280492851,0.2847869002530088,0.23539866034057094
133.56278483794878,0.45048384850265966,0.3018516795239218,0.28821094014376675,0.23740513588675602
132.95949658289513,0.44826754345562075,0.30390322768307615,0.29154011383965717,0.24044028104652626
132.20178333984234,0.44319224977203375,0.3020576886698864,0.2903189327612086,0.24210003086995688
131.67619958401016,0.4402215727045961,0.3033349223586796,0.29193259974336633,0.24496619037031228
131.09316639306667,0.43762662148183334,0.3027652911712735,0.2914445599437403,0.24648443202660286
130.73071094209774,0.4351302339062854,0.30425363785813075,0.2904010319611844,0.24569517467651222
130.3511956275251,0.43315155004374095,0.3014487467151307,0.28849685184799284,0.2454499342283734
130.42319949209892,0.4313205297279439,0.30088673645914177,0.2892558428645582,0.24743123130862438
131.5732100596212,0.41984460824760617,0.2972935695106959,0.2842002469626215,0.2449718454491659
132.32154447884676,0.41957125778093096,0.2968738842494257,0.2832305241115261,0.24353956834016088
132.435717851297,0.42138915740668637,0.2920445753455996,0.27688843343691194,0.24113076238489956
131.7688337744122,0.42728604957280975,0.2917755932010157,0.27812316855129415,0.24248796793218175
131.49871971169287,0.42726079905888814,0.2914029677328255,0.2783536387836529,0.24274082616215267
131.31658385674328,0.42650275690740663,0.2848366824898092,0.27123599306560514,0.23788935225404054
131.39654464870017,0.43072463221565516,0.2814130438094433,0.26756133899121315,0.2364507044036816
131.05794132403116,0.4343875177908365,0.27703203286066524,0.26289043767986436,0.23580923356064293
131.29585500769733,0.4369954173532836,0.27646719190597674,0.2633250118883123,0.2370046119266727
130.8304118467271,0.43291623380965566,0.2709425084102727,0.26180994370415334,0.23535255230254487
130.61393152803592,0.43131413081514736,0.2712294279181515,0.2648872861527798,0.2376126981461479
130.0736106285687,0.42597409544146936,0.2673470246860471,0.2632819378184381,0.23853499363730152
129.4213028239817,0.42027070723732696,0.2661165076143032,0.2620346413056837,0.23954737787724006
129.16103054941962,0.41779192574442975,0.2672036287655676,0.2638628081385143,0.24308679342627695
128.08607558414957,0.4164545403726384,0.26940344350017215,0.2654207285277299,0.24549372568273714
127.09572348335955,0.4113074921320537,0.26802361460814017,0.26257475272093184,0.24424924866226294
126.89748157981656,0.40816898553534003,0.26645913827776885,0.2598833600809575,0.24614317696820637
126.24916233281188,0.3999231239966465,0.2647802310317795,0.25605905548578484,0.2448898289389263
124.60734756763456,0.39677654755862407,0.26793720230355367,0.25836612581315666,0.24633568346635282
123.71818738406597,0.3899047621388475,0.26917302769550855,0.25810817448673784,0.24538519179742346
122.08610798910624,0.3850097813045495,0.26928053082009373,0.25872858988001096,0.24563364993745057
120.51487951456379,0.34667513346758544,0.2679245730718086,0.25904891242309214,0.2470482374347148
121.07873720062811,0.3458313435650478,0.26803930864126263,0.25907224486370234,0.24555342792983634
123.25439125946384,0.365252471567825,0.2731289293216752,0.2618172792047795,0.24912574523625294
124.45633527120648,0.3747399956023164,0.2787397359971741,0.2638794157638804,0.2520370927854243
126.08235366784928,0.384055738775366,0.2847956926983212,0.26763598425025575,0.2557613387653845
126.24532378659465,0.3909797353444367,0.2875849827621187,0.2691950940730513,0.25703972565139427
125.17256502283128,0.3969549951757046,0.29209413524008604,0.27278158684757947,0.25801943892271445
124.9835423736868,0.3983694362651642,0.2948657867207872,0.2768337329924927,0.2627524513918091
124.97279383885396,0.40079076662579427,0.29485766611473546,0.2776573301094409,0.2641923881911719
124.38048128226836,0.40112504865384246,0.29214313909955075,0.27533549233892496,0.2632769903151134
123.66088248292364,0.4024208573348214,0.2923610756382336,0.27692507503872243,0.2651192837358712
123.66585510246183,0.400121408964904,0.2943235307266146,0.2797712387304518,0.26796248730462197
125.17085614471647,0.40250463392045904,0.2927882462220514,0.27803793613560934,0.26782564022142075
124.99886755024457,0.4004330713368352,0.29092641614754877,0.2770738307747204,0.267728827504302
125.0946597039504,0.3989670870037619,0.28516568373084106,0.2729272767405251,0.2655450430617612
125.63374095515454,0.39742543570572847,0.2832937252382448,0.26976324974424376,0.2641522726894246
125.49004451881862,0.3968941374245411,0.28027895852621026,0.2657115016970486,0.26126283149564533
124.85966638435175,0.3961671486948126,0.27807859482882097,0.26354320910738,0.25839636670974675
124.66822294049487,0.396024875059078,0.2807636052049133,0.26341640556811485,0.257063846363642
125.36534052033751,0.39634116785480994,0.2843750921353147,0.26614772328884595,0.25704967787826655
125.75546022728244,0.3957925640610522,0.2863897520716205,0.2664213003787771,0.2536620067787511
125.14431436276472,0.3984905792252169,0.28554300513147785,0.267538835946176,0.25446126695668286
125.25746680969566,0.4034770627178806,0.2865673955986704,0.26882386623215093,0.25514320985794775
125.27230548180759,0.4070073265256732,0.28697002993322235,0.2696995713996456,0.25689893414534715
124.509304976771,0.40968978812020995,0.2831363829973498,0.27055418828867606,0.25965196329285556
123.64869889056845,0.40862443878479243,0.2819801661633164,0.27205840211840804,0.2620900017829114
122.211608037071,0.4041670684395348,0.2764610215974708,0.2693518937019273,0.2592813721650949
122.03568510489852,0.4020231193877197,0.27631632025422886,0.2690307804673499,0.2596950552217355
121.7463152296494,0.39883355659679104,0.2761848431673714,0.2692810232968931,0.2592626891638566
120.53112938892718,0.39817972335677315,0.2762379814360481,0.27080580661880166,0.2608182961751515
120.63552132709728,0.3955098380554806,0.27657693996196736,0.271529523940991,0.26031292580886184
120.74061002044165,0.3926844648409801,0.27495679730705636,0.2697178191914531,0.25898257488129295
121.8654064939836,0.39672916905457845,0.278721651234536,0.2709603024920073,0.2591087930202548
121.42854705138775,0.39199456192321885,0.278357668634068,0.27164003242164725,0.25947219891914436
122.12155397752518,0.3915380622430671,0.2764137469418167,0.2708759412566591,0.2572018440017049
122.120614699597,0.3911082856683299,0.27497145930814265,0.2690393652358739,0.2569793579977135
121.90213482701543,0.38840746476790183,0.2707961570385441,0.26416976864601965,0.25343565183958505
123.04920574152803,0.38926666273598226,0.2700346752926167,0.26161149320748056,0.2508024007647352
124.22588044410021,0.3886260122040018,0.2681498490439554,0.25827271025313137,0.24877769050019882
125.74298170921907,0.3864210202884286,0.2680392722953589,0.25709473466576205,0.2484277464909957
126.60180626937566,0.3825690261120321,0.2679449168130666,0.25694765390246693,0.24821219380330614
126.30783671963965,0.3827894596222618,0.2679032415528138,0.25712789978581874,0.24787633594161912
125.87417424264761,0.37355582230838347,0.266286325780649,0.25596417414086786,0.24621916001064828
124.96865108200997,0.3706008300218976,0.26206087297454445,0.2535345881620946,0.24465749177297944
125.05761126492675,0.36870441531088616,0.2620295411200847,0.25487332609483715,0.245704527418334
124.74762781415276,0.3732884861457122,0.26169720093810983,0.2559125614656988,0.246311327206233
124.45573328661692,0.37514436181856464,0.26154316943605777,0.2572623016253204,0.24754861064783024
123.99068175842737,0.37755462992663424,0.26100495536716894,0.25781743134659024,0.24853473248481595
123.80648533359901,0.3821788707737149,0.26431223706463,0.2599753669983365,0.24941738177723027
123.87804224493772,0.3868166036172591,0.26703570148832223,0.26084424479165225,0.24921451809010686
124.39771902924292,0.391271256011781,0.2684896327359826,0.2608406055222021,0.24908747001849393
124.56466690105258,0.39375665652489056,0.2673238599015154,0.2595487679439741,0.24749263720015702
124.5442387047969,0.3979108518893133,0.2673478034218314,0.2592017306822073,0.24704429607368067
124.53800417904938,0.3996495800231173,0.26846455938189656,0.2592195007386516,0.246722582716144
124.68312377255909,0.403362289296898,0.27095576510488745,0.26105211146767543,0.24778266692527534
124.69891419097202,0.4081450298946412,0.27293415963653356,0.2630040246753562,0.24962392658552834
124.65233361235529,0.4112803709546044,0.2737962393645387,0.2648320051421402,0.25216752485180716
124.55308329386442,0.4112781187425624,0.2760481314682508,0.2658387614727349,0.2532639405114304
124.77674681628334,0.41319365998185054,0.2768548689666814,0.266948070358095,0.25371920833794565
124.83565469500871,0.41094945592570176,0.2764137960004924,0.2672293892483844,0.25330824912927596
125.24403316552176,0.41134031581493746,0.2772813596307052,0.26745284827987087,0.25315782419485017
125.60342516018136,0.4133480975413569,0.2768928762854832,0.2672065166759332,0.2526233779546279
125.84272009949119,0.413368300854258,0.2761192060918578,0.2659514014599593,0.25215517054673026
126.05029541746164,0.41284766507048803,0.27709941847212755,0.26607595224373687,0.25164419224477974
126.3505063083443,0.4122128406326425,0.2780938849965434,0.26674676681437476,0.25104693874131795
126.5783850541542,0.41239495825176087,0.28094981206653424,0.2676186039382231,0.2501540556558986
126.67383330438997,0.41387907819023045,0.28198975871465487,0.2685402647892201,0.2499890196907488
126.79405919149453,0.41378680646440963,0.28371650822351974,0.2694388133448578,0.2507614834232368
127.02179058054766,0.4131626847188091,0.28258679404590864,0.2687992495782825,0.25155175235214894
126.86891281316521,0.41164994150343603,0.2836184700089504,0.26926515539910567,0.251189412827583
126.83093466622387,0.4117226485496483,0.2851856654431265,0.2707145050409739,0.2529763278424827
126.56571893941955,0.4083706471867591,0.2853829786215124,0.2702537415663841,0.2530834811765953
126.38406328901948,0.4112116293696942,0.28691293239468924,0.27146376859074767,0.2552599562228889
126.5509708045747,0.40854359241916643,0.28457612807069915,0.2706304578728941,0.25580053572633027
126.80863460581529,0.4094753430052424,0.2849656388875907,0.2722920343994128,0.25837264874964694
126.95902101522569,0.4107835400971674,0.2849031878970874,0.2721492313555146,0.2584343653057803
126.74847315639934,0.4113450837966025,0.286210170792993,0.274030452536235,0.2590346105498932
126.64531355979574,0.4063521572367572,0.2828405459964716,0.2713694008568988,0.25696044254001776
139.71035518576085,1.1303186289780527,0.288985620401383,0.3101975412989113,0.18280211809291116
118.37793006971455,0.7690995113028272,0.19270984137591707,0.25119951534678103,0.1756037500035946
63.36868727821191,0.5022554604856616,0.1262141845911101,0.20295228772191182,0.18399587576365078
78.1463693961324,0.34192123302512534,0.1465143576549825,0.1981406496484123,0.19757968592873412
102.43989580903386,0.3039958627301821,0.1630956645122081,0.2017143922804393,0.2039449740650051
118.11413657000148,0.3009803547833868,0.19762539697471646,0.21983413756688114,0.21570669559718314
127.42008923164322,0.3173747579966729,0.22720921948763553,0.24004003911536675,0.22814319088569265
132.24466121598408,0.33797736815668583,0.24617366831531434,0.2519766599763714,0.23323832193459665
135.7308226267399,0.35745887389043174,0.255813657603803,0.2570399682772605,0.2328952283633047
137.14792266399385,0.3709496756890743,0.2642159138439887,0.2610706530110871,0.23649121047507793
138.00707926678322,0.3778878065589652,0.2710663337333006,0.2650197823826224,0.23780230703973715
139.04780464088236,0.38168333712724983,0.27656676678538183,0.26857127986235907,0.23884295508615835
139.40857171142238,0.3831657495447687,0.2787763497543917,0.2697732926928795,0.23954168324941366
139.92647336353343,0.38385534685631834,0.28509349312603627,0.27464606006726816,0.24183500855977724
140.6148298318568,0.3914754630697628,0.2915173037404724,0.27910662814804654,0.24469362064425818
140.90728520253643,0.3992047093051693,0.29505885588418257,0.28239555739881134,0.24762427326831454
141.23948330379517,0.3986372554671761,0.29327969648698393,0.28207666843283175,0.24960671387184583
141.21823769733666,0.40296477657712004,0.29746080591514146,0.2839024484540518,0.2522193292337599
141.09202816139552,0.4063928167323675,0.29998617300357844,0.2852830257984086,0.2532254405333218
140.82885442369698,0.4096257149509235,0.2992045992498481,0.2849898221656509,0.2535141266976311
140.68411179096415,0.41254657819745205,0.2980694919928417,0.2851948678139325,0.2513519474432595
140.41438041134938,0.41366087570900556,0.2978028015485034,0.28500798049703263,0.24969768208852605
140.3590045372643,0.4095604225541499,0.2977652897399527,0.28530564210524506,0.2498161913308143
140.20868226196174,0.4081625362764169,0.3007022471169829,0.2860797567961129,0.25059270352421026
140.01153619646178,0.40958779523037325,0.29901870427129335,0.2856794892485151,0.24903064537262443
139.51715331390406,0.41026016320411945,0.29797460913635077,0.2853026804398973,0.24799292111184723
138.98484408365374,0.4108918096648566,0.2968739198057848,0.28561298325969076,0.24705107852360952
138.666773905516,0.40867551793971835,0.2947286329881141,0.2854551890881028,0.24649480753870875
138.23008973876466,0.40773263227388046,0.2927242311870166,0.2856681797872231,0.24566918433181806
138.2322437249202,0.40611435730054085,0.2934109287155716,0.2865202910167316,0.24561985164272304
138.23782369559166,0.40302793287955363,0.2920627244524617,0.2853029278545065,0.24465912961564767
138.09149465457583,0.40587504311062406,0.29286052894342984,0.2850923618439446,0.24561721944067338
138.23435575821074,0.40332731886308926,0.29384678105809786,0.2855675078475168,0.24449076798840316
138.2517560084148,0.40375331921929886,0.2962358551339265,0.2871195931320854,0.2449802445874979
138.0703496808706,0.4056748236252092,0.2974334998330451,0.2863434928600524,0.246309747407903
137.2446769256765,0.4014119137462745,0.2968808730082156,0.28513570807892014,0.24495936582772218
137.12992344054928,0.3971049084364721,0.295168390500312,0.28190983221662635,0.245612111324383
137.29474379116186,0.3971598674987011,0.29374589453851707,0.2800150381490734,0.24566177356366156
136.73545785994267,0.3973335342606161,0.2917047506505095,0.27900990407993825,0.24564644134403935
136.9120258930353,0.3970116470895657,0.2942018037922922,0.2796139418823226,0.24717736870784934
137.11572316529416,0.3979463740046523,0.29408012598992067,0.28003676750633666,0.24721864725814383
137.32213431272652,0.40234377434675617,0.2959137200102289,0.2816883030249998,0.24820497959094595
137.67288089495787,0.4061279078091178,0.29506283927397425,0.2834861637092995,0.24793021033487758
137.13489228660504,0.409029459399606,0.29693419719037506,0.2846222624851462,0.24998517635831927
136.70681368137838,0.41023645947238385,0.2969327914720318,0.2839687832919122,0.2509830078919136
136.85694832384556,0.41217171084487975,0.2984503098757666,0.28536683954308556,0.25256626795817866
137.0697759504479,0.4150949924831064,0.2980020095057737,0.2866092892605599,0.25354893981048365
137.53077113188033,0.4161097445582179,0.29902464953457736,0.2877374440249171,0.25384694882131914
137.76985436432423,0.41773089779058387,0.29971180143885734,0.2887720179083386,0.2548413213760062
138.08329979694275,0.41671783445396726,0.30135590572255316,0.28902800918633814,0.2552401737200516
138.6004387706962,0.4161924929111862,0.30328111292353244,0.2894758162209939,0.2557257719204101
138.69692966338255,0.4145030768651549,0.3030677314392774,0.2890308662233008,0.25479197018015104
138.7896738624345,0.4131133366926652,0.3033317802249201,0.2891930959905161,0.2562543845492491
138.86477546663883,0.410004025450403,0.3027632550517023,0.28855650532632116,0.25668763421312485
138.65822299952507,0.40988017603907473,0.3041706727352602,0.28982353303766206,0.25782396576312244
138.75351423517492,0.41240811223396695,0.3059435288519588,0.290997797207263,0.2600915619220224
138.32416341849608,0.4142893942111631,0.30650928230587016,0.2923081397771836,0.2614285875420268
138.5259847433468,0.41464040264975577,0.30692565372407793,0.29318031057555416,0.2616230370165525
138.2119287486635,0.4173981950964171,0.307863601177548,0.29490005353146165,0.26206898098775616
138.3057098044177,0.4185640946220431,0.30652717366708565,0.29398058163319146,0.2616495499725313
137.82911465487624,0.41860982275344155,0.30418572914952086,0.29307048997290547,0.26111255591612154
137.8916829587993,0.4175478184006653,0.30509883978972685,0.2934908623105051,0.260422545619692
138.02298622620395,0.41699218016014866,0.30312775079407234,0.29233780512678803,0.2598354159272518
137.87326923389352,0.41793695943974724,0.30148068519031196,0.29222508743766046,0.2603514068051767
137.46201804411098,0.41767936900586383,0.29997133821859273,0.2910502274478126,0.25976065913816815
137.56702174637988,0.4177553847098011,0.29782830086124373,0.2894719665134469,0.2587056588394461
137.51898735811338,0.4163082788395048,0.2952409986568007,0.2872546100333194,0.2573864414999258
137.71915603298854,0.4183588702174169,0.29447927099951793,0.2861564435543835,0.25785374511430104
137.51980303779882,0.4189744959296033,0.29206651553861857,0.28504849208888744,0.2570747630600706
137.68283221580168,0.4184934591103569,0.29305343541224677,0.2859846173001789,0.2578055990957854
137.54737365693265,0.41795105916939934,0.2923683493664745,0.28564226459866954,0.258116806769956
137.43784320998424,0.4177989211929147,0.29108173176752433,0.2843061819711992,0.25791012184005635
137.30363705784245,0.4158454895973168,0.29083784040198957,0.28413902381761896,0.258695043136005
137.1564036235529,0.41680189429568565,0.2911926810572879,0.28442699230071766,0.26019394070263335
137.41554295756197,0.4154816076368352,0.29088576123966253,0.28305729375651134,0.26071387359502146
137.257425125282,0.41555882111760384,0.29176665265545704,0.2824852857597738,0.2603424210520125
137.37038568117111,0.41667715685995044,0.2930157991555344,0.2828594017357373,0.2593046865782249
137.2037465116132,0.41829740193421705,0.29382681787653064,0.2836295271188929,0.26001297620838504
137.18472365293798,0.41956217358388814,0.29547132532637055,0.28398903098256806,0.26017815759749235
137.1432199051802,0.4208587064609517,0.2969663354990023,0.28424175713020916,0.2608413031846798
137.3375606862647,0.4218196185409167,0.2975610333034251,0.2839418385500996,0.2597315530799418
137.27562829313868,0.4210687121254055,0.29829586151395815,0.28436286900815766,0.259642170220173
137.16435488398653,0.4211555061276983,0.29874585884689375,0.2847468577217764,0.2586555602502743
137.06184869087232,0.42124188644718524,0.2995187009698055,0.28478577381910386,0.25930371399764873
136.9490124805665,0.42276907613662357,0.3001396649951409,0.28607479544459297,0.25948061716619064
136.87070440180642,0.4219230072805026,0.3008733006386198,0.2869694088131267,0.26095171154459457
136.61375746890567,0.42089138240208096,0.29952833029794224,0.28704676673350005,0.2616856398611134
136.50786924910457,0.4213745400200058,0.29946909719191794,0.2879421504477731,0.26154465039414165
136.29077665165607,0.42048360580447103,0.3001505701988932,0.28828046123749973,0.2618266620560824
136.17696562099633,0.4193763858363957,0.3002110481704599,0.28832395952779566,0.26136158768797596
135.88653779632472,0.4170967989937609,0.2996386522168264,0.28780357446520316,0.2605486765053952
135.85417886442053,0.41646004880333753,0.29899621446930025,0.2874884949494702,0.2600960690802643
135.7503235360476,0.41552247778596657,0.29588376080317225,0.285423066185648,0.2595744925246676
135.39963657422902,0.41394976708287373,0.29370246108429504,0.2846258531916098,0.2588927897816248
135.22502836606822,0.41291306280178536,0.29106782975224726,0.283279967563895,0.2582892805914167
135.44325501401102,0.41366608661228793,0.291629690744695,0.283943012151381,0.25743180690196615
135.49200585878785,0.41326492967290396,0.2895855049285679,0.2831670575698256,0.2569103919985082
135.71603872565296,0.41438366831232815,0.2902123502287557,0.2837548274490875,0.25656093096529964
135.94535643085712,0.4139118876403055,0.286354676280836,0.28229052728320103,0.2554474044355617
135.97847860299626,0.4153027396629211,0.28677543501768193,0.28352081014886976,0.25621787071237717
135.95412613719915,0.4157663345124891,0.28839739332752845,0.28483396815272355,0.2565368190359623
136.0323892284232,0.41606650398400297,0.29076709298007536,0.2858652799525657,0.2567664924453011
135.86805806932637,0.41660518759101106,0.2921601028372494,0.28541634733376814,0.25847121230821657
135.7051978588245,0.4161596564531445,0.2921648931885848,0.2848904911525792,0.2591074008056534
135.61342649627443,0.41422291759899293,0.29276555030513124,0.28413119050088886,0.25832640747763397
135.3212193839275,0.41560885020759564,0.29286160086262014,0.28387466416844276,0.25908278518476086
135.0386745651849,0.41525380940172957,0.29286583464302285,0.2830679385920708,0.2594562634294145
134.80845030298693,0.4153162637802341,0.2939792917064255,0.2834717787968572,0.2594736303645758
134.72093989417073,0.41450182039191436,0.29341205675978027,0.2836145705587501,0.2594183025133536
134.5055803442434,0.4136578178982022,0.29438154470841305,0.28434689826980597,0.2597914820726527
134.3375122592814,0.41229306147883354,0.29594212924009783,0.2849942666548371,0.25955353790904606
133.8891892047338,0.412194435163548,0.2964655915513131,0.2859297516907261,0.26032777919636274
133.60818651421164,0.41209455052794186,0.29663430373149696,0.28548942890314544,0.26113813982236744
133.43535819897622,0.4108376160303646,0.2972728826437782,0.284216922725271,0.2595569932428803
133.31043601621195,0.41034205947466523,0.2965340221691678,0.2833883653702452,0.2593781737024124
132.98344392021306,0.4105089174863365,0.2961905429353285,0.2832873106506205,0.2598811399433803
132.9882408837502,0.4115197533092712,0.2965132592476169,0.28379682375680654,0.2604887773397846
133.06822067700656,0.4115385504042108,0.29697622601820123,0.28356751780919176,0.2608497115453284
133.01970784993304,0.4113243724592237,0.2950018404836735,0.2826939335905311,0.2612069248931163
132.8694744953896,0.40954172608154293,0.29242613921446486,0.28082769532445856,0.26018000980840833
132.94431260034924,0.4095319879976548,0.2908853030760524,0.279264581988588,0.2594248053023581
132.79967746692677,0.40851393136614544,0.2903818899643381,0.2785078167891801,0.25898264576276997
132.6804890454882,0.40775830215823605,0.29021218910831387,0.2776751612902236,0.25822550876170647
132.6536208906376,0.40763151469018033,0.2904500662409837,0.27757333728702466,0.25873707118925393
132.54991562689324,0.4077523608500815,0.2902005042136498,0.27698136188125516,0.2581584289053797
132.45598588032203,0.40736329531122906,0.28965745793463643,0.27632798131038977,0.25765947013197005
132.42527298952996,0.40713953050174423,0.2895015396853423,0.27648738638656983,0.2576037170293911
132.41465638114815,0.4078160120138758,0.288573049697922,0.2762473945822472,0.2571715198875374
132.42094176605977,0.4080485219676513,0.2882903125973336,0.276509033214842,0.25636676063461883
132.50493736180698,0.4083301609005895,0.28833632144699883,0.27637265307494957,0.25626916762307045
132.5078398681362,0.40843294392929735,0.28936498449249526,0.2759915493437288,0.2564417838276546
132.59820424381914,0.4071910495691625,0.2895890269341202,0.27529385090675085,0.2559922251675554
132.57213785697073,0.4070952607849294,0.28971406607772116,0.2748359485143344,0.25601643386346673
132.56157964213838,0.4067515648412067,0.28924842619444163,0.2742462354590926,0.2560387754567793
128.32453648832765,0.9780754639451787,0.2562104851254804,0.46359688686426637,0.32821669646814966
116.086984555291,0.7056249785849836,0.19303875276790325,0.3578842109753603,0.29256706631664164
111.83544754768388,0.5452826204438899,0.2011220654036499,0.3079524894853364,0.27644389585556195
113.48279970900691,0.4639734254043634,0.21494240212227816,0.2843720921520731,0.2655883130158638
117.16932475253427,0.42250496698864415,0.2273971265110838,0.27425201529106946,0.25725159085729604
120.23956190192426,0.4063318421848512,0.23668150623314307,0.267106114320231,0.2518753456559791
123.32420357932271,0.3987694802030135,0.24680764094948837,0.2658060025727424,0.25229758026273225
125.81404321529395,0.3926948392161883,0.25143857833307715,0.2635776930227509,0.2508350883179145
126.46154208966982,0.39034765601310834,0.2531447839943747,0.26135127564306126,0.24977663425825564
126.81989683121722,0.39245333003443406,0.2549824873655391,0.259138241682829,0.248579364266558
127.1704904271659,0.3959323170818905,0.2573840367261217,0.2591144007145376,0.2489144537229547
126.7701097600987,0.39941372145326476,0.2589070919219794,0.25820692159726066,0.24746893160327316
126.64280164049164,0.40218790515601305,0.25790835459988404,0.25515853923294013,0.24492155303099167
127.54403700481545,0.40756422528531105,0.2599297445648565,0.25630862497136525,0.24552482533465597
128.17584279671397,0.40895356353187573,0.26396031365108874,0.25979003851049537,0.24771229315257656
128.9234498143818,0.4112607139622027,0.2673210111565703,0.2627710369224962,0.24816518008781155
129.37613217665825,0.41290045731679903,0.26854745909860916,0.26449530129877213,0.24945977592908314
130.16842792824852,0.41438170986124684,0.2685504453586138,0.26527553544944704,0.2514199144289287
130.1065681741265,0.4141114322476517,0.26920729282753936,0.2660668552221399,0.25151573968508556
130.50202951398992,0.4156516732848128,0.26888150774799263,0.26645071677319776,0.2514650979087863
130.74726702766708,0.4148550204722106,0.2733139386555154,0.2673644323740363,0.2532397381974062
131.30693848968014,0.4154424479280299,0.2758082288424467,0.2680533010081853,0.253202676682048
131.9726039286137,0.41857627149968185,0.2790685790503875,0.2687336557015746,0.2538394066349208
132.39104813452857,0.41898357259808866,0.2792617285055542,0.26807018799860194,0.2530193720937305
132.63201196786466,0.4181466940623031,0.2790150940311264,0.26822839832137974,0.25412819479794985
133.0774578093176,0.4182270854003331,0.2793456218996009,0.2689861438398934,0.25434783921563425
133.4105239393773,0.4179449801729462,0.2787519987936921,0.2671134186842171,0.25419575385467574
133.5156748691153,0.41993911323669336,0.2775991464916806,0.2677541866877612,0.2545756622790102
133.6073837159958,0.4198112705495696,0.27648581208512735,0.2664007076094274,0.2542376487766429
133.5882348042699,0.4187496698751903,0.2755814604388881,0.2666979796631642,0.2550400587910257
133.2088613280418,0.4156486595596727,0.27306611189632,0.26518887538753433,0.2553929920893858
133.1755878498755,0.41486155759598126,0.27286560287309736,0.2658448585929189,0.2553544280508929
133.34585402895115,0.41585673225412945,0.27354648286180455,0.2664264228052003,0.2563731047254983
133.64845464642252,0.415224750333762,0.27099758759264997,0.2648667847512613,0.25615327290861145
133.68880902603877,0.4158988993020641,0.27147655989405617,0.2645855970639174,0.2556067768171972
133.79339055428633,0.41706343834843296,0.2722457356899115,0.2642182914091148,0.25731306114368285
133.48437086942107,0.4151806994140621,0.27039468546135165,0.26113506197948544,0.256369411677963
133.0245715953094,0.41416972290675935,0.27198218654816814,0.26250198501009375,0.25668738863515045
132.03535806674572,0.41357528595373627,0.2735704274118596,0.26230577626862633,0.2556823047297147
131.6506595102797,0.41446599772749054,0.27461686450429645,0.2627620429714509,0.2560619763428641
131.92817306360516,0.4151931193800393,0.2745132096071714,0.2645551341436212,0.2570127678270101
132.0189341779069,0.4171699575840091,0.27453004366601663,0.2640483906229998,0.25671784659048097
132.10005493204463,0.41892973302878195,0.2735549350636543,0.26416529408850303,0.25549128197554544
132.1244800631886,0.41962390521365717,0.2717039540976981,0.2636221977389204,0.25287821612684785
132.36361993508427,0.42426855805847474,0.272371720423486,0.26406544968542717,0.2520963992989903
132.06872316197413,0.42783186297357695,0.271493694419726,0.2639276899146589,0.2516312849435503
131.9640752891467,0.42442466654529154,0.27196771054916613,0.2652977025845004,0.2533932658516075
131.78445642791857,0.4214042289626357,0.2707832337045824,0.26512653829734023,0.25346025757703466
131.05637086665394,0.4187666806823522,0.2692352442945506,0.2631125738683126,0.25272207251041323
130.31634075759325,0.4166968284770243,0.2700655716772866,0.26278297404046136,0.25189657537605464
129.92919377892102,0.41528253636772416,0.2707072422835515,0.26193520508654156,0.25063031957786047
129.54102104020572,0.4140032641358126,0.27002522593025596,0.26077831992376727,0.24960727082479334
129.0651869733597,0.4136179305601465,0.26995803350834874,0.2603867664018635,0.24866778297218936
129.04145537715655,0.4123047098514805,0.2702287348941683,0.25998597059631107,0.24937719111956475
128.9854400041359,0.41337721540134764,0.2722467421957097,0.2593197035145703,0.24781106945891102
128.77925553916126,0.4130120322772266,0.2708982316257025,0.2583866276216964,0.24718527742770513
128.41483208717898,0.41335772103990676,0.2698421206221673,0.2584666927806383,0.24698114711205757
128.25640850140013,0.41453261000370695,0.2706018667214655,0.2589589597698392,0.24782974140930075
127.78928175493851,0.4132281163455965,0.26933911718308273,0.25800123713887785,0.24705071017999436
127.66947380218714,0.4093768394118609,0.26826979660901995,0.256080305808028,0.24604914165879366
128.201427605489,0.4042425723227556,0.2658571351024201,0.25351655389231237,0.24500100135040492
128.0658365876329,0.4050716786056372,0.2666039212377357,0.2526839865793794,0.24400016252934464
128.17558469186343,0.40385563349615106,0.265587705820173,0.25147638063628563,0.24265045995719178
128.38315173065834,0.4061660191434322,0.2679085546315915,0.25146202611528085,0.24242674024451846
128.42507690834208,0.4070417199468373,0.26811969629546384,0.25091408720589226,0.24315120201192586
128.3671571468089,0.4077061796435869,0.2683292195726817,0.2509005705173932,0.24423088409261764
128.41055540591208,0.4090312633676942,0.27049714286612114,0.25240904299910605,0.24591120094866992
128.45620208829558,0.40833389781393004,0.2709503713803599,0.25332175827367165,0.24817675356407365
128.7116676927831,0.40528519988917083,0.26991365683292023,0.25272767051756695,0.24855763304594133
128.80400094304977,0.4069355458203905,0.2721992982652655,0.25547703688746365,0.250860626062844
128.4467840350101,0.40851442405969973,0.27375398545820556,0.2569457084814464,0.25214729970307276
128.83977271730814,0.4026531780440681,0.273831310464899,0.25572389479882013,0.25078303560496246
128.90153167000392,0.40201838842943916,0.27228028967726065,0.25478912991287594,0.2498412152602099
129.3280537325116,0.39336417823054853,0.270182290728758,0.2545525133397949,0.24909718497951364
128.98867213942626,0.39646532253343164,0.2714105764116204,0.25458401748470005,0.24904512931115272
128.7059325867712,0.400535009078841,0.27293405856904335,0.2569856295259616,0.2510935319711383
128.44782233224888,0.40293570294038844,0.27344577470193715,0.25793348989404197,0.25337885275654
127.71416532002632,0.40496670426129117,0.27011442400289615,0.25620984971031713,0.2530291107979442
127.08884371986763,0.4032362256890028,0.2656878864998646,0.2535914215977878,0.2513884357552065
126.68018954359022,0.4009492594677843,0.26251477469224965,0.2533466030170478,0.2504026807325077
126.19952733527039,0.4008413062201779,0.26252062126379144,0.2536825995006449,0.25129832826505044
126.4138028495735,0.4003368514422687,0.2617225649998214,0.25349532970919303,0.2519197472220072
127.01276557021936,0.40228348254203194,0.26336882463238437,0.2543572093065156,0.2533401667116116
127.51658490909277,0.40294393849221805,0.26545992244112543,0.25504926706447545,0.25390560204705515
127.4974565413357,0.4027634350919038,0.26766170236556786,0.2567094576669293,0.25530181631663373
127.26740522074756,0.401924710195894,0.26845281176622837,0.2584029728576199,0.25642608750299456
127.41241810798925,0.40212627479933366,0.2689324545527605,0.2592089399068819,0.25790696287738707
127.61220730615602,0.40343499531783067,0.27143303000945257,0.2607887628614637,0.2592206133576235
127.49849649487479,0.40625278867295417,0.2713794834266207,0.2617191746570688,0.2592392986970351
126.9321924319188,0.40931622939397055,0.2735473840337119,0.26308369160103734,0.2591064113303169
126.65871095019804,0.41019922854258056,0.27119829367223186,0.2610911174722693,0.25741100699379754
126.44584748312093,0.4113982890266532,0.2727272757505469,0.2619922654577407,0.25821205568781785
126.56783835468364,0.4108681556322267,0.2735229570401611,0.2618926086433143,0.2583954556612171
126.51724584257533,0.41063001288003576,0.2734916950154475,0.26046207287902357,0.2569198925044293
126.29143389455555,0.41155912531777383,0.27314885737096684,0.2609775297483465,0.257218228860122
126.32481221248513,0.41443638123144644,0.2753804096169131,0.2624076459739869,0.2582780477868723
126.52197431988,0.41536745167401445,0.27749812050614975,0.26321403191252657,0.2585396573226321
126.26242771819109,0.4171022000075683,0.2768284486720498,0.2620331733904194,0.25691652411762506
126.6017600099453,0.41872263025511414,0.27975661049621964,0.2647580787237326,0.2592243401429926
126.26829600816575,0.41705446675856567,0.27885173070653085,0.26405062404315083,0.2584317847908463
125.99579515456817,0.4162275300610927,0.281969482233396,0.26647662441612585,0.2591443501115147
125.87571606298785,0.4126982206654072,0.27719736029962333,0.26228478016315865,0.25602147807224684
125.55462939136409,0.410800323887246,0.2776937087282861,0.26439789701668115,0.2570934175512592
125.25495055226513,0.4116222313218497,0.27816098946809076,0.26529772849575944,0.2577813625276094
125.20816657900929,0.41168554597113055,0.27750512295132723,0.26548964619492793,0.25852645610784974
124.92257806050304,0.4108162506287851,0.27746098068532515,0.26622676175146565,0.25921486449547265
124.79516251191143,0.4093703363058017,0.27641026034597604,0.26479040219909994,0.25821769906087516
124.7172996684509,0.40974290017250653,0.2773347934790828,0.26552335437474606,0.2586074086890589
124.99598420225716,0.41086879528582665,0.27711309539746914,0.2654636637000083,0.25947768231758994
125.31347193354273,0.4088261064448124,0.2763954826055538,0.26448251115046795,0.2591607064178799
125.55735142136473,0.4098535558607775,0.276563770569856,0.26420133078208585,0.2582785236472023
126.00934291403854,0.4095251511879847,0.2759998404349707,0.26314220801402566,0.2568360973599547
125.89723405841033,0.4090133536092931,0.2748461150865132,0.26241397813026907,0.2559058290296806
125.42163160517731,0.4100189671179674,0.2715022587227788,0.2610653654377437,0.2549929834456137
125.31250936753425,0.4087453701106943,0.2719120280188771,0.2606220112394747,0.254861209660402
125.50132001300405,0.4089391502049608,0.27351864066097725,0.2615101168679777,0.2561178041884447
125.5502363070752,0.41163950188879633,0.2743119320360167,0.2620435122286342,0.2565518636270546
125.72865283105894,0.412518618735295,0.27685176160000124,0.2635896719077261,0.2587334854229492
126.19122088235694,0.4153933372280815,0.2772212253565325,0.26420863657249355,0.259154345656712
126.85348473602224,0.4165402663301913,0.27715877099969155,0.2630506195591877,0.2592340241143235
126.69864477857594,0.41368060490415587,0.27791460978233834,0.2633548275618798,0.25906355475166276
126.77517209153054,0.41176384603137955,0.2778769904661849,0.2641631468976965,0.25920573026342064
126.56729102951044,0.41376425520139853,0.2777195213465669,0.2644435084084692,0.2591113379566938
126.10868629880311,0.41554063561607635,0.2800893101527144,0.2668960140637254,0.26031034365234546
125.89877484479965,0.41569767143030073,0.28113392222156974,0.26834137836676547,0.2615382791255943
125.97555513570944,0.4173906602032251,0.2841966597919687,0.27104917783556143,0.26392870861183404
125.74530346734709,0.41904080576153796,0.2853451746691722,0.2710881752839716,0.26285580523255875
125.57408525775105,0.4221979893699677,0.28364879376807856,0.2695487465519156,0.26077666121634346
125.32169016098412,0.4232479377833926,0.2834076139719589,0.26893372281996314,0.2590597729944966
125.52249698625788,0.42586761317439514,0.28339237093541764,0.2696735267720215,0.2602910073823926
126.08903375866764,0.427843259202953,0.2827813342916731,0.2695326482129774,0.26030179450526814
126.1418558470552,0.4299747201936854,0.28148168318985034,0.2689121751645045,0.25935331997600247
126.7843378031672,0.42804874715036606,0.27827042885298975,0.2660296301310913,0.2562953902447423
127.2916524967178,0.42725957016685656,0.2759343827019328,0.26347687407207193,0.25455251933174144
127.69512633384727,0.426049922228465,0.27569257699062344,0.2619078745362652,0.2519177492348969
127.69621539514465,0.4211591288500079,0.27434331531502,0.25909805602207636,0.2501787142256701
127.72463967733303,0.42180348452835986,0.27381085103155234,0.2591640653055222,0.250817545690934
125.80827582641363,0.8070666036049626,0.48465577318166475,0.534605779110767,0.46520428325843366
112.60237166191287,0.6409376499185879,0.35265600472915476,0.39985593479629383,0.3531193835296299
106.87255209391306,0.5320918828952718,0.2787494916162452,0.31953513931550814,0.28200483895990075
109.32346166414764,0.46055190852984784,0.24655014144283866,0.27939225965107367,0.2419691761389303
112.60821219569881,0.4170391464739176,0.2352752090412668,0.26371649912922535,0.2238166892875666
116.28299621576596,0.39075413810501813,0.23517109166571218,0.25620930986307977,0.22145863043730624
119.47074234986573,0.38159992559914874,0.2388910880174514,0.2526770859725743,0.22378759604767495
122.18226609834193,0.3709239739592639,0.23513586349269106,0.24994373714459864,0.22726267764627395
124.22206830218248,0.3638181333085773,0.23573783580774949,0.24832122891693023,0.2302733182198765
125.78998026553855,0.36535005509611046,0.242221430818814,0.25022386985667205,0.23442594444949957
127.08991595386354,0.372380175382139,0.2464379533035948,0.2508891805782369,0.2328183615919797
128.11245845281968,0.377321432514086,0.24777537112143386,0.2509601699233128,0.22987669448873105
128.7537316399172,0.3791824145594037,0.24612679979488808,0.24855933351045953,0.22829684403146183
129.65881552372502,0.38186578610270716,0.24707653602051993,0.24806894558684744,0.22445943248693853
129.18543545028703,0.38113073883294746,0.24722331231844616,0.24609859834683628,0.2221646965222926
128.74238211207737,0.3795191070842248,0.24773536857973288,0.24497785604072767,0.21922499003462495
128.55542468699798,0.3777184297840195,0.24889346120086972,0.24584998217543458,0.21742732003205797
128.51982333390131,0.38038231071674733,0.248642833735454,0.24529317937390632,0.2178311606293359
129.0062761401102,0.3833293318812055,0.2500517933387765,0.2457855911598804,0.21916921998875932
129.65489695221424,0.38611410591469597,0.2524700465061497,0.2472011103025502,0.22089083021997352
129.7208078870344,0.38775439102836645,0.2533851738463388,0.2469154392155464,0.22299094530418082
129.9070630409901,0.3908955069793142,0.25704745568622556,0.24922644961131626,0.22469007467374238
130.34440468646483,0.38631517032114226,0.25397144665874327,0.24468137326133285,0.22355036285459903
130.09995759281514,0.3875213652172171,0.2526097906721029,0.2422825039775394,0.2230702648561305
129.5536832632152,0.38744412651315485,0.250744866505623,0.24153387293429202,0.22294904735299456
128.689364598114,0.3862864555873975,0.24999189041058065,0.24030728242041405,0.22123462118984152
128.29796687367443,0.3846346657707396,0.2502631732464635,0.2391831917328355,0.22059948082560074
127.87238148754113,0.3815488125049826,0.2472965044256736,0.23666209898314083,0.21743986642528096
127.70986838281709,0.3792669746583353,0.24966725316558028,0.2399511223749508,0.21976599034095803
127.34994735100956,0.37645823941080475,0.25067534066425534,0.24166167529237897,0.22135708197447282
127.30909696183897,0.3752734281215991,0.25240611271086605,0.24365003607863736,0.2225524869698316
127.13666955610204,0.3741085196231574,0.2537407953725395,0.24557213224423124,0.22418360550825772
126.87755115049251,0.3728217962123887,0.25533041059591854,0.2479086698754117,0.22538856378236072
126.4581962954154,0.37327826401197156,0.2564999449621781,0.24908759401005115,0.2258325768718236
126.39828744454796,0.37232716101122093,0.2581299089677852,0.250378899523758,0.22620582411025258
126.56237656288181,0.3723072525135269,0.2602887993463461,0.25274289310620823,0.22713475715625323
126.70224288177542,0.37253638609259715,0.26154489367932626,0.2538875713724736,0.22845053904373805
126.85666593463041,0.374539183730432,0.2617963053496554,0.25449435507792784,0.22780177218189054
127.57519756539138,0.37470266114781153,0.26322575950870053,0.255697055773762,0.22875941581786566
127.95448850827184,0.37604566274970597,0.26504710917927304,0.2579834505847379,0.22923467939106984
128.12392356857677,0.37585569303622274,0.267207444862403,0.26013593639504495,0.23138920159781404
127.89314519196172,0.3767228511916137,0.26687614591049746,0.2599390457760263,0.23304015733643385
128.0085720875073,0.3784416615841646,0.26762455303390237,0.2596922477015153,0.23559557422198144
127.85279972695909,0.37993250760886366,0.2680505206924149,0.2591788277537521,0.23663802146148288
128.03101987787963,0.38141448393174354,0.2702876325016544,0.2589614492242893,0.2380545069674218
128.0873973775056,0.3809340449486543,0.2703386669736997,0.2585571699050672,0.23906376736187948
128.18338347016558,0.3806856124001896,0.27137804252782183,0.2591192609842402,0.23823084277966572
128.77432717759478,0.38279041117496354,0.27224604185546636,0.2592273443842817,0.2376284641568136
128.84872132193578,0.38380544190436605,0.26857896917950697,0.25634963210794454,0.23634159883476477
129.37079931121647,0.3855257939062381,0.2678840181444893,0.25562691157344214,0.2350542912758964
130.18830177863916,0.3872911181300694,0.2684417847904481,0.25618500089842083,0.23490817804398412
130.35145923938842,0.38923552948663803,0.2686551378105158,0.257804970666152,0.23510039230208848
130.47330833586594,0.3900485150040823,0.26866647248418357,0.25885783200417584,0.23561865342931823
130.75992274262313,0.3911896076609744,0.26837962360980744,0.2602902414844685,0.23433462444589873
131.05089153609464,0.39101135542655246,0.26641418275374984,0.2595775109091776,0.233339089400672
131.40032029218415,0.3874707713225441,0.2645342394297386,0.2598516080510786,0.23458602657943875
131.58039806854396,0.38715439221087716,0.26348855154849543,0.2611245742560575,0.23616993503871084
132.1924276129907,0.38445205690877365,0.26294267156466017,0.2599031094468847,0.23388970895651906
132.3781150300125,0.3835340569650212,0.2624661726573396,0.25894558675761703,0.23170793223018446
132.52280522491995,0.3803637253706892,0.26248707719488656,0.258061703293111,0.2308091616714845
132.38766837503326,0.3779264760221473,0.2628334969533709,0.2576475417400826,0.22993273782956905
131.9573815465469,0.3761709222256454,0.2621789565529512,0.2576034095936359,0.22862026671623267
131.68721644343327,0.3759869367804188,0.26317974725447496,0.2584314243394344,0.22831810061938973
132.00202890399788,0.37414108553003955,0.2643617970017018,0.2592480984501797,0.22869256530114337
132.01309094744295,0.37436238703897806,0.2635920530199261,0.25810513487723197,0.22834802878572172
131.79295609488497,0.3746933391430437,0.2613947066319306,0.25752088391244865,0.22872947781005046
132.51736500037887,0.3778379605514196,0.2637757273586495,0.2597248411232757,0.23233840792866023
133.16291178992338,0.3795957211423027,0.2663088667823968,0.2606505774468814,0.23189631232439564
133.98485629600424,0.3797576584044757,0.269046462753102,0.2613231366493751,0.23125518666884098
134.63485477238987,0.3791882822788241,0.273366488713574,0.264813196856345,0.23252799217501482
134.65742464353747,0.3776912549325253,0.27428550889421965,0.2666154008801516,0.2335531046342069
134.59153438367696,0.37697207311573616,0.27037294530599776,0.26574365944443323,0.23461320893505938
134.86865140520922,0.37268402427287894,0.2663544564284888,0.2637137531759281,0.23453713079037983
134.24979357290425,0.37195102052218515,0.26637650790371026,0.2623707852850188,0.23401059030957494
133.92672433155764,0.3713843143453346,0.2638665999822903,0.26171859797740205,0.2338008188222438
133.64923345180074,0.3734441310125407,0.2639396189567651,0.2619870512504502,0.23492374921172923
133.69640425419306,0.3741622523527574,0.2632874097867725,0.2619721255026653,0.23657020113564967
133.7861818055436,0.37372964499327704,0.2625399020318454,0.26249658865858094,0.238109848541119
133.83515574199944,0.37430331792539995,0.2610273140798795,0.26176479094712773,0.23855779767898624
133.91939597250672,0.3751215419372098,0.26233020158218223,0.262647499763919,0.23924294806881086
134.1203705263558,0.3773750023794757,0.2645056114113545,0.26359282895276315,0.23928691052249568
134.1300670771465,0.3771475572449212,0.26649887386086996,0.26431691517789835,0.23951458501464046
134.0188639045677,0.37807770200318436,0.26727189177798905,0.26481192259060626,0.2401615833950714
134.09625382690555,0.37905538373408604,0.27012974110977156,0.2661006907784503,0.24040482047703457
133.99140800437567,0.37768073225399024,0.27044049546201876,0.266177596786232,0.2400391598491587
133.9848150899033,0.3792235597914378,0.27200154280651806,0.26676891893296667,0.24017527977870287
133.89685367966376,0.3805741017912253,0.27321804869989996,0.26784220959526045,0.24115277530873172
133.94208233251484,0.38314468381117295,0.27372423831214393,0.2671590758434458,0.24051605726180744
133.71065837344898,0.3826245196583485,0.27293111016786165,0.2674310829452176,0.24001728336637143
133.6709088575278,0.38205725854305006,0.2710669255518684,0.26613377556523743,0.2394798125581632
133.55324477355754,0.38234832026857063,0.269714785811771,0.26511540218225804,0.23901470620365528
133.60678325683656,0.38413362841457527,0.26902656275576065,0.2657776071707797,0.23891891154728004
133.6900836858505,0.38620502932348705,0.26790108212608205,0.2658740825385053,0.2388646856799641
133.10412681174228,0.3877264860422602,0.26811111728583364,0.2660077606749196,0.2386904954978624
132.95316454699608,0.38993661207662617,0.2691207301017784,0.2673043771424935,0.23823246967047376
132.7451713815957,0.3926772108056759,0.27016902087286454,0.268867142905314,0.23844454936608162
132.77363685607185,0.39435297306592393,0.27382547866052825,0.2709640149443845,0.2372119430129613
132.95032651538733,0.39494087913023257,0.2778422183772334,0.2723983942627975,0.23806361498215317
133.28264990647878,0.3939298141326056,0.2807759585627712,0.27320060536288443,0.23931963918225674
134.25549995482615,0.3923539972357698,0.2842051980723916,0.27271220746743363,0.2378523616801751
133.9079576901598,0.38790860933155785,0.2784308438689189,0.26991563410157093,0.23631808076696967
134.26745273754554,0.3807804193671909,0.2704365645331888,0.2651797579189703,0.23359202139779428
133.81812326682459,0.3755066009461534,0.26341539226589405,0.2606641453009126,0.23425030426775487
132.45318131713745,0.37195800196865136,0.2574555031343317,0.2586323584927994,0.23358870356282996
131.64548022020358,0.3688617994206469,0.2530733493091319,0.25735865133888325,0.23177386645854692
131.5050434341551,0.3666931621415215,0.24928880881492715,0.25499919722152303,0.23061088809055164
131.03058036164853,0.3649518039151708,0.24626336908102864,0.25248062900480717,0.23139476607392745
130.52716399310495,0.3644502608551649,0.2443096350718792,0.25313741733769585,0.23328883717742552
130.25519998646476,0.36608074989571515,0.2432379721017197,0.2535036057222501,0.2346689159524026
129.67319609659356,0.3661978323554988,0.242784002393821,0.25425858726866674,0.23520393790844835
129.2397401589844,0.3653710405696721,0.24251693542050295,0.2546820589628356,0.2352936455957392
129.06578996630918,0.36397332910979896,0.2420031864954492,0.25473835534260697,0.235769098550217
129.03137008732986,0.36203665839248694,0.24258195938811425,0.25450757312489725,0.23679996421603977
129.1222571499347,0.3610827305652137,0.24360816522742396,0.2541889184599528,0.23644210115984113
128.79197014777102,0.35858969425417586,0.24243491523959748,0.2531152426248326,0.2353916703386794
128.7155117137728,0.3581469776433926,0.24047376287023173,0.25109273077120603,0.2341856923574724
127.98843182099621,0.35761609867918825,0.2395788221123364,0.2487214177984673,0.23325888346762058
128.04802935806504,0.35330045132253374,0.23774145911587594,0.24592792545962072,0.2312919233642982
128.4140513024714,0.35063148866847615,0.23664984779552659,0.24352441001445443,0.23060289333640493
128.49774660318224,0.35020149962628533,0.23792232005526012,0.24348524439198982,0.22964718147789417
128.86573050970765,0.35294519496374527,0.23706291197600274,0.24319311450783856,0.23048635146523083
129.9377800646773,0.3499436002701212,0.23869397663631953,0.24465118386508458,0.23171447723905764
130.3579592916972,0.3511338191851167,0.23823546838220996,0.24502836294914757,0.23324347265377987
130.3986973293199,0.3544104171052186,0.24110034494846014,0.24690556929505145,0.23369891048721803
130.94986714735862,0.34914260218044085,0.2472683328996121,0.2497990145370368,0.2335576666875407
131.21084503586383,0.3505646362582712,0.25002218763270956,0.25001044497803643,0.23217239060857464
131.55344813058215,0.35240297358993583,0.25514016563241987,0.2506077662835537,0.23193641752601518
131.98716208815748,0.3517661520710747,0.2597455022730469,0.2522471174466464,0.23191411613457416
132.3905536396022,0.3544907754423454,0.2628266389028498,0.25345013050745846,0.23146479051260752
132.79699792320764,0.35745595739527203,0.2673192054027436,0.25483322619196264,0.2321140143835698
133.30560099127524,0.36211770170383006,0.2700211770373893,0.2563975706084149,0.23265412634239957
132.78066476781703,0.3632616347084647,0.2718049901395798,0.2579442394578519,0.23456031179501147
131.93050832230253,0.36502923352688854,0.26713928539022724,0.25852686544425446,0.23623731984154128
131.76604351456197,0.3666309352035298,0.2653040828672536,0.2593604077451229,0.23894851485030325
131.41265515067337,0.36927478733008035,0.2631029192477008,0.26037296491210354,0.2407180455440606
131.39440244428056,0.37150773825512157,0.2608011770772358,0.2607621019899281,0.24219309698531202
128.41493471185524,1.0085538667989113,0.390060044659541,0.4896072641313445,0.36894072063234995
116.09011178856649,0.8245671731371444,0.297270561889206,0.3833699293644988,0.2944100189490681
108.71954863312668,0.6807143781740167,0.22295299251246106,0.3024678768538595,0.25526385366360155
108.17322411667554,0.5980582195614021,0.21987475314410376,0.2556112088203561,0.23425414295311853
112.18366130887934,0.5434751173916438,0.23358980108384267,0.24499842867093113,0.2330884465569891
117.63354083909293,0.4982564144737433,0.24858255437116034,0.2427081290283207,0.2367192369408213
121.33166864127931,0.4538158852934988,0.2587213342985459,0.2438421118803674,0.24037857216015193
124.9279770467468,0.42753671442832114,0.2643737210043121,0.24711992914648212,0.2415356918634158
128.71140252256785,0.41079584319934537,0.2676376946142908,0.2482646776133399,0.24009990981615897
131.6686556899742,0.4035335558650965,0.27175975386705004,0.24970645470467523,0.23818432831726644
134.26360131156142,0.4074286506062434,0.27301727624956285,0.2519732815820883,0.23717028292715572
136.7512992285042,0.41392961417946,0.2764330613359617,0.254512340924883,0.23809487117612602
138.1248125582582,0.41977288313532285,0.27934559925048247,0.25772286186740384,0.2380798668544883
137.41193026517627,0.41784402630392853,0.27941714580902366,0.2585686978223661,0.23689438271779367
137.6742894933323,0.4167105233571299,0.2824052151100563,0.26069235408581765,0.23735696470814663
137.04339932330487,0.4166332706946514,0.28158899196018633,0.26064100650117533,0.23701657391572833
136.52885319224794,0.4187477048477924,0.2827147845147533,0.2622928769569676,0.2356717478559362
135.38565322362456,0.42121057494011915,0.27616777061515385,0.26342139139627535,0.2364179012629385
133.7920466482803,0.42364090383850583,0.27646207456903793,0.2632431182309999,0.23360231588818367
133.98315125896093,0.42829720950412153,0.2776166695081944,0.2635570022577286,0.23179438552649706
133.30787897999957,0.4288740927047792,0.2733197678066561,0.2611964566522925,0.22937504850608972
132.3978628081959,0.426636006119354,0.270890802341729,0.26203515972659813,0.22836670421728533
131.53650111680003,0.4282751143641737,0.2742106675506915,0.2650609977720151,0.2275767984632453
130.98612976376768,0.4325901590682185,0.27452932240910183,0.26687040406080415,0.2270466877967764
130.3070925265931,0.4367061930239604,0.2738191810059597,0.2674808401569304,0.23234425719072901
130.06845106955242,0.4376157144753534,0.27475883702206155,0.2683023317842124,0.23381379036859273
130.48786426352376,0.4365404134616574,0.2767574798219269,0.26876042950575957,0.2341872745759451
130.73117360353794,0.4325503686438625,0.27625400201347683,0.2654479189930817,0.2323866746369784
131.562324475875,0.43154648896381703,0.27570624509724456,0.2674154838768665,0.23743135630914133
131.34115788099584,0.42753168824552973,0.2744879183803438,0.26797061504506353,0.23841354950283644
131.29653446094687,0.4211859583410961,0.2722950513503135,0.2675525302517591,0.2403251237991289
130.0144528769865,0.4141833205912768,0.26709626368577627,0.26463148010278575,0.24121062912033175
129.8739613778627,0.4084032357872256,0.26497054586849395,0.26414100293174547,0.24321684381761155
129.55556410775907,0.40357914950949614,0.2635210918924118,0.26509096275623467,0.24481491146047601
129.49385457275113,0.402069344466456,0.2626710200352436,0.26442964378780415,0.24590331978667015
129.83832117688448,0.40300271648278235,0.26376434541852994,0.26560880974586903,0.24875202077560132
130.41002225535962,0.4007434293679302,0.26227110583918306,0.26387902652889283,0.2492152891316752
130.64523452920437,0.39727313839067274,0.26102215669757806,0.26239695156265436,0.2489748129420832
130.9318629543706,0.39442038991109013,0.2593787930941637,0.2607052059717205,0.24923941438978583
131.75280582146056,0.3930712341019342,0.2583692296372177,0.2606590835073745,0.24952646940935289
131.89798701740415,0.3910982580109229,0.25748687752531424,0.2604588509483037,0.2489899757330018
132.26398545006668,0.39216868194858145,0.2582238304961613,0.2610284541611519,0.2478599489536248
132.3307934615149,0.3934183401770829,0.2581658338875658,0.2615607054261783,0.24697761192888296
132.64896152631712,0.39614925721967986,0.2583372855186215,0.26157455785687067,0.24797332300008446
132.95514263827332,0.40085908363146283,0.2581559229547843,0.2634424428457983,0.250535398813966
133.42555933385736,0.4021944062945675,0.25941412706952116,0.26422266329527544,0.25060265854834407
133.8596227896561,0.3986493342259613,0.2589691695127252,0.2639465035570401,0.2516742285035063
134.0959809037431,0.3963169439633,0.25685341529743816,0.26370058698211735,0.2520114620600837
133.68458314065543,0.3958840514750133,0.25488969639458003,0.26204913385722767,0.251746310023275
134.13888543971953,0.3915268102085102,0.2539775159759661,0.26010777206565666,0.2510890318740088
134.29361823237886,0.38668652959784994,0.25305561548353434,0.25887693681138596,0.2511014770975844
134.73131517935428,0.3837858750764914,0.2537107168969564,0.2589156635602501,0.25154999124431027
134.82890988377073,0.38244047798225367,0.25375798108975967,0.2582587782635817,0.25172521528051006
134.72384960769088,0.37866977168804095,0.25275044800896623,0.25712814598777967,0.25125457046360106
134.5340429117076,0.375547533698467,0.2530792296045355,0.2568192177450258,0.2508012263207863
134.7859596418679,0.3737593792779393,0.2534172147203531,0.25581379302572593,0.24996591517893563
134.66916928732482,0.3718157836896121,0.2526634751837237,0.25405329042741814,0.24963160937638043
134.74004576689765,0.3693187429472487,0.25277868341629456,0.25266769983607945,0.2492511414338456
134.48022516036764,0.366493838205572,0.2535667918358871,0.252065059290842,0.24862739800158032
134.26993246224117,0.36258602906545884,0.25410457754632854,0.25178584129511705,0.24826194321133008
134.1742209007662,0.3616013858497721,0.25536719079853015,0.2521338410566214,0.24769405326860444
133.7771946330759,0.3621880255889632,0.2561177641443852,0.2513553869726203,0.2458251704680596
133.59688378535063,0.36357472795375284,0.2553222554007867,0.2505946286175018,0.2452646185700016
133.41204785933263,0.36376950966130084,0.25533590095063413,0.25024379645282907,0.24526748243387508
133.19608273892052,0.36596944346137195,0.2554718106308637,0.25033731206027987,0.2458637935862765
132.97239974754575,0.3665542109005931,0.25520628727722927,0.2503282002566972,0.24616681014691832
132.69778128204965,0.36930637922359955,0.25430941581206357,0.2494263754607034,0.2470435175011725
132.32931384478226,0.3679287048127029,0.2526374955572845,0.24810030454110749,0.24624913246275423
132.1624552290643,0.3701830319387577,0.25246957605748815,0.24714847193612868,0.24604389288700804
132.58977124122745,0.37064856336409807,0.25325664422356664,0.24665850197708483,0.2469609963517592
133.08511498023896,0.37176326846087876,0.2534351503750735,0.24697543495268007,0.2477391974878431
132.8931078011266,0.37098470341543843,0.2540064742203612,0.2473492123411102,0.24790824076209517
132.6533432343589,0.3705128267493119,0.2546667227628427,0.24764747992615624,0.24794114398230144
132.570276367065,0.3712101583276258,0.2548029461589533,0.24867034128795196,0.24891583449616791
132.19692082339554,0.37014412036018823,0.25525711713615284,0.24894117459823162,0.24884133871627523
132.04938853828818,0.36983936170005927,0.25570261332371896,0.24979625784028853,0.2485162789778821
131.97118031824016,0.3720824821410889,0.2561019251881513,0.2501740161771072,0.24743484792347686
131.67276287816688,0.3752141251597066,0.2560720512185215,0.2513173799609371,0.24764422846506182
132.4688739521514,0.37936498021582077,0.2562581782990155,0.25153172275268154,0.2474462706501514
132.7130528502938,0.3819883565865032,0.25488544733809476,0.2506903008028561,0.2463793633710872
132.56838185861815,0.38389202866133026,0.25390696081176084,0.2508044023019085,0.24536934250739745
132.52351928405835,0.38565018301654175,0.25390602241981663,0.2522883191740791,0.24532447397593077
132.97409938247807,0.38782759092816005,0.25308379739635734,0.2525009141587349,0.24591578985731677
133.6133130350872,0.39082698923503384,0.25494603833504514,0.2541300083382971,0.24744194897624888
134.02858300365688,0.39277798315716234,0.25530724427006374,0.25456513598246516,0.24780299620010957
134.80199544237908,0.39316941484801643,0.255739859935971,0.2550513682990158,0.24748510726368375
135.09066238572808,0.3941501301560699,0.25652472869603493,0.25619206250431303,0.2475546348130228
135.48562278077395,0.3980700751760366,0.25939841406739167,0.25809321144467096,0.24725975418008073
135.70525054437732,0.4001087581818448,0.2610965905781913,0.2592866693748071,0.24880104165418498
135.5986349327426,0.40229894019467727,0.26367213720835925,0.26117857492716606,0.25047516060712305
135.6227840519787,0.4055460705919164,0.26489381400822243,0.2640611263507479,0.25188841403331713
135.4688084893347,0.41037712916024327,0.26643255576999036,0.26695810843184625,0.25331957718831005
135.63138262018484,0.41339289466913454,0.2674044313555048,0.2684456866703993,0.2556351954388179
136.0781991361023,0.4138944197554892,0.2680148445992742,0.2696307960813805,0.25628690475436144
136.19409052917595,0.4151854612928667,0.26925762680031934,0.26978594994953453,0.25615274634896074
136.35372866582395,0.41789475028861406,0.2703451618066872,0.2711961534822252,0.2570081427967987
136.6816115302681,0.4192331197535017,0.27312693052925047,0.272374518334506,0.25727334540314317
136.8498888546033,0.41956040449076853,0.2758524414805854,0.2733167156199618,0.2581871317645056
137.15454737940757,0.41777930457721063,0.27399101517449015,0.272737046909627,0.2593690067397922
137.19930470561079,0.41582836236055143,0.2746711139623218,0.27148739314884995,0.26044907993880895
137.1916306383204,0.41410719730815815,0.27534300619653745,0.2707572429091769,0.2589663306632569
137.0344932275383,0.4141464844361294,0.2756875339041655,0.2716673200943955,0.2577880329638085
137.0466450998415,0.4150780901728548,0.2765956341469687,0.27258013958729016,0.2576122717383091
136.94727074486244,0.4158444836880214,0.2762025558591728,0.2726714290537998,0.25715341938620406
137.57298923724528,0.4167112997403054,0.27804651227568206,0.27417479944025236,0.2579881385747924
137.59587153034641,0.41773862820144264,0.27819680821944376,0.27409545911434874,0.25706607578048113
137.67993291186514,0.4171214244555269,0.2774617887817069,0.2739009755896836,0.25687016038565336
137.46314011931756,0.41807342915965867,0.27865043962860886,0.2740495954705314,0.2551715154057959
137.50017805640056,0.41858097490650864,0.27717859358433156,0.2753160397391831,0.25568589281465093
137.4801922282802,0.41854035706290454,0.2778136796215976,0.2768504532291666,0.25515303962929303
137.2087772928012,0.420531887288847,0.27777897883750147,0.27839609338138255,0.2567162640167064
137.04774930977902,0.42210251490329775,0.27756586034624936,0.2783800257927586,0.2584252776073738
136.933804021809,0.42359294436142053,0.27680524988045846,0.27831675215500123,0.2590520862459117
136.78850218939263,0.4242744233452691,0.2763020107070786,0.2788372493195968,0.25982040155210157
136.8892165666092,0.4240652721757358,0.2758458114105651,0.27785422502589746,0.2590716862279061
136.94756120429432,0.4232683980021988,0.27533881819507106,0.27669295463547755,0.258286159906589
136.93293054407334,0.4213966606600031,0.2754119840775141,0.2761344709723583,0.2576267308526803
137.15022431860407,0.4199898322534064,0.2752340460162192,0.274640819827949,0.2562892257463568
137.10059870753173,0.41786346865910595,0.27403632118537374,0.2744054817294431,0.25629443817259795
137.35706416909602,0.41860934136177425,0.2737498063699705,0.2741575485491768,0.25728270347800725
137.34939157236758,0.41816492788107124,0.27368145524642795,0.27397084205459676,0.25722610444663024
137.41381946000604,0.4171593995007244,0.27318878315748674,0.2725968093402351,0.25508992505836653
137.29691645054587,0.41756073801002574,0.27548666998347443,0.27398416410110027,0.25558083946816756
137.38915739651998,0.41910777779265534,0.2747577248987336,0.274206058655372,0.2552916256663846
137.47719640061607,0.41781835096597963,0.27510818509804746,0.27420277646405145,0.25518279618676865
137.49050928320702,0.417434038684623,0.27432157703118626,0.2733128016146594,0.2527513083067028
137.36349821357305,0.41772923381849997,0.27594552768252667,0.2747078945308117,0.25217120887662714
137.21317317378862,0.4195985618478516,0.27694580421939224,0.27548099585106,0.25168502660682396
136.88086892201142,0.41740247428715005,0.2756845585551065,0.2746258810764428,0.2513467862430534
136.7985506172699,0.414543131740724,0.2732170402143564,0.27304368405433715,0.25058450225714085
136.4604771775261,0.41367867703737127,0.2734113633841738,0.27278778935946935,0.2507620858850221
136.05708765532265,0.4119063082017022,0.2734652721257359,0.27184969554601685,0.25205508663054976
135.90360858286323,0.4096347403372019,0.2734593126889758,0.27127741054356663,0.25046490269545396
135.95988233315182,0.874608873687079,0.48988154181528604,0.37313144414587024,0.3808285373739076
76.83349260730938,0.5981239989573399,0.37108409722396524,0.25210059064314394,0.25810758671676665
91.21914524778029,0.4681544379909358,0.30485228538259124,0.22938379966672426,0.22680221746662038
109.67918675210464,0.40270041773624593,0.28740429469835826,0.2281366073831964,0.2098973696844011
121.532153636154,0.38175585437431403,0.2891005268945856,0.23233951636501612,0.20127724508510972
130.01999640537105,0.3780769545120375,0.2909948265100999,0.23507955853022955,0.20818031907966156
134.80089007312878,0.3786806438777891,0.2915140763072412,0.23687557175177007,0.21563337555820464
138.09639134109426,0.38185375449065356,0.28973117556590217,0.23920203388241593,0.22364363396160117
139.59061242380392,0.38678381506709547,0.2824970032849865,0.24000063472170927,0.2291146840363749
138.77041488966196,0.38879290136283,0.27562062846307744,0.23681927449850204,0.23289767886967494
137.7338996904453,0.3903084246022089,0.2663256840789054,0.2343491271167014,0.23330091817644866
137.2410760608051,0.39317364998504933,0.264227141998912,0.23380129879456615,0.23377845914682532
136.16704195014114,0.39305569848164834,0.2624101473463976,0.23344799333555458,0.23379726757606212
135.4805914867423,0.3958440525304281,0.26420169786143866,0.23816404787474207,0.23656405357172378
134.91592691661617,0.39884185730127947,0.2691449231568773,0.24373140440194196,0.23997008636145428
134.17108037762708,0.4006779546614876,0.27188724928430585,0.24581958432938242,0.2418462199923788
133.4895527601311,0.4015950637870599,0.27306336260604314,0.24743781277222157,0.24371925036493164
133.56635949905106,0.4032765606816183,0.27574674192465154,0.24919806975889097,0.2457006623593229
133.89912298615224,0.4050955416789965,0.2776063657948831,0.24894250362223608,0.245341306248224
134.26403915933827,0.4069660883118063,0.2833916690083075,0.2505421264032586,0.24556905187348266
134.26181300308903,0.40521575131884113,0.2909031813184478,0.2530785730802938,0.24707082919899243
133.73663237411458,0.3986953039870978,0.29254797557025464,0.25217778445248035,0.24393693400596164
133.6325214499905,0.39604814371417973,0.2939420051527529,0.25296543661959814,0.24204446764168966
133.38307535057743,0.39523259872690064,0.2885609136465428,0.25108579824760013,0.239869336748313
132.87914753909146,0.3941462444554477,0.2874462345559038,0.2511448319565943,0.23928160602061188
132.48010538465346,0.3924680716160552,0.28436954519425184,0.24993008399552955,0.23683135554231538
132.14254022023678,0.3924117890067478,0.28103882772978656,0.248690349995574,0.2349958062625818
131.91586197745454,0.39065759446189346,0.2781114944670885,0.24605381074740415,0.2331886754562559
132.02855508997382,0.3916862092062498,0.276834765176358,0.24521116352068706,0.2312949307951388
131.97872091868282,0.3917399733476004,0.27812222538357106,0.24497405989585652,0.23187045021724723
132.32257560468605,0.3927739690121072,0.2777060071572668,0.24408501105617939,0.23074941763730555
132.36725064948365,0.3932093454979035,0.2782764038534756,0.24466542434535216,0.23057459211811504
132.80839444108793,0.39414492200128903,0.27787043762780866,0.24521957785741516,0.23046074422357854
133.29529158342837,0.3959084601091209,0.2799171355202905,0.24708113147487992,0.23133116941866366
134.08287147516867,0.3963194067240045,0.28185799587014554,0.24716118843640156,0.23021058809581674
134.40935741941888,0.39458872357093117,0.28108265741322347,0.24605959509516218,0.22650795164269827
134.36780144160565,0.3911787011209306,0.2838561020811713,0.24631034083433695,0.22585099217535468
134.913738664943,0.39320104561933206,0.28408790010776735,0.24719833865959423,0.22571657359715766
134.61283498939468,0.3925177653488776,0.28598498148551005,0.2479734336809841,0.22809540698577732
135.13285973590615,0.3936170156018179,0.28435714970406983,0.24713920978683587,0.2275430453441637
134.76028704627126,0.39221242982620363,0.2835057641324114,0.24762112143033965,0.22832407935836116
134.8725824259664,0.3916086401268415,0.28269201797260274,0.246317989280683,0.22835343865354538
134.8901762455396,0.3901919156937715,0.2822669902335314,0.24680935474745738,0.22727869388662503
135.60874921696063,0.39054097881601796,0.2838671496650405,0.24829509013404233,0.2283044470368121
136.16472573530191,0.38995617180460784,0.2832821033651564,0.24597909298178783,0.22577972918875258
136.0261209633022,0.3886725882207441,0.2830243586005979,0.24578296312860953,0.224223302732479
136.31862319614075,0.3847673250896894,0.28002018876656215,0.2437640425690068,0.2224607615289754
136.28683649812365,0.38078911332919246,0.27566055609414947,0.24040740531927796,0.21912513408502307
136.20689347022656,0.37623230483191317,0.2761207849727162,0.23926344858130824,0.2174293899192316
136.11881792409125,0.37197950399793506,0.2742594686025682,0.2378519298700806,0.2147494810221492
136.4051358021189,0.3669844332797719,0.2702623225318244,0.2351276337623589,0.21075207761156822
136.64117878045886,0.3649798557419784,0.26925450389999916,0.23488394561304282,0.21242077347694235
136.80350045643743,0.36550907915466385,0.2728848666694368,0.23634212257558132,0.21398803957289547
136.73297639988627,0.3687032049830486,0.2754050311451971,0.23827458757778183,0.21029606513101592
136.8934606640628,0.3717885712909348,0.27857661761599645,0.24132840052943147,0.21179972800834507
137.18144065462243,0.37475425409737856,0.28274618714432737,0.2435414134364701,0.21214800592615216
137.036762240296,0.37867371047592646,0.2842449123835053,0.24361012855556574,0.21331223323595966
136.8519603061794,0.38348253994042925,0.28504738231042404,0.24524192588985014,0.21562785900731246
136.68757198771937,0.38691327523254093,0.2895656592425209,0.24747696562087731,0.21685896471711216
136.3711851460274,0.38739667556921104,0.2840044366073082,0.24537542331810203,0.21561944357966023
136.40389012543363,0.3877915876206466,0.2847766360659977,0.2456192904161002,0.21561064921022582
135.48561785801104,0.3877176332650581,0.2852142080946697,0.24568376659280977,0.2144196884269731
134.69761480015285,0.38497106002505915,0.28264556545840613,0.2446255611771019,0.21360629715256474
133.5861046598669,0.3845276989118815,0.27828536603066667,0.24360962971641478,0.21489740050925604
133.42638047430123,0.3816575090801979,0.277708866315646,0.24421382130250965,0.21457634984088275
133.43795835907835,0.38153356981640485,0.2780766220135093,0.24546363799355497,0.21662046524826475
133.11775250690584,0.38343364137624225,0.2764283025899707,0.2458075027316367,0.2149028624958844
133.40299426532252,0.3837095487125089,0.27812119833232923,0.24710200936850135,0.21889425161963752
132.52501561502459,0.3836849410606934,0.27489011501991006,0.24588208444352624,0.21891637476103185
132.55832767215065,0.3826774512015026,0.27224343062422873,0.24446117054524,0.21841826244712545
132.81000630110395,0.38214847409776553,0.2717235509214151,0.24478925682427247,0.21919530722586497
132.79122539196152,0.38419571944680686,0.2718722260433491,0.24617610750085306,0.22260173206428488
133.0899012064256,0.3878726156401406,0.2703577557826674,0.2465838409894489,0.2217579460538189
133.04542074164942,0.39055298516260056,0.2707662173457837,0.2485850927601138,0.2249874294937277
132.79224394272643,0.3921941599683834,0.27110408798012264,0.25004353397220347,0.22729818586706346
132.4041306978211,0.3924382484563588,0.2680518692627153,0.24912048856061647,0.22876134774481596
132.1395297554951,0.39554291039284956,0.266880450015978,0.24934422268657117,0.23177332468409162
131.58465656210709,0.3965156885926845,0.2668019299070283,0.24929362939306254,0.234538328249433
130.6236293255807,0.395811450037136,0.266492176153038,0.24945467293085666,0.23709558195674926
129.9266921324558,0.3953312800192051,0.266780819762669,0.2490324226438369,0.23828636660132194
129.4976277422258,0.39521905413349667,0.266776597303505,0.25019056198555856,0.24007190382974344
129.10413988058025,0.3930733973149299,0.26830353839825344,0.25063552134943134,0.24155977028605302
129.01800116434072,0.39333885712928657,0.26762621161817735,0.2515178674631382,0.24332040868464505
128.2996066286623,0.39374703402517464,0.2652849546490917,0.2505202955641889,0.24369919008300436
127.73195174252629,0.39358668675824166,0.265711252703844,0.24998740510883202,0.24327880287010026
127.44587930853966,0.3958102874822061,0.26256000911450095,0.24892786554483304,0.2400958943280669
127.78303708604486,0.3979653265823574,0.2610863376549686,0.24923872792484345,0.23791659876412205
127.66512826539082,0.3986138485307747,0.26056366169450224,0.2502334093706125,0.23556396769098586
127.72053083977472,0.39751330951297364,0.2599611022841711,0.24944805154056848,0.2344483192734905
127.44383737167938,0.3964396104033311,0.2583954060682153,0.2497401736247457,0.23227107819377493
127.48968943590621,0.39815305721093214,0.2604305683749467,0.25131263955646216,0.23223969979452067
127.19456886793768,0.39817026711387704,0.2596588033862934,0.25260289046859213,0.23356695270682834
127.19583755670406,0.396729071586959,0.26085411798118885,0.25263387957726097,0.23412300677189726
127.42413955094582,0.3964056980136646,0.2642570369485517,0.25420061843345076,0.23554388871678672
127.73709148774665,0.3955854895080614,0.2685043579312568,0.2567545962500843,0.2375865602089587
127.91211476851396,0.3943334694288176,0.2703129303778742,0.25682992537286514,0.23783913730042783
128.46562614181155,0.39405508310114634,0.2660501065699131,0.25436833264251085,0.2374419535408565
129.29868618190022,0.3943008727610297,0.26521459371748435,0.2537546290956527,0.2371790921237673
129.8151322061614,0.39573538706186717,0.26458954743157737,0.25319165263374893,0.23557263348275814
130.52708762688147,0.39704156675467894,0.26664473381635506,0.2538080332306845,0.23469341091789553
130.86224412449715,0.3976094625911718,0.2695639320732907,0.25511077516076786,0.23498645699933754
130.89965622597433,0.39724028261287364,0.27337225173400287,0.2569525733527754,0.23471066172533472
131.35368794440564,0.396296674488519,0.2767237091928652,0.25853389681757105,0.23478135870023226
131.14217661136027,0.39710498592726656,0.27961645867967416,0.25903274014264827,0.23104010578054787
131.21391903687714,0.39659900504702794,0.28146282765615666,0.25971445216475586,0.2316597251948445
131.27882920761772,0.3972951632219909,0.2833354324229085,0.26086311088491954,0.2321547386775909
131.18264674050758,0.3990314089619944,0.2828747470957003,0.2612202653079417,0.2331332376956059
130.90860095609028,0.3999474824671101,0.2807608197371573,0.2606097659731268,0.23309087926836508
130.06275612176273,0.400838718579027,0.27673071642812114,0.2599582226034161,0.23334220525465268
129.0970675555697,0.4007048188643159,0.27347263132134847,0.2589569581844931,0.2306875000933114
128.3913193346086,0.4009012575265953,0.2737790239567851,0.2597785405370655,0.22990971176054592
127.93095985181746,0.4006508501686095,0.2738089345207006,0.26055710071345956,0.22921686731561303
127.46934342776892,0.3994097563909278,0.27360223231280967,0.26095384579849784,0.22839182511397613
127.06923419332831,0.399406585047659,0.274804372093921,0.26156607074125554,0.22819734987411208
126.89331756992416,0.3998806530961633,0.27623896709116863,0.26231932209493153,0.2275584347643923
126.76063431419082,0.3991000322116045,0.2772776637312512,0.2628288928732086,0.22683772285977394
126.51747492867459,0.3988184513719,0.2767296436984668,0.26226697326542525,0.22460135001554252
126.57123424367451,0.39717865861645396,0.2757773980100419,0.26176637178871875,0.2244295860407793
126.4308211836601,0.3950160634947092,0.27467271802291665,0.26143769733078703,0.22352238022834445
126.36490323819896,0.3953299625465505,0.2765787809289463,0.26295615416620644,0.22190710048577303
126.53216690773932,0.39419682002010303,0.27844408584295605,0.2642812612328142,0.2210224290819193
126.79104292493442,0.3945877292392044,0.2813096237092698,0.26602576957755647,0.22264347671989826
126.5702506291062,0.3960114392201459,0.2833434995658888,0.2675696903902385,0.2258984079648063
126.39782252051224,0.39604622201664236,0.28115166671411673,0.2663145620657939,0.22878877279367174
126.19534644660513,0.395451072335261,0.28030466876931487,0.2660314123222427,0.23101951532368087
125.9003500377463,0.3988104874312467,0.2780119563847108,0.26620641852398574,0.234296068388437
125.75705257234755,0.4000674971383867,0.2738182950957098,0.2641713449060508,0.23475488011879264
125.81500067161265,0.40078561241731264,0.2735289550755601,0.2642691279589252,0.23534610651849078
125.95550671800474,0.4020328170675606,0.2733909534735688,0.2639919312745698,0.23564332663485998
125.94729590207797,0.4014328217297872,0.2744102380453165,0.26424565879184103,0.2342661177301538
126.16605774729348,0.4007742888098173,0.2741067077552666,0.2639818968126065,0.2342093242406744
126.21833011546673,0.40039558800699626,0.27453104772415465,0.26375044792627256,0.23407555072561967
126.04848636883823,0.39960119865205523,0.27586469579288514,0.2643200990558902,0.2349628359309902
126.02496593967443,0.40043171832521757,0.27248217462700086,0.2627164807438687,0.23334128751678676
126.03919086170247,0.4008994250498893,0.27141880520249884,0.2629214580899982,0.23403783871542055
126.18178090469328,0.4014188484586687,0.2701886726134233,0.26283928153187985,0.23516838623240383
126.14857416451495,0.40216585277827416,0.2693751897203477,0.2629002276074181,0.23670876937486524
126.24720212387425,0.4029327274059443,0.2690788659584631,0.26244539663745364,0.23715886657620022
126.37243477445372,0.4038586615960779,0.2709221894984789,0.263567652474366,0.23773002739389107
130.4362182880866,0.9168119599354095,0.393896723410261,0.4998100006202414,0.45330469688655145
89.10004903168458,0.6351603820847203,0.2292440410633217,0.32612766770945184,0.27780454434864266
85.02892353422227,0.5065864202053366,0.18814003696152495,0.26841925778085934,0.22186603884112904
97.863134608634,0.44704688442463364,0.17975576884600397,0.25053809974383306,0.21389911124746627
107.3037232821073,0.4152196075483651,0.189479425536491,0.24229599545708713,0.20975974381618656
114.04146543548603,0.400229805413338,0.2032045216545368,0.23990651343838956,0.21153933685072115
120.50951256815746,0.3963552921014837,0.21763509954834895,0.2429813406736708,0.2149868605099726
124.38575016088242,0.3959846824355525,0.23236093136922034,0.24989345695076937,0.2190089962013053
127.76549584550676,0.39683131966486296,0.24660026423804235,0.2566648869140893,0.22542902316715538
130.09534737697464,0.40058996245690265,0.2575866342144307,0.26198391903648627,0.23239600767511992
131.27483604040512,0.4048058354665036,0.26310855940037103,0.26441954637068416,0.23608864444188443
132.02413009230003,0.40804986317067493,0.26936355168440435,0.26878580712391126,0.23909166417186728
133.11233300379894,0.41365339429419057,0.27593026717035174,0.27228062155938837,0.24382426237183324
133.69109893891348,0.4150279021269659,0.27814030815213037,0.27191874591828136,0.24454453491087128
132.75333155277522,0.4134967438982041,0.2761625124210663,0.2683643565481306,0.24344882913061774
132.00565752774014,0.4151671480752491,0.2815112125539008,0.26832513059906155,0.24470131155898928
131.46625392069808,0.41466975835635084,0.2888898919230695,0.26998278449150176,0.24487755757169857
130.5945051423938,0.40971954079811274,0.29842787904826445,0.2728830376188503,0.2449320674944713
129.69257939866395,0.405578268844923,0.30402040656046647,0.273648662255792,0.2455189083196554
128.80967284741462,0.40304559919448335,0.31174460873099025,0.2769110903959532,0.24919591966834995
128.9897511035995,0.4008239979239593,0.3235087211949289,0.2807441561899748,0.25190023916026255
128.58320363941635,0.3978677240267367,0.32825782628506955,0.2837143890734613,0.25480194359099456
127.83023110082296,0.3946817840107907,0.3307125377376728,0.2843221034467032,0.25603672160956353
127.91759336253398,0.3920701708473761,0.3286833031585559,0.2830225378068331,0.2558016397376617
127.59202136250113,0.3893401667460331,0.32824674564065565,0.28353176755771264,0.2575271790260229
127.48877390436374,0.38674879605027024,0.3280009029797145,0.2845950651419201,0.2586405274736015
127.3812331088559,0.3835291539463099,0.3278236804494134,0.2844610562830596,0.25981754997218237
127.16663939338385,0.3808029269517278,0.32874165233504693,0.28551717111404534,0.26189614028444047
126.98776132621384,0.3787915214264915,0.32547327648722996,0.28366928233667893,0.2617735460338393
126.7649101146402,0.377886944059406,0.3258937453249923,0.28294479869614286,0.26056793259076017
126.46385106440641,0.377243992429269,0.3267162748348255,0.2807814919194589,0.2583476748356556
125.76941824977581,0.37707828246925607,0.3253290636940444,0.2806219078829101,0.2586927193525412
125.28768867778487,0.37836845112331174,0.3271322526508391,0.28076930527596516,0.25957436485713703
124.93031137764349,0.3793362902918879,0.3249837596849497,0.27971462618058845,0.26132723911643224
126.29016415465416,0.3801669752564442,0.32999705922590833,0.2798081446177594,0.26132403041286806
126.32667884492845,0.3794221625405724,0.3275851488273914,0.27886403461540665,0.258336266976746
126.2183227205776,0.3799940144387024,0.32503861644756976,0.2769209916937422,0.25609313539300804
125.93064011820637,0.37971353416762016,0.32508791465144643,0.27677633883696556,0.2557735825452545
126.26404299105332,0.3806754692654639,0.3258969121102082,0.27813282584775,0.25552734289609763
126.35312123289057,0.38118108905574716,0.32800872151608085,0.27953835058268034,0.2559734185446005
126.46159320829054,0.38295406070570864,0.3269199985289844,0.2803275862081027,0.2554567340126259
126.81936131636037,0.3838604866905557,0.32672091461682334,0.2794987255789301,0.2540011362426402
126.52384897943367,0.38630880424218017,0.32933648517568387,0.2807872480899233,0.25535400033572003
126.34170695888686,0.3859516642789077,0.3304482469315814,0.28091229073896073,0.25505918230200464
126.46626563332156,0.3860068164288659,0.33063556811588296,0.2805820921653816,0.2543310662632049
126.13480705236198,0.3883781535689092,0.328397214905213,0.27974627520072365,0.25572747587094596
126.2262946277391,0.38989606809146843,0.3277151549651969,0.27993918039836785,0.25626016267404017
126.32127905657383,0.39186828309271954,0.330591808825299,0.28171277792368477,0.25724655586069894
126.36066143519395,0.3919741155809125,0.3319459139136081,0.2824306184203467,0.2576815446351512
126.58216094768991,0.39070661995617406,0.3366876979634295,0.28458328574199176,0.25939775319956854
126.71076306891776,0.390779912909907,0.34234957659550613,0.2876713789411025,0.2618742742456413
127.17802334478964,0.39125991645823943,0.3458105879613228,0.28982901808613337,0.2630547741665852
127.54819742984917,0.3919359641813394,0.3529557719399527,0.2935588478180605,0.2658350460955434
128.10758510683874,0.39266562447203757,0.35316697095272864,0.2956832774842746,0.26773620063536524
128.1763056568343,0.39546261253941084,0.3521001966670295,0.29585003532415793,0.2684541844934693
128.2529501226968,0.3949565192611466,0.3497825889204137,0.29507654030785857,0.26871431860907924
128.38807438707278,0.39613164560857467,0.3465707213218024,0.2941668788424387,0.2681216801565603
128.82184815763557,0.3955283661248791,0.34284501470047873,0.29126600041210793,0.26632904259966445
129.07678338777419,0.3971305446954852,0.3415087102290958,0.29110023349836145,0.26613937228386675
129.35685327976356,0.39852375210364627,0.3396063844976591,0.2900507378223202,0.265603882951266
129.5965680294665,0.3994371909780203,0.3394748312636649,0.2894587678151874,0.2652009880731881
129.04731905174904,0.3989759536221097,0.33677451619868926,0.28907554049437467,0.26509887513744484
129.04737130300003,0.399045912027344,0.340860954216739,0.2891095786310448,0.2655726563379709
129.3726822788767,0.40115689436770713,0.34564451062767737,0.2922985521857197,0.2664298788491682
129.33373738730694,0.4010676658784219,0.3469234045951872,0.2929735170866028,0.26725469281838976
129.46153577910914,0.40036603188604936,0.34629853967927093,0.29294509613834757,0.2674717590303432
129.50290410043212,0.4001000018089028,0.3442523130464407,0.2906865004503743,0.26679175535374217
129.74032893491173,0.4012035016846359,0.3441115423879051,0.2911398799883895,0.26750597868830167
129.64832663245278,0.3989323480946417,0.3432106023004555,0.290180790151644,0.2669194394521711
129.39342970111733,0.39977557002568964,0.34206553736053535,0.2897474105000479,0.268330825229748
128.6601599567085,0.39829005445661253,0.3434799311064539,0.28996713732790547,0.26692077641797446
128.43939191363077,0.3972907259893153,0.34120003255251175,0.2884470889405144,0.2671198350081983
127.93349285314359,0.3988133753427135,0.34488422329971447,0.2898406604663343,0.2676625987479494
127.69187165228252,0.3968462382523382,0.34623042601220966,0.29147235270812133,0.26713474362185735
127.30727751932233,0.39729386777957904,0.34618708028181855,0.29194580082429716,0.26770192815109634
127.60490938609564,0.39705960017875463,0.34583816539742696,0.2926541705522299,0.2681285118655337
128.29914675591561,0.3959394105821801,0.34359633998322353,0.2910844650658099,0.267871928896436
128.39683243653081,0.39685828417846003,0.3444193567022991,0.2919422415371918,0.2684488811617144
128.43890990688664,0.3979985309174227,0.34610065076159297,0.29351676673522953,0.2696657902440633
128.67530753027526,0.3987157777950028,0.346685095565795,0.2931322243513928,0.2699858341220279
128.689603601932,0.39832501045655083,0.3465826726521923,0.2922508273503874,0.26984424155580766
128.64397607473327,0.3989816654295637,0.34356181001627945,0.2907130161064398,0.26958526722750553
128.27359520688466,0.39867584485406643,0.3354126791107938,0.2879933013362534,0.26793820545035457
128.21417790839897,0.39908324229910497,0.32995826220298097,0.2869294819519112,0.2680378454756825
128.04174310883397,0.3993767811617826,0.32588053776076203,0.28587724142381543,0.2675272778698436
127.56305758489943,0.39830801787556985,0.3242659475422467,0.28561189737871134,0.2677117039759954
127.39380473098939,0.3974818423856844,0.3217707311453097,0.28428022782902956,0.2670325171131071
127.20127095886896,0.3978516219311758,0.31972000854837485,0.28269748821998025,0.26644891887759137
126.7732580908063,0.3979091956419679,0.3200202499381662,0.2830681179755646,0.2661790877893507
126.70485197433524,0.3965211692593594,0.3196880354084927,0.28248260138060505,0.2656804540840864
127.01497519318329,0.39587102459776846,0.32187047843740746,0.2843825958835679,0.2675617926056451
127.23427454269813,0.39658835663036485,0.3244803218231233,0.2856665524444017,0.269123170688048
127.36441240451204,0.3976176388010038,0.32516199382549904,0.2859360322991026,0.2695903833677973
126.8941969322764,0.3948249214558683,0.3247705651782733,0.2839394518369115,0.26786059025983516
126.31757694368414,0.3921841447927404,0.3223990555486385,0.2820755703868055,0.26583775066970966
126.28747620487057,0.3907127559809613,0.3213022849267073,0.280548552141635,0.264443980192401
126.48049228022207,0.39053405737446006,0.3177987618539369,0.2791484055486379,0.26285918567719735
126.58651399415159,0.3913335480281707,0.31546229345407517,0.2772002063314455,0.26070823183056896
126.67014250994826,0.3937670238269605,0.3131891208407451,0.2760572976583637,0.2593677418264395
126.72342357704292,0.3946087967995617,0.31459181108193474,0.27733941228195863,0.26069068872015666
126.61895469902358,0.39529737516221675,0.3161501512687095,0.27911932607031525,0.26151552345310497
126.80888250908205,0.39604743069802434,0.3157471190301395,0.27820009086417335,0.26087455684865535
126.89470936351184,0.3962632280907399,0.3153498399812846,0.2773815856232778,0.260100640931063
127.20761838644403,0.39777963711972597,0.3127966186419092,0.2762580187973105,0.2592947810614271
127.02666803096247,0.39877253299494964,0.3094397036782689,0.2746384497478862,0.25733906779094984
127.32293896340005,0.39866303864114244,0.3119975524721957,0.27559465549190504,0.2574566931219787
128.14144060891144,0.3992100924799072,0.3154163730306632,0.2768260849789264,0.25761716715920224
128.12315880476166,0.39786367868468264,0.3132061223675948,0.27548401243630505,0.2563400625375363
128.07637158446502,0.3935234972671992,0.3143388708297623,0.2745217146070893,0.2555267284582061
128.1649948453866,0.39501227575950637,0.3150871358910812,0.2752460188495514,0.2565774703533292
128.34111059751018,0.3943753538975311,0.31540487729613037,0.2749063046504454,0.25588461105674254
128.2194118310037,0.3950606756131552,0.3156195207756196,0.2748620793208547,0.2549487409000321
128.22591561520628,0.39535744570311226,0.31515797865829326,0.27513921300478117,0.25442335965292345
127.92435854788162,0.3963022271864325,0.3163351941466014,0.27682695519180656,0.25514905949908406
127.99867876755778,0.39636463600884025,0.3164593597975157,0.27712194153772324,0.2555387730130936
128.1536264628419,0.3972349330833448,0.3154367254725604,0.27716832336939484,0.2551221938777169
128.61833591466916,0.3971360724955916,0.3143485182158961,0.27729135816235534,0.25476818450168304
128.4545422558903,0.3965206144821583,0.3140461387306278,0.2774350897715242,0.2546815434868304
128.4745959282967,0.39662472326666404,0.31420626562418924,0.27724715456189764,0.2547952533140784
128.0595320313379,0.3961035696718537,0.31229624740205764,0.2762877364346795,0.2541885613130545
128.2549249138307,0.3961708092331993,0.3107584385034276,0.27571346276519476,0.2536533277359202
127.91733719048892,0.3955722126606793,0.31170298823144715,0.27707292819263324,0.25405365065909474
127.71956052794478,0.39407328962251936,0.31011899406397697,0.27603475918363984,0.2539610306442197
127.68521730759828,0.3923882591621383,0.3127131384678772,0.277198550949903,0.256352328020492
127.38290058707636,0.3923860675778552,0.31102482263504977,0.2787093612553637,0.2581355274425369
127.62301862573322,0.39196387287684264,0.309096069275946,0.2783598154767876,0.2581260363070624
127.64693626766082,0.3901886506422055,0.3071062555885969,0.27765952186069837,0.25815015402001956
127.81592112739204,0.38950519335191564,0.3065370931468732,0.27789638629377506,0.2586667846781261
127.89020838660977,0.3901542047194914,0.30617245236918383,0.2787191618650329,0.25967634866827893
127.75284943942805,0.3890258421580103,0.30450689795336155,0.2778674403784279,0.2599799433446691
128.23083997019032,0.38967705004113,0.30497453248925505,0.2781171256159631,0.2607518120860672
128.33966964781078,0.39207210023515526,0.30554809105878894,0.27886349986628045,0.26132873191436334
128.30439146759085,0.3900691322848865,0.30534226763635586,0.27764601577353787,0.2602963675034795
128.42164681262088,0.38955136961183734,0.3060855543686799,0.27764785644613027,0.26125395643659777
128.55468693766457,0.38924044455751283,0.3052981031924537,0.2768525035216104,0.26068755052434084
128.64873377754182,0.388812435848835,0.3056192346816797,0.27628708105213123,0.2604172806935353
129.05595368763113,0.3882739006671462,0.30654532071104196,0.2760858179636338,0.2609876249230596
129.0124201187349,0.38842934551499253,0.307215512069298,0.27584667565051924,0.259970454591934
137.61166930141798,0.8706027758874278,0.4033333674027431,0.4775776810290533,0.431707621328353
112.31771227674503,0.6002604899913707,0.28980107209030237,0.35176989625918476,0.3257088333371733
108.50360837752312,0.4706808715960919,0.25446215987611376,0.29717818553429126,0.2799542852518479
113.73390772828687,0.3992526378302554,0.24820535099019184,0.2739810126788533,0.2608692152132949
119.14650064747167,0.37150914155009934,0.24776994861903237,0.26510562973332263,0.2529568456276756
123.29287676394904,0.36199341724943285,0.24617660416609202,0.2557617732992599,0.24694065480864302
125.47663599728273,0.3622800135296189,0.2544321993714674,0.25206308289548157,0.2441742415523756
126.96395080823031,0.3629528754792507,0.2646625947257088,0.25333192008535854,0.24457234543218345
128.06422800937477,0.36135415308061536,0.26781495539250805,0.2506573739726268,0.24229261531041357
129.14301887416747,0.3631614638846365,0.2696691774572686,0.24816517600165675,0.23805901990064668
128.94088120167672,0.36561394585549056,0.2668896297871725,0.2463193294024958,0.23619873239620048
127.99694570406963,0.36534772931974857,0.2634565645347965,0.24194843927044565,0.23326044887209735
127.84955327087702,0.3677654689607087,0.26217203324676663,0.23998707707513836,0.23136387888173962
127.50027592965105,0.3694741239428837,0.2613748173501345,0.2392944673072918,0.23022982661062188
126.58205226423375,0.3707372865842981,0.2603905346894077,0.23865602500626998,0.23000133374258078
126.62249247301196,0.36922433220251116,0.2585856411581541,0.2366853371604268,0.22891082669018062
127.24831780882346,0.3713509258559694,0.2610041475862879,0.23930115654680476,0.23018159312595762
127.39222186959232,0.3706980632907813,0.264664703761132,0.24285634780106108,0.23382375134447445
127.16340740588103,0.37193107570854883,0.26486691971889026,0.24372391263406984,0.2352474527643944
127.9021963428487,0.3726502344665637,0.267298072079038,0.24614133325801468,0.2369009891950982
128.0776591244312,0.37342495675064485,0.27091882197234884,0.24837782903992656,0.23873742907208817
127.97802644666845,0.37305015701281896,0.27238657296371,0.24729183453846335,0.23862381498021917
127.72065884735554,0.37197379485866006,0.2826936622776779,0.25271336320247584,0.24244464154158396
127.45533590946232,0.37043691917364086,0.2825201740495504,0.2521276997776855,0.2441048683238299
127.52651226131641,0.371002723488523,0.27958293073992085,0.25027824162156775,0.24367258759891489
126.43217073808907,0.3695189122259786,0.2696957356305398,0.24211663048094148,0.23699706239560012
126.65348694204847,0.36964933522792837,0.27192386560588117,0.24269962968524458,0.236661191742224
126.76135035718794,0.36948022845490397,0.28560806795413457,0.2490200107595646,0.24113234112933227
126.09402383482507,0.36854345711177156,0.28715354175435787,0.24877170432104362,0.24185963853894038
125.67053390018965,0.36846606546615385,0.29975551629521363,0.25582321820970555,0.24625266358839468
125.5128911582683,0.36863928242226424,0.31000846155035466,0.2591007265871148,0.2442117822988572
124.91052310345265,0.36834891390232116,0.3117816059656855,0.2597639308093419,0.24320039301300972
123.91744513858558,0.3690800530063677,0.31725771300341943,0.2637243463077691,0.24529768297200738
123.22522990309419,0.37069533678715316,0.32376927057584753,0.2676516913157018,0.24576699964900084
123.2552511118482,0.3717874787029538,0.3296303191947565,0.2714747601337773,0.2470476229478383
123.26446108834237,0.37204927224681067,0.330133628330556,0.271695207931798,0.2457701326329947
123.89370650461316,0.3712451596525777,0.3230507161683006,0.2679920460101393,0.24511327308192235
125.06823132677542,0.3678569119457668,0.30681928737989106,0.2601242184813368,0.243724424987293
125.37683971562478,0.36789151731752895,0.29840051505158083,0.2554915741403277,0.24281765706906533
125.62945604803797,0.36768428336192477,0.3037849743473228,0.25920646875891823,0.24478726654446614
125.88208548994942,0.36893343552999835,0.30889759231761094,0.262075457218795,0.24496420464013235
126.04197716818015,0.36868954700598827,0.3098348759359041,0.2633882966233519,0.2445465579973506
126.10039282531123,0.36830127831256826,0.3086310441305028,0.26415619183431205,0.2444047307675377
125.86347708149835,0.37045571504883285,0.3216288439417615,0.2696199774992036,0.24493354906858292
125.83215535092494,0.37112224389936616,0.330585057776117,0.273406223669425,0.24666409367700312
125.36516841620275,0.37293780404885163,0.33595052565050687,0.27530010685945044,0.24693750629544764
125.22923723577257,0.37460402508590007,0.3399188800279665,0.2777724941577592,0.24663415526481167
125.76101943483177,0.37275291006680467,0.32161384745847293,0.269470289642005,0.24471312384148397
125.85335047280829,0.37346475267359547,0.3169614174388426,0.26857951778941647,0.2467088636703518
126.15866655888888,0.3734141190806308,0.3200219694584402,0.2698076855946857,0.2456452573263132
126.1790352731074,0.3739872637808442,0.32143396397716756,0.26975719646084206,0.24542735435471985
126.52751942992334,0.3730406334348436,0.3126659793997974,0.2652755796458465,0.24434622184221638
126.58742332809717,0.3720349933043179,0.3101869654428144,0.2639570977201553,0.24380561262567602
126.85297447329364,0.37137230795607273,0.3121813747708385,0.26422756682967,0.2445272746709862
127.25510522294134,0.37130565283857164,0.3064001026518768,0.26175496555374234,0.24410288019774676
126.82022854374702,0.37148569637233936,0.3084458748840419,0.26223364240493885,0.2434691217555297
126.60066990614635,0.3705788593340882,0.3063706814266126,0.2618727690656703,0.24329816831396125
126.29652854186438,0.3706828886650753,0.3073712349777579,0.262113959338101,0.24311760034557767
126.06857519370355,0.3707499915146777,0.30747174693420487,0.263173646352697,0.24368982978028841
126.66135085190373,0.3703167001785355,0.3025661447839361,0.2624294811688661,0.24430319160476557
126.43565761831971,0.3697631698582792,0.29548049998192166,0.25865367943212353,0.24403656299189094
127.02755357132457,0.368451869981921,0.29008046700699053,0.25586105227121436,0.24408857903114242
127.27692709068772,0.3701465836322815,0.2916264054195612,0.25644318288994694,0.24416467814793133
127.71384406180601,0.37082957552882667,0.29013104248021904,0.2570284883950225,0.24615205330022946
127.66463844061381,0.37097033432533333,0.2898034466433756,0.2578505152264886,0.24731189438773174
127.52412632565924,0.370895771722057,0.2934750099314778,0.2598561934803996,0.2480347064242264
127.64096677322863,0.37083343081907766,0.30149447001955554,0.2627023733759305,0.2464493234980818
127.83088389631924,0.3697642320135119,0.3036321449246623,0.26357465818430426,0.24570207926953458
127.98822296902969,0.36823502472191966,0.30534244573903246,0.2637433537197505,0.24452346393176153
128.2197896801007,0.3678318027642933,0.3041276353033983,0.2622400367966516,0.24289186111604133
128.12864046046803,0.3716773695133335,0.3105348021142126,0.2639081530450209,0.24183431620370557
128.32846541614722,0.37009110952248,0.29842998827091843,0.25726513746272844,0.2400600723453489
128.5262856732792,0.37118572296771796,0.29075298102558217,0.25245080036573775,0.2384871305558279
128.75917029947917,0.36990682392095886,0.28970777863022734,0.25327839500023125,0.24175271627240275
128.50390324311667,0.3707971345988985,0.2933681529754456,0.25448697594625236,0.24151667229514576
128.10130418656243,0.37013153934303866,0.3020900357941417,0.25881936926605037,0.24153250055226014
128.29117297407316,0.3693400993406841,0.305058274894475,0.2614173195516906,0.24194355451986257
127.87289572966205,0.37221510551306236,0.3167244683177829,0.26610821643547167,0.24178094648269205
127.76462874154373,0.37257750115554655,0.3206225280224108,0.2688887036636346,0.24213501676567387
128.04326700297503,0.3732184606928404,0.32410435812281624,0.27016238486567573,0.24065753156918296
127.92288409071806,0.37614698774968136,0.33208588688146473,0.27378451709319535,0.24008706993126344
128.08969965910117,0.3748204418873619,0.3316073568440129,0.27351954940276063,0.2406821430293831
127.98575401817668,0.37356642684059044,0.32886253388394143,0.2738501255123104,0.24113278533428684
127.51348552478646,0.37592690533614076,0.34126854176876453,0.2796438928656355,0.2420337566633894
127.33615606508332,0.37620781859691405,0.35118877554792194,0.2836721993991757,0.24289295994260596
127.42413589172105,0.3744508723891804,0.34132842546226366,0.2774554474498197,0.24104190290263738
128.24143041488455,0.3723627955004835,0.32762981853383666,0.27116534446980006,0.24006559132745653
128.04887169564,0.37237594023346354,0.3224420905069252,0.26778999558587985,0.23985247663187612
128.32882632427615,0.3702234515591513,0.32016180225416935,0.2659071777443542,0.23938736363738586
128.12075325671384,0.3713207581163933,0.3247676118506616,0.2683633883171579,0.23991272913941486
128.49153440113352,0.36890491560942906,0.3116455896483932,0.2636996816792353,0.24079041157653625
128.977923299319,0.3686435621147497,0.30123830179717354,0.25827211750414336,0.24060070454330226
128.95259276966706,0.36743598708295794,0.3017958442769365,0.25794815504880836,0.23982522114131496
128.7132753937655,0.369373275736563,0.3160616884554634,0.26575980027269,0.2411089132935782
128.8820674777872,0.367094972383844,0.31112042870156725,0.2645036970195396,0.24022721263685
128.81314728956457,0.36722833240795755,0.31892709761286875,0.2678628109050854,0.2392756035694163
128.6982457193389,0.36722774230283706,0.3253479190386607,0.2722124097158499,0.2399950469028454
129.01080251048273,0.365700511906617,0.31635807329602417,0.26856038679239846,0.2392633377496967
128.9646141972996,0.3658698616203067,0.3135153425066551,0.2671417638007405,0.23858411030551024
128.97642792145297,0.3658780900800972,0.30964143594102805,0.2648428105486654,0.2388607728157787
129.01872494991133,0.3660388317419701,0.3052569277591857,0.26282846114745256,0.24015565304972622
128.75445184292408,0.3669242236704675,0.30903434411760056,0.2641987553604933,0.23993971906328354
129.2494471745546,0.3673079786381685,0.3035627059012816,0.2599394056487504,0.23715483075874585
128.878295246321,0.37051299922073627,0.3039759039197345,0.2608547385033994,0.2371010107110014
128.9772808396755,0.36958824435044635,0.30750652437113335,0.262433464836829,0.23737014511612267
128.8069434316525,0.37139094021362123,0.3119271037845436,0.26411548887957514,0.2366084170943721
128.88089436913071,0.3708501262176572,0.3033230589639049,0.25968184597210575,0.2364536364521388
128.0696191291363,0.36945874643217835,0.30779713576363893,0.2615530887239073,0.23732938400188183
128.00108452707534,0.36952439165979434,0.3147467741214791,0.26454100427970545,0.2382638072570618
127.84054731997956,0.36783806637567934,0.31282773747419146,0.26395079508605124,0.23952399696090546
127.54859752113616,0.3694627668791941,0.3111122316216816,0.26279639263913945,0.24026781971903485
127.41146293085382,0.3671579134945134,0.3092590479859081,0.26337482374821164,0.2407798837171111
127.37365768789218,0.3671426948075546,0.31200408171673716,0.2647092574128887,0.24001695671996176
127.1370730825855,0.36666784109536943,0.3031975503636818,0.2607434896984758,0.23908950996436967
126.8854733279929,0.365847543810779,0.30619971637461907,0.26358547050541004,0.24053867687377323
126.78102814108843,0.3696035308084323,0.31979864371166505,0.2698070314736728,0.2415895403265
126.5820364959443,0.36930516499654314,0.32350047879503413,0.27108974627639937,0.24116969172416042
126.40036266311662,0.3714140259067678,0.3318793234816176,0.274617216008304,0.2412757137217126
126.50897941509756,0.3726211947563033,0.33897501165837174,0.2777591049210855,0.24168093973119703
126.51342488775619,0.3731839108863257,0.3397065886660195,0.27786337898138375,0.2413765973384461
126.16480237283314,0.37287279892345637,0.34251224228480887,0.2792512449549501,0.24184579032257292
126.04145596327027,0.37042839513619713,0.3420487080121612,0.27884485512916335,0.24164026563976504
125.82618395959175,0.3702188445337784,0.3467987089512382,0.2802501190678048,0.24040248996637123
126.72087502532284,0.3693732263923552,0.34298745282852344,0.27861701310923226,0.23973658297684988
126.53193402141846,0.37284692050044793,0.3534944118197219,0.28422336579313584,0.24057153352794577
127.26758942485165,0.3690874241073161,0.3363192474649294,0.27662833374865375,0.23769575250298763
126.74700377744966,0.37231152389466904,0.34230760131350885,0.2802214224289531,0.23980296549292163
126.9829818593215,0.3709776344380226,0.3412531002112206,0.28006075684030673,0.24061308215523483
126.66079478341518,0.3742014372365926,0.35094085378632955,0.2860819181383537,0.24282100663092485
126.36357635153192,0.37278444383522463,0.35335876726759213,0.28685243269437405,0.24230976213119412
125.82551436157722,0.3782195899566156,0.3712608589949069,0.29526677315565303,0.2452169621967157
125.51587953093393,0.37529727246894284,0.36242029438601614,0.2898628533258831,0.24310916698792107
125.25533919514902,0.3729851778691234,0.3528845543466899,0.28482785520159964,0.24106246068020923
124.66115213442527,0.3730594342302506,0.3544621210756594,0.2855164360369866,0.24085157314875993
125.2983665482905,0.37047500056066407,0.34704552521160553,0.28113561429696043,0.23837009150596714
125.15255445686513,0.37297807713256165,0.3465483010383951,0.280856700999739,0.23839391260535422
124.9447328239769,0.37234768377221533,0.343497762865291,0.279271690495888,0.23833530449577545
125.43933217259422,0.37149595498297816,0.3409508013392507,0.2783345046048267,0.23933407426761052
125.23942111126097,0.3751590003375589,0.35033820954917494,0.2833666338329223,0.24086789252361535
116.15331814095627,0.8194615531312412,0.3297483444915031,0.41104027675163995,0.34634842165803986
55.981438845651184,0.5738216225151482,0.1990440374928207,0.2860077394920209,0.2775998772912961
81.57601891618444,0.4592021141252108,0.18817822800555564,0.25967616270611854,0.25724496252690987
102.69172153507424,0.4027768959770549,0.200913088662266,0.2515520727212014,0.24745067335606433
116.60289026939206,0.3766127878547039,0.21999360145352476,0.25341271166686835,0.24596767192601432
125.74538601238899,0.3673508300521062,0.23975365371204027,0.2570429256395755,0.2463580872268542
131.60823810210385,0.3667604729050362,0.2592660860990665,0.26338235393082854,0.24808834734887997
135.15712862418016,0.36822925306070603,0.2701950527364644,0.2654625231516142,0.24769222558144208
135.83356730970786,0.3714272570286638,0.2753482117300502,0.2678593955578584,0.25053180203354936
136.64416061328342,0.3741244507748625,0.280470872473405,0.2699363780529532,0.2541242682209457
136.49369280792354,0.3751010083953536,0.28164746492913967,0.2678859664379816,0.25461913604036446
136.5039905821268,0.37634006849484947,0.2854551902251096,0.26859350035169594,0.25707384711408543
135.61160087471873,0.3769807631431718,0.28501858837457983,0.2663756169848219,0.2563460407710335
135.3758018981349,0.37861917698805264,0.2854490373611876,0.26481590572642605,0.25486479145350527
134.63963800704028,0.3787304501587192,0.28363628708241695,0.2611809230353949,0.25269946483547856
133.6721115408669,0.3788487751880317,0.2848938774988983,0.26223543212411865,0.25336772678371555
132.63028131196583,0.3788889549015741,0.29028267199857877,0.26527508570871916,0.2575589596470429
131.60062792032406,0.37443825844633294,0.294998008858785,0.2695586661969103,0.26051258654025145
130.35427209616319,0.3725385953141111,0.29595424171170553,0.2710129723307379,0.2623653246816836
129.91300026471464,0.36997093061331693,0.29606268085230875,0.27051125407265986,0.2625108011778363
130.02273413845896,0.3667272413590303,0.29384182268239073,0.2686517970625499,0.26003217607217005
129.8793595217304,0.36474232510882776,0.29389103607658446,0.26753318119018443,0.25897573121973777
129.6421261969079,0.36412397930689916,0.2940701432119913,0.2668450985105661,0.25764908197883696
129.49030156641493,0.3657332254201294,0.2946583331350831,0.26707213945844716,0.25836345015364537
129.4298754476676,0.36414980357561466,0.29373953907618977,0.26678111194089793,0.2571164915091801
129.19996595074383,0.3638068286713351,0.29299623067233976,0.2643884753053867,0.2546024702222353
129.25971815895159,0.36426492897781015,0.29126175801805426,0.26273865472986097,0.2528322760797181
128.56476344667405,0.3647043717043965,0.2923708744266233,0.2631202507683116,0.25292161882502406
128.68960577804395,0.3617326837667238,0.2902121567509218,0.26027455174085784,0.24936402138735647
128.85240162241928,0.3630011967625361,0.28981137082720676,0.2598783148859224,0.2487565675243137
128.7448724634334,0.36028256652373014,0.28961884485827816,0.25936401202759823,0.24687072711825256
128.44375865850574,0.36370805930333955,0.2926644269732273,0.26063192644104166,0.24776792234363046
128.23403413524366,0.3613894450565378,0.2955401028407069,0.26562052666913305,0.25062674014480973
128.03899628164027,0.3640368454177288,0.2933474858275117,0.26378487431767444,0.2509768133397997
127.77812303819913,0.36622777035636833,0.29349004099902654,0.263711850563985,0.25212189248178013
127.71656480876226,0.3672231579372077,0.2931557587443668,0.263184459001393,0.2518216558845675
127.60590572547883,0.36607325805134494,0.29222241994788195,0.2626002074499587,0.251569565145163
127.69068663991568,0.3658568992460017,0.2935131838277421,0.26420500097435534,0.25383745968416693
127.5486813631092,0.36528396811463504,0.2927334340870935,0.2640182947539063,0.2539284035576974
127.2465857857421,0.3657171450721241,0.2928668792760873,0.2648128405937013,0.25442921703403726
127.63625797272253,0.36419416280776706,0.2944252303780115,0.268194574761662,0.257408577079346
127.90841788349154,0.36084753773582323,0.29184920501294853,0.2666302369983976,0.256692717228894
127.9327347148107,0.36284101358651816,0.29541248204210635,0.26856069924265236,0.2576933557196569
128.3748962813772,0.3628657200450574,0.29704065282621994,0.26894326899892357,0.2570544398461542
128.34259118875696,0.3624208746615828,0.29878425484442617,0.26977731121174714,0.25698998997476347
128.58427241532593,0.3652207023771174,0.3069284246780084,0.2740803233639391,0.25967335455795454
128.26068908827352,0.363220600491388,0.3067326725344806,0.27456832311519275,0.2589430477698856
127.64417592786953,0.3615950007067304,0.3047396644730214,0.2736382747795201,0.257995960476635
127.5930621507375,0.3618926036117061,0.30230424894521124,0.27160374946043675,0.25685339495266213
127.96812770090098,0.36332201691616267,0.3032576566869679,0.27188191949543367,0.2578541795234394
128.00871912685002,0.360801326781957,0.3043159365891062,0.2725316156569655,0.25893249613786185
127.711886650365,0.35977363902810816,0.3040863658150473,0.271287272028584,0.2589311102582261
127.65918311396166,0.35969606694130285,0.30212930961550416,0.2692690199586407,0.25769083804841114
127.62253366971817,0.3621326152749682,0.30592527831984,0.2716805010592058,0.2594371357324121
128.21605698328278,0.36002172295448254,0.3033137791649555,0.27012806110201776,0.25818827576189024
128.3925940845195,0.3609929679527553,0.30238990699532853,0.26935825085810233,0.2577553165586387
128.6478281827952,0.3627555764613851,0.30677070161514797,0.2737462837334749,0.2602367170449068
128.95210326164388,0.3626181309533963,0.3075700721722756,0.2748500667511264,0.26102754688124374
129.5168856274913,0.3619194697780063,0.30731605669814344,0.27547964996787777,0.26201619800697457
129.50304471014766,0.3605040489714668,0.30334974136845066,0.2723119239508495,0.2585791646607047
129.17384691067969,0.3607030415204625,0.3036660907051302,0.27357918572290213,0.25897961146677395
128.9909196481438,0.36329178589948574,0.30326213044536304,0.27212375364299735,0.2586512205912622
128.8053572028846,0.36499528184155394,0.3112264253362976,0.27703776454739554,0.2613867967792281
128.71867063999605,0.366691090416765,0.3140983019615247,0.2789231155688087,0.26290783496196024
128.223872030488,0.36451294050091043,0.31443530022901545,0.28031361290159945,0.26448226894160304
128.51992359232366,0.3610485972536954,0.3136939003332851,0.27899647764352237,0.26195619578015317
128.58690925444958,0.3621291978250516,0.3069336463507124,0.27235528864998837,0.25799956489675974
128.636746550175,0.36471376974205305,0.3049771153790353,0.27049725471110764,0.25705298597584725
128.78448614613018,0.3621022202923934,0.3028413608429862,0.2679427659223496,0.2546513180871172
129.05055016239672,0.36149627225740305,0.3012700835804693,0.26701197391366416,0.25387039442318005
129.37026763202996,0.36224088478428434,0.30102519141963446,0.26688748199917806,0.2537598711740755
129.534698251731,0.361122720643195,0.30213849405256094,0.2680373725228518,0.2540729363374296
129.04367391302688,0.3617736477571755,0.30031160931226336,0.266354780014975,0.253693111219567
129.27794569929594,0.3617084974257653,0.3033814411451373,0.2699079070086732,0.25568035590512844
129.88922691120646,0.36368576272640424,0.30569671259106784,0.27153059016928766,0.2573738726166801
130.32851690225374,0.36490904891150167,0.31026021637945395,0.2748383539598035,0.25978914080441856
130.2723307193977,0.36439239025471637,0.31098359335537296,0.27623314579607827,0.26205598298914945
130.5314491694333,0.3624000347858035,0.30810662420329277,0.2756460476102767,0.2611440815000826
130.86526862705003,0.3634615457236529,0.30719961958366776,0.2744794281351365,0.2609659592138621
130.63375407005546,0.3658154597550161,0.31081592967347876,0.27614576097668353,0.2621368749883967
130.52179027403523,0.3663586882389025,0.3129720109779916,0.2785210261626945,0.26360299464110537
130.44126783127172,0.3672173609046765,0.3159125945202197,0.2811482444428301,0.2653934010244359
130.1732970677618,0.36517524244639876,0.3166348110319183,0.2809254872683627,0.26481537873981625
130.2945339674081,0.36383413809558346,0.3125627061179848,0.2774492894857257,0.2630101408115915
130.26650878271244,0.3636910444443278,0.30867557692730757,0.27368816269875074,0.26039737832544757
130.2304060520739,0.36510974413291536,0.305242962933865,0.2712960084888306,0.2598069550404314
130.49292530238208,0.3659222814633543,0.30664627091970437,0.27253057529071967,0.25997435268187835
130.71089374021867,0.367535376229451,0.30869147112633005,0.27347944903375393,0.2590306186471591
130.7220261097368,0.36697835786283783,0.3123514934989816,0.2763960522577748,0.2613777147914758
130.5011170972722,0.36561712684965775,0.3108090102871914,0.2762665358006983,0.26134782576803406
130.20904209944402,0.36583740837715406,0.3109126773386254,0.27612049943116435,0.26286989083235424
129.67056862843265,0.3640294715876794,0.31246749396526907,0.2770319436342368,0.26417813186539707
129.38268966356566,0.36341614090372776,0.3100906371769315,0.275104010002683,0.2638725621992298
129.07228468046586,0.36165962284038866,0.30924268197230226,0.274434809126091,0.2637991449227938
128.77447300097623,0.36139994800560316,0.30646768459342993,0.27222660613968586,0.2631647334964975
128.660317344169,0.3612711282921049,0.30504652922426373,0.2715793945957505,0.26283703985323204
128.42285446836286,0.3604565823163528,0.30180829315865937,0.2698301549752494,0.2620750087241448
128.47889029910883,0.35868895574769755,0.299114971268458,0.26663000940875486,0.2594064016060217
128.78226534449558,0.3613248667236254,0.2988544490102222,0.26658135042793485,0.25606164543396076
128.90426800364264,0.36094537334839893,0.29670328179750466,0.2650184834864441,0.2536531731789076
128.9927796210579,0.3622883313559145,0.3004136412925648,0.26696953420871905,0.2534789361696237
128.8627286068313,0.3620647886366088,0.304519914675833,0.26988683801998403,0.25492279718738414
128.97143224801442,0.36266527991746517,0.30431180304365096,0.2699437888467858,0.25411755561268906
129.1311290741566,0.3639435131304231,0.305334552648877,0.2709680063068417,0.254134662774629
129.2793009908473,0.36439615488072974,0.3068343868176784,0.27174681973408843,0.25400470298326305
129.4947558232574,0.3655704927626016,0.3076517026558351,0.2728645470665486,0.25628315572055693
129.6107054951555,0.36516248498863907,0.3081931742464087,0.2746344184807486,0.2592952674032266
129.50052989236818,0.3644325094413189,0.30825309706139675,0.27542805531047454,0.25973163779982766
128.88449747158867,0.3628789081293373,0.3046148765265346,0.2733755287619379,0.2584333304627773
128.95379483313727,0.36219997257965336,0.30335253393232503,0.2711666038198435,0.2561176052678026
129.0050121933124,0.36268141147104926,0.3050399221347073,0.270546991568766,0.2558218478611697
128.69933270761828,0.3607089387118876,0.30556744846546907,0.27037391570158503,0.2555818847619949
128.81227125210245,0.3599223301781574,0.30803702986562254,0.2720873149409071,0.2577291680366352
129.00224536718466,0.3599358899938767,0.3074279938514882,0.27234630154677447,0.25760604844717694
129.1642383832574,0.35863572697292745,0.30674478826396995,0.27244642384331547,0.2584135200253161
128.70624086579508,0.3592707391104799,0.3075225962380399,0.27325492652655814,0.2597257472094681
128.52090592521327,0.35858567233564886,0.3066068202827761,0.2718289813141992,0.2590287176216381
128.40590201857455,0.35820930306039545,0.30710948389046566,0.27230307334796977,0.2593486350115797
127.99002447812902,0.3591779919789256,0.30597077763777725,0.27104107480409545,0.2597181994483847
127.91457903359002,0.3595843971718172,0.3033279464081984,0.26891728097607764,0.25865944299591853
127.83295812151566,0.3591629118260564,0.30433724801418344,0.27102075651940377,0.26079534411506133
127.8629717400409,0.3597904392040921,0.30254821488922023,0.26940021650439405,0.2594825970505408
127.93576950306024,0.35823877743706045,0.3037208271652536,0.27036807363574616,0.2580430414380386
127.82160444180764,0.3582795192925326,0.3048400646100107,0.2711666709727436,0.25852305922789875
128.04570966357826,0.35652359730020544,0.3045245471662096,0.2708876845225799,0.25728224228549734
127.96746855699644,0.35680164184141006,0.30448220304108936,0.27006027422369294,0.25633857155703366
127.8959942002834,0.35701892303837446,0.3036357772722655,0.26997988385664184,0.255881859860569
128.03536189621698,0.35713912052056246,0.3031796246805301,0.2696093428115303,0.25514947991597087
128.01715293377717,0.35701085661487125,0.30185187054044005,0.2685067600170119,0.25397558086415084
127.98724616547406,0.35949788887616135,0.300532124554845,0.2668335535733101,0.25265111714212135
128.24992430960177,0.3613382270731255,0.30174589027606413,0.2677293893689118,0.25335836858005
128.5882768293625,0.3624947433016842,0.30224996410880123,0.268292310837087,0.2536682929725209
128.4375663875039,0.3629264812369947,0.3020284185264197,0.2691655925174735,0.2532105576583741
128.19822498481705,0.36200693830300246,0.3025520819630839,0.2698574003495983,0.25443462982018156
128.0578543714174,0.3645321202458108,0.3033095991593163,0.27128955709241054,0.25524649241663283
128.2755289202902,0.364443510813604,0.299641518585039,0.2685649003687684,0.2530369991030087
128.76718711373113,0.36522321715174116,0.29689560316100794,0.2665623656721879,0.252044542120837
128.8237647146717,0.36733784569867917,0.29604622227742544,0.2656359702934468,0.2521819743093393
129.23562189980362,0.36833577138739376,0.29960952201897867,0.26784998066623117,0.25308346962005973
142.6987517325885,1.0216693737084932,0.35171853983352264,0.5009585688043803,0.42627800416662365
74.61167007663205,0.7264499686115409,0.16577115672950554,0.30238689522536333,0.28773470091748743
80.29688009625448,0.5451834660452728,0.14832060650275328,0.23738475653158733,0.24115284537405868
98.23438856486581,0.44788768214331676,0.17530523323525127,0.21950593800098123,0.21548919555644477
111.53045692017318,0.40201777640249975,0.2042260813026015,0.21955196370869487,0.204646909254544
119.85801852066028,0.38428498124057736,0.22933884078035705,0.22551915662376976,0.20828338503317714
125.17865255416093,0.3720026849867263,0.24028538370273017,0.2287173065088943,0.2106363989843656
128.7209238455222,0.36541103113453116,0.2507916140698827,0.2339551322714106,0.21380763333906364
130.99702141725135,0.3569813045169858,0.2589325037782761,0.23960565647510254,0.22115252672230443
132.48845054618326,0.35468772876387206,0.26572904866973984,0.24245054495457738,0.22363138231757446
133.57379486359085,0.35567807798613077,0.2666756731302645,0.24288939717226135,0.2260082745398426
134.5794447137423,0.36060761114330947,0.26757469786781574,0.24378742115944402,0.23001903562754422
133.9138401909938,0.36063040074889996,0.2647089499821501,0.24100206260611806,0.23130883018305526
133.9066561345221,0.36564860945048083,0.2627930945748619,0.23992360583232675,0.2334793907806449
133.73757051220954,0.37009541877617125,0.2649732127886092,0.23969374640860872,0.2343891136724696
133.37337182090303,0.3735748019910308,0.2648361055763752,0.23853359083477474,0.2345928304759845
133.574134753396,0.37667853835870657,0.26208784433284743,0.23622669299241503,0.23487636947082266
133.70714250020757,0.3810227552738598,0.2631017181035756,0.237102958826749,0.23841197817790238
134.08272795454488,0.38294138808872447,0.2626182042382652,0.23699159830991035,0.23978788188570244
134.10852390637004,0.3835216500105147,0.2606047625125655,0.23682724734410918,0.23931546329503714
134.2203255608716,0.38300013084704054,0.2597898320007507,0.23622250007774556,0.23866999476650133
134.827266506592,0.3838172162318852,0.26029738157106996,0.23638983740450845,0.23727266512453324
135.29264592483904,0.3830835795645245,0.26144638526906444,0.23711323527088646,0.2390032667221268
135.07978964363934,0.38104736973349207,0.26157965721279525,0.23721840007471504,0.23944608862900976
134.58618935870015,0.3799077489095826,0.2626365923901013,0.23692432843259897,0.24046335152304912
134.11555282695448,0.3778826990822761,0.26138938072307344,0.23799492252474677,0.24095298202060278
133.97432238480866,0.3741497130402336,0.26204738975020003,0.23878551576052215,0.2410341973063991
133.82283093268103,0.37216300204424263,0.2632695262391029,0.2391448332721595,0.23966500672755342
133.6805446185616,0.37297818343658884,0.26670131084368354,0.24011548672185415,0.23929168174570464
133.61760290385416,0.37083561079853516,0.26367845269410345,0.23818614281538952,0.2376925981814813
133.67961960929495,0.36946550563584074,0.2577346395514197,0.2354732188883413,0.23612082020301547
134.10540120360025,0.3694675919884075,0.2595004255348596,0.23697526305478214,0.23779806009129326
133.82904880245854,0.36745311573249234,0.2545829979682937,0.23529780438874145,0.23472020181680903
133.55300501203948,0.36653685743689934,0.2512123953962467,0.23474306796166847,0.23290829326909313
133.1814741227765,0.3676227133564929,0.2539222072592142,0.2357757117802455,0.2324108933499556
132.58524559768185,0.36570565566256896,0.251272639993718,0.23513605061217083,0.23120029360189742
132.0516976390309,0.3688422798202294,0.253382210944695,0.23544872195361066,0.23018326169661835
131.46209907895718,0.37083500934633556,0.2514061972061018,0.2342751361015727,0.22822205970252216
131.54607345410557,0.3740360998145947,0.25682193593034197,0.23651106664252827,0.2288577317213706
132.13126129268394,0.3766815613441007,0.2610886886003448,0.2378489144702055,0.22952434007698638
132.3293113998825,0.37637371227937816,0.26271761911745184,0.2391896596013708,0.23035040130207754
132.70147041413614,0.37685952931105715,0.2665393665022056,0.2412063580343278,0.23249815784766703
132.95436496646983,0.3772911960301888,0.26353356651695886,0.24016557399478927,0.23193634287777742
133.8160340306693,0.37872925627479026,0.26578344908832446,0.2413922760400906,0.232916432927436
134.18259620632767,0.3793647132529429,0.2680083195094731,0.24358827958219462,0.23599031471447696
134.50992757168015,0.37884890737344495,0.26935306669438996,0.24515225581806024,0.23697333686573405
134.95232791391075,0.37779733073664173,0.2701818827033871,0.24602672362392258,0.2377120899699814
135.20174544216903,0.37609294847752633,0.2693119484491033,0.2458006296795832,0.23709729007263142
135.40130728358216,0.37472259638268457,0.26762316342910825,0.24552794907637343,0.23706533315865125
135.35737642530987,0.37500081593639706,0.26628538603518104,0.2444410864517481,0.2378417726455513
135.29247704811428,0.37480269230652397,0.26475248004460794,0.24407582689421814,0.23730461421799048
135.06353971636,0.3739983271062714,0.2638012895055328,0.24369651074220983,0.23726062888795563
134.85204465613387,0.3732454907552028,0.26291361093890514,0.24380560479125865,0.2380721624928491
134.76296998241168,0.37338843594904986,0.26298204747608345,0.24403931683565125,0.23884556148096356
134.62806016307977,0.372742339313954,0.26321405611970544,0.24396770838005377,0.23879293148415245
134.3854897402203,0.37084552743624594,0.2626521243508215,0.2437236870907072,0.2383673781503726
134.35997295563476,0.3693290187886182,0.26183185391871494,0.24378766689545453,0.23746381941150452
134.17799420206543,0.368660715858215,0.26171273712898835,0.24434529495295723,0.23738566283893506
134.18795154432266,0.36924288566168745,0.26227655695724555,0.24550181503419585,0.23802761680423623
134.043355276005,0.369594707913895,0.26276402152935757,0.24595647368801027,0.23891059981485474
134.03715382503856,0.3714705899210488,0.2643341334200187,0.2474336527030007,0.23979849077486345
133.89423164630793,0.3730557182416325,0.2664612509454825,0.24758957079840088,0.24013854117783937
133.98856101184822,0.37470280815832024,0.2694977127814287,0.24898703030760044,0.24204339479742662
134.13860817811764,0.376420015656103,0.27084501981378833,0.24973787127561067,0.24401023772601332
134.35386830305188,0.375655811710682,0.27022072593845897,0.2495717911415663,0.24429152565066964
134.27201380420775,0.3745792409186333,0.2694539334322192,0.2483025404728475,0.24248308746069583
133.8720390827339,0.37394366915589167,0.26619596406317897,0.24593285302551787,0.23869224028973138
133.56190225710105,0.37337889687246856,0.26579881488590335,0.24567301197129818,0.23615339150219997
133.25734379826218,0.3737732557012315,0.26587600257896177,0.245185518962802,0.23478382542478438
132.96328630052494,0.37331431162667794,0.26363255743589364,0.24344773688889434,0.2337239890602372
132.5777635339825,0.37554765210844177,0.2649232263249324,0.24290543290674946,0.23473656996921377
132.5812118460459,0.37511499047291225,0.26426583478848864,0.2423781442345578,0.23615518181338185
132.27432763878343,0.37596127071294244,0.2650461819155923,0.2423358500913478,0.23712477570843213
132.47972024665992,0.3753368541531367,0.2624856546659121,0.24129094608413815,0.238220886167902
132.5726499208149,0.3759047957493889,0.26476906960935237,0.24180471038450072,0.23967455600851106
132.86499817559044,0.3758603796168468,0.2625456003851164,0.24118018572276814,0.24005081592824629
132.92818915989147,0.37658816450412674,0.26546219452043146,0.24214536931488828,0.24109208204979435
133.0639804783983,0.37739667430099144,0.2643694379671558,0.24207973199296817,0.24175626328547023
133.06521476956397,0.37576444891522776,0.263626726974804,0.241665029581629,0.2419256240145232
133.00885053150478,0.37598742574238947,0.26625481858970523,0.24325335682355276,0.24375834278011393
133.11910192540716,0.3761147300073952,0.26556579334169844,0.24377765605630347,0.24343788684487228
133.01670220837153,0.3762135421466295,0.26848059310887795,0.2446441356304489,0.24402713780493254
133.2771022975441,0.37718066227822206,0.26714865677200933,0.24377738926529344,0.24428885559855337
133.7869931253638,0.3766726417427907,0.26260168371197634,0.24227367851639053,0.2428780793031856
133.31214062394977,0.3732142394749059,0.26334328772742716,0.24294187768965583,0.24113103124084964
133.64632219788533,0.3723724641735913,0.26093801366110086,0.24130050081047136,0.24026363550190294
133.57453931699317,0.3717374406127997,0.2561363776603104,0.2394341390878595,0.2370365987481571
133.46539541823296,0.3696351968006885,0.25224168097120786,0.2378199112035363,0.2349654722745869
133.58252767228478,0.370968938864421,0.25095729666754424,0.2364159298444249,0.23298100638451807
133.38683057397995,0.37168078100273316,0.24990222417113064,0.2355268280902032,0.23205742822385458
133.28735897756647,0.3731561747565172,0.24879310506547458,0.23547647781636527,0.23174732928336186
133.0684612472011,0.37525761143725356,0.2485467599661532,0.23601743644453688,0.23182606308707399
132.69862869161307,0.37728495056352845,0.2483431331271455,0.23593866396375984,0.23155421409419163
132.14754519098017,0.3787615771186819,0.24891495883144893,0.2357112342491662,0.23105144118799306
131.48864216628556,0.3795415827694159,0.24762068103456628,0.23442598593185265,0.22952750736959554
130.55403590229758,0.3802011705004909,0.24658720069832887,0.23388523601356104,0.22864205984500496
129.893078625946,0.38010813679692274,0.24452568578506087,0.23300433376685536,0.22736426166795126
129.8727346151341,0.37909840593646693,0.24488886544449537,0.23294438094963058,0.22866316444173257
129.84286924299406,0.37896414398506106,0.24471307558233135,0.23297421205923366,0.22980947229949675
129.64268380766288,0.3792322331437343,0.2440900457049397,0.23225535269232273,0.228838569921367
129.47969365239888,0.38096372955929375,0.24430828268707122,0.23270354082519804,0.2285291891097536
129.67703297368635,0.3827474335189216,0.24707292177192614,0.23405040214840117,0.2290063017378617
129.43791784741543,0.3835324747367065,0.24913187436862277,0.2347687117982543,0.22793655142414937
129.64170293044688,0.38258688538071933,0.2529979252695537,0.23588488655866446,0.22926319536498505
129.27127665509332,0.3804012009263652,0.2488172123418497,0.23309226451751613,0.22764820135726202
129.0908774405467,0.3798056621193789,0.24623185856701216,0.23207148471867603,0.2277606838595024
128.74532982669234,0.3789990495865571,0.24389306890359747,0.23129905899370587,0.22679880046695075
128.9150959785767,0.3789077750939828,0.24238919950242752,0.23021598890459605,0.22653186061853675
129.12147076612354,0.3790890063262844,0.2428527748058408,0.23025202641653844,0.22647468067718296
128.97317237093438,0.37872069712058315,0.24195280856864046,0.22996443591653018,0.22547171284884238
128.91520857294142,0.3791339355305608,0.24074374633238393,0.22896664924158586,0.22408840714026476
128.59262103857432,0.38021103924294153,0.24415139467100527,0.23034111612415653,0.22461778099278715
128.1072664354143,0.37962608639155976,0.2467830875138126,0.23226205589127558,0.22656579064361548
127.77594187210661,0.37881985734312656,0.2464093613988023,0.2320946045563661,0.2254672470425648
127.5314221198387,0.3776204857726994,0.24677717199309315,0.23233948106534252,0.22535266130988518
127.8008611600391,0.3796112595035469,0.24775063706760192,0.2326204258028696,0.22626514574842918
128.27070811689535,0.38003540695195337,0.24586949913422035,0.2318029910684357,0.2251902386275261
128.4401110738104,0.38235115326779406,0.2456134063223752,0.2312222657542486,0.2235869681762223
128.48703029991898,0.3827782237436347,0.24486800851756155,0.23199019790276956,0.2240383294132749
128.62900339395253,0.3829679680486387,0.24652890125730686,0.23242679862233362,0.22348280642352353
128.81573402635502,0.38285626932025973,0.2459602473123294,0.23322509729698848,0.2245837411163717
128.8693980601947,0.38363951717558903,0.24893252659222795,0.23481713475729318,0.22551696260480372
128.82593136199134,0.3825848021683145,0.2507034839763217,0.23526358221810323,0.22578936084166118
128.6316322211674,0.38255098216102884,0.2520406412452415,0.23528743102993255,0.224719499682886
128.550513392533,0.3797343468195204,0.25210495408821393,0.23405117420421181,0.22434498600299801
128.6477528348238,0.3795486732526062,0.2560697335721535,0.2356752666488292,0.2267749832268392
128.81978305460058,0.37904931809963277,0.2567645038345757,0.23655759786821484,0.22878546762252883
128.95720057037224,0.37975301263687955,0.2606049231309939,0.23843174755077579,0.23014063342853402
128.80115045934048,0.3799044306819947,0.2597717937813786,0.2380279968744253,0.23013899866845638
128.6981482634626,0.38089419075215236,0.2603493571301737,0.2382351550353257,0.23120270477450888
128.79293654669107,0.3815149660668116,0.2602487581438016,0.23818854240675133,0.23036454849175445
128.69288687124057,0.3828648437382837,0.2585039877475907,0.237539947131366,0.2291845865390235
128.56381873877027,0.38267573697673063,0.25637005579149685,0.2373612015473374,0.23022338548828405
128.28965827554302,0.3830175247941616,0.25768331187722077,0.23814811328158558,0.23072059718884685
128.3470514395507,0.37918658681342166,0.25465264588187664,0.23567205353141663,0.23157374096742414
