172.08668882327578,0.6799007272276697,0.811341846473294,0.7898868178513951,0.6871814160757664
172.29119121776915,0.38423093845528966,0.434977967610007,0.42763274799301765,0.37843386474753915
165.17041981074752,0.236548607939364,0.2604689420924154,0.261510852875945,0.24138281235517767
155.38974113208354,0.19439350688072485,0.19405039317450515,0.19208192846542588,0.18243128365158215
145.76195664175034,0.1940176921846143,0.18317251002254764,0.17782036950322938,0.17258134951547852
137.29644559346906,0.2024067273423125,0.196590045949133,0.18807066592298033,0.179270959184848
128.52283650884908,0.21022591854471603,0.21160161872327035,0.20216443934200884,0.18958099305964596
121.73609641728007,0.2166527461956163,0.22182946685664776,0.2123631909212652,0.19832088208993576
115.4181844654105,0.21741241802482167,0.22752183230632336,0.2192923017321605,0.20574819866931918
113.28132531287245,0.22235698622589717,0.23361806903954951,0.22460152756887336,0.21060472652641885
111.73863962921774,0.22441460235981994,0.23430104581480257,0.22588894112490815,0.2124506300772952
113.32103653188364,0.23022013394820293,0.24081965275259154,0.2323017336463828,0.21651962354902735
114.84392758641803,0.23051877397017878,0.2428722137593559,0.23611908571739332,0.21752236137125017
114.80286616178545,0.22953683522264626,0.24302198449956786,0.23699657104016283,0.21710588182838073
116.53652472869256,0.22628591834665618,0.24273336531055972,0.24061708980224672,0.21821549981038724
117.6640622661725,0.22334583547032355,0.241953679202027,0.24073950471687358,0.21639024519442834
120.08112068556471,0.22099699873221176,0.2425043963538014,0.2437543585145919,0.2183792167361722
119.98780270120929,0.21838914589517058,0.24235910294687832,0.24922657426635322,0.22242110237113766
120.30277799139316,0.21609308310324543,0.2407183985525505,0.2515903492307764,0.22469877579684291
119.09545104074252,0.21623712950627094,0.2405044085889862,0.25160722201234126,0.22483118482423617
116.92049492855823,0.21402511719498146,0.23988747526483492,0.25186981685281584,0.22443866788035266
116.56782374865563,0.21252663112624787,0.239366353248061,0.25293049836757975,0.22584317341057591
115.0637245937966,0.21171861823306665,0.23859441859226016,0.25178316275846774,0.22572684056241896
115.67143045051935,0.21057202415670484,0.2383675448496812,0.25274718168463867,0.22687471106846674
115.95265572114559,0.20953170121235715,0.24000942464808978,0.25290780846154803,0.22628811777203545
114.79424102776177,0.20952713244071616,0.23944452053520845,0.2513109388916796,0.22624178267416367
113.13716792506317,0.20955583862968397,0.2387194709236715,0.24784986645389742,0.2244952144066695
107.52905800090583,0.20944151932468752,0.2356327804106422,0.24059881688687357,0.22099432440289013
107.91082078817215,0.20940269917348373,0.23209596052340584,0.23674489716063632,0.21838880896698154
109.30513175940656,0.21064289348061413,0.22982859070055478,0.2344362528021142,0.2164415599027156
112.71885810211711,0.21274770743353044,0.22906656328984,0.23371224022823006,0.21425929866353283
113.74927581062629,0.21421982452805002,0.23046941253001338,0.2359975204303006,0.21481763803256512
113.86150349924766,0.21309457791643283,0.23154477674042998,0.23823312454177678,0.21486427878694378
114.55766299299789,0.21195294567780776,0.23059749821651587,0.23893687243778017,0.21502942667516087
112.86054878647231,0.21012644017557455,0.23036647430708695,0.2397924540532292,0.21462613618929127
110.16603108092424,0.2100440605719356,0.2301176175179501,0.2402150965258637,0.214524837658337
107.50162921563377,0.21063702183237215,0.2284715283720584,0.2387725168437663,0.2152835305961622
107.64924541509076,0.21173447530247072,0.2282352180747857,0.2388805458671512,0.2155697165911282
110.60739703371031,0.21269489576394,0.22821350524048253,0.23944162792899318,0.2163617400051172
110.80131563579009,0.21229937768431206,0.2264259162123115,0.23552135696998056,0.21478662196729023
105.74208952915514,0.20872908335029158,0.22312255267011835,0.22843471561359316,0.20911784260709268
103.55081045388839,0.20884521720013804,0.2233699145165139,0.22704659561406432,0.2098823140211316
103.95330625217512,0.21551561853368903,0.22541128661444887,0.2268304230931145,0.21044312677060867
104.07808042958197,0.22166999329738915,0.2285161190199639,0.22876978958970082,0.21158612641502064
102.84015129476735,0.22547308310086822,0.23050853496624202,0.2298748186338675,0.21319773210347942
103.96237783914549,0.2282041738864964,0.2304934829784031,0.23039960954675914,0.2143409459967737
104.0219115270831,0.23239494423793128,0.23250772124754837,0.23147352775930402,0.2158884747128134
103.35725434283978,0.23223084865087906,0.2339717569851937,0.23380489597163454,0.2182895206923276
105.80009507851432,0.23218312478219671,0.23263317192142446,0.23297160687864296,0.21622467642483664
109.00759445402305,0.23032899339877838,0.2329557642656806,0.23467329435574008,0.2148574143802774
111.78757335568568,0.2319120121963963,0.23274651418335052,0.23518728534104782,0.21400349375479927
112.26295809823763,0.23310262882471355,0.23182418986022676,0.2345256479397546,0.2148776899693757
110.95537353851233,0.23260212113120385,0.22986760272107767,0.23253255903138792,0.21458302227690543
107.46569465244313,0.23069718736130698,0.2297827873207582,0.23180544809549397,0.2140317440746005
103.61509399847752,0.2273837386013805,0.22892440281468485,0.2307145891822647,0.21480472081697616
99.08761826876766,0.2233282383276275,0.22744704657222292,0.2319290941738844,0.21542431647966567
100.72493518777293,0.22694035364698845,0.22675665027887745,0.23060239936184654,0.21464200798504127
103.37400365347875,0.2275591437383763,0.22537996385516346,0.22953130171191088,0.21330281279446295
107.58484289346087,0.22962922744867026,0.22461800853116723,0.22920783028732425,0.21274093419638668
109.61212323832359,0.23233327935979373,0.22494725508394464,0.22719493327754506,0.21196060435947198
111.14508901252128,0.2298623855648192,0.22504392632370446,0.22730740641795286,0.20935696120310343
113.34419629057717,0.22687215839658217,0.22482747287696225,0.227492958208688,0.20786810361085653
114.82150606319178,0.22265610196490676,0.2212912591823926,0.22671313674360963,0.20545638776924502
116.98731599332875,0.22363600053937047,0.22234375317280866,0.2295533362560746,0.20693550333402352
117.60554624724512,0.22234465885887986,0.22368693514472335,0.23155809857135676,0.2079865498012649
119.88710978193794,0.2234222600469856,0.2239716168236393,0.23146235342324198,0.20808102360777161
120.67958479169067,0.22394848427677513,0.22392630734886915,0.23036340770403835,0.20755194164892124
118.81025697911639,0.22199329771753876,0.2248852409865731,0.2299234457778971,0.205928802659196
113.00529617850026,0.21958159469184385,0.22573496511853683,0.23048275964421883,0.20669800786424547
111.70271325796506,0.22723513360055764,0.22803475301554127,0.23020207044415922,0.20769908903562603
109.61873037457181,0.23002772992508672,0.2300310644830638,0.23084684996495186,0.20893643711904017
105.74267299069197,0.2270441031030004,0.22892902159148704,0.2283240805507855,0.20947938249205597
103.94691344080898,0.2240968992505868,0.22704627845980238,0.22682416421940357,0.2099752949011
104.6858690507898,0.22439010178122062,0.22687283001220748,0.22631895835882423,0.20903377154669794
106.71148196463334,0.2223061408331628,0.2260827035333916,0.22744010413385174,0.20967509946420965
108.84112184887564,0.2203867984186691,0.2243970135017507,0.22595392546490928,0.20923751629745413
110.59371518523666,0.2229042285305684,0.22541644804929079,0.22595215671189678,0.20908706982646413
111.21275653906044,0.22700585983353094,0.22818656817258826,0.22743594768440545,0.21094668562546817
111.26278507026817,0.22805134695394633,0.22955279811534304,0.22742667691071874,0.2113592351606745
114.05814773726394,0.22507489636310174,0.22766040254802075,0.23036214402535238,0.21118063047511823
116.23450224320304,0.2242537836088642,0.22646007520877265,0.23362683044719904,0.21255179924171072
116.98160070551069,0.22551803802085982,0.22833024356694412,0.2383468757626506,0.21546237242064878
117.09620281796866,0.22664522731352638,0.23223211933261953,0.24243307895568117,0.21888878413717955
116.88896842752656,0.22283672951771513,0.23345125576706124,0.24664076860986103,0.22142055989649104
118.38834988291954,0.2240532840490884,0.23524112148225115,0.2516064628774146,0.22459604090784743
118.63800325542718,0.22328675001856585,0.23678356887644975,0.2570994658323743,0.22735150610705876
119.56785974453325,0.2252455781149256,0.23717655383471858,0.26082489517390034,0.22878730088768923
122.83583574981687,0.23148709198521544,0.23913999682241968,0.2648524741482673,0.23080529862523372
124.18247455931954,0.23374586996429947,0.23859184155115024,0.2653310548097567,0.22926331783824852
123.58277784011933,0.2309753479140044,0.23570907481827716,0.2624738457817554,0.2271519008882707
122.67796094426839,0.22605039892584347,0.23217846636251052,0.25862917263301416,0.22369745771920355
122.43206109474089,0.2207435050690338,0.22879204506606982,0.2533798232807104,0.22044998689804354
121.01743158640812,0.21668059419694982,0.22646655600673973,0.24686490125318997,0.2170526587862746
120.28277364612728,0.21521997428687376,0.2263537408688504,0.2452993011652176,0.2164967246098206
119.85376379292823,0.21599673750410858,0.22593836020831878,0.24363022945596247,0.21441513887742897
117.89298165132486,0.21906014236571708,0.2282152583998617,0.2445546359551397,0.21493739886210886
118.178857872493,0.22259942699605687,0.23143172482531904,0.24860688344211615,0.21797874509988108
116.38898594919743,0.22425601733971248,0.23487848672335082,0.251336018613035,0.22036558425806113
116.27392485474742,0.22492034526353583,0.23682172905267282,0.25484998244886387,0.22170201684290647
117.54743630093323,0.23042707045278807,0.23961573263418354,0.2577245150379016,0.22194839756755708
119.23966424113142,0.23412628751767292,0.24157596231762163,0.2606096394071729,0.2220641726405179
121.07476635174616,0.2315547523695782,0.23943985587243236,0.2604215210946988,0.22111170209378608
119.37308004307654,0.22736655741524145,0.2373024698581994,0.2573816273179358,0.2207727671723868
119.26308676932611,0.22009694365710425,0.23213255944152386,0.25384659251985636,0.2202840552425168
119.59601522273825,0.21841141630452923,0.2299389356514553,0.24878005819361176,0.21793446638557892
115.54695165233173,0.2155641650308066,0.22792403188079954,0.24351971600671166,0.21525087289887077
112.38653631567155,0.2163507097835833,0.22878444999592937,0.24099747349299291,0.21440420916218092
107.69218488559929,0.21978346793444212,0.2301009627143354,0.23781420641584133,0.21264670270806146
106.77696003779737,0.2206466070765027,0.23253654621992215,0.23911983876788168,0.21351616372670584
108.67027952280216,0.22308351168731366,0.23485398099228796,0.24155272897669008,0.21531160676064398
112.01126336728838,0.22463527048139464,0.23713466961155402,0.24562654694935607,0.2179933347836654
114.72605292874209,0.22608070028001345,0.23778412409904373,0.24929117457267735,0.21997970099430603
117.08350310939136,0.22990087031272693,0.23849473721663933,0.2511366096944542,0.22031256352560485
116.77781187480241,0.2281340798358126,0.239146430633908,0.2530796022769743,0.2201873093215227
114.74689668493532,0.22495784089663423,0.23813120283166123,0.247680465559974,0.21820854898563716
115.36119565447696,0.22341897889806478,0.23681681287478262,0.2455254240730534,0.21692052821688595
114.03231189292896,0.21875724539754554,0.23451717484847381,0.24541417214374175,0.217151578194781
114.46857296891342,0.21867925096118646,0.23259249226425335,0.24273521912427534,0.21669906549027496
113.27617520095158,0.21942846068829186,0.23230698070551647,0.2423498820761549,0.21637405627126052
108.06108277041332,0.22113330631306752,0.2323847626464875,0.2416944306880162,0.2170838382602824
107.20530564479454,0.22258318584935374,0.23214573419951912,0.23821252138922136,0.21413133059746958
105.38451996579998,0.21987010774589263,0.23097308075614956,0.23697354594368364,0.2144741932813495
106.17203472033007,0.2187727466432831,0.2309278699926068,0.23746371978159675,0.21484292116574139
109.06623461831146,0.21716558828336258,0.22940817549699688,0.23664311532824958,0.21438951040366913
151.44461844120775,0.9427958231199625,0.9570053509791722,1.0142636771616274,0.784738251750762
148.3034533146949,0.712137667546821,0.6958605854330774,0.7091771365408355,0.5706984642865447
142.99750106537306,0.4847591168217803,0.4697295897028958,0.4721909628210893,0.3923236232160702
142.3028828863695,0.390768402338324,0.386228331838378,0.3771600268507646,0.3150177471553077
135.02436816522803,0.3283575253013527,0.32296330574945675,0.3135282880523698,0.27255178293865157
124.21621664188106,0.2862114488435746,0.286264845057508,0.2777936339762878,0.24755371606726317
117.50324904993893,0.26236584603350077,0.266417029359448,0.2587161476824247,0.23252350039609035
108.69914844318971,0.24717599636098495,0.25559182173132633,0.24780901546847678,0.22186723855935114
101.88756098771297,0.23403753247007825,0.24422803103930724,0.23742489287450058,0.21340243300105485
95.1848264102801,0.22769669704398798,0.23908127660220826,0.23430297188583923,0.2104103487251549
91.72926199659709,0.22373730942253892,0.23698734898489893,0.23317586999736103,0.21038798533900738
87.77556755146665,0.21714391265348598,0.2303289042932098,0.22952583963044593,0.20996824165871428
88.13778577840084,0.21242905673399998,0.22549283171542495,0.22684148920027097,0.20829040865658816
90.65205544147206,0.20449557610073457,0.21961145510773114,0.22377310580847887,0.20568454515868204
93.96449461618826,0.2029411470760664,0.21651084923566105,0.2224930927433837,0.20535418544648104
100.72490733613223,0.1940707721228772,0.20198356474698503,0.2145689306465957,0.19841011478111845
104.55762611039177,0.19493350651176589,0.19891339871680505,0.21755068401342617,0.20235042957762575
102.75362075912902,0.20321546164846963,0.20573654416884835,0.22316744927462176,0.20785630697010882
104.31176365498109,0.20812871793157497,0.21272706399501953,0.23009821103529834,0.21381371737037894
102.89764131710672,0.21758411706498,0.22289257669978163,0.23520179169082825,0.21779690589921444
102.7799203510971,0.2195945641115905,0.22719481759873075,0.23662543173722983,0.2178262262710038
103.12726436805508,0.2195443472490217,0.22724220327458075,0.23642007541003796,0.21751819359788133
106.12904607968301,0.22383005624722338,0.2313191447098099,0.23802695095834825,0.2176028316971679
106.28564385495585,0.21615822649148272,0.22413738336457,0.23160662160785533,0.2124496602687895
106.11276919897769,0.21650859592424798,0.22591083403054565,0.23333192208094894,0.21424821887861936
106.03256084649453,0.22093597810825927,0.23074491316008533,0.23593316213959736,0.21642591840708267
107.24645058063362,0.2252321601053494,0.23449283685029493,0.23785016535151499,0.2172068663384723
105.36453860007434,0.22386661133458674,0.2357619775754817,0.23905488500533592,0.21843018528295083
104.4425070413987,0.22251011339703905,0.23867374644587536,0.2401298658383531,0.21935721223871274
105.54894042508094,0.22084150051459017,0.23656694305860473,0.2354376026248642,0.21601184131083553
103.99137351313946,0.22260606793681706,0.23781942127239786,0.23545460394154022,0.21602253831324073
100.17182010151028,0.2230188781522399,0.2396656805535882,0.23617726705142725,0.21637699312493597
98.80011049219385,0.22466605079441426,0.24205164798123888,0.23815936524993986,0.21975313220078968
100.74343762447792,0.22348650378311807,0.23898654839686476,0.23714742996407367,0.21966793506853002
103.29170476637692,0.2210506560644523,0.23863505947977573,0.23644038620476387,0.21965503464445363
105.61815089566356,0.19864098844491554,0.21888457120856292,0.22536063513401763,0.21045466850252761
104.01804220612567,0.19949128832777638,0.22246566213101734,0.22657153225950338,0.20947612711192745
101.58299172147498,0.20235333010182266,0.22663445978852953,0.22852914263240534,0.21255509013791563
99.85125342268904,0.19624932293522995,0.2223659631131095,0.22542896757738776,0.2106508370538992
100.71097830136789,0.1898659893121246,0.21344069164792379,0.21762803855097984,0.20520162212603357
98.97799112751565,0.19602967743125171,0.21953579127245318,0.2222283977742276,0.2071967719046135
96.22549872033221,0.20210278819025568,0.22416787711330827,0.22510315842978215,0.2081040256581394
95.4906763903656,0.20624099205493793,0.22576369506826072,0.22738994623267056,0.2100428507362875
94.13641676934719,0.20889662427284145,0.22865101793838027,0.23070983957128893,0.21217807325850346
93.94966802312287,0.21133257102738137,0.23021103280112587,0.23244205167686677,0.21308302775788623
94.93799853684233,0.20998398492770473,0.22939994417684603,0.23256047332558985,0.2131500846179823
96.13768277111788,0.2090492721031481,0.22835745927568657,0.2320822843564377,0.2128413978859019
96.32883670944864,0.20557968714042657,0.22556361508857128,0.23005997920423063,0.21084319326860712
98.40744470604402,0.1987467065099685,0.2174200521762622,0.22229731184690535,0.20453434439010384
98.89694441488172,0.19717868412108677,0.21437344755058493,0.21976605843369476,0.20205660556790006
99.35398669327051,0.19438552865607278,0.2129397777297137,0.21887868875312522,0.20169620026850466
99.87180179529699,0.19118083616481155,0.20880673762400562,0.21651007641050424,0.19977618131454353
102.2729862102825,0.18446572776565168,0.20296090913228984,0.2132713679601483,0.19689112059083683
106.1197465234495,0.16414479901943496,0.18316578895271168,0.20323064945587582,0.1900851855519352
110.06657804951107,0.14148662975521467,0.15776709814101897,0.18517113187006043,0.18090062764183462
113.22588176448997,0.11782460833677601,0.1389094484334654,0.17270027253601644,0.1725979795950442
113.52908403314805,0.11788729722081347,0.1402026394817602,0.17312950068285574,0.17202848488190836
110.87853135023992,0.1369729978672605,0.16115664655104328,0.1898492642141062,0.1839289609779081
107.7696773291548,0.15723756086925558,0.18251280700322428,0.20412572253736877,0.19454678850781348
107.1827495482492,0.17003023828613165,0.19507431556227348,0.21414456844889265,0.2009161890755674
105.81468340387323,0.1821635966409262,0.20578973828039557,0.2207896687011612,0.20514204623714682
103.50737024889227,0.18853741629292345,0.2101596643819975,0.22412818834823428,0.2072632294727555
100.10583156724975,0.1927641347332548,0.21417141098483755,0.22753550328957253,0.21094166762858738
99.76349373964774,0.19367971308432344,0.21479525984914127,0.22698436905094924,0.20950052140663222
97.03970050479703,0.2011436067638636,0.220726538634325,0.23015060380520935,0.2122975588692107
97.28963910350332,0.2059414475094967,0.22609744759947162,0.2330939855815282,0.21371951543426118
97.07705365236231,0.20934195172488984,0.22969272776014155,0.23512855611946015,0.21461411506505093
98.01331287360341,0.20552157470625798,0.22738172224606684,0.23397508171841785,0.21332555429029204
98.23719653515003,0.20134577500545983,0.22321874074868092,0.23265757302276613,0.2132776857224639
98.46809696485246,0.2063880515934913,0.22630178271702261,0.23400938111957603,0.2150242199924205
98.01547756811613,0.2122241362533715,0.23049231420833155,0.23506585068712918,0.21513673338398187
97.23433113785133,0.21462501909192547,0.23324182265345111,0.23601416619100873,0.21457960615232313
97.40828962464829,0.21759384542047044,0.23461624933501576,0.23579517229440486,0.21430997031088922
98.37870021964233,0.21521723575384522,0.2342897062897045,0.2362945330794513,0.21346815554738352
98.06280099589412,0.21183492728436246,0.23206218691323682,0.23471232768239633,0.2118079688182092
99.54247414271056,0.2081242083521289,0.22842279403552232,0.23195531840865838,0.20968218480146203
100.72093702344132,0.19235048398213161,0.21342378791391067,0.21993385315368913,0.20141978025877808
102.59504730572507,0.19323205541567176,0.213299326735225,0.2190301770759927,0.2017454836456903
104.5853378951122,0.19261134286302653,0.21031241013094845,0.2166571986009337,0.20027343838246836
105.21998844200039,0.18263862281345983,0.20064340301742292,0.20881769029644637,0.19570330856022877
107.28885933039632,0.19289845378068135,0.20846865929879851,0.2133785227713404,0.2001565670228081
107.54100548237761,0.19806598329526026,0.21392106395557783,0.21772499824307928,0.2036153615834823
106.72165859598772,0.20211031086275522,0.21914573473944163,0.22164862438533464,0.20657717857394067
104.85940112005355,0.20463785594099376,0.22181393968498253,0.22320120405219016,0.20762694269882992
103.49061328374209,0.20720764057884117,0.22465556195410866,0.224907877697966,0.20908986056867498
101.76977473793382,0.20326889190245775,0.22180062418250973,0.22467508895726282,0.20827553299053822
101.0955738566043,0.20109730839822135,0.21886682869006527,0.22437923047930292,0.20843940492024957
101.01855406401076,0.20586856705862847,0.22350506140252163,0.22844379106678223,0.2121183461342164
101.55993478051985,0.19570343783413918,0.2143298104869091,0.22233089095111708,0.20700961491188258
101.05214219823156,0.19865462112169122,0.21781043301212777,0.22536052368330992,0.21008972795850278
100.833421154745,0.19722368464863796,0.21510259702095266,0.22373337355938,0.2093720718764331
99.97616388313115,0.1979270149260974,0.21449090376988444,0.22398842536648406,0.2101367907162399
98.8104681748238,0.19819232586319274,0.21513724538397921,0.22416012397967552,0.2105149240116258
97.70567851385277,0.19589341296935034,0.21315890256477743,0.22287445138519882,0.20991272553235366
96.20393223858706,0.19857932402886672,0.21621079094490178,0.2236175749762175,0.21069538515729797
94.75676527886694,0.19808293627873486,0.2148488331305091,0.2201182084640428,0.2083489723076987
93.68890323584009,0.20076940070814683,0.21827863349063117,0.22119552868075032,0.2090487124966918
94.42308841879807,0.2063222838319781,0.22268541568452982,0.22266150367709672,0.20961087985541843
94.35100685465636,0.18038120179454076,0.19620043638015355,0.20172720245711168,0.19374403581438618
95.45537174420627,0.18719157857591678,0.20184736661356376,0.2083002164075671,0.19916979729539577
94.3362683214548,0.186708714813954,0.20194127825543173,0.20914516372040198,0.19882295638927705
93.47668799108465,0.18674368199208521,0.20266383108103847,0.2102752280257108,0.1980666578171835
94.16223784134063,0.18677959686036377,0.20129017898496493,0.20921679344658836,0.1960721759361743
93.46108515740211,0.1878166161739676,0.20363489199045604,0.2115930182195192,0.19709941425139518
96.20168670571799,0.18077652474509145,0.1955748349533629,0.20647680833678086,0.19363842952062738
100.11905437853758,0.17617917778537823,0.1896629504786808,0.20156775080681547,0.18968384824661427
101.33725489228497,0.17339187628749594,0.1882590512310317,0.20298309154964161,0.18981146877865207
108.91778235681785,0.1445794018226364,0.15576097356751978,0.18310401469142132,0.1762586023919038
111.28100161267368,0.12003658365751874,0.13135566190774917,0.1646425471358333,0.16056545374848047
113.22976410543917,0.11550958297730435,0.12507755429840867,0.16126605491249218,0.15918595023849225
114.3317712945227,0.10525311495933584,0.10921015172408302,0.14842529412584077,0.1499253407933066
116.95699606494034,0.09997756267023573,0.09603298280447466,0.13748328886843583,0.13995103758555005
117.35167028243788,0.10091447946134745,0.09938561476482687,0.14074187941641847,0.13852152667095835
115.23957405359168,0.1044926328180381,0.10863058173176277,0.14996578630301224,0.14531597908621344
115.83149682256261,0.10714891325267197,0.10343111166191764,0.14249709268461094,0.14081081798121692
113.30249286105808,0.10833315792582213,0.11410544219133849,0.15285297421188926,0.15050627492062188
109.0968159166058,0.13047720956209333,0.1412327302693309,0.17168144632491952,0.16574235527583575
106.45089972403497,0.14828447279537416,0.16374552164648773,0.18750623103660874,0.17911075714185268
103.66549732468964,0.16295090180609478,0.18006713716143574,0.19778966758143263,0.1879350224138628
101.5620192268878,0.16754850952819228,0.1874242204846651,0.2020162222140076,0.1913451962233187
99.44245954569631,0.17876604109871194,0.20030148681361168,0.21072690469215624,0.19833826177490754
98.62667046531763,0.18226851573633843,0.20346370132960037,0.21251759260945832,0.1987110195386751
100.30671042334669,0.16736367812690137,0.18731720739694638,0.19957620790391398,0.18963774293305402
100.58973412711664,0.16538790182729826,0.18520787938029037,0.19524153917498827,0.1863953286662219
101.18104375636484,0.15618474504189206,0.1743817629229755,0.18519703035801638,0.1786473660734979
104.15003821746208,0.1624306707728827,0.1778976749038665,0.18782703414160418,0.180155102040386
102.84220283813069,0.17237216330721764,0.18808111800241273,0.19663019917110935,0.1858348347839522
102.19030314649612,0.18125411442082878,0.1967248972408658,0.20405760684403154,0.1910969293855722
100.98277988728468,0.1841446905051357,0.1994136088413151,0.20665432412522017,0.19308287416171108
99.91903483348273,0.18445338407216014,0.20270934054669704,0.21083120789573162,0.19597498728911425
98.20266727851926,0.19278720352789155,0.21153346916030863,0.2176925699299846,0.2021664599519667
95.75455015619622,0.1998443517322439,0.21913560124148662,0.22351593092487543,0.20652534410049037
94.12983386223753,0.2069934718919086,0.22616654036761066,0.22850001326074318,0.21062546922106362
92.48539779813628,0.21164754089410942,0.23054785332373193,0.2314223306435589,0.21262122898466274
91.69139805611198,0.21421312313903032,0.23312399098847703,0.2328941452480595,0.21394097865924483
91.45168644569601,0.2143630933014843,0.23320466020416392,0.23248594494088032,0.21405820293769373
90.98266329093933,0.21424876792895803,0.23242664528850313,0.23224175915525422,0.21522945011598654
91.08852919050082,0.21478801955183355,0.2323189434879151,0.23256435252657964,0.21562429785660084
90.49501949759582,0.2114608147365792,0.22939169687979094,0.2310205769363861,0.21369254814261035
91.62422719421495,0.20794644326944356,0.22762522506719482,0.23076612717048411,0.21372530384719793
157.90513013030926,0.9394148846657564,1.0440510324036782,1.0490243293411046,0.8222501389355983
152.57754488365416,0.6654199164882207,0.7024911134444937,0.68248664352712,0.5483290215230819
137.4363455289951,0.48935972996715543,0.49542700528553363,0.4688760407076551,0.37651164797518527
120.96573326512832,0.38887537834583075,0.38983396093342776,0.3661768462616431,0.2942499349380624
106.08385642250185,0.3333333706412463,0.3361443482536414,0.31729190569338533,0.26014692096407444
83.89922702263436,0.3009820810962363,0.29984965924470514,0.281312560583812,0.23643958051890032
68.11865517975292,0.27485126819237693,0.2729738318698127,0.2547027155256353,0.21964580768939945
65.97189120861037,0.2592950678707358,0.2563482054863193,0.23933019078469336,0.21144036707759348
67.86892950957987,0.2523618733548548,0.24707753236986962,0.23042111798888623,0.20671915570047886
69.78821488039856,0.2476214267505237,0.24053590041611284,0.2238372903118664,0.2038096688967092
70.11670996666227,0.244758853709298,0.2352808396380592,0.2182016450433902,0.20056452720340387
70.21784061876151,0.2439870633535552,0.23146806748882823,0.21418016858543412,0.2002690246679171
70.76255411711992,0.24022297243464363,0.22668427773627614,0.21154545329085617,0.1996864886843479
75.29297693713876,0.24471382746873954,0.22732860321310994,0.21239475524602938,0.20031434578379673
72.85402636117695,0.24726226199510298,0.22581283224608284,0.2110602885061265,0.20033167662296653
76.70273947910842,0.2456184091678189,0.22651093874523473,0.21108553232740526,0.19955208016133813
77.02247854774642,0.24832012044699414,0.22738853587537416,0.21339135716854893,0.20276340404415663
74.4902321482522,0.24839520156208914,0.22633608893434728,0.2136618127702632,0.20433375207593552
69.85577063073434,0.24439339550960137,0.225630138912066,0.21450065875380234,0.2065793889232448
66.5230472381437,0.23790905771590504,0.22413788145176786,0.21767280864168115,0.21067012528539306
66.46015912258368,0.23781271269999307,0.22374276338805163,0.21747586184491197,0.20957625553666595
62.85277633032611,0.23670561235628046,0.22321044830249243,0.21758211719411824,0.20982225708760555
63.25871396425751,0.2357513469616743,0.22412259066499873,0.21967146924317166,0.21295647106643978
62.722419867880284,0.23597365294937123,0.22195815248238196,0.21603661863778603,0.21078667724041925
63.09608835869476,0.23537522036139039,0.22098031285574338,0.21515031392272604,0.21064566200888277
63.47819918282735,0.23930625394886054,0.22240782570146003,0.2150283442038418,0.2102308585083795
59.85457208255492,0.2352879736207702,0.22036277945086716,0.2138625662386071,0.20940701954288338
59.217774463390946,0.2356067482352648,0.22191222713478415,0.21608905862483982,0.21133623968687182
56.19097320664976,0.23149003194232015,0.22002801508420014,0.21474502111479152,0.20997403930242772
56.87288298031717,0.23380443921592944,0.22092396286138796,0.21518997901840564,0.2097229209007298
56.270651330111214,0.23241009819171515,0.21989229569836516,0.2134402834210479,0.20761647435351155
56.93059686090339,0.23478692470089108,0.22221329306652485,0.21411338224107146,0.20738616510182048
57.4525610922109,0.23587140520087657,0.22212595660994225,0.21306452703778556,0.20643035028784715
58.68778426586213,0.2386557484171688,0.22360437748577855,0.21338241152970144,0.20618969345145274
59.19516244868716,0.24070801091270325,0.22345986547603816,0.21248909347050862,0.20619331923418172
60.952658589170646,0.24311242688249282,0.22387392814414464,0.21171346290754095,0.20526331432577533
64.31716082772091,0.24553019172654128,0.2257897697880098,0.21285804105339928,0.20502682635075467
64.97764230884188,0.24534040691555048,0.22504625055614394,0.21272244744682278,0.20383965436474213
65.2334657394975,0.2452756828775439,0.22374368865897845,0.21045942514326232,0.20208932901864454
67.41641764965786,0.24643717774618293,0.22599217531357965,0.21234370553241347,0.20347640357304136
68.2338757937054,0.2463978393957772,0.2275536779012561,0.21257169740009588,0.20304119286933922
67.41605019693418,0.24383455304835525,0.22734833890535702,0.21308059906854734,0.20424727219448593
69.02352735714516,0.24304119254437023,0.22738587359115023,0.21344957220602526,0.20565838182470478
72.39277988445774,0.245853679631772,0.22978759109650498,0.21474196527629283,0.20549043632562353
69.25947369195013,0.24469213687347885,0.22902050359008877,0.21235955282024818,0.20408834950778598
69.48867910351991,0.2441849928844725,0.23092362610807954,0.2141944146695279,0.20592345898848596
67.20182543304061,0.24207124466833876,0.23024316381852933,0.21363962295913677,0.2054488591868254
66.20817282629427,0.2385792048619543,0.22872536467089793,0.21292549159444984,0.2061254289999988
65.03008447430291,0.2357263806540925,0.22832225019214827,0.21291057340174321,0.20653177381478205
64.88909648425584,0.23292827745337777,0.229165013013347,0.21465582835128108,0.2078714468123002
63.402997461116684,0.232718951450639,0.2289494153573322,0.21364729803486276,0.2082494233492321
62.38356515261757,0.23431359320365283,0.2297593077562321,0.21372156708364606,0.20866749075711483
61.99618014065899,0.23595774687212775,0.23122860368087728,0.21416175456953343,0.20990554911536052
62.64107089081341,0.23912962639775606,0.23220388056422814,0.21460496735148513,0.2102374308388391
65.14608908072155,0.24331388203442184,0.23459769547188025,0.21567424216984113,0.20812888028443027
68.24263896040252,0.2443664106553954,0.23663409305494398,0.21706994796909973,0.20833111641684332
69.48106751959156,0.2447988858407511,0.23667690280832865,0.21651857203331595,0.20735450973251476
69.18557170819298,0.24627917607266858,0.2372836079075701,0.21595371162268193,0.20548729756321393
69.71832543957488,0.24722242623520316,0.236011939466304,0.21547319925932845,0.2054791588641624
70.02542826580513,0.24958708603186874,0.2355717924583421,0.2146533958222613,0.20515982287850562
71.4207540356171,0.2537697376416121,0.23774335375302744,0.2143683638092073,0.2040885764855664
72.42756063687904,0.25558835318089984,0.2367158848035336,0.21284914497504878,0.2023782225460624
71.24944099719283,0.25486827878078827,0.2361514821160745,0.21203846479127153,0.20081361177448087
72.07279697935002,0.2553167010392943,0.23618719454270531,0.21258668767137606,0.2012712086113799
72.23566785917681,0.255019615202565,0.23641668793938697,0.2135054624147404,0.20311559633580115
72.85031616463233,0.2579365874006801,0.2389467440532903,0.21530336687547877,0.2044195751508829
70.99839259394557,0.257820208674529,0.23955809864325678,0.2166443441741554,0.20674745146381424
70.58917942846371,0.2559631720664676,0.239010526021252,0.21669703330822662,0.20796413761490207
70.30561069382587,0.2548413418319514,0.23873624491139958,0.21739747166871015,0.2083781830821025
68.14307872656768,0.2521814667767055,0.23566118273515563,0.2151610953913181,0.2083713625817512
66.66368124677341,0.2531430494964249,0.23474484063000836,0.2137378734850492,0.2092453080674275
65.51371886645188,0.25215876100720325,0.23513766856524157,0.2132367740538237,0.2082637809949179
63.82858282326947,0.25061261749342584,0.23427627252256486,0.21287126704952528,0.20870640065635546
63.21054933100527,0.24896119269383596,0.23390456650211636,0.2130163205339071,0.2093942299808287
63.835174150260166,0.24925568733046863,0.23492200158807178,0.21346904008279344,0.21012351302390606
63.86313571345414,0.24848745765325383,0.2368206747332357,0.21524227973309185,0.21108701246980674
64.53536209841799,0.2497423654370664,0.23773362028515904,0.21657352562522642,0.21219132146179895
64.82956286533786,0.2508045183013554,0.23757984013536415,0.21579820089669863,0.21271633619663102
66.34907395526547,0.2526826449142508,0.24054371401494598,0.21879782923075516,0.21474202235888865
65.17696871522502,0.2504065840964032,0.2401857009631986,0.21793892527619768,0.21337351071316618
66.27700124040678,0.24998143947818177,0.2405016117993846,0.21842750745047543,0.21274939747466007
67.57543423660104,0.2512793154042115,0.2410394494154287,0.21890086500511324,0.21307653908101493
67.34456136444503,0.24950113254246636,0.24048724537425065,0.21723266163519245,0.21154897995967326
67.3353063484348,0.2489307014502215,0.23907063742376702,0.21596269082339162,0.21059424934338952
67.65317940999367,0.2500509283346502,0.23936611206223488,0.21681341832931766,0.21087501644241352
67.51147243953437,0.24962970245467708,0.23708861842009174,0.21462851701738725,0.20945817178462137
65.26936643125106,0.24746610887912704,0.2353026526092785,0.21515281727583194,0.21007576728282
64.018748457078,0.24737358393905798,0.23519095095017195,0.21661733425202506,0.21153437754636314
62.314243623736786,0.24620059859664425,0.23477608008894207,0.2171123160937861,0.21294487740782045
61.52592266306805,0.24419418092727363,0.23622243765673764,0.21781537888760394,0.21322029595167147
62.45360329906762,0.241507665520686,0.23531912741875508,0.21894881302597968,0.2150441504567255
61.596988666345005,0.23998718775725442,0.23539108301914516,0.21881417970350545,0.21324597527399256
60.523096048229824,0.239713185441784,0.2337062196322937,0.21701893308303818,0.21155515700624333
60.59835727489281,0.23995795708114745,0.2335068868738809,0.2157809463563306,0.21080990166316912
60.10755143637264,0.23958010654938053,0.23366015022042882,0.2155516449172367,0.2110227758818593
60.77510519700176,0.24051268688168415,0.23433762557240376,0.21568880610044472,0.21153496494303814
61.136850419832314,0.23992181881540975,0.2337729049627273,0.2143473155405554,0.21020781930492788
62.557679524837575,0.23993683440063188,0.23290024484148014,0.21325506575807665,0.20916111196639153
62.8040967921684,0.23905348081715877,0.23248643731918972,0.21350442178864693,0.2094960911607599
63.551954672637365,0.23817678287997454,0.23332023369203053,0.2140664984248747,0.20912647613671945
62.93683084387476,0.23954169634087727,0.23522245274085454,0.21509735258379897,0.21002077554714427
64.24883047785956,0.24017360661900797,0.23539919509407342,0.2150137096366792,0.21073283888511127
65.39163808797417,0.24027924594057826,0.23485174472846693,0.21458793733057197,0.21145061056236544
65.28283495648417,0.24150640578648777,0.23555516577479108,0.21436680832012223,0.2115247750766643
65.77337742141914,0.23998423835900787,0.23498188541702694,0.21528689321568978,0.21370125048868663
65.98435914105094,0.23983267556306082,0.23559492013309427,0.21544462570160686,0.21310548853491512
65.54690322837226,0.2380508987883402,0.23395920894242223,0.21425612254686535,0.21294933238593403
63.60018099649465,0.24099006008853902,0.23384065533999562,0.21327221185534995,0.2112023732489431
64.32922894537955,0.24108099219093507,0.2333211005991566,0.21374829560108355,0.21310255839244557
63.96357532717893,0.2430713916342426,0.23400224828823984,0.2137503291400421,0.21237835988912157
63.41003948949112,0.2424530510893296,0.23279772000756285,0.21271310096447865,0.21199973298148847
61.59887769354997,0.2438002584854793,0.23358453073985674,0.21223277038654373,0.2121969794339604
62.46326138155196,0.2428824255719083,0.23438340185612175,0.21392009699473363,0.21253108081515562
62.035354104330025,0.2437690977349782,0.2344618405695973,0.212792125737341,0.21049493904173658
62.09970462854607,0.24446157860355922,0.23478139131189782,0.21323983062348453,0.21090102745654615
60.84730845063637,0.24322108677977894,0.23391175333573586,0.21193672802133226,0.20995483046853444
60.414253472970664,0.24333069542147973,0.23362913349286754,0.21211531288732952,0.20978608572613686
57.82282143299845,0.24135107454271423,0.23075770666566525,0.20921346175743685,0.2080586662114229
60.41064561072417,0.2430568382070307,0.23263727624930394,0.21193091314176737,0.21035916257657333
61.67688011328222,0.24487361958597156,0.23243560103503236,0.21182788085835863,0.21038176151465304
61.64561955981541,0.24416643223264453,0.230019912062331,0.20866144705783277,0.20786191825008474
63.56661470099214,0.24451434906165131,0.23011332569136517,0.20800995840064032,0.20641232070350218
63.71620317802537,0.24458857425923336,0.23074257024901343,0.20945280342094869,0.20631446767554776
63.15528809374089,0.24303079005200462,0.23047557092731968,0.2087992920327071,0.20503259201737167
62.08291362527464,0.24288764560619958,0.23167372437161812,0.2104119976928037,0.20586689125364352
62.663089597702054,0.24409300742798123,0.23270785163099306,0.20968607718846918,0.20425678817972964
63.32621370259229,0.24348191354842233,0.23277343119862245,0.21040737633230344,0.2059887016857874
64.26692695284156,0.24560232378628205,0.235126448599461,0.21055736366572864,0.20655595776527838
64.53093351311342,0.2452626973734206,0.23590430611072702,0.21106641636549636,0.20701133857827514
63.87525942209865,0.243368209458998,0.2339839810845462,0.2099788545483395,0.20818073089875577
62.74110292494653,0.24244329595381392,0.23228264463530943,0.2086890480715711,0.2075185721749835
63.2611822567631,0.24205528165889434,0.23049026754999613,0.20636418269074996,0.20503777088148276
161.4813748568587,0.6262284295799283,0.9635467474679431,1.0269291081659127,0.7530926395715014
162.8738090675077,0.48172535057661714,0.6583795587087565,0.6664616264574046,0.4745359156139888
150.0967051781028,0.37893831496431984,0.46625610895272795,0.45303751539100445,0.3291747119769108
139.79045448106874,0.3322122277142481,0.3821994872971124,0.3627023837032048,0.2717883712843675
124.39977041172143,0.29669359217463465,0.3236699125664075,0.3035150762881825,0.23633362387284715
118.25220605761814,0.28396165650275645,0.29737099177299,0.27529972880493836,0.22176408440307221
105.62446171093673,0.2695829763737928,0.2755330837218018,0.25405869120219576,0.21407040454159162
104.5392644023143,0.25830369101740186,0.25768770127735063,0.24135299745086963,0.2066050911345311
98.28022318741037,0.24784945589388505,0.2505377380678352,0.2373328915607989,0.2068628898791997
97.78635712441786,0.2417169520540521,0.23881391024692053,0.22877627956854654,0.20035013000626142
99.68415574968955,0.2359826990255734,0.23227303234820776,0.22270269173096788,0.19529693576905502
97.89071153203555,0.23650396439552857,0.2348068092802541,0.2250583797870511,0.1977230705623495
96.3868846737321,0.23158018211036813,0.2246150642455949,0.21788956659301717,0.19316835932538004
99.91833372429623,0.22847021933111003,0.22159826419601877,0.21785923441074972,0.18943205213009925
98.20235909113116,0.22406615162747107,0.21529002673318892,0.21309546775058685,0.18656373533188556
98.91082869914932,0.22826967324694603,0.2231931761627782,0.21760512411794894,0.18953891753234264
97.69316119715481,0.2253556970585215,0.2154579366997674,0.21124020541766655,0.18567352933949607
98.90416881488541,0.2274176140033955,0.22215400667373938,0.2159977121403156,0.1895499835747352
92.83340441133448,0.23286344178011795,0.22321223690426303,0.21477419092608868,0.1936918432254455
92.03792917530431,0.23384091701809895,0.22127021936965546,0.2100700270437011,0.19086439336341096
93.54306236576195,0.23522070539676068,0.22050735063767363,0.20890136702038659,0.19066002693937975
93.62640508218246,0.23358250800557934,0.22189359352026558,0.21078583173053292,0.19190564926711057
94.00850528626725,0.2327498131014583,0.22203365596666033,0.21137820588578218,0.19326810228617275
95.16463280986855,0.2337355831072917,0.22341573563233405,0.2126037380134144,0.19476804905174155
96.84277947229492,0.23145944563171372,0.22006160911550807,0.2095037601797993,0.19147486666610009
99.42504136596955,0.23180111546092966,0.2249533544002979,0.21383575945900146,0.19270319536562205
97.2161755310658,0.234239445469007,0.2232782488757081,0.21297525292473585,0.19434854536737925
96.04534458226996,0.23807175931770588,0.22787393595488406,0.21658143442512,0.19571669842958989
97.62423781200324,0.23906757798817183,0.23182684525791142,0.2193164075214607,0.19733700699589848
95.26972232629684,0.24158736740515083,0.2331262848266243,0.21991761345983885,0.1997474768776539
97.84443097266738,0.23902881066254558,0.22864685832290038,0.21817000804245884,0.19747815532396165
98.8957710457211,0.23672457931224172,0.2261003221037191,0.21654776983125645,0.19565287724554942
98.02967566938247,0.23583501370525112,0.22614898588286797,0.2164868512653746,0.1969669863424235
98.76257981263875,0.23459424282620908,0.22518110154045354,0.21512818465428635,0.19624617514965018
96.79378566581822,0.2403534581580359,0.22697135985701636,0.21355224243472815,0.19653338167836287
174.1105191988454,0.9679940420297868,1.0152501900278164,0.9837677213323385,0.93985632191368
172.45145192037367,0.6480191059348032,0.6386821002228468,0.619213785913784,0.6697692332250448
166.65183948378782,0.29390609625773856,0.2907561151133166,0.328966677325909,0.4144905001809962
160.04024964631898,0.11538585670025793,0.14250335642361667,0.20035482514813852,0.26307253292108557
152.1804894898274,0.10794171250172188,0.15024002409394985,0.17724633336741838,0.1960952302739048
141.2326657783896,0.1522163063244288,0.18203741658645273,0.1830071694738507,0.17303113580617177
133.34010374179314,0.18565569671286675,0.20862654821281526,0.19483158729527464,0.17056753492524188
127.42211149812613,0.20403188352037083,0.222945125879587,0.20261423150782762,0.16921862962238646
123.16388806841668,0.21925535468699167,0.23502470316439816,0.20867066525553854,0.17178431817068035
120.76400212311425,0.23034226733138857,0.2452726711884469,0.21610422287337258,0.17485482700745258
119.05122781488815,0.23729929364527033,0.2516051471229815,0.2248322770587512,0.17498742820849933
118.04665019719894,0.24407638554489297,0.25715993480419436,0.22919625978381789,0.1776721757569031
149.17725708489226,0.9354990519948551,0.9884505844510935,0.9813020833594339,0.6846733094997686
139.20666488109822,0.5902839185384532,0.6282324595904246,0.6289591613080807,0.45495306362426147
132.37812120218783,0.4403457551497538,0.4616919135415944,0.46786597624151344,0.33982690196254056
128.66233429559642,0.3760088317981875,0.3912365870591607,0.3867959312479916,0.2859597301493021
122.0116583599258,0.33337550269669036,0.3444310287157692,0.3270484946084055,0.2507998931805504
117.63887764705899,0.28947364058466857,0.2980473807032348,0.2823474667590344,0.22283520290780992
117.86613014985721,0.259520491947552,0.2598875023482177,0.24845250874450736,0.20194808697082614
119.79772332356707,0.25459501991119543,0.24520153828699937,0.23479724165330498,0.20068284408398135
121.58958635507851,0.25178409325662326,0.23131592506620866,0.2165161261134022,0.18936079546640108
116.16271648521283,0.22837000262246737,0.20710176231619615,0.19296040022966077,0.17163007925488782
110.96861413403239,0.22035785581394532,0.20259484145450626,0.19184048970061124,0.1736672234572877
107.75079969720106,0.23053139875787332,0.21230742316306078,0.19958529680253145,0.18456978789658665
106.74519185170077,0.23674133656074173,0.21964659330083025,0.20710554955371857,0.19306240691810253
103.89274486392515,0.2444144116599507,0.22127797616312797,0.20704341551276625,0.19548962011261822
98.9387924764486,0.2484975959792751,0.22638754773060718,0.21267458913187573,0.20273389297143699
97.94514097812265,0.2351850577761727,0.22111451474966645,0.21218007150801188,0.2019250419134988
94.97325875454017,0.2324650160870735,0.21887358764134338,0.2104495706849608,0.2004039282497648
94.16130637141356,0.23167463548407344,0.21677617955860365,0.20889659961653576,0.19997013398080726
93.31763171479774,0.2252486456593829,0.21158083036687114,0.20670050568641019,0.19801292387039435
92.50479254588737,0.21725904044251276,0.20392866421723008,0.20066214817616407,0.19314175232436284
91.12965922802438,0.22198754076434202,0.20715269528994734,0.20335715903772536,0.19381035755689296
89.69377651239513,0.22080572881886357,0.20964553115465687,0.2041714713083923,0.1924699812287496
92.12784443570507,0.22661381173663409,0.20979012556574486,0.205439780144906,0.19272046516638502
89.66045287689249,0.2352640397274533,0.21576634986967466,0.20877543312509456,0.1963541483861138
90.13234506369265,0.2379195714153678,0.2173227611507886,0.20899110919108335,0.19576564210364275
90.22330927291412,0.240888886165701,0.21786658092584557,0.2087592076590646,0.19760449719001075
95.69553585796262,0.2404208416046756,0.21450310344662663,0.2054741698190735,0.19268458997909063
95.12085088278576,0.24087055625430945,0.21310295998822873,0.20408076202562073,0.193271022555643
93.92513979504858,0.24306051106542628,0.2178690818339596,0.20672224483993062,0.19596340790866154
92.40059740835655,0.24547778304973472,0.22051489524355095,0.2053689197896281,0.19552359808284667
92.5618693610251,0.2534697490103945,0.22157715994113583,0.2033166688442595,0.1939840577637308
88.30749648013689,0.2550147597492794,0.22571705378997559,0.2069381438252446,0.1975689367355438
87.45502866608989,0.25850809479147824,0.22763727163344907,0.20852678599055283,0.1972063626376665
86.25772825654835,0.2598075083973826,0.22888632181122123,0.21003366257271414,0.19885198125737905
85.00440302449213,0.2525795105434163,0.2257467764643902,0.20880793230367664,0.19738331858780597
86.2010211678556,0.2471963840767849,0.2205362481125136,0.20573997975017766,0.19439408057314136
87.5731658868688,0.24749274251495387,0.21939259229473126,0.20442364957378212,0.19308628048414503
87.69215336928775,0.24961197631145085,0.2196699511527042,0.20327542078231844,0.19385097753106015
86.11592105527083,0.2539628427339956,0.22392024531222174,0.20547779921479364,0.1954259677869028
87.25424027077284,0.25820610953839385,0.22698638783161873,0.2066830097607272,0.1954855414490482
88.51510341256125,0.26646746715181346,0.23336026207099464,0.21003960240425978,0.197358034940798
88.254497893132,0.2665786324354236,0.2375871207556675,0.21436303909028034,0.2007635310336066
88.7324055401263,0.2621987588352736,0.23582330240874916,0.2140659315935188,0.2009436419653512
88.76557722258866,0.2593548457988772,0.23657044019351037,0.21561361071398683,0.20208918093642964
87.99151948310873,0.2578886774002385,0.23586899436251108,0.21548894155049833,0.20251587946840674
87.05909397433689,0.2586879706711274,0.23720710034634646,0.2155908294569953,0.2026099140776467
87.66948087200035,0.2575820353860949,0.235427007822295,0.21419504789516178,0.20191936143076453
89.79074413132803,0.2552828505646324,0.23377802627714211,0.21454308880949666,0.20170939431250562
90.80679517851661,0.24756671324350157,0.22893311486964626,0.2127388453693507,0.20046350396632923
91.12519861483125,0.24298888581959255,0.2270904961530689,0.21279236659265774,0.20082313548904282
90.60691854455365,0.2375086903384999,0.22220328090015956,0.21051873601043683,0.20004010373221906
89.74448468813905,0.23674946012589587,0.2230306874259433,0.2114105818003226,0.2008431811748602
90.19722117825587,0.23395380901912893,0.22084313862930238,0.2102182386915493,0.2005141027565709
94.86167500697061,0.23710897206480133,0.21866487397239606,0.20753224608696932,0.19790692749736385
95.50105811619348,0.2415764768963732,0.21941779924160001,0.20578438912753702,0.19631402659668926
94.5278041080611,0.24473482278239986,0.22225206063949282,0.2071086827175837,0.19558056511478983
91.96199065668213,0.24453790316481297,0.22562554682797084,0.20951532177340806,0.19769075474691458
92.26653961544153,0.2503689739462489,0.22917142070943372,0.21122301267155874,0.19934197345709775
89.43301046955783,0.24916018600737516,0.23010521437163206,0.21296238494710212,0.20153743318184755
88.0387679651381,0.25047718140745934,0.2290461487895196,0.2115101892288152,0.2005641643386389
88.79541659124749,0.2448100236842333,0.22414923488196867,0.20708122994224756,0.19698792206809196
89.35673648401341,0.24214358162542482,0.22102073032536337,0.20450464556745432,0.19532416852355142
92.63593948276856,0.2444449507969566,0.22071748072276415,0.2042912582102134,0.19452142110577245
94.5377767840843,0.24111432299167768,0.21662559805207296,0.20232919698518614,0.19221658868323582
100.84853848856446,0.24832224843765263,0.2211367055217689,0.20552464392242203,0.19442013613651582
100.96735620720229,0.25601378420244914,0.22591516280278925,0.20857704425255882,0.19717413856398633
109.42996364541108,0.25784046582907966,0.2261787783823194,0.2078076055437169,0.19766646989711287
110.68110089027932,0.2595088895649778,0.22347867972960414,0.20431184899104735,0.19350521588862502
108.28657055416706,0.2623935737427905,0.22674279662476424,0.20699285468322023,0.1956775349603762
107.65362202076749,0.2645511559855715,0.23265883786103575,0.2113681828979206,0.1991110304321758
100.49494670917395,0.2590274902497222,0.2352768088613756,0.21469041300140196,0.20240299955769095
100.50581927976717,0.26915655887773066,0.2379239692029576,0.21456784878926446,0.20462438056172788
100.13128943343698,0.272155154156578,0.2409477536376819,0.21705512291698711,0.2073076335441771
101.11544754497545,0.27488440481850007,0.23934348566382155,0.21536704963230588,0.20545167617470236
110.50248235498694,0.2750744689525372,0.2348282532321208,0.21152328262335826,0.2016223221561016
111.3304222579831,0.2707260501850596,0.22696326896763075,0.20477230680250624,0.1966638860497732
107.32564343483784,0.2643291669928037,0.22489206382905214,0.20674170292292468,0.19909601601900045
104.15028671725536,0.2645947306776184,0.2267532046577976,0.20939695848486736,0.20025820361373728
106.02618226298779,0.26456170207530183,0.22373183641012961,0.20736651172144618,0.19819847962287826
105.17722941536255,0.2651116223207894,0.2241313822082051,0.2081505721324592,0.19914238474433513
103.92727250230769,0.2687896422532768,0.2279125170715879,0.20999105787007463,0.20077849217471208
99.69246572308161,0.26859874724447,0.23108398085681112,0.21225594826704525,0.20075577302359618
96.74662058435673,0.26395978576555384,0.2293183466221034,0.2114190078901862,0.20064563098417507
96.2807164733699,0.26725487548263427,0.23192446586713017,0.21309439790869253,0.20309563290293492
92.48408151317923,0.2644977904905134,0.2345393460136641,0.2154140433092758,0.20503833321235426
91.26302676561197,0.2653973915668542,0.234939586688345,0.2151589135251865,0.20447604125087301
94.38073304869485,0.25969664240012647,0.22958553249327915,0.210146299155649,0.20064634878749418
94.42601148689448,0.25716862351185193,0.22589982156021382,0.20851307327570262,0.1994117878190961
91.43110902112662,0.25536836784488987,0.2229273691023675,0.20678136731502259,0.19925271440525727
87.45405485497369,0.25545073130476986,0.22414542266160037,0.20854554234161005,0.2023806739830121
86.77294381964865,0.25166194267878084,0.22333877319527345,0.20859223887462722,0.20253136913209413
87.99621982425265,0.24816527570849198,0.21903512565875322,0.20689322436567315,0.20242601541021416
85.98468970161909,0.24725174207523093,0.22104310971257785,0.2090986360375048,0.20361892104716395
85.45109197596345,0.24854245842684786,0.22160809226372277,0.20886702690232478,0.2036936850770671
84.51869829801551,0.24907150828157779,0.22354802474622268,0.21016315197336485,0.20500534334721865
83.10760389604496,0.24932242332690802,0.224009086989726,0.21048642618975275,0.20496145644075997
85.16716652654043,0.2511436503750076,0.22136634160716379,0.2065473170809732,0.20184009673546396
84.46923730085462,0.24885343291263845,0.22002134935512221,0.20552193397331023,0.2003648616452245
86.7348115025382,0.2496517466433102,0.21884539351115784,0.203984127894946,0.19793349017267264
86.12565714913949,0.2427967780784019,0.21385824810555848,0.20146239664010082,0.19384798234532435
87.11757376639365,0.2396759296816813,0.20997549190846,0.19943848132437694,0.1923353839058033
87.9892709798364,0.24006395820670434,0.20896910684602535,0.1985375596222236,0.19186100847730003
88.38088473944589,0.239248543155107,0.21052144945355833,0.19943982187902648,0.19289371418661175
88.42045348718005,0.24359061177841515,0.21156104208371584,0.1999889004180857,0.19433203437808225
87.8882365625247,0.24344717413646647,0.21322317371636704,0.20106807144291095,0.19461351787075923
85.65290835928673,0.24426165152270346,0.21514646527292278,0.2032332504452195,0.19751853783269885
84.49066695816296,0.24906991544666482,0.21844008669747858,0.20467138979474253,0.1989890951602096
82.88093559292602,0.2505082787774052,0.21985114450997978,0.20533264966371717,0.20062945269131405
82.53982597371692,0.24782642155666837,0.21698186141687267,0.20372164954698127,0.19878842021935497
80.9491977533768,0.24968018974971293,0.21856386472413447,0.20659854546082995,0.20114632859462184
82.74337234091264,0.24732077431784025,0.2144349004175127,0.20409745835901638,0.19795195677612676
81.0779756829451,0.24899808668474335,0.2154212905315465,0.20522887797764855,0.19911877203514333
80.56626860767682,0.2510868353194892,0.21796006047365696,0.206654787949015,0.20079909065216758
79.68846250881153,0.25138249015325237,0.21862224753979217,0.20644782469037343,0.2016171565705572
78.43466625865415,0.25202249226462353,0.21877141694812904,0.2064672728538119,0.20177227662885222
79.26448522297662,0.2507525682037825,0.217463123767074,0.20577630009758813,0.2002890075249169
77.36422900431332,0.24830976609113406,0.21860367927091315,0.20670756423349565,0.20092118542382506
78.08843175849694,0.24970407072306366,0.21772911631065447,0.20488798711778383,0.19927512434336642
77.17996258792961,0.2529649667686397,0.22107432904607072,0.20708676543025858,0.20240913988455128
77.6941352854881,0.25462867255564126,0.22238237459223706,0.2069119300007126,0.20284922935536404
78.18419468099991,0.2524276128233329,0.21803523794420487,0.20269735977166267,0.19997807621576508
77.70439589172982,0.25018687395383765,0.2177943486725578,0.20258537416279004,0.19972451900417654
76.26511422391735,0.24678830705729038,0.2173120135178101,0.2031668682908343,0.20031754221688172
77.59914083501143,0.24751043334336054,0.2163866129500666,0.20114003031745423,0.19879150836088352
77.37878271540694,0.24898582046821455,0.21697331402013367,0.2023611234590021,0.20077114127959073
80.09026709906149,0.24942005176630133,0.21162671624316362,0.1994871881151934,0.19833927078346109
78.51380359726365,0.25349641857052896,0.2139023865121743,0.20118647993920968,0.20055103227029267
78.12373007454035,0.2517843007731231,0.21426343596418765,0.20176853509895162,0.2009041779311817
78.7488855697398,0.2519858660359176,0.213043347647942,0.20130468697676498,0.20017193583300447
80.59373003051387,0.24889286912010478,0.21044124217482146,0.1992260133280731,0.19826012176951288
80.76142816066273,0.24726028135287467,0.2105899503576921,0.19955793810734818,0.19971266612106825
81.14504452178355,0.2439904056307466,0.2078809865192918,0.19907669874380504,0.19822978311079623
82.96441345908805,0.2453612410254647,0.20952440337827544,0.19954151554221083,0.19861572135086697
84.27510435487157,0.2437434835411225,0.20998540833055895,0.20037808144109648,0.19786148035181372
84.87298530332016,0.24600976308316141,0.2143692744803162,0.20219731091631418,0.19797541395947993
85.93899250448723,0.2479582942609927,0.21895115735771684,0.20494079620986028,0.20032979207292698
86.59844613444768,0.24481488664502557,0.21550892942443473,0.2018623440118743,0.198565224380924
139.99989807256196,0.816775846009788,1.032318763471355,1.067472149396535,0.8318614903633816
124.96077986301043,0.6460648825729196,0.7389375017766505,0.7392815237540844,0.5892780155565591
103.09652109641814,0.48679525739846236,0.5255452147394378,0.5077577186340406,0.4095452979390059
94.66958913695163,0.3981927401987696,0.41626604939655165,0.39667909853411615,0.3259852551956517
90.6480139239204,0.3386056917326095,0.347069294453903,0.32750440824098503,0.272476291271556
81.03403287952784,0.3081825988469142,0.30714538105829353,0.28620312727032327,0.2420224448448867
77.03961856337457,0.29472585062708295,0.2825336538327872,0.2632589190612936,0.22498133683911353
76.29395586694575,0.2828201949699087,0.2653931051269038,0.2488752248044058,0.21776934921611807
75.28759449068835,0.274741751793581,0.2533052306326065,0.2376736292694342,0.21198925871547072
76.20741028908344,0.2749956484203525,0.24786601610932463,0.23247859311699934,0.2099994031041906
75.09969455692,0.27453209835817094,0.2457224599100848,0.23059505344818187,0.21050845788215206
71.90229323051018,0.2763305616538205,0.24607436574109268,0.23036262579882158,0.2105884302017072
70.7822595413742,0.275482695480668,0.24445519772640045,0.23043540622329123,0.21147719005129442
69.05257111655165,0.2772676412761186,0.24425024157464953,0.23177339183413276,0.21335565082335023
66.76416810576492,0.27829577073205874,0.24413979451971757,0.23107282803131354,0.21343119048355216
66.51879067654008,0.28176440117255386,0.24487319109016656,0.2305707634505291,0.21324081345391618
66.76537851577983,0.2829456626684099,0.24490006207316994,0.23029571787074993,0.21282242575552768
66.72218289649038,0.2831631370425583,0.24503612730554353,0.22893366514109698,0.21205938889353695
66.68839409245716,0.2826724721896331,0.24410097960460644,0.22723314253713278,0.21085982718093393
68.47297297426859,0.2826176795272677,0.2442659183372345,0.22847925624935572,0.21116985337197372
70.18278176923921,0.2822244510687595,0.24601778784654,0.22954083258212393,0.21176714749786496
72.70733597723905,0.2810793044625282,0.24677100670516547,0.23025943892046108,0.212214729880321
73.12513178193736,0.2771370847569562,0.245667023864947,0.2296679009544695,0.212685639258123
74.82964578471639,0.2769703610157679,0.24718373274230143,0.2309473742941665,0.2144416336502764
75.99191869966172,0.2759206000539877,0.2460429461670984,0.2299419527602819,0.21413391974466303
76.24389753001888,0.27323913710528486,0.24500011512668665,0.23024314306133267,0.21537882337003944
77.27418825732275,0.2698704675027966,0.24405641044023085,0.23123798075871344,0.21734886527694453
78.05126035841282,0.2675474655798954,0.24249796100664667,0.2308543758999924,0.21753515089094547
77.80317291889558,0.26186520791728496,0.23983946092255845,0.22922725854202033,0.2171365723127877
78.89805606201908,0.25992174996342454,0.23838125318742096,0.22866257071350227,0.2170412912923471
79.27611001711134,0.25796627969606484,0.2376827053206295,0.22831434167538595,0.21710520488796362
79.96370657384044,0.25879680059207616,0.2370101836053389,0.22769455577902448,0.21573558196546058
79.57095336432819,0.25717664648623295,0.23632968651336758,0.22775731288178336,0.21544265214776073
79.88038073040067,0.25816665159888685,0.23768223306444247,0.2288644213402684,0.2153400105196203
79.36644449234375,0.25804911735815594,0.23951791530437752,0.23008331298211857,0.2168120864775312
78.88737689898458,0.2573819329060192,0.23976410170887721,0.22943987255986337,0.21685330496504082
78.88587857381386,0.2586889375965617,0.24169105898189538,0.23038150223895423,0.21824057147427853
79.27780683422677,0.2602555644511461,0.2430155965137125,0.23131441260709287,0.21948234587262047
79.19988051120883,0.2591929928283158,0.2436582594693134,0.23209422350007028,0.2209761247446895
78.96060149253941,0.2600547232117418,0.24451314960262477,0.2337008739421614,0.22243479833867263
78.65239097071283,0.2584587438515083,0.24422795579091403,0.23471144055349807,0.2233874354459146
78.47195140180952,0.25800094512754057,0.24368969887589115,0.2352843164878093,0.2242694482021198
79.96794831702596,0.25934138763978176,0.24078770558575785,0.2353783067008772,0.2232445157044603
79.40645390405615,0.2611257454788712,0.23727840478984707,0.23422486706934806,0.2234166919861699
79.17350411586249,0.26241150355074533,0.23602478072239816,0.23398048509440625,0.22452866173422967
78.77025507453959,0.2636802001880385,0.23554273278029128,0.23406045964515979,0.226008635517264
78.3238340405347,0.263933200401141,0.2351467581756576,0.23425513727653613,0.22697848581103827
78.1976900929801,0.2639344078079169,0.2358498118166224,0.23468870249104434,0.22819543916129834
78.03551166452019,0.2624270385828334,0.2350363415280638,0.23382419494282128,0.22847494722048378
77.5203986394865,0.26241730088524523,0.23422362934015192,0.23284205132275498,0.22950379226482037
76.92648727028585,0.26352274303106193,0.234826700171254,0.2324445937620588,0.2304075492915069
76.40880332513177,0.26670698121263714,0.23646530385739903,0.23278508420135835,0.2318022569010997
75.9848184402244,0.2689081008229684,0.23777708726939475,0.23294033010800397,0.2328763203025006
75.85855237145907,0.2697911891209547,0.23786031997415397,0.23222589178339384,0.23330824710731451
76.0243519713432,0.27072359067277196,0.23842411474383407,0.23235092413477323,0.23327661040803402
75.66664039010112,0.27194412418565034,0.23861535912513523,0.232240292646618,0.23394033150855995
75.00617540018013,0.27407443427148825,0.23836019569767608,0.23194334211066706,0.2334885158995944
74.27659347641668,0.2753425821093061,0.23773751994431433,0.23215571884107408,0.23376878032905574
73.92289270035208,0.2758235131905038,0.23700758706875658,0.2321946917720438,0.2338019039952216
73.63577144106402,0.27684610542447796,0.23708240230453995,0.2327981371504485,0.2342531655904899
73.25682341158264,0.27934876165209627,0.23878679832390626,0.2341920235465612,0.23576200391981994
73.0843860850291,0.280179920852386,0.24024088354643003,0.23514634446236185,0.23773094230160316
73.14820112121238,0.2819778535485507,0.242750409810787,0.23640948628100883,0.23928409843682613
73.39907468327566,0.2835648018196355,0.2452560830314489,0.23773201063935703,0.24065767747053432
73.1566818535452,0.2838881238965562,0.24572598999307121,0.23750963472274964,0.24099574935738402
73.1951587713706,0.2827324333221444,0.24577732994231719,0.23721168988882352,0.24087604204872795
73.03070682057486,0.2802308415732535,0.24432247854745445,0.23533104292216198,0.23988902809378398
72.69040787253374,0.2789129000597714,0.2436092966543431,0.2344295329930531,0.23914323256779338
72.78055617495806,0.27687423298725683,0.24220128247191763,0.2327709344826471,0.23764242421476786
72.58645583703249,0.2781299764222793,0.24291671012814334,0.23298657775466036,0.23731330448068563
72.1449565538495,0.2778947851800817,0.24313339395129038,0.2325506749673037,0.23648304356568647
72.0039041217383,0.27709542073593096,0.24201982788063156,0.2316736803807277,0.23512442106727338
72.03233469312822,0.2752049955274576,0.2409063711772165,0.23058252407484528,0.233641235814905
72.23051246414059,0.2767393214799862,0.24197675993699805,0.23132568683662988,0.23372355458658314
72.81758202081946,0.2768527746237407,0.24277048779879565,0.23189045562011254,0.23390771919732148
73.41253270006548,0.27720879406254884,0.2419754985930215,0.2312642935969944,0.2327313311620348
73.95050930267787,0.27782178436787197,0.24162645876770827,0.2310312062257797,0.23191036409896196
74.30407078731665,0.2791840026777081,0.24085845613413193,0.23090138374678645,0.23078745039518483
75.2332730148298,0.2802220499151338,0.2429949822344687,0.23346417892235694,0.231950455772967
76.21017472924393,0.2806709887917931,0.241433990172017,0.23421181796113533,0.2303137021953707
76.42164181048189,0.2801415233860444,0.2418537484594447,0.23520922778165423,0.2311683418984685
76.7021211570532,0.28069561663125076,0.24288357936517857,0.23651906150241522,0.23305693114658407
76.76356483568422,0.28061835578203326,0.24175734190840875,0.23606610435669756,0.23251085604205998
76.52970296072291,0.2802534962982974,0.2419420880742423,0.23715790102377013,0.23359329028734033
76.43746322506412,0.281362267518054,0.24294341965725755,0.2382470703722517,0.23572350721412152
76.27636682133367,0.2827255547599298,0.24449955617871855,0.23953735456677372,0.2376950920798873
76.61843923725816,0.2806414102002036,0.24295597732125182,0.23912858790277888,0.2360009833044219
76.7023588505798,0.2788054631763376,0.2413470719400197,0.23909451142172544,0.2348056868459157
76.97123278822876,0.2769957903638578,0.24069003780438644,0.23949609132737937,0.23365500631732755
77.19182684597071,0.27883189822483523,0.2421581657770789,0.24113000501565657,0.23534557103510778
78.25201613373069,0.2803821373680385,0.24223885312564167,0.2420428986839133,0.23496643703470585
78.04058955883274,0.28187010970519993,0.24321845759765032,0.2424351524045029,0.23530915249212542
78.54912036451225,0.28203864359555314,0.24270374587649995,0.24246042658880101,0.23567914224756067
78.97921118019579,0.28268101321104183,0.24126885153699332,0.24224096429910533,0.23569868420738413
78.53015385522703,0.2838431108242868,0.24096910930148904,0.24151101759247945,0.23509059331552457
77.73685056173017,0.28421963856113436,0.2409626243041319,0.2403370870059851,0.23414540732130243
77.4665697420975,0.28644797070421363,0.24236235467273087,0.24007288004617447,0.23376226010453033
76.49935499509411,0.28808089951904503,0.24350250131080464,0.2402880663958624,0.23463629004946993
75.8088344305535,0.28730724441725153,0.24359626029266773,0.23984373687258398,0.23466572121803553
75.4179897345395,0.28679704592101996,0.2439841451316579,0.23915277396459697,0.23483764383708286
75.16272176877008,0.28525288570081003,0.2439329606097703,0.23872146998854143,0.23519277032089903
75.40354265089256,0.2845113540686338,0.24346151642643668,0.23791954275664,0.23430189843712612
76.10772134848773,0.284955172284798,0.2424943285909616,0.23789530109298146,0.23379650823615217
75.68639004718449,0.2822407884978346,0.24083635246193796,0.23702138527852737,0.23398292486741315
75.77275183496182,0.2806613647056113,0.23955846320125038,0.23569221374345634,0.2329399269894983
76.58363447888554,0.2820941721246721,0.2399649067785431,0.23645832633400565,0.23267386908643756
77.03945769818475,0.2811439838251518,0.23948579334358727,0.2361144966139957,0.23230846619565307
77.56243886020296,0.28293042086139053,0.23940985181699714,0.23594183671259158,0.2318974817446907
77.64578600446116,0.2824621922575366,0.2392397432261717,0.2355790193553787,0.2318601826454413
77.79497159916907,0.28194193654384814,0.23899474192924833,0.23494394902957005,0.23168440456551706
77.02126450905142,0.28181450177727585,0.2402983716618371,0.23531789246936372,0.23256753630929863
76.73339424375209,0.28181488833405466,0.2417982862813995,0.23594168604600468,0.23341542644623095
76.73413071812718,0.2817269178120238,0.2435531386159565,0.23650607825117742,0.23406161121998856
76.74958327927303,0.2823458778377713,0.2435558659239653,0.23627620287497642,0.2344448569966225
75.92204794786143,0.28072812003575753,0.2435570751597553,0.23621680222545552,0.23617647429128566
75.8609322264019,0.2786660123056814,0.2426336231802197,0.23481319629559713,0.23649866781212583
76.94916788926275,0.27687094805466306,0.24136510750256837,0.2329188073463014,0.2365239218342277
77.6671497371465,0.27483481051705744,0.24351975895940933,0.2328486209468613,0.23495108602824066
79.1487329054836,0.271164386393662,0.24233399616383855,0.23329995163771225,0.23439665130693976
80.18853609495079,0.2701909342186336,0.24187982609512046,0.23519626390659107,0.23603102641626966
81.8615721539693,0.2708355382110258,0.24264429636685356,0.23717208216527416,0.23809597705264166
82.91622580680351,0.2716355975962863,0.24556111497190666,0.2397675957417799,0.24080073337097316
83.44673148207507,0.2712429982830484,0.24666167484562185,0.24156592815656272,0.24343479642950008
84.2343416191134,0.27179221125528896,0.24865856068730186,0.24345545908481936,0.24640643760695108
84.48462325027776,0.27137194820662464,0.25002633595167,0.24537499451529968,0.24906579892645325
85.01222448204895,0.2719928616296241,0.2533697988110489,0.24721638295004933,0.25073964723236264
84.65364072305822,0.2714646767619903,0.25385147967861366,0.24693500337903465,0.2514269727816761
84.42440693229344,0.27231043011118833,0.2541547027715393,0.2463306209003332,0.25201211912424226
84.28272323286942,0.2737720133795981,0.2548193213342144,0.24608839565792082,0.2527000920658783
85.51153479593938,0.2768465345976004,0.25670040281395756,0.24697854768123523,0.25317828506623014
85.39002460114526,0.2782513739899805,0.25618588492861405,0.24657290801986068,0.25311841397583124
84.55081614296692,0.2802171595022701,0.2574657322194717,0.2467870992603061,0.25410565214739167
84.95867052820554,0.28336197801513957,0.25914321928779754,0.24663963747682327,0.2534748333146969
84.70708324985917,0.28677647984862686,0.2614570476814603,0.24725282395893913,0.2534224926507588
83.61810280643138,0.28607134166733716,0.26005140824353434,0.24542588281996258,0.25180807938664335
84.29833479751294,0.2860349805269791,0.26194388898324966,0.24609704151975256,0.24924439887753225
83.35617761940075,0.28649110855557813,0.2601386213944382,0.24368285333718911,0.2472464259112266
83.96926108573054,0.2865897216437412,0.26142396557858766,0.24481876293007737,0.24633303552572686
84.03825805360141,0.28836865190264716,0.262834776895518,0.24557145947240994,0.24618442711703947
174.88920474594954,0.9711263129431048,1.09353828820399,1.081461561680256,1.006461994363268
162.35637043365784,0.4497614712659531,0.5188596069204751,0.5170811897643154,0.5263340480054239
143.17166514123548,0.22275938230575346,0.26996539982203765,0.2782794164699455,0.3224935473737654
114.71386154602696,0.1443226580832402,0.1859117984975196,0.19757277034729806,0.24709071186875253
94.0439293569575,0.15411330397853396,0.17416901147082298,0.17785086028865496,0.21307833048797312
84.61383378248536,0.17442119878197412,0.17693551549972186,0.1773178409041723,0.20285772795353696
81.2225764179377,0.18909665753774704,0.1822576078078271,0.18055707737703772,0.1952829801042371
78.99486451270714,0.19648476664682174,0.18698386419921703,0.18422749949758832,0.1916976237174879
75.57269347706233,0.20120248404849425,0.18975854814282547,0.18753211835854885,0.19022208238422067
73.17826827660845,0.21211178284790363,0.19721489373982945,0.19392442942157656,0.19340714546339785
73.270779356974,0.2215492575721101,0.19901159167779586,0.19548277530600197,0.19511134354274753
73.15385520784132,0.23075668710715685,0.200079081170504,0.1960285189472722,0.1955083017693295
74.51530016621417,0.23855345971870442,0.20079359737136596,0.19668617852485035,0.1968959168393187
75.4937477809884,0.2455748267533513,0.19985069524694649,0.1940488454119783,0.19541660182427592
76.11047911545104,0.24763034914925988,0.19776789913761048,0.19287350106090345,0.19449975397530875
78.6052758787197,0.2514673402708526,0.19212368487302584,0.18881378369139856,0.1909177968874523
81.68483126709225,0.25772708203214023,0.18944219905701884,0.18578529840486116,0.18575300353185573
80.26481210610457,0.2617893772569873,0.19095109458748838,0.18684483237178848,0.18538003310604015
80.68934085805171,0.2664963994596559,0.1906687002409488,0.18478529063081928,0.1834122029297015
79.1616361542664,0.2663536421247464,0.1906530625466854,0.18514212231205848,0.18273689433217644
81.37780915753643,0.27228816477302514,0.19384326828311574,0.18791862038133653,0.18342043799853
81.98705411865845,0.2716885538662246,0.19834269291388462,0.19175339695151603,0.1858160634918238
83.31686405534667,0.27148327470757755,0.1999615056192736,0.19223690645397004,0.18642181785229187
83.82225619368094,0.27087259007701014,0.19758583796612916,0.18951752958778798,0.18431294449268656
88.01236333840612,0.2701918541262872,0.19715569210239176,0.19112168129905965,0.184864033245817
88.77698342347466,0.2673385444842601,0.200671190444916,0.19492765901347928,0.18704428127337924
86.44453139168233,0.2608841381222898,0.20131578675186865,0.19554094667669028,0.18838890297907937
83.09383318389261,0.24899475921541353,0.20072462930447105,0.19569771408146933,0.18902797292695214
83.72153684371787,0.25087137689552674,0.2037789133291924,0.19842564557763476,0.1921200529686206
82.25006212929121,0.2470082889709203,0.20452224745675504,0.19949272052173334,0.19289413361865518
79.98537686139078,0.2432457362481474,0.20573002784121125,0.201056660379746,0.19377563674858048
78.04678175090372,0.23891066763893842,0.20589235050803928,0.20020298068038025,0.19306540906988182
78.38312988418566,0.23905805904519498,0.2073610026721329,0.19959144194948114,0.19189209526447748
77.36898826982356,0.23750533359162296,0.20918358153816544,0.199779576661307,0.1925423224990343
76.16435179898345,0.23720364609071795,0.2103567550304021,0.19919635179365056,0.19222430208915875
76.02288018614722,0.23787383484149527,0.2100071970874496,0.19784542210863842,0.1908210127458839
75.61274073589163,0.23675067048879442,0.20973604452285222,0.19650524084807938,0.18984483803069235
75.11270939296242,0.23592035635509356,0.2092546761827098,0.1951955204006277,0.1888539770363497
75.09270029639288,0.2345508651830939,0.2079439475198389,0.19386709530105503,0.1876397068496384
75.0530533078151,0.23740980369376177,0.2092193152034914,0.1941892482981661,0.1882799230488433
74.57719175611639,0.23789145946984028,0.21048082612841387,0.19538851555056488,0.18893067312865156
73.79322294453829,0.23687618481425088,0.21158084917244122,0.19675683908162797,0.1890162884707297
73.31461823245087,0.2372153355518709,0.21267764430259287,0.19681748713206165,0.18833645430697818
74.31960521704268,0.24008916128880672,0.21386898247806127,0.1968397423839287,0.18832150242590892
73.76476034102365,0.24342363150489293,0.21563452953847656,0.19616990449155217,0.18801872977245707
73.10511905220007,0.2467163369149853,0.2176926352173187,0.19751144418949862,0.18911842378055616
73.41323124674223,0.24590648792255332,0.21688429583738755,0.1974149680270749,0.18992873512662678
72.49078166790315,0.243783732986882,0.21638000814233707,0.19754449856967274,0.19025727000844958
72.06469260172926,0.24532668999219684,0.21665841854583165,0.1974881183925655,0.19096915125781463
71.66354871148548,0.2439054042929432,0.21576430971592228,0.19741747039986865,0.19164626387626235
71.1003791095945,0.24079378192652084,0.21618386293361996,0.19932249399976085,0.19409376492990155
70.31228348673865,0.23989878817679278,0.21698225839150334,0.20006220480017317,0.19494945882848835
70.77341935446472,0.24109002325616424,0.2187625742141027,0.20208707310077806,0.19710350061126838
71.015438343879,0.23803395188611293,0.21758583581000054,0.20194932177162925,0.19788331190151037
71.56090854604392,0.23845037663675042,0.21881756247019377,0.20393180965154295,0.19965789318403906
73.57062979622572,0.2433374950982354,0.21990951434992076,0.20444966051233449,0.19944013275358466
73.50398827049958,0.2434299287651309,0.22037108438405925,0.2047510228430847,0.19902453767097664
73.06147351009625,0.24388983647462462,0.22223080259499547,0.2062331805018907,0.1996784945801512
73.68061310282334,0.2458596862138092,0.2242556817631746,0.20778945097510154,0.19999160169171495
74.9856358647385,0.24884591248652188,0.22530549703955802,0.2089524440922378,0.2010539286415293
75.82562341701987,0.24765279439059343,0.2250428276944162,0.20910675427835887,0.20153311959310707
75.35472199550237,0.24701184661114256,0.22578716458904846,0.21042595254999844,0.20281379453343845
73.90048186296191,0.24562341579977606,0.2271064704599374,0.2110674054981227,0.20229178484781177
73.51589867308326,0.24512486830638047,0.22745056395468977,0.21196981341328833,0.20263408413452566
74.1837562348036,0.2443898863061095,0.2275370109601929,0.21321294066617266,0.2034818561664464
74.86420769648036,0.24394816795048943,0.2269414991793752,0.2128339023079327,0.20288338792477575
74.76353041908612,0.2451215798262026,0.22621253709470057,0.21100489852919738,0.20122179204908167
75.81444533288699,0.248690692504975,0.22723015765734245,0.2119283006910636,0.20203118288862218
76.14317784951261,0.25205688430306283,0.2291443380170312,0.21334750653160298,0.2024806079422475
76.28589455090989,0.25469421797504516,0.2308256250800512,0.2142846991028209,0.2025579269209214
76.55645674720601,0.25526877379825724,0.23011016106381932,0.21281605931267988,0.20068337934291336
76.49713690704039,0.25569941738950736,0.22995085149805397,0.21199489404503355,0.1999638438862531
77.20241956950542,0.257532127843466,0.23053117367658957,0.21186895502395584,0.20035317381683918
76.81296383056412,0.25758114298472473,0.2315837606881272,0.2119463010920041,0.2002127070181337
76.03130987404082,0.2558858973245833,0.23133534229121253,0.21152639563535988,0.19966655578653075
75.35467029246095,0.25326145499855496,0.23113502374617706,0.21158009590649823,0.1991838844093977
74.82259969884463,0.25142141607217394,0.2308879738828972,0.21148702291165403,0.1989145827270669
74.94921219113913,0.25000634793499166,0.22944854010608376,0.21046229946155265,0.19841187340761357
75.10724552611862,0.2508753078224098,0.23017979578296288,0.21046501106086987,0.19828256495097277
75.08051390376902,0.25286295277638626,0.23047711687461694,0.21071791013735783,0.1986856420787612
74.52646881406274,0.25117779202786866,0.23026420610133108,0.21169524655289984,0.19968996431360678
74.7796914031505,0.2548652107493359,0.22898829169680285,0.21040007166904742,0.19848289691289747
74.10246792589598,0.2561503504605647,0.23067795939736616,0.21250729342486285,0.20016658563187145
73.57203551491196,0.2580094374243941,0.2325792908295005,0.2144101538977498,0.20145087214372856
73.99055544946091,0.2590148495831032,0.23265779607466963,0.21541348684037048,0.20254911712101037
74.37358513449125,0.25914393060064134,0.23102774011967633,0.2148454770099251,0.20208093346208997
75.92301318062104,0.2606524041381602,0.23017092786310636,0.21400851192400056,0.20118175562240906
76.74553138957013,0.26167627353221684,0.22955596718793625,0.21296226746556965,0.20015922261042107
77.10150704321195,0.25968277239893883,0.2273020617123565,0.211651583958575,0.19917362833338176
77.24560807678893,0.26093008702100084,0.2286439956954128,0.21284803879490172,0.20013920138662813
76.72592018567515,0.2594425797971236,0.2293199630342271,0.21406019585391498,0.20180450023806307
77.53805429191667,0.2597873217588519,0.2303917603046961,0.21551649147058433,0.2037397990202949
77.49042096313092,0.2604396028052833,0.23068710586517294,0.2151326264575487,0.20358010220707268
77.2366180601842,0.26130798102614494,0.2319847032338775,0.21630759841658165,0.20433579285183953
77.85373077867284,0.2630692663447619,0.23212128839280305,0.21587532142113033,0.20429784515016172
77.44572371621608,0.263429462041238,0.23189923956736375,0.21493245957096097,0.20373617826691573
75.79346541728181,0.2605610748272288,0.23147774935595974,0.21450070624884723,0.20368971564785945
74.1684763933585,0.2582525199114479,0.23259899908510012,0.21499762263331926,0.20385000530789574
72.64035920997179,0.2548037853172146,0.23314638106311325,0.21540457313649522,0.20342357232871275
71.97530774944713,0.2527339690699334,0.23287724117833428,0.21538183782021725,0.20329954295660133
71.69699207232192,0.2523994033058182,0.23305529507729889,0.21519776611651825,0.20332022655019502
71.87713255825446,0.2535663010174906,0.23307334952612746,0.2146071181267301,0.20297233398786485
72.01113862209162,0.25256373490750006,0.23310174577145107,0.2144137051829353,0.20218243236087854
71.6496974632847,0.25133204523628855,0.23281234178733096,0.2146578582259076,0.20217913321107564
71.85375924825847,0.2522847387266354,0.23355031244853172,0.2149641465755421,0.20246686112238885
71.90732885769656,0.25195205948706917,0.23417759412789343,0.21539833246510737,0.2029309170719838
72.29549948717663,0.2522035111360635,0.2335204907504521,0.21466072459763183,0.20219752764323726
71.78935488872628,0.25003488947295666,0.23252095280841464,0.21416980669104205,0.2015904653977866
71.990242921298,0.2511919024524659,0.2318333572653596,0.2135672071547194,0.20091291955926008
71.66806262672519,0.2490145224340137,0.23081172504962286,0.21333096692842698,0.200377194641079
71.07764206880167,0.24757353147971992,0.22989682478360862,0.21274618023458847,0.19973164148085434
70.882476570052,0.24896038662560135,0.23004657972842962,0.21309398653656225,0.2006051755718565
71.11177993776991,0.2503609453689503,0.2294287189138107,0.2127785526284205,0.2003961546256325
70.74521481996663,0.25003022425584404,0.22765677260770192,0.2106954409086781,0.1988373527394341
70.88968164142825,0.24743369246134803,0.2236310955002779,0.20845472158842115,0.19806980638852287
71.97476550072764,0.24893756928718222,0.22315573788854903,0.20851047131173897,0.19801592337181817
71.75807694341812,0.246894889100502,0.22188851180637426,0.208946635232624,0.19785368776596404
72.48097829262042,0.24961191397848217,0.22303515395834592,0.20910223603413322,0.19748816589090665
71.27783728788926,0.24659991308934862,0.22485868566190803,0.21083865135415245,0.1985123803422312
71.79434561746663,0.2501878968336287,0.22655170746787043,0.21118951610034095,0.19882361683571076
71.85660022095495,0.2509095784953322,0.22788280415021395,0.2115621013362373,0.19890591422322854
71.50087584211484,0.2528287898411929,0.22948494627588412,0.21148446135341373,0.1988296600951215
71.82375403409435,0.25653443549571947,0.23096233528406848,0.21166167815377243,0.19915890503243314
71.60863632529538,0.25767987093545835,0.23225900840733005,0.2121932175123519,0.19996115264715875
71.69299819940349,0.25809814767521316,0.2321724244404851,0.21238770751279656,0.20031189775463218
70.87847166345323,0.25783168405362944,0.23288668105051577,0.21276028013643747,0.2005172864117681
70.02055330090955,0.25525984701267274,0.23263301963188007,0.21339755845793953,0.20206243040086042
69.96806784168537,0.25770726720193077,0.23404696377053347,0.2143211456503436,0.20375672493017474
69.91027204229395,0.2575044786056579,0.23433411947316482,0.21513369823523318,0.20527578183106376
70.37178419353211,0.2577179599588274,0.23357996149804544,0.2153467584193064,0.20575590883426895
69.93681248954272,0.2565326124699186,0.233230246162578,0.21562648398073875,0.2057771839201501
70.3329416843055,0.2571637329850328,0.2334169850015663,0.21577380997805537,0.20592321741365832
70.16592207417415,0.25635621547275816,0.23278448286990086,0.2159555205341762,0.20608197381980137
70.16027935887031,0.25764832333639986,0.23392149969487597,0.216133817189073,0.20546869326141007
70.4241812439564,0.2574432624427656,0.23442962871665607,0.2166473964342386,0.2052562487378687
70.8007262309168,0.2579757312665961,0.2350073164742017,0.2168319286929036,0.20469391852852267
70.58867646396557,0.2572380595979876,0.2339081417569148,0.21642554949411824,0.20376993811200905
71.10573950350225,0.259487753247908,0.2346130316449463,0.21709124944614366,0.20447403314542528
71.57029472119238,0.26110734874826247,0.23314748223080412,0.2157955321294201,0.20353295806765548
159.26841726945761,0.6209736974531752,0.943767550270783,0.9760668960524372,0.7285467962128189
145.96377908820978,0.4407417572045068,0.622350664397724,0.6357239056786269,0.4981454845234832
135.79258058168665,0.3598355509489247,0.4616033735486639,0.4617782933153581,0.3729248241869341
125.15388899664913,0.319974332829091,0.38093821646833603,0.37128572306863084,0.30215511028591713
115.07678661984696,0.3080269698589978,0.3351306464321004,0.3175207142099316,0.2636472854493402
109.31401211677137,0.29580210760808845,0.3037919598193118,0.28479493173463355,0.24749773980114634
101.13810330432693,0.2897009336289722,0.28776771338323837,0.26742998766178094,0.23777984311808026
105.31399964666004,0.28034143229738195,0.2781846936037918,0.25853644561641353,0.2306107833518214
105.94020639784236,0.2763647824096086,0.2693500254021927,0.2488705705343658,0.22348828480828303
106.30526031006715,0.2709342965188232,0.2689216662121809,0.24753824046870163,0.22175187413646236
97.68827396542791,0.2678121962245893,0.2592619879847354,0.2378596917220603,0.21546704222214347
105.79168664102045,0.2627859016717629,0.25726187063277955,0.23978674229506097,0.21698268561678297
101.34726521856709,0.2597284532386232,0.2498416979830022,0.2317631501756118,0.21131395077644693
108.59223870034802,0.25658766103363445,0.24841438261888454,0.23279922185825264,0.2110799183362348
109.9167768197035,0.25260191962107514,0.2465325392098795,0.23199767033904795,0.20967262226854463
109.81854661371044,0.24940414070229272,0.24548103035787847,0.23197387567162253,0.20974499771330615
116.41996467437227,0.2455516752361334,0.2447442161731654,0.23163535069554733,0.2088636310619647
119.913588856722,0.24269426020626844,0.2473491485349683,0.23482047752931634,0.20985098079833203
123.48218589592102,0.23888420378046596,0.2470118678146805,0.23657072861542972,0.20908599271357134
119.60640998003207,0.23826765574007386,0.24492219383124628,0.23428730527463165,0.2086316431097596
117.3185056709233,0.23506870240607958,0.24048675098978173,0.23041258726839614,0.20671962889427678
110.4388149253816,0.24225319429314005,0.23914091950620844,0.2259066378688835,0.2042876359499812
96.78196051551754,0.24635118874440873,0.23792050404579365,0.2232448340028296,0.20287947644509935
87.12671634390314,0.25045722563495604,0.23749049368758698,0.2221355224064129,0.20348437317342025
72.74178675184285,0.253350360164921,0.23768088732835105,0.22134102493164884,0.2031785009454905
60.48938338131865,0.2575355064003056,0.23964759263255264,0.22073278128833065,0.20244987853897056
51.91401558751738,0.25566665256750787,0.23724095799314782,0.21894826185647323,0.2026597273200783
47.15973610816564,0.2567737810040101,0.23617470868494592,0.2167209166251875,0.2016467072688732
46.432203633751456,0.25652281616479405,0.23618024733237655,0.21622920911224291,0.20293635923775627
42.7138253029908,0.256259697958908,0.23602023488841703,0.21546128973756992,0.20219873391660528
46.682368562977096,0.25296327515665584,0.23417539646338312,0.21527646655620147,0.20169347978232113
42.35195290622149,0.2538750624163483,0.23328100857527947,0.21284474680092816,0.199780234839855
40.47556487792946,0.25422076082613904,0.23150790158077628,0.21096912257008513,0.19901369416010128
34.18015727987395,0.2506732709965093,0.22866232091752198,0.2077155053498612,0.19809828257045609
33.72505367718408,0.2501204521779818,0.22754879685997553,0.2065217201487858,0.19696263572545017
37.2391037282265,0.24730435483334962,0.22598131206966485,0.20692517184314754,0.19718595314356002
40.187537695727784,0.24804351997402127,0.22633097567084887,0.20735700064058338,0.1959977400645594
42.41798249009265,0.24655201478498273,0.22601775218680728,0.20789339204767793,0.1963444764759668
41.33983560714708,0.2456611773740893,0.22462317920731034,0.2068181944431863,0.1955896935377771
38.9509318746575,0.24488051456170087,0.22488872645831465,0.2069272072571137,0.19648028015684896
37.631949497059054,0.2449814596008278,0.22492806721075645,0.2063330695050405,0.19647024283914255
38.33872132249452,0.24533728403312016,0.22517922171545826,0.20673240539304594,0.19803471401933737
36.64446008419129,0.2467547138034988,0.2262369032756018,0.20582609016187697,0.1984649712624796
43.157887563065586,0.24264816133616937,0.22297264249257587,0.2049194482558367,0.19707504186508515
40.17518716477666,0.24313495638578203,0.22348676900176653,0.20471764520515723,0.1969504135382257
42.49893111860534,0.2409204766067128,0.2209428209508655,0.20220780017909687,0.19507125834721828
41.843100282133804,0.24034989129360881,0.22110682720300065,0.20155275014669774,0.19545052490207815
38.94698241191233,0.24631484798818445,0.22419087060394133,0.20188657077228997,0.19421608427554946
40.18560845479681,0.2484492122982073,0.22367849281932858,0.20261752183237575,0.1961694516187536
41.51865714704935,0.2509002834210622,0.22627868741068263,0.20442375074209135,0.19773574176420283
47.157996030627736,0.25035485043321637,0.22593459904660462,0.205587738650481,0.1974340873959762
42.21454246036783,0.25076223073602016,0.2254943102628083,0.20479553034880157,0.19682561481806818
41.67959690508268,0.24692294568166984,0.22365414206992112,0.20219711500922483,0.19480236675571938
44.86503070328953,0.24465070409994655,0.22308170627730692,0.20249866980414535,0.19483224288532744
44.09762031727429,0.2437036545096308,0.2215512789599091,0.2012619034246531,0.19296848709351555
44.84478837577656,0.24299222020740993,0.22260912360061122,0.20233563780419966,0.19471039124586192
46.96654635496635,0.24373565706574843,0.22431519082625412,0.2042072287908169,0.196760327051647
49.67763261481883,0.2449003768232503,0.2247097086096802,0.2052484960640711,0.1980936624383411
51.13758755772135,0.24514899781846064,0.2254912036264301,0.2056644840186848,0.19890273007282258
59.49122508574268,0.24363823805696583,0.2270958038266137,0.20931005565097213,0.2008121994445927
60.31560497100726,0.24367375514371858,0.22712683510117102,0.21016452127058155,0.20146328763635027
61.30746268195745,0.2433139382846895,0.22743683491003072,0.2100708210503109,0.2016373285975437
64.26362399920697,0.24332650533123623,0.22766379425838612,0.21093956116619522,0.20084649032333834
69.0209679466716,0.24441783538533213,0.23038586520981358,0.21408027813183228,0.20273709787595057
70.54711975951845,0.24486102451031339,0.23506281699911474,0.2177526207110137,0.20544546685938783
70.39777243011453,0.24354692990427818,0.23369347765667253,0.2158257067231315,0.20368662484160413
71.31507838194159,0.24592092564407322,0.23574660993825283,0.21794967423503406,0.20324261370022287
69.54304701449121,0.24696152320377462,0.2374806512848136,0.21940702403126858,0.20403034332626813
68.37092649122377,0.24545105591897126,0.23604073869960582,0.2184921843502112,0.2039745993092718
67.1285966194966,0.2480370960183462,0.2372140781136398,0.21875979645324106,0.20381231618787593
69.64908084854662,0.24793699563835425,0.23755673296432217,0.21983221998125937,0.20288322483627463
69.4667668306626,0.24650780798694413,0.23835998080966161,0.2211781091313217,0.2011279285450425
69.81379444833314,0.24563907848849603,0.2365774326163389,0.22120069616580926,0.20070051681950046
71.42415319394152,0.2452052568077527,0.2373435564766272,0.22222590443576126,0.201601075945514
70.39437720816521,0.24539769185754243,0.23682388086647838,0.22118856571435352,0.20278471986992003
74.2338246534088,0.24443476426194313,0.2383699004391973,0.22352771534248597,0.20318674685639682
74.01339069600974,0.24479161024826615,0.23752514716666462,0.22299722235085756,0.20061801602259102
77.62834668646782,0.24178807402188096,0.23572269436758017,0.22148060714371345,0.19697707964666689
77.21824582296334,0.2429742764491246,0.23558935559167551,0.22203670510433418,0.19612142551229442
77.44297911889795,0.23463874374272947,0.23236610671392852,0.22078291106478287,0.1960379598432818
75.24994353625074,0.2339023905259776,0.23200259133180046,0.22097486547523168,0.1976463494572848
76.79741993181985,0.23359806466081842,0.2319439322275877,0.22123010791565298,0.19803496837871482
79.93340733952273,0.23245719210497584,0.2309378250559016,0.22079838858743042,0.19791560848260428
77.89976189651452,0.23417100371691005,0.23184705335599243,0.22043258143599478,0.19891485913840254
76.0404693358923,0.23187523447977734,0.23004206248832876,0.21995465490890445,0.20128154091815847
76.05433899922039,0.23267269087340767,0.22856266424445285,0.21834992292316305,0.20056773263937147
76.37842530771023,0.23532208547801445,0.23286837400171176,0.22084629658890464,0.20539385307081312
71.71708127209355,0.2378343266559462,0.23211769112742545,0.21800707995319932,0.20304139574754682
69.5715120058842,0.2377637922065988,0.2320917355292997,0.21712614385407736,0.20230256815049666
70.05499477802341,0.23644326733844587,0.23205989865747967,0.21809885632827444,0.20168971819507475
68.6913291652643,0.2370890667468485,0.23189488606320133,0.21803071519748143,0.20030200611966673
70.15276120537264,0.23557986509883977,0.23188440342080463,0.2200204635934459,0.2010261747866254
68.43612256384527,0.23696886902904557,0.23222690910581528,0.22013682935700568,0.2023611094793819
70.41055758027674,0.23994229109767126,0.23375717138148713,0.2206027343140819,0.20091639326258745
70.95935160271311,0.23866795334316407,0.2330824724559447,0.2203592478132502,0.20053202378064863
69.32013699575563,0.23970518580887956,0.23187638646900077,0.2188034220601747,0.2000580199356726
69.39335292403123,0.2425419486264267,0.23414551316159102,0.21903891372463632,0.1999944368399123
70.21368085390219,0.2410673840182319,0.23509397081194747,0.22052201342887925,0.20039008197849745
69.7640919276769,0.2398346507618369,0.2341486787137678,0.21902345435585452,0.1992040960627929
71.50213696158461,0.23997407765776615,0.23465156508709903,0.21928912007434903,0.1982451755086768
69.28309573799746,0.23929780076670346,0.2334083121649562,0.21830229941687967,0.19916154115460383
68.42395831590804,0.23962337035649509,0.23075917429725862,0.215396420148989,0.19998189469454464
67.05740979365642,0.24122354261026732,0.2304126635767583,0.21472958844064338,0.2003828687461298
66.71563171364059,0.24254603681826015,0.23113268161157974,0.21498728777866347,0.20019108234304303
68.29103381917528,0.2457065958725011,0.2331744275518126,0.21570132638643796,0.19928141267598165
70.61727220085461,0.24673598882731002,0.23524614908454447,0.2178037710560546,0.19922157221175968
70.20745730017936,0.2468829292165586,0.23591772235537578,0.21729153932317546,0.19786530060677607
70.10004198490013,0.24564480022352644,0.2365756937942237,0.21698023056056573,0.1981133001732404
67.55820073270067,0.24190389465663292,0.23491009684577518,0.21570818797415645,0.1975884916528726
67.3618842038395,0.2428839607213267,0.23627880286126465,0.2177660507334549,0.1982609508135483
67.62300374764912,0.24400470275182382,0.23602422597995537,0.21659039854203754,0.19630069987758794
67.08053868472393,0.24438879382854475,0.2352838012837855,0.2158042543852377,0.19727692669526511
63.72939451359451,0.24591678803564473,0.23422847833690272,0.21335759529250223,0.19580730161105983
63.80522037541627,0.24639571957855907,0.23354158332732416,0.21290385366784315,0.19634861314362587
61.74564369245917,0.2446868861245328,0.23214917344141311,0.21125470634762802,0.19534823018038316
60.56830103943357,0.24518650511585027,0.2329676215981948,0.21177054946986443,0.1952134350752606
60.6701935488114,0.24554305455363568,0.23337630371720616,0.211823595398174,0.19554753892972904
63.74823858396541,0.24557255057635366,0.23431264499015644,0.21283494054853686,0.19483294941835705
67.41412461825762,0.24598405152364922,0.23415005796593388,0.21377078979192063,0.19339439848657133
67.43856583712409,0.24540641812989922,0.23313198333843296,0.21178641917191177,0.1925343734403289
67.8359550092142,0.24472943135889258,0.2321241372160116,0.21027913112497995,0.19164192771048977
72.13612033305213,0.24552270024083322,0.2311765925462915,0.21153277424045377,0.19399037610215597
73.90900444556044,0.2414167255792316,0.23046039579345895,0.2128458429180415,0.1956209856760476
71.94234574160777,0.24101646007239722,0.22980017071295747,0.21205573779586784,0.19336745835578573
70.55814352136433,0.241742425027057,0.22979928929657908,0.2121242329988067,0.1957947244784228
70.58830034102242,0.24159394752509672,0.2307711019824056,0.2124998374035806,0.194986191219815
68.36401766081492,0.24290256826418044,0.23094217828881333,0.21241462876764786,0.1944066368441531
70.0505681183508,0.24335281297095046,0.23038294130315942,0.21237393796215875,0.19598679328303217
69.81216502577452,0.24668739193117173,0.23164381615294935,0.21294404029351918,0.1966280540377153
68.57704280726817,0.24529382263980046,0.2311853705394588,0.212378273790973,0.19681239464123618
68.2611947799651,0.2457819824968856,0.23180261139090244,0.2123476873798929,0.1968292190798565
68.38303617580866,0.24123954938420808,0.23052078560302627,0.21147414764767558,0.1964749931169434
67.54911338286932,0.24351792540567316,0.2320460281257937,0.21215648065446732,0.19602752359953107
66.37755747046539,0.24270417732219293,0.23051800799255734,0.2116494601305665,0.19681249190923436
66.14291543321515,0.24050900480471285,0.22889032772484078,0.21118369926161032,0.19972572860715848
65.30796260647483,0.23998505742060885,0.227394591113427,0.20909073444761334,0.1994810202432837
65.14288894312928,0.23969883527208963,0.22746578948016224,0.20903304937877432,0.20010226200607698
66.95222973770714,0.23892530209748286,0.2298975331089845,0.21080716350739487,0.20103964011758982
148.63324082917322,1.035287868737978,1.19568611667632,1.2342206193285257,0.8426424675992028
150.68995048489464,0.8769569159927142,1.0438646066775081,1.0674895591648115,0.7316373982256099
155.88197503754762,0.5673401237765159,0.7607241095201853,0.7907326220349497,0.5532990430613973
155.7282711975117,0.421053355768674,0.5660114079400417,0.5980307000068293,0.42239799003602224
157.86696434879386,0.3285473544801351,0.45591749931660247,0.504629540627427,0.36706131234194694
157.6123938056547,0.24120402489058237,0.3259596484127212,0.4356744217332642,0.3322068355825056
158.8430620962546,0.22424268192643415,0.2940908548176873,0.3853479983098009,0.30385250455859286
159.13579037517633,0.2299483325413724,0.2786382672091014,0.3460955083215873,0.27874616616171505
151.16408499123952,0.22258972512520464,0.25240193151145734,0.3018250092778209,0.2485390526975338
134.93540841530333,0.18813326297379346,0.22637979054565133,0.26460195029532363,0.23251637993889276
119.61876843843987,0.20589565030798662,0.22833867766242122,0.251543161032512,0.22563281815235683
108.57804542422296,0.2236887016669986,0.2286640812071467,0.2403029446764017,0.21680571050585004
100.87275663196452,0.2374142206278957,0.23138374861831815,0.23331226069683506,0.20870742041360882
94.85335278782004,0.24257992642673018,0.2346756036196217,0.23144265157293317,0.20855296839144327
91.93696386398204,0.2540950096921151,0.2426194163199851,0.23374024891508086,0.2107097991190987
90.48612807963197,0.2592767724819113,0.24531412933332322,0.23266996401575016,0.20859228385108683
94.34874611971249,0.26140333756544765,0.24840192121023544,0.22986066319874315,0.20226074450622392
93.92831190641454,0.2639998826875665,0.2504087536648695,0.2254776238552268,0.19578294377603386
90.58697191076197,0.26716080504763756,0.24902103702850034,0.22432684149126642,0.19317062784218786
87.6205838481269,0.27144382691098184,0.25042192080370024,0.22714482454485818,0.19256313196215605
87.15723865903598,0.27436121505891636,0.25563781511112765,0.23387926777478457,0.1896111080533818
88.83289259975811,0.2794749874549851,0.2610246948475868,0.2352896829671766,0.18566168812423145
89.6364763371621,0.2814545258722116,0.2573280144856748,0.23100146523270454,0.1839376487135679
87.3207654162068,0.2851726834208655,0.25208310892353447,0.22674503666016235,0.18254133608145934
88.61872838810359,0.2911080837055122,0.24819139445930263,0.22413813771829658,0.18200096589389297
90.5187454942381,0.2908313867032559,0.24597074574713276,0.21997854234722714,0.18016088220640822
95.11918772135111,0.29282039088379813,0.24598531754884714,0.2193484094907529,0.1810644484659994
93.92415817894087,0.2826167636056748,0.2436461905155079,0.2175149216385662,0.18138382270786113
92.26762523097382,0.27073944436292785,0.2420548008873543,0.21558324748724203,0.1812506414218434
92.78092398396142,0.2654647010625353,0.2414088063355065,0.21641653784826548,0.18171722494374845
94.15815953016634,0.26162277276594925,0.24076662070677804,0.21476728415172658,0.18170561104153019
92.89405314077472,0.2524126514999821,0.23504294848658233,0.20771780489064925,0.17837054990383613
91.84499382900793,0.24629259890760974,0.23178914697955227,0.2061866533006556,0.17923919029370672
92.00723866958057,0.24389107024664222,0.2293200485358343,0.20479806058847494,0.18010961639945056
91.04394212974516,0.24459740799874538,0.228999680569619,0.2053201452921394,0.18161060908555682
88.46599672033236,0.2472008795339153,0.229831039167253,0.20542037869050186,0.18068679590743955
87.35478512745837,0.24890578984572587,0.22890987033194268,0.20565766579987318,0.18000195337180497
87.7025826261036,0.2508277554553133,0.22821016420498982,0.20558493626538785,0.17910706734632575
87.2174770730955,0.24885731481555298,0.22612434537891324,0.20406565204544613,0.17763188030439733
84.0574160274105,0.24866917593971327,0.22535131170093478,0.20089874129437985,0.17730849714625352
83.40336810290846,0.25002333682185773,0.2260627213806574,0.19964693236162243,0.17781375207237984
79.10229836448032,0.24837935305354047,0.22450803928410087,0.19648918713331787,0.17729648587518826
77.84158325342906,0.2523836209456417,0.22497692251978985,0.19605061451791533,0.17705522233259544
77.56239256382185,0.2536081628700823,0.22365596238910768,0.1972679198662829,0.1773838411606678
76.69267695104695,0.2542020286312448,0.22274092667910297,0.19750525783534764,0.17805058419728276
74.98118032498486,0.25160184846396405,0.21958896765303496,0.1953240534055268,0.17832295293318218
75.51363860112036,0.24712538819793178,0.21985713576404434,0.19550600677588645,0.18032244096435857
76.21257097066912,0.2388009092482677,0.2169582285086076,0.19277354289196047,0.17733406096768803
75.51245709704389,0.23090961128377327,0.21413178991534673,0.18991990557519578,0.1757646161200763
75.39554400995083,0.22906162801639007,0.21107508194528837,0.18762016283368668,0.17582256679087133
73.05311584450575,0.2262989987128054,0.20672259083426114,0.18431528067679578,0.17442117120983316
70.68261635062441,0.22360507814360295,0.20410412567891195,0.18294566969776777,0.17316358206488366
69.7419659575113,0.2249463198364647,0.20617362771236736,0.18377000979691144,0.17328772175303866
68.40666943523784,0.22853634008241114,0.20799160062299504,0.18396807992184733,0.1717162377479933
67.25250577250758,0.2348245394046184,0.21128658392831565,0.1871412168891532,0.17447676885622398
67.39736123099338,0.23999472549546605,0.21281834614446474,0.18740271008568662,0.1745493241816192
68.30518777515115,0.24203609882566912,0.2138916949563982,0.18698977810432502,0.17362064300008012
68.83362840394506,0.24177409910317882,0.21432019450262013,0.1864115778819074,0.17313237106007465
68.82617990275831,0.24608999823176164,0.21694198356323655,0.1873068340102296,0.17292624923174474
68.18614155659108,0.25165912311591676,0.21945526364526396,0.18911103359022188,0.17528946166989862
67.80145825677198,0.2582587952872678,0.22098600315580372,0.1925587951657886,0.17852298145656037
67.97731817789293,0.2631208945888237,0.2242928730735895,0.19741760694964092,0.18284998723238055
67.51716378751335,0.2646299216013164,0.22694693758602622,0.1986106644177648,0.1844401566888099
67.72358598489691,0.2681662914835596,0.23062377301478043,0.20407986116760127,0.1864841332161176
68.4193270817149,0.2710002520384784,0.23705940597087571,0.2105467349986724,0.18948582464670774
67.4291561776553,0.2689686537524979,0.2335921326637242,0.20794241510035485,0.18846434005600285
66.81146642434005,0.27537511584354635,0.24203597951054184,0.21592529305120328,0.19092736608087507
66.77296046655808,0.2691097827579038,0.23970628983025552,0.21226424280463546,0.19072895655360025
65.78890573726784,0.2665382664852674,0.23752642848775232,0.21014124240962959,0.19014357947361699
65.90327515079113,0.27043419406031605,0.24104413405710476,0.2154608322954629,0.19041511459776936
66.64883697786372,0.2656733913508932,0.23703831363690392,0.20962069656077012,0.1874732838704574
67.32214732828406,0.2653331901307409,0.23476456863692863,0.20967773918954907,0.1875093521384563
68.5665337868803,0.2634595103368629,0.23623260520791728,0.21260442688988926,0.18477950763134948
68.43735745223603,0.2589142497027876,0.2322201080620021,0.20734809783094496,0.1839719325486615
67.80835143500452,0.2593890235658163,0.23472184592072648,0.21097704919618368,0.18156034569030255
69.02842488586627,0.2597762290314711,0.23239699501352737,0.20603172811912007,0.18075279499524563
69.24386978609304,0.26614012389161223,0.24000645731243353,0.21345511578739298,0.18262462511590166
68.54307596547848,0.2606412633057917,0.23736594443584894,0.21007793481920822,0.18192288621062053
69.60273790034351,0.26930629397712935,0.2534669575492575,0.22477716614883758,0.18569647473673892
68.13633321127743,0.2700155781695893,0.2482529583494564,0.21774380200943697,0.18090543977334594
66.78958740582777,0.2693754257981968,0.25092400448139446,0.22318956843242072,0.18070837862249342
66.59183296809731,0.2619587006933841,0.24620235674403404,0.21950293773437013,0.17575127719789838
66.54818353256682,0.26555469210916927,0.24710131504953758,0.2228187418019691,0.16772922324123227
68.37838658485518,0.2682937378948705,0.24966146417681892,0.22228303212711417,0.17317039130075557
69.25117729155122,0.2694827864937231,0.24847705630022432,0.22042020449221142,0.17587859000105346
69.49175190133154,0.27615650743995107,0.25783739527117167,0.22797386101682618,0.1832348334315547
65.14296788928318,0.2925684259453355,0.26918896847277535,0.23545202294595075,0.15739692527257879
74.63829446880543,0.3000747453410638,0.2804301656311704,0.24169508720169441,0.16266645727074125
72.62395734150508,0.28674432049732396,0.26705662576249883,0.2287859196771348,0.16396994555552563
74.35724592739693,0.28119092921513017,0.26525584613116904,0.2262152910002168,0.16551166465097517
76.47311841470821,0.2712771939774234,0.25926360606956966,0.22013250204479218,0.16611888679053113
91.12454016664651,0.19132647282018364,0.27035879303861926,0.23500313146820698,0.17282353827174673
84.76248091596534,0.2154106535282279,0.26031594958463744,0.22718944541979158,0.1731802975281639
84.08023802355615,0.237073357298158,0.2659833886073489,0.23260894739742108,0.17912294573694618
80.78103734418696,0.2506584037332662,0.2614076785847494,0.22913559185867155,0.18121650386708052
81.94924600652739,0.2626399586801408,0.27367124707473917,0.24103110947837145,0.1833537698118218
78.47912144296352,0.2594365389850088,0.259098110026298,0.2242244992273987,0.1825659578587973
78.16032901672259,0.2738368629858944,0.2709382332342545,0.2341916065417841,0.1880473015822137
76.45539193435675,0.27441388509406583,0.26771664634854425,0.23222485858573985,0.17898739044416262
75.35576857064207,0.2825338622576026,0.270207274496056,0.23606626976604375,0.1725084105037016
78.99076188319533,0.294145825403188,0.27466640335308873,0.2382743551728114,0.17626785160511546
78.31175144072014,0.3063910571800494,0.2775824309252815,0.23828422744235334,0.17062104378393428
83.21006903420557,0.3085596392565788,0.2798917070696324,0.2394903668882102,0.17366968303672806
80.34645919548073,0.30958502229431345,0.27908826676384246,0.23873598587061434,0.176800660860491
77.42540910766466,0.31476369287890915,0.28207055426744854,0.23980119869679467,0.17284856260224568
83.25095920927751,0.3109527753747791,0.27494542491775836,0.23542766225230813,0.17607425145724726
81.86927388173865,0.3311057143359904,0.2976987288726241,0.25746816666984595,0.18905160777026042
81.20416589040576,0.32605469429745265,0.2884971571922642,0.24764559707166567,0.19061466398974794
77.90019903309813,0.3246953484959427,0.29295031645338837,0.2513375020413743,0.192854736067974
74.98092094574943,0.30884048535950015,0.2845627089742889,0.24736619783118774,0.1956592967329087
73.75771825566184,0.3044449894667526,0.28537053314542415,0.2517422115181272,0.19678788062502298
70.93414304477066,0.2939735667463878,0.2802652000646671,0.2478709202586958,0.1925227107807132
71.5656729399398,0.2962265924350569,0.2802198984066788,0.24562083313723448,0.18476374291693734
73.33488953247519,0.2958467303735961,0.2784639075120472,0.24200835799948142,0.1876046720528337
71.45074802758909,0.2928910728328418,0.27679815887641174,0.2391354245611817,0.18698460964147912
71.32118415033582,0.2931706349089448,0.27838727151343773,0.240545587022677,0.1846351909503904
73.31877551660409,0.2882062495721877,0.26704514897871684,0.23321739390412122,0.19016557102518936
72.89154414185728,0.2972236351834519,0.2726037942575247,0.23888346809723807,0.19439287685189555
74.1439012721752,0.3024371973094338,0.2726626522208766,0.23899836460114873,0.19448763972780087
72.63913020660146,0.3006472278235146,0.2764850616551677,0.24285786426172648,0.19097633524723712
73.68096457250083,0.29036027609782505,0.26742481829392445,0.23541351775546543,0.19228493161931423
75.87926952091483,0.2906382749138755,0.2720761344295045,0.23990511259493488,0.19105077250073332
73.88289463825464,0.28883593305462696,0.2699170226738211,0.2365079583258054,0.19176630349094992
73.72505364408332,0.29097534592243374,0.27154597555886806,0.23787516477080195,0.1920062729611295
73.11139159508595,0.28958290830888167,0.26844374378901115,0.23561897200490226,0.18786621874495318
73.67067870190513,0.28484309569365696,0.2668113681944415,0.23462959948472653,0.18647911592181285
72.75813155811547,0.2796954651298954,0.2597629825491087,0.23018708191692966,0.18714822212841342
73.59227147427598,0.28145281190649,0.26469275035174883,0.23630833222419012,0.19220040825525964
72.08815831877638,0.2777858523761004,0.2633716666611904,0.23446763139597881,0.18947159904150115
77.43727116731627,0.25351343885396843,0.2635479302149992,0.23494750286813496,0.19071178834927516
74.0918153670258,0.2635893556506786,0.2683986279237806,0.2387878008943405,0.1930282634692968
73.33902822694081,0.26841373716521766,0.2645340205177848,0.23622343514107652,0.19162472965782174
72.58142044507652,0.2734596414284253,0.26878763467535693,0.2410886947194369,0.19000104466561846
72.81454997224154,0.2695678296847318,0.2566652134170589,0.2296975338832988,0.1903200152130562
75.12189500122317,0.2737328869433403,0.2626397170822731,0.23353263675160654,0.19128025940169652
151.61259889299043,1.2619511418095841,1.3651539359482587,1.4491496818820435,1.0817165133705975
142.86184795332105,0.8848729983399135,0.9179105800070108,0.938711398548732,0.7055618800868314
125.99301946269016,0.6278057375769406,0.6322715908849246,0.6278202285146239,0.4776232166413682
118.88224090331325,0.5104593580717912,0.5081072539611039,0.49432853840522356,0.37793924775621324
108.11649816371296,0.41319000990266913,0.39643537330495976,0.3788133863257415,0.29953264360844506
98.1024629395582,0.3665269141952462,0.3459894654951316,0.32347037422350233,0.26080901865250006
94.31182382511297,0.33837708931384736,0.31255956152459674,0.2869707370543517,0.2367213987624403
91.83559987885735,0.32428918985763505,0.2955499392669685,0.26856460001113436,0.22345100903756765
92.10903824217029,0.31620666979356715,0.28843770940536034,0.261313222902405,0.21813060139838536
88.67979618426325,0.31484746531034846,0.28585535382105925,0.25814676953676613,0.21562250974278524
86.84569057367716,0.30823618666229696,0.28350356113771086,0.2587702566965102,0.21472765718286027
85.67687770061616,0.3026023089308498,0.27521334403520703,0.25228337829663544,0.21219652405627784
84.14109334929582,0.2961929007468891,0.2685062445792848,0.24589314435915935,0.20855861594160377
84.07049813955604,0.2951912687788593,0.2668987246167495,0.24544460825284534,0.20605881428127756
82.98980287665857,0.29154611174208506,0.26453003797759683,0.24310835015239643,0.20602719633506195
82.31644214817752,0.287512938038246,0.26421207028832117,0.24302809777483977,0.20535039194086002
82.16313993806924,0.28389345269416644,0.26054113170025517,0.24061189244354364,0.2040836248751582
82.90404403869069,0.2866879964310471,0.2634626494285036,0.24206396579300343,0.20332069583775314
83.16276755920924,0.2859475579741104,0.26160640240765604,0.23909695091589855,0.20210690129414982
84.45658348586069,0.2886259191344417,0.2626026571983542,0.23893612123441627,0.2008259549132979
84.30708401633741,0.29142157249632483,0.2658582658601718,0.23964420207865872,0.2006211417870209
82.77049743377184,0.29199584697744624,0.2645746830656924,0.2373064502518149,0.20013106032809314
83.52217528682992,0.2865394573953931,0.26062140231751596,0.23299365478780903,0.20105396559931116
84.5398949074615,0.2834811005035465,0.25615043530954984,0.23069904058069982,0.20462778582766225
86.09713650496636,0.2841078621927072,0.25559295292405926,0.22857481344636865,0.20776426328907585
86.84535436783078,0.28644120137957546,0.2574192193949327,0.22738442828196404,0.2076923796002402
87.14872003461439,0.27808938311576,0.2517903963815498,0.2215263229159744,0.2079999627242385
88.78045038810976,0.2785630147940437,0.25300297310522046,0.22355868804631732,0.20706064099599567
89.16424905070927,0.27231064537185934,0.24803135116637295,0.2182568993408644,0.20579727463063813
89.36327872601646,0.26921538206558965,0.2454531923525066,0.21676863191802218,0.20457724879124792
88.7009139489252,0.2643905640409533,0.24160553898274453,0.2145221967662154,0.20334584485190743
88.78681314017065,0.2625752172647154,0.23996879561665516,0.213584318493189,0.2049130455411407
88.76072203735686,0.26013493061624754,0.23824420260917561,0.21287007881284736,0.20544423869567202
88.6418338374667,0.25741249944947464,0.23621036901660467,0.21186063543091493,0.20585639366838293
89.19842367977418,0.2570798969147607,0.23619590498671555,0.21265892748819842,0.20589826108135034
90.32071510430913,0.26077993072510464,0.2390345561661674,0.2149731587937004,0.20651420280261049
90.29187401192165,0.2640223078500628,0.24139397698850873,0.21612622439286777,0.20734927408052628
89.7160613956573,0.2701824094079405,0.24576312640373657,0.22146943905143524,0.2094666186732878
89.04415779042678,0.271721387515369,0.24386091820291642,0.22162311783938177,0.21241760939206458
88.04691935540552,0.26928110007200434,0.24289484347298101,0.22129910653209553,0.21332573959563353
90.21305953616694,0.27175531122330165,0.24114504975554904,0.21940301102313214,0.21132106736829986
89.42547060476616,0.26552189855358294,0.23818136693298783,0.21500971511641986,0.21010245384730875
89.00579766234262,0.26269440890386025,0.23650337900642915,0.21362753310179908,0.20751572390117384
88.28521130535529,0.2601926534145768,0.23495678741239587,0.21183326452990844,0.20554099075741142
88.29875949560082,0.2577683061449542,0.23376151092792158,0.20803882970654802,0.2024050316558299
88.5523606189604,0.25736601563991274,0.23489732514346615,0.20643879142710103,0.20070887561616188
89.90077927261434,0.25791308360184484,0.23557219761276932,0.20553052830070373,0.19931169015765798
93.445937272362,0.25671133500968635,0.23686020863413462,0.20515570590097598,0.1955940909483842
94.71269815360752,0.255141786505583,0.23744792271049656,0.20481185835951857,0.19551723962351703
92.79886937753557,0.2519804260277662,0.23438077883372901,0.20227960078518514,0.19431953713356734
90.88099033061758,0.25117373127524856,0.233641632317821,0.20249295460302974,0.19526859194136323
88.65299434360762,0.24867956435702204,0.23206791138464258,0.20212781805632068,0.19579961020593512
89.09468930964628,0.2491115642350427,0.23170202253902436,0.2008417369344907,0.1956804999139137
90.2554987615277,0.2522113321421201,0.23328638312741265,0.2036076604341951,0.19661518860196478
89.74464662214467,0.24919434205800087,0.23026745562858578,0.20214388565420904,0.1957874934777893
91.25166100316547,0.2523482292139345,0.2343204811478807,0.20560889239890542,0.19719116083611798
91.81094280094659,0.2529794886157078,0.2344785314501605,0.20546705919385289,0.1979004962559569
90.31317621689763,0.2545610907128076,0.2356470265605204,0.20684281978799487,0.1985888493850036
91.98594495461512,0.2610340235130583,0.24272559825792636,0.21027934446977486,0.19935782430427842
91.62436005089616,0.2577671438507836,0.24012691879427983,0.20778262112317364,0.19957375037404962
91.51655273151898,0.25782735051190625,0.2408851126052844,0.20825336106494172,0.20122416581861333
91.14689782928737,0.25625325333183596,0.23816046298259214,0.20724864221368564,0.20172260392120894
90.53385382970527,0.2544090782708888,0.23551984068421156,0.20645431490792285,0.2015381007564274
90.62453218862255,0.2550583236253772,0.23628129049521057,0.2082094295734769,0.2027657311565189
92.61812220780244,0.256558587092007,0.2389533740696333,0.2106626104047683,0.20321049893836685
91.72070056224644,0.2510940886885626,0.2360146049093319,0.20767291893687584,0.2032467712263487
91.22153073101789,0.2517985245373979,0.23586407380815974,0.20723698695186374,0.20065580931818433
90.29104185444893,0.2482740755647062,0.23396007438284674,0.20664941805650383,0.19996888840761803
90.08043769152927,0.24644963087998534,0.23202382668057592,0.20448250140059238,0.1987469433683642
89.01624310710363,0.24622754737329874,0.23199089060357078,0.2032991013699697,0.1973968242190227
88.83229195781892,0.2465988447746686,0.23182538002334077,0.2029880611452748,0.19677412850366827
88.65176995065237,0.24705328440803542,0.2334046535739132,0.20356651137830836,0.19705950422574953
88.70985719927755,0.24693271999064179,0.2332231469297587,0.2037267522451277,0.1973285771293125
88.10806337465378,0.2465901390903475,0.2336347736042774,0.20461943235749525,0.19896924139567623
87.68584132736795,0.2456972960082682,0.23407415589606317,0.20592157623969293,0.20004754319552706
87.91681462907589,0.24430009767106034,0.23526323836017785,0.20760026272745896,0.20244016718897187
88.1508739874836,0.24546925729149638,0.23736746031551145,0.20928975918091763,0.20439295478107247
88.41553354697729,0.24645659918764878,0.23795828685000708,0.21044637648011832,0.20523837576580414
88.4020538981169,0.24740523407533033,0.23854832582552793,0.2118005877164782,0.2060245784744985
88.1888111422647,0.24633743310983006,0.23676021176036038,0.21156567167644344,0.20483906932853804
88.0838889717456,0.2455951846158429,0.23420406491376,0.2093282048714478,0.2025816903819423
88.22643430424564,0.24398256813805236,0.23357812056509192,0.20880929754921115,0.201405067316982
88.16951185231937,0.24277021960964199,0.23226815373319432,0.20720534849011205,0.19887501501678384
89.0636595587579,0.24415170062513225,0.2324871807386195,0.20564258293266818,0.19620511335936563
89.54953242354397,0.24274659238640636,0.2293652016109377,0.2020591745862333,0.19252341660349995
89.25750813664705,0.24008644723679964,0.22651092686260152,0.20012946346617713,0.18995167702248464
89.20022509609616,0.23765341527367712,0.22534793723190286,0.19917786161123083,0.18890211255325967
89.19551722268275,0.23602209892804607,0.2249427853769886,0.19821401795500332,0.1881478181728746
88.73691655620307,0.23535334860966123,0.22488152035195322,0.19829761248712224,0.18868698786463325
88.60337045444054,0.2357218015906238,0.2255131416792226,0.19914054471137793,0.18960364325726237
88.35916674916852,0.23607703988402504,0.22638347006048376,0.20024325347151117,0.18981171532591623
87.02120115287366,0.2355939676850663,0.2270031132269983,0.201510071223703,0.19104300783558548
87.17289708319548,0.23631004921429877,0.22892524218481267,0.20301792580293238,0.19275219097497917
87.35430423419658,0.23562082465033798,0.22849354965224164,0.2031892628371992,0.1919191556471163
87.31236505999344,0.235901127179501,0.22889426808258018,0.20390867813661528,0.19207128048042663
87.99905187307755,0.235235348607606,0.22873716845929284,0.20393753755173794,0.19223933361788326
88.05961243299991,0.23470195012008313,0.22821256422867056,0.2037038209123901,0.19231671972749564
89.88981150562626,0.23744808474513937,0.23157218079929048,0.2048184038197554,0.19342335414713246
89.76605801359705,0.23617410614959272,0.23062692477373206,0.20484929851833805,0.1927953014239567
89.59510857526901,0.23715312232319513,0.23176341310155402,0.20614217729576018,0.1919312934901153
89.76410539184312,0.2372130516133908,0.23137108832695463,0.20674698562391283,0.19050128935297697
89.58481522410503,0.2392690430927779,0.23155755206852582,0.20748232089457305,0.19067375582111787
89.31245510495815,0.23960928229550638,0.2312377830956577,0.20719849702952214,0.19033756913467434
88.62443190016506,0.23840195306630044,0.22980377757351686,0.20609992298171273,0.18924488605261378
87.70847493763253,0.23883189838974772,0.23003135496683155,0.20726073395887093,0.18954894249078247
88.25309253636307,0.24094878986245322,0.2308317404740565,0.2069758381240197,0.18998725559563445
88.38097982946965,0.23827313808071918,0.23005227242608936,0.20664935163627665,0.18969614347954486
88.22011472544371,0.2383378573100735,0.23193795081817004,0.2084667031453881,0.19037592188482366
87.80590871806608,0.23770022397611543,0.23224051051655156,0.20854740391500384,0.19048869879997254
87.59643553850532,0.23858843689180606,0.23291602123019917,0.20932026184595615,0.191080067847674
87.40785138106973,0.2383012029268316,0.23185426013289323,0.20847746153447372,0.19144490956073637
87.26326276915269,0.23904846868781582,0.2312158088179278,0.20774618941852083,0.19209817742037494
87.5601651717975,0.24112685659576613,0.2325325857153289,0.20802858621025624,0.19309217073555104
87.98889345345322,0.24320966212451056,0.23389175177464558,0.2084386221809317,0.19443098434436812
88.65003621285132,0.24408283834321856,0.23528250871046388,0.20832196154973856,0.1946307749290667
88.6179488793996,0.24333566681251287,0.23472563874860702,0.20838908130791448,0.19402278737333709
89.05060770081884,0.242907786423947,0.2351095909088268,0.20892426966890146,0.19399211130430616
89.4075677357483,0.242797706039885,0.23539896701557003,0.2086457270359815,0.19335533285910386
90.09283981258575,0.24220770392796748,0.23601446806454304,0.20856467535775142,0.19200033920637352
91.05064101431327,0.2420257600124718,0.23680193177708483,0.20924371998228883,0.1920887671268582
91.17469026475578,0.23999482356946858,0.2333833338583391,0.20586228895765762,0.19009791687075295
90.85563571154205,0.24080917488361836,0.23316387978726502,0.20586648836695165,0.18995843326819228
90.27995039576844,0.242238825658419,0.23283199831323445,0.2052873338878,0.19006592634504693
89.70668319375869,0.24069387031373962,0.22999197060817808,0.2035086062934639,0.18888125669624264
88.83900397997179,0.23770656896896533,0.228860605762671,0.20388407569281744,0.18813314908233286
88.57664749947631,0.23456159720396672,0.22739097232422706,0.20334872162132456,0.18772778566024034
88.42822441590816,0.2344646213167332,0.2269304453799563,0.2040750164520064,0.18770530457882048
88.53924093375379,0.23419100311721894,0.2268849339104308,0.2042696698100341,0.1881055402275381
88.38594116804512,0.23714495234438016,0.2281989458779157,0.20631444709962068,0.18975503002582897
88.5299853047016,0.23965901936437498,0.230379241535231,0.2080510897894947,0.1917750120208621
88.25283652618869,0.24243542283855,0.23248163720732465,0.2091942062779157,0.1924846016445615
88.41179868294587,0.24271057060546544,0.2323361496920708,0.20894199268917565,0.19353124089317741
88.40785936553397,0.24482703538741954,0.23386392174969423,0.21049524908441172,0.19500360185527965
88.63192542938089,0.24458063887589057,0.2328718167978669,0.2094548734781875,0.19472198721679124
88.4302407145578,0.24261015314293358,0.23276820112533747,0.20879635814796976,0.19408755900537442
88.37697089870652,0.2430740320400124,0.23343664390524246,0.20871657117751677,0.19367691670938966
88.66491117151851,0.24214208812388732,0.2322032047824269,0.20710133950659598,0.19290773800800198
141.12131649908866,0.774724311300772,0.7710759886718939,0.8147796806813594,0.6233248012571493
130.667323167217,0.5331148507822961,0.5191382987905534,0.5392217671695655,0.4269291578865988
127.1953997288586,0.4353587449136174,0.41710579955365307,0.4231489004700246,0.34665940980531484
124.29528881922191,0.3709545998102341,0.3613230720521537,0.3619592879996828,0.303094110872883
121.04977752785184,0.32207249263346893,0.32822835040794185,0.32735163803544076,0.28026864846390354
120.80711044279859,0.29502232961662583,0.3106663160876103,0.30751458618088495,0.2679772367398635
119.18436671042282,0.2785186257109917,0.2992097356829626,0.2966182265456172,0.2562408966799119
118.85175826195335,0.26887531248378327,0.2903266261654933,0.28234098192483903,0.24532272555810788
120.76917732003159,0.26343655547191075,0.2837430937206427,0.2723557438036155,0.23891731671428076
121.94926223299653,0.24933631752115792,0.27930902254852735,0.26608449150389013,0.23314924777059054
122.69471217835948,0.24470496044577825,0.27170063353005786,0.2575384947760384,0.22598256313507187
123.82600007701794,0.23463447496532397,0.2633671665796178,0.24950252832734168,0.22191942541522142
125.58336575320463,0.21981368170829227,0.25187273637345303,0.24027516468882917,0.2169725890560911
127.29822169792736,0.21515494877525104,0.24515600272506483,0.23642032988799536,0.21567531018299113
126.75120366692661,0.20801753471665135,0.23684060120567965,0.23076233562795676,0.2155666274240617
126.64346095488264,0.2050620493216608,0.23319762893150703,0.23213347496376574,0.21820167714144278
126.95598876648958,0.2021009063969327,0.22883429378832795,0.2299524560344832,0.21737114650542838
126.71561070898984,0.2041655084626851,0.22832820466866935,0.22844275730815225,0.21759237809768606
126.88615709251158,0.200298870000511,0.22475174943229498,0.2262963183801457,0.21589363376014123
126.94359244468289,0.19714258891155356,0.22181402972235661,0.22436959755852545,0.21597976361661522
126.05010349513906,0.19168460620693345,0.21691190567691282,0.220601929353372,0.21520503966033586
124.54190737938649,0.18960459992303638,0.2148734282196558,0.22085480855757672,0.2137438469540661
124.80459503161937,0.18095248312954268,0.2055119301159627,0.2143028492886512,0.20848813630826607
124.0419008525003,0.1814894276925021,0.20716976070819929,0.2175071082178484,0.20927797229981684
122.65831171550515,0.17852329938647393,0.2050809416930172,0.2139038535557778,0.2061178263923717
121.93669981433484,0.1798800915399622,0.20520221939629368,0.2130700447705188,0.20512843901500807
120.89412193798621,0.18656799466560192,0.20835477872512104,0.21488206293008438,0.2046469755185853
119.9981134986437,0.18279481651508264,0.20341071036965608,0.2104992673683645,0.20111428985915983
117.97387844452031,0.187537894233881,0.2052512005608519,0.2116259004579323,0.2016980259408338
115.98759100600952,0.18842214875039562,0.20497977975431647,0.21235825207939388,0.20202048699692837
116.02231359746727,0.19070564941106916,0.2052007865896273,0.2129570909696042,0.20282984121010478
113.11518586898225,0.1968209565314481,0.21042814530740633,0.21627103525605196,0.20487990830247219
110.00724763671316,0.20269402156680733,0.21473887248453508,0.21836383110460278,0.2049591622153731
108.38158354526905,0.20439764644458755,0.21614288336327872,0.2198932141460963,0.2041363647845646
107.84948334957122,0.2057306436453328,0.21524369136578,0.21827237555224838,0.2036548661294794
106.81519205565947,0.20595653726150454,0.21532912149362662,0.2154072278395421,0.2035151228391043
105.0883944638981,0.20883490965764395,0.21705624716245775,0.2145051091073846,0.20363267911996757
103.74195442273898,0.21116057144835135,0.2172343416184833,0.21262387832047297,0.20258785882667468
103.15604570904625,0.21308366526887365,0.21715188093382506,0.21093976802151573,0.20182053523407564
103.47051920797414,0.2154110033701892,0.2186405586299531,0.21133602905011822,0.20244662326101673
103.72514461254823,0.21574889194797417,0.220079029987218,0.21230310004694786,0.20380208055143081
104.29357127247815,0.2148830828346504,0.21948885848926508,0.21128645412758956,0.20354727668680384
103.06374619070826,0.2157620700235778,0.22056437915292118,0.21151272555160547,0.2039900761066893
103.02031469444523,0.21610735742617398,0.22106395594950803,0.21146270536907497,0.20459440012054644
102.49384237450722,0.2172202995119884,0.22350760428377328,0.21408506111885525,0.20725026290277743
101.75858434225634,0.21912216896297945,0.2246624035464702,0.21427421067844277,0.20750361298821524
101.6632647022043,0.2203332047533723,0.2264204438818809,0.21591446129861677,0.207690739516295
100.95227929900722,0.22166468290872082,0.22746129750502375,0.21609808602655545,0.20709777383700667
99.24616835930568,0.22167140774859745,0.22763991938724476,0.21560708374499377,0.20623594424966507
99.15678601283761,0.2223831780895874,0.22667236466127566,0.21524050228422925,0.2059714356864553
97.97917244346225,0.2212861505813218,0.22704370264284374,0.2153304500177502,0.20632084535792877
98.94888855410863,0.2227879345465096,0.22520376068331255,0.21408757989296145,0.2059307632192855
97.77714952308719,0.22256049169315006,0.22568924266532558,0.2151298519690919,0.20710403127595564
98.39180113115054,0.22298433931566047,0.2247609052410462,0.21415495658154549,0.20676362804864798
96.97747964954509,0.21983734843927524,0.2250480323715664,0.21392519345508818,0.20635924669201985
96.93373008084566,0.21907591438987503,0.22589060787693313,0.21555550630914563,0.20814651028487613
98.03059300559505,0.21876516357351025,0.22599597073834188,0.21641259125418896,0.20944444914549065
99.15286651510269,0.22043481774289708,0.22685511705213987,0.21685583634929242,0.21058134574050405
100.894025125023,0.221037300333339,0.2254933810818235,0.21558126892292714,0.20997192784116897
102.33540993609155,0.2222397603003159,0.22578845629029576,0.21459986037522352,0.20899790413451447
102.36413436612763,0.22428705808616672,0.2269822325613713,0.21486637520435461,0.20929787777507983
102.95401408326197,0.2267288986858773,0.22725578341540253,0.21533334922080644,0.2094182231881055
102.1069660017592,0.22855788875989677,0.22824919564719998,0.21572063431143199,0.21031982972453703
101.83125193432116,0.23107223483687145,0.22916683712995298,0.2148140913365269,0.20950304597072714
101.88800726640699,0.23331223623556815,0.22937655957694833,0.21372362533713146,0.2084529951160781
101.94517554539202,0.23454919119684306,0.23060423916346418,0.21449709540594059,0.20837741243778726
102.42258882886016,0.2360619580864731,0.2312842806230198,0.21476382384462592,0.20835795497565535
101.08175217754663,0.23842681599378182,0.2340995496158285,0.21779867488255888,0.20965676250953053
99.94154339462456,0.23999346184783535,0.23464252995806079,0.21809576115750476,0.20860605215939343
98.66551930565481,0.2411171444916967,0.23588602139230752,0.21901400518881142,0.2085779039232417
98.9409082776402,0.24347337533582109,0.23699540430908678,0.21898216631300313,0.20742929301661434
100.38855687845135,0.24551992835349726,0.23910723852004423,0.2198057063218219,0.2079547288320783
100.92291625637554,0.24847031977017028,0.24126300142263135,0.22030493364716008,0.20893368144293578
101.90762100802407,0.2520974991482905,0.24417510090512684,0.22250061201095936,0.2103710894091911
102.66077559602716,0.2555175878820939,0.2457734168777038,0.2231132575068436,0.2101073698892092
102.7186732279777,0.25842358223264655,0.24680037560488063,0.22348089791629724,0.21031516843024062
101.97274258970289,0.2568589908854755,0.24227402560674335,0.21827621717575468,0.20563706954227778
102.47648454632063,0.2557422496151405,0.24134945931852084,0.2174885989297836,0.20436859972351873
102.46355526005134,0.25560960830095514,0.24307636063892596,0.22034731850498815,0.20642799690071
102.00472244999636,0.25667718673384504,0.24429348100433906,0.22083235349478608,0.20655629823389943
100.66908249281467,0.2569388386355016,0.24592566753375095,0.22292976799724631,0.20751613985804188
99.25928336509155,0.25483732198036935,0.2445093433017911,0.22274645225181322,0.20704635747141412
98.93833011779273,0.2512706246393203,0.2435021491954977,0.22337632430210685,0.2071951849468269
98.58178880196401,0.2488879745423112,0.2425497309073689,0.22366521435115302,0.20729644641988973
97.82596113667506,0.2472865417240736,0.2426461785131091,0.22428188421907558,0.20726146190374628
96.63434405923164,0.24632380140413213,0.2430146703631961,0.2262644082504665,0.2083936476746371
96.02486151163245,0.24282119772400412,0.24183582240284743,0.2265531432618791,0.20776958447980318
95.08583468041834,0.24118288940041682,0.2417427527667027,0.22725748511565666,0.20793397130289742
93.9968313341233,0.23957487214706882,0.2407533330050597,0.22616916480414154,0.20678226576589623
92.55369309960443,0.24023521715944135,0.24242816665156208,0.22794409819048553,0.20600413274596577
91.89542558125456,0.23938768965146434,0.24245331419606264,0.22805417797948813,0.20518424650390557
91.7489729233712,0.23850633404835972,0.2427908945651036,0.22895038249369393,0.205337001394242
91.15779874921226,0.2380146768736126,0.24345307732258398,0.22911039000205632,0.20491289640609708
90.89530615686661,0.23950916320421992,0.24444217810629135,0.22987454703116703,0.20517667528008174
90.70491595651404,0.23800106769761725,0.2448258972948721,0.23039540015332677,0.20513526354325234
90.4004450979981,0.23750665017836894,0.24472728158349968,0.2306842173264158,0.20562528719365794
90.30563457205336,0.23801398513327532,0.2450077874217417,0.23117917713855354,0.2065682699931831
89.89715851033822,0.23780877891970367,0.24473434032866456,0.23046586625363022,0.20621180363398192
89.92690220713095,0.2368827292638136,0.2438836632907624,0.22953748045163685,0.206010889771905
90.03173910961446,0.23667823619459968,0.24402632008606573,0.2297589699809993,0.20615237621621832
90.53883318683887,0.23683574387769002,0.24396521065490206,0.2296633190065992,0.20687602651920975
90.95173435205086,0.23593161342990365,0.24314718680750094,0.22863845471081012,0.20712238758873672
91.47342824995518,0.23495942859756122,0.24241018246563031,0.22741263485722737,0.20652978663676033
91.75819043813826,0.23578328675272656,0.24243521414098967,0.22667284894040587,0.20658757407254202
92.42025526716094,0.23577937687534942,0.24272551146706378,0.2263374919846893,0.2065445042698631
93.02725573089869,0.23620257469889655,0.24271560886612023,0.2264312673708651,0.20680204496504093
93.35621450944014,0.2365086741663175,0.24317290690148027,0.2262169866618998,0.20623662346747645
94.30947292805806,0.23564318442567334,0.24231136060389957,0.22605467100287133,0.2076032196056598
94.70584159161145,0.23644834621025665,0.24248851745794311,0.2260516003691766,0.2080141852213875
95.14876933351246,0.23693582469598115,0.24295041864211694,0.22595194395482004,0.2074719804768606
95.2812933827607,0.23594944164125192,0.24180014485874432,0.22500522711224488,0.20625467409372747
95.9725686602692,0.23673606541577424,0.2422322492510696,0.22510634907908608,0.2067385029695078
95.68850039042681,0.23656105372560887,0.24128107533400098,0.22425487626148657,0.2057605108513944
95.32246179708656,0.237329243275104,0.24152028666190134,0.22403633752231314,0.20430574093085813
94.47811250560893,0.23749354848507898,0.24181576852539483,0.22444583178544636,0.2041098304027085
94.0884366153607,0.2370887012847849,0.2414833309964134,0.22440586319621536,0.2031270393157303
93.50706147809444,0.2374857598250279,0.24107815266697327,0.2239073215346165,0.20227008510279867
92.90627160542495,0.23721988008494713,0.24042816652663898,0.2228671005924583,0.2008145217164184
92.75472671341191,0.2366824633549161,0.2406534317507424,0.22283896363701175,0.20023285067005422
92.51654746300507,0.2375923010920976,0.24142372463699785,0.22337101577868607,0.20115453604372313
92.51294829873515,0.23783510722592321,0.24140778007334507,0.22406534178216975,0.20284323338405516
92.60710016631391,0.23798501718043877,0.24186898801620074,0.22451855646922883,0.2048505059804349
92.48407699875484,0.23793769837339623,0.24181741636033918,0.2244986476527099,0.20552217119542143
92.06594920605679,0.23799420669070254,0.2416955011456628,0.22519531574490292,0.20619998092767136
92.31773010779706,0.23830496613464044,0.24185087180061426,0.22625662918792136,0.20695489500680697
92.32910961310903,0.23948772115235795,0.24287575778505313,0.22664979293782606,0.2078100223185399
92.3027811458289,0.23978183053246538,0.2426751787677235,0.2262744038343136,0.2077841930583073
92.25127424662037,0.23880096433529277,0.24252022214491634,0.22559161038820288,0.20745918851962036
92.08686673008489,0.23818045553219,0.24135383542793704,0.2249440587576852,0.2066258999650764
91.55902635686644,0.23876483752848102,0.24203613979861244,0.22482030814707152,0.20564295783484238
91.13747746949076,0.24016801256679673,0.24325286333024024,0.22528718571399392,0.20553391296367896
90.77025835156593,0.24224605888950954,0.2443316114294174,0.22627725129391157,0.2060325054903798
91.06126499691658,0.24185441615121936,0.24412452631390757,0.22677043872988809,0.20622311149712375
91.15793782319341,0.24124845679100762,0.2444114519638726,0.22760011449855821,0.2062695157689077
91.4360812578444,0.23948433702240043,0.24379329231612776,0.22711365408735815,0.20566593031792493
91.3569692796308,0.23941936792308974,0.24375399964366826,0.22687506605800878,0.2048574527823635
91.56864371881188,0.23872295955952397,0.24304215116707112,0.22582841215505545,0.20452147464678205
91.68664729114415,0.23738670682417792,0.24240142221939473,0.22580456523855202,0.20466512758923203
91.74534031093886,0.23636996152619275,0.24238402318816415,0.22538288195783562,0.2033662230856618
156.79463926483413,1.2509635167327837,1.2710043946098701,1.268111928559609,1.0316676419714543
156.83163554305952,0.8613659926873133,0.8555772941984121,0.818013659865103,0.6741895830557944
157.81819123861544,0.5786554804852224,0.5662866158982127,0.5165964983909184,0.4321044168917439
156.63205198100047,0.44004734581492505,0.4270684909224092,0.3790108979288477,0.3238894102280373
158.1808946163842,0.3722002922989892,0.34902108401209486,0.3072888039391954,0.2648529847052952
158.2617946717252,0.32815943981567025,0.3054959395224585,0.2566692828054609,0.21619108363665823
155.16010160976626,0.2978174263591433,0.2874645708233207,0.24270127539610742,0.20663692878748394
147.4061208577009,0.2759779666685194,0.2710488204481148,0.22967783450675144,0.19526233249805605
143.65552869346217,0.26912357612829263,0.25879282531337133,0.21997703842898977,0.1868043354497764
134.42676665821872,0.26261496374853155,0.25320353948372804,0.21820297531098873,0.1825404522086847
115.2738795706616,0.25646571801785134,0.2464200771879774,0.21231280268091524,0.17800831149077084
109.90779976847082,0.24974846212707702,0.2444042049490916,0.21143117038360537,0.17687718062663008
103.88559098128515,0.24949522241436212,0.24219048576317004,0.20430861690553648,0.17416156670591687
94.45162836140929,0.25324951555462394,0.2407445616519301,0.19975697285239477,0.174740190915062
91.13084547385179,0.25503528489170435,0.24074580856560024,0.19758189714589042,0.1725921442824539
90.50209891846029,0.25476914309393217,0.23835824269496467,0.19416908561606994,0.1696646020297571
91.19082290194646,0.2528005836547601,0.23607704481426475,0.18831964557266506,0.16831207494306302
88.76948573247044,0.25408637183242183,0.23510122988180904,0.18886137717395177,0.16878665049463065
90.17129115122552,0.25581856206050496,0.23831684022449168,0.18890620728351187,0.17110693809270794
87.825769070102,0.25726439501769155,0.23713088963617018,0.1879564355774953,0.1709471041070231
85.36410828203651,0.2563108637622399,0.23678618372129284,0.18817961105966602,0.17179941009337948
89.21429426686824,0.25076915196575933,0.23607592989047435,0.1923919038781889,0.17450524123905925
92.56204681343792,0.24693253953583424,0.2309450655438488,0.18836834193294144,0.1660187543521266
91.2279582271277,0.2497972904339338,0.23622590303000013,0.19431465873773837,0.17027959490858388
89.28511881600976,0.25023499083752804,0.23366864557053776,0.19651194477182227,0.17138823034090706
92.23667760010099,0.25109249934558237,0.2341031660590545,0.19660582921498942,0.1728420668481843
103.6201352332975,0.25331868018250325,0.23738969330188986,0.19892124129543473,0.1714815362829525
102.68340319610648,0.25624197805375726,0.23689478140909706,0.19719355499495447,0.1681979441829269
94.63376874943778,0.2578074696470994,0.23832894171889554,0.19978497335907858,0.1694316155143929
97.97420099997728,0.2574673959859098,0.23911365138070528,0.19602109513295862,0.1676953057216459
103.89782532082333,0.25927259364760824,0.23852383910131983,0.1961977869522202,0.16707735373877064
111.98006493646685,0.2534385058327059,0.23908964657753345,0.19749339679530759,0.1671051644153567
116.86754207992966,0.24479035264493912,0.23744557763630716,0.19703227050947797,0.1642899360830411
120.25620521149585,0.24367414021550912,0.2361992109482467,0.198379336367665,0.16365713554375202
119.13271224875304,0.241258371719859,0.2311214134761429,0.19194586461127747,0.16065503467253292
123.22484895508559,0.23687232445385548,0.2291438961095611,0.1911975726303322,0.16133777776519442
117.26398730294821,0.23888471545818704,0.22770676157855335,0.19051915778321732,0.15991446226917713
110.46062786790232,0.24740813518681237,0.22847170960173707,0.19094685698509192,0.16146491935673166
103.72847901770878,0.24646334105364748,0.22835002090842813,0.18875474400634376,0.16024308318867883
99.85999616243758,0.2458338608647476,0.23059020853148543,0.18632159110362345,0.16007628843314692
97.97330449200787,0.24673700077944566,0.23072019335832228,0.18480207940783225,0.16106879478966346
94.03908884098215,0.25057404348319773,0.2348139214683941,0.18602234483551114,0.16342714595228117
92.33174255126994,0.25437155617810664,0.23696994722287967,0.18796026421839668,0.16547747757727713
89.27175754079869,0.25549717983187004,0.23745414354646202,0.1888472329850828,0.16623295162875354
92.45157083283306,0.25457973722411636,0.2384395741512299,0.1900370368492789,0.16594079922945146
94.51103949267213,0.25257468293401925,0.2388022850161849,0.19016523277535674,0.16611567630599583
96.0518545422376,0.2538355397612696,0.23924406237402432,0.19252877834420679,0.16570890145192854
110.6050783977895,0.2322034622858614,0.23486156669299973,0.19612226265730245,0.16682423084680323
124.13738023956236,0.2071154833885531,0.23011418205584344,0.1946910522676517,0.16351117053504322
137.36306076525676,0.16560168924404142,0.22573712600051704,0.1906208977587023,0.1613332012994702
143.79114575161105,0.15296837244517902,0.21593075582606794,0.18755656893348027,0.1582036268358411
143.67050045599106,0.14319653848295708,0.2158016662772874,0.1871920641731872,0.15630954453329726
143.86259262468505,0.15581835926246151,0.22022476126230564,0.1888416827331413,0.156568069498261
145.30801665867702,0.14253253291980944,0.22047807973469466,0.1892646595389002,0.15735461790740468
137.60243209708025,0.15722452326678607,0.22330133669085736,0.19018245009698034,0.1585750017719486
136.36391295515406,0.18178383276087556,0.2306646413007159,0.19383195290039848,0.16130583241584534
142.26655955941996,0.16218488893591182,0.2259495272389777,0.19429991927473564,0.1611867562775827
145.25422738767975,0.1762864318449295,0.22947538521980906,0.19464124656970874,0.1600566958162486
148.84351059678528,0.1696238610776277,0.2199517807985677,0.1919516157825849,0.15948464030113085
146.2081731043106,0.17598595158636077,0.22151211614821084,0.18899745694272313,0.15726129475934464
147.31875551668654,0.18006310428069958,0.22221852833622507,0.19221620624634322,0.15921532569304547
150.8653992766817,0.18057981809409493,0.22234867872296973,0.19456767181212778,0.15984474209670144
151.23775673072672,0.15219937215072932,0.21827573993141003,0.19352800040822507,0.15934082734952704
153.68202533613595,0.14954066323896473,0.21784014065966428,0.19486178647768337,0.15978582872102903
155.33874011230031,0.15251109375115143,0.2154702083168934,0.19127612221875298,0.15832931391052255
158.1895089467367,0.15601982589418303,0.21196510796578183,0.19224321592430008,0.15938558896484614
155.75589195471403,0.15586988306519514,0.20826107712564498,0.18979462688921153,0.15812190987971173
156.9836724114763,0.15458079314158535,0.207981814487487,0.1940549927568355,0.16083394026384326
158.1935678161951,0.14874198161774416,0.20066846073481268,0.1899194334861104,0.15802078632929692
158.9732592898724,0.14998402844703873,0.19948544204052915,0.19041198337548076,0.15825527996626537
158.89074100404926,0.1559418357410956,0.2061547206697363,0.19155131906478096,0.15930601904470967
157.60670143233472,0.16582483822201166,0.20478095937431484,0.1945664569636873,0.16098269443951363
157.4427414910263,0.17582075386153248,0.20526493540877203,0.19252542149310053,0.15993016337619484
154.63914722985183,0.17945683957258035,0.2064543726782863,0.19360273590480315,0.15953527260115882
151.393262471173,0.18084959826883745,0.20760746059712878,0.1929446975008633,0.15861237893795724
150.22907497312337,0.1855459522647937,0.20920413218618988,0.1918158760190554,0.15863439344192337
147.09088230561645,0.18437551373026875,0.21092137011424406,0.19251126993727236,0.1593228027152017
143.2934143759555,0.18929817821040626,0.2144454861949102,0.19207979380022977,0.15890065494561217
144.89558118747516,0.18554143457226613,0.21104638482869756,0.19109433652528865,0.15863386081907604
144.6250110624593,0.18300524635684026,0.21053615598436884,0.18975575163300115,0.15736091898908344
145.44505299845918,0.17175476458432146,0.20914445033552126,0.187717046884183,0.15634376537017652
145.21915147931128,0.1677061332820022,0.20719296274683627,0.18705668828709304,0.1562370714984911
146.00478842218718,0.16082798776565888,0.19483878558900944,0.18296259163117953,0.15564358768057668
141.70166864417357,0.16992191175479518,0.20034253508579924,0.18495809900916502,0.15564971432139105
140.22969053433414,0.15474191372515972,0.19818881674341574,0.18314386115276085,0.15566302593588727
138.1256364532804,0.1551601062624194,0.20129542842083006,0.18575626994842065,0.15655513213286584
138.74173779248147,0.15747709649830954,0.20366030191620138,0.18722191522575446,0.15631060809620792
144.03495117257575,0.1516948800696792,0.18451243760238406,0.18079134975914754,0.15685328207876256
139.55079291923295,0.15248704997598683,0.19557732916795445,0.18719976207826647,0.15976188431742153
138.04066907217984,0.15839153983553317,0.2028547151925167,0.18969306252329643,0.16004326234734317
143.83798153539058,0.15048039101271254,0.1867102314386349,0.18321181821536162,0.15834078320225867
138.71451053799188,0.16205646967270942,0.197781701091686,0.1869180272715337,0.15951626136569289
133.88224490614172,0.17496700531234566,0.20905894503374245,0.19234718628840355,0.16321043882865854
135.66849028853684,0.18020940700533708,0.2115681157736886,0.19315084370670937,0.1624688472217887
138.1882807116218,0.16624270044791878,0.2023117727660784,0.19115679799831753,0.16041240681052252
142.36291746238908,0.16097661902683463,0.19097221233875525,0.1867533325364232,0.159527764092134
145.5813685145707,0.16106528752769536,0.19253505984939723,0.18645435137638827,0.15834464789066383
146.02539041220922,0.14241292773254535,0.18864424556384318,0.18534836182790224,0.1567465989786012
147.31016713457774,0.14157198025463802,0.18280138931809467,0.1833691076224563,0.15682411650436154
147.88236856418112,0.13912427878220737,0.18621326755324108,0.18494002676689963,0.15736217640235753
150.5514339524921,0.14339548518301928,0.17976480463620578,0.1799255117096857,0.1564044146040643
147.22159429893958,0.1373044313063516,0.18754148007527174,0.184752892087525,0.15660698882690818
146.22842450874904,0.14267124567596548,0.1941219315061242,0.18586360780194586,0.15781763802819468
145.8310030797604,0.13580735994313037,0.1961084648005013,0.18638966489785247,0.15677114238058124
147.5300840719011,0.1365936945231493,0.19416162222037214,0.18785836190797314,0.1589647954389334
147.34982259883057,0.1399452732331448,0.19885068261756134,0.18943779827375495,0.15862046594046703
149.08900956598794,0.13019888883750552,0.19549016511610767,0.18760349810262153,0.15853711204886373
146.32435371360847,0.1330547084924444,0.2015602941504459,0.19037477131048533,0.15750131341140675
143.8964251172845,0.15101194796550602,0.2080287398151202,0.1904138911118918,0.1567645869816854
144.6343951136996,0.1341413925259491,0.2005854912150467,0.18805954669414535,0.15524213059426956
143.31754329374365,0.13778731962169966,0.20111884290358933,0.18686948513548254,0.15391768281657753
144.5531807046157,0.1358037891474173,0.1973837823554649,0.1851672824241517,0.15345864859228245
142.52262634520287,0.13825979737183933,0.20112131413704873,0.18600032219109763,0.1534565994346965
144.47935207690233,0.14486482462565675,0.1985905772976127,0.18574611887561948,0.15377269320386633
142.86979056314226,0.148203462252644,0.20404326017515995,0.18718294826890786,0.1538649058902154
144.91365531111933,0.13978882800103837,0.19579697970424081,0.1827610721317645,0.15386396374606343
142.35889339332778,0.15204748388571676,0.20371662748906308,0.18575450052254286,0.15414847681153038
142.5725090343459,0.16839169867690432,0.20759930690047285,0.18752466292987438,0.15469063986630638
144.96335208995748,0.15413766908944943,0.2024762194506253,0.18823587583236143,0.15508805873541773
145.615207431164,0.13900030121015283,0.19471198137370263,0.18478138969574257,0.15473502177436643
148.21226532113576,0.13943786226315508,0.18933054645593825,0.18465814481741988,0.1559429658147011
145.749846300216,0.14692612075868872,0.194784035297042,0.18598239394485794,0.1553008184722673
149.56338809558105,0.13639201509164417,0.1807228271147233,0.18113146704617675,0.15549802090009096
145.71958377650975,0.14543982028176627,0.1912591442126765,0.1841452861713905,0.15461244531911233
147.3503936950146,0.15142513671754954,0.19269433022716467,0.18538595072627995,0.15712569961519487
147.87386510860588,0.1388315056962089,0.18862994718278414,0.1841934909472623,0.155584114847882
146.6012683132468,0.13808188263205576,0.1878434267881274,0.18447077435678597,0.15549627867757504
143.9952105551078,0.13426087720592214,0.18821347157694626,0.18373087671655852,0.15380842236946665
146.12368149249042,0.14621634360672084,0.18907332958187045,0.18269510164130362,0.15594685448905057
142.08286429236907,0.14962412586616472,0.19747772552911114,0.18541864544035674,0.15639455700597948
144.19424263224352,0.15501763490575776,0.19879994561572836,0.18630321645964057,0.15794673711485646
145.6637152978769,0.14706941041858593,0.19839998308649315,0.1856842860701855,0.15555374522431495
146.84189276960115,0.1521561780435588,0.19738053857194526,0.18548549712607282,0.15519330343448476
144.59977092406558,0.14435734012861445,0.19679000206715191,0.18382682668894174,0.1541571811141489
146.22122973025404,0.14232694740443882,0.19236857745829092,0.1817013892326916,0.15393664470031398
149.78669543172492,1.1868986276518827,1.2152079952781087,1.2090749984491833,0.9266685390745181
139.11759802340723,0.8345589396201646,0.806894957749953,0.7755443683229049,0.5981604536902814
126.0234341503526,0.6152616246521312,0.5779532155237352,0.5373231568394009,0.4158382658315061
114.8293499798444,0.4854249062666819,0.44223860335528764,0.3992478700983173,0.324217703329055
107.01047499140687,0.41229952763753275,0.3707277157467679,0.32808015659671297,0.27541897497177026
99.50138017578612,0.36421847012345054,0.3238132935954442,0.285909702314108,0.25095449606328313
94.78810352481472,0.329323535903445,0.2916880169842625,0.2572322078570522,0.23663528198954134
92.38891473069287,0.3068165899516921,0.27092232124158816,0.24056609761687475,0.2286601398269959
91.84583665730466,0.29337709952685664,0.26109989274164314,0.23282973143412586,0.22488545768039264
91.1370023521605,0.28617663370634655,0.25562712908483465,0.2294167582851418,0.22324396897851448
90.88029732531155,0.28577128443651323,0.253586401909893,0.2289136480361029,0.22531699683684003
90.303517005076,0.2828045531932909,0.25153289160306824,0.22634443284610772,0.2227374659340721
90.09172136788838,0.2799033703788674,0.2497687582409585,0.22634513986002694,0.22427253935109118
89.42110436265773,0.27523816303236914,0.24756444592996626,0.22825365363318278,0.22176840934763187
89.44050235183276,0.2714250541438337,0.24557824630629543,0.2293620823683461,0.2182320644841697
90.55143294945223,0.27309003713594415,0.24823711054988182,0.23229056230277262,0.2192432910347801
91.69766335249662,0.2717847313989683,0.2484730007611401,0.23328556191854843,0.2166795388733638
91.88302802418012,0.269118675799148,0.2474004775419163,0.2323437524369827,0.21494285956265852
90.71020625636336,0.26437474162956276,0.24307739391318978,0.22915990632431696,0.21226216345653218
88.96791390613112,0.261071909684643,0.24156681831280807,0.22800948919834083,0.21211626193450478
88.5453414778545,0.2581444874407175,0.24017463645594098,0.22603143273181484,0.21158034331595557
87.86188347908809,0.25786563033148935,0.23919868419739923,0.225295443290632,0.21225979442356577
87.62817386649814,0.25474088329655303,0.23733556925445487,0.224434010920227,0.21252228008828575
87.85267319916547,0.25370774006879754,0.2377879183533185,0.22600785326646422,0.21155247616110273
88.4459868509014,0.2576718631468849,0.24059589063019113,0.22892545146314305,0.2108787731623551
87.71820694323652,0.25466736951213004,0.23993584629857673,0.22933087773243124,0.20959468104763387
87.58810479533865,0.25469324333017834,0.23880080353649585,0.22970473437279812,0.2092888029105796
87.57951886341,0.25845726980982636,0.24107491375499293,0.23163622528430833,0.2114740168386153
88.09497008304119,0.25807085009053166,0.24279241323279516,0.23104970406742115,0.2115887632392618
88.41701125464567,0.25744655393386434,0.24376549323197794,0.23257196544744924,0.21216888350575036
89.61355431001,0.258591737164163,0.2474962229744824,0.2362272188821096,0.21430290950767475
90.83039328163385,0.2591815831651543,0.24924195934773744,0.23752461111363432,0.2133347657341174
91.72763458100177,0.2600719938604218,0.25102963610828793,0.23918071294881776,0.21376610579797653
92.23190618777366,0.2594329913437267,0.2518486634701472,0.24022203930125507,0.21428261158902992
92.40922790920906,0.2602021396222873,0.25193798309209825,0.23939212999674672,0.21534674134124643
92.50545342031926,0.26026595852152895,0.2523251305235885,0.23889582820996555,0.21512949969659484
91.86492725139928,0.2602574540088689,0.25308037633877195,0.23863540548534393,0.21596051535237865
91.91104537221436,0.2585943599272759,0.2529230662680084,0.23895493277915494,0.2161960380022846
91.88506705473016,0.2577220526050341,0.25265230652336357,0.2391693879269662,0.2166114329663775
92.02313824575344,0.2568716785474718,0.251659503349555,0.23845480674220806,0.2178944880854664
92.05336223645192,0.25520031547141153,0.2512682725565523,0.23774995817800126,0.21959074692871722
91.68112698676168,0.2558002113815128,0.25104971339429805,0.2376699271377451,0.2212866032464847
91.6565224974327,0.25872306723281463,0.250960566830659,0.2370762292874009,0.22113242544246522
91.58395854931076,0.25807147367463124,0.2496167332274487,0.23648513028965576,0.22063877841340063
91.41634885817687,0.26012612773891514,0.2493086185536311,0.23555474167514104,0.22078444188432156
90.82580978331077,0.2619567823336311,0.24802841372212403,0.2336075615155355,0.2219468201770685
90.90020673212996,0.26141344939373656,0.24923001655215996,0.2344028621274967,0.22154303925452917
90.82707386761085,0.2619015173383829,0.24948250899963947,0.23449214533954402,0.22116102181178937
90.87483535385388,0.2617617977915034,0.24972690891935628,0.23385889817041752,0.22150749484875865
90.83701532963295,0.2612451057641363,0.2494876722544164,0.2330766000064459,0.2214138740454053
91.05353562096792,0.26109264901454926,0.24952532116947823,0.23268201892210771,0.22145326003846233
91.44842427123977,0.2605538988862696,0.24979775164542717,0.23294210159831677,0.2229206120631289
91.52356023255659,0.26054602205833294,0.2502173979275805,0.2332783950842668,0.22368552714514248
91.39012068579834,0.25963275463926644,0.24941526610199435,0.2316810812990179,0.22170241035271357
90.91487341251423,0.2575874379920554,0.2489317652842699,0.23095057749063747,0.22006461532961674
91.00650413124778,0.2560735230238058,0.24867939024811497,0.2301326313088523,0.21836291618393486
91.03885854314426,0.2554957657793172,0.2494145423320276,0.23069306538386403,0.21747572996339384
90.84580210402424,0.25385074871407276,0.24824572056726282,0.22996542249044252,0.21673025369065335
90.09540188554644,0.25494198384636163,0.24698650556318977,0.2286581244928532,0.21686175441348854
89.39696489327216,0.25729307536918844,0.2464422365771993,0.22699657251814184,0.2179045752242424
88.72345801198914,0.2587446881241272,0.24521944267412973,0.22660244378850136,0.21919784090446484
88.44145585436232,0.2598496635542189,0.24481948085782462,0.22525641370480445,0.22002805997646407
87.96982237913242,0.2610731047585485,0.24439742745371912,0.22471985163543723,0.22101360136049575
87.57632544339377,0.2621463802503633,0.24399125690951884,0.22432841990462843,0.22187799158189764
87.63133447712593,0.2638149665250564,0.24502342319416318,0.22547876518475848,0.22227033076621985
86.63346590170705,0.26463546995694026,0.24504871195358063,0.2253642908122313,0.22242926630336624
86.07760656932406,0.26810671646800216,0.24510293685908957,0.22505250311393526,0.22469998982248024
85.19730571674631,0.26788065689066226,0.24296537186868955,0.22284619017965274,0.22504625837333148
84.12903388147225,0.2681283998362222,0.24216630446842333,0.2220755992829006,0.2256694202829544
83.06293073178692,0.26999654220349106,0.24402886151698763,0.2236362027978123,0.22654496733241092
82.59184838533857,0.2688983366476603,0.24098054457136417,0.2216289852876031,0.22425473193862422
83.04549339605501,0.2677775286664172,0.23905039387482305,0.2207017038608966,0.22338785085680904
84.02264905451767,0.26800978678575976,0.23885316278322885,0.21875590823434868,0.22170789341224933
84.60951287499093,0.270391088596302,0.23892502867724877,0.21764319768910584,0.2235162631623538
85.66473873284423,0.2716485268484249,0.2411551621488748,0.21897151584343255,0.22517217381223345
87.5985567721414,0.2676238386455936,0.24398036428821318,0.22053864807514412,0.22451240267785208
87.7057030870942,0.2725094199363964,0.2469344664490444,0.22356271005965395,0.22352798248181063
90.16271077212139,0.24589273711864026,0.24790220613404784,0.22448989418250961,0.2234520772406899
91.28633799946117,0.24763272408921655,0.24895114014932335,0.22649542514977936,0.22431479833733056
92.76653852128092,0.23876855770285516,0.2491463240102546,0.22757121288858545,0.22453012149122145
93.38949588098322,0.2365598615060693,0.24784035455485132,0.22685436579688745,0.2255723495072165
93.5635055947958,0.2268237685292808,0.24599796841091584,0.22526228882585989,0.2256220363317836
93.14979049422028,0.2184814168290734,0.24002929846851928,0.22130399032176384,0.22270306910448004
94.48178389540176,0.21037232579448695,0.24292209563044956,0.223245061413794,0.22240325316273002
94.53074769908739,0.21246578481597628,0.2422494252512834,0.2239321114290268,0.22243703794585656
95.12689116949508,0.2082677985999089,0.2412904113278749,0.2231928059941082,0.22077271078774738
95.3338511740808,0.2088926093019072,0.2431379464508778,0.22345462541156852,0.2206166818365213
94.43054716420062,0.21359404515129854,0.24276386662128377,0.22318604786274607,0.22007459095314802
93.26847973285643,0.21802269880701375,0.24092018758603514,0.22177344568602078,0.2193635494477317
92.58944178640164,0.22087947987866124,0.239027329097457,0.22103880609300955,0.21945769018710543
91.87818619904715,0.22078702859737379,0.23839015317002807,0.2199028215398548,0.21892001285891022
91.82878948306868,0.2150311978570129,0.23685164601460432,0.21922986265334873,0.21867835896654816
92.01605394767861,0.20903862074995722,0.23684355566253895,0.21933018306803345,0.2187852846260101
92.07532968255813,0.20238821790867312,0.2365059648161323,0.21901918137533477,0.21835440589092409
91.96529930728332,0.20119478231941504,0.23816265131741615,0.21998885504147686,0.21867716512940913
91.96087274884725,0.1981444883435411,0.2383134826836972,0.21949118866866027,0.21799155168135173
91.40088253505604,0.1941079923519219,0.2385540398410907,0.21952189029052632,0.22025582677537922
90.8990844203968,0.19713424185377432,0.23836863852459994,0.2196573362618429,0.22095098157147355
91.01323683127484,0.19258354069301004,0.2372441618773934,0.21882460315116323,0.21866417735222038
90.7495414404717,0.19952700624427983,0.23642736546744553,0.21671197912507872,0.21753602349107537
89.7197729441867,0.2131875921901269,0.23702625615262823,0.2172690173133208,0.21849530895363856
89.73035328449873,0.21899106035793311,0.23682824083734103,0.2173655712322522,0.218065603734987
89.7037619463123,0.22363551597896436,0.23721570117312055,0.218366399088803,0.21905996894557045
90.0392759119977,0.22597292999919577,0.2368944738516152,0.2181674665455227,0.2188734358894655
90.98728793525041,0.21236114826013183,0.2369482915517843,0.2167738249106524,0.21760901980616124
90.54917913548614,0.21067308404426793,0.23801535529720869,0.21726359435176418,0.21850504462769454
90.24448279740976,0.21263818195052708,0.23777472883631134,0.21744997949201195,0.21962207272435244
90.13689081390103,0.21649139834786274,0.23901927865691472,0.21834422691479777,0.22176484573284894
89.51737727818445,0.2255774419828503,0.23954675592288194,0.22053486940585917,0.22524755515283507
88.2857373479067,0.22969662809493913,0.2374801615069423,0.21856225241515015,0.22385011824159567
87.86237764748547,0.23033058463602735,0.2369940480920399,0.21849811166355945,0.2238355350475118
87.69788265597283,0.22979381715647498,0.23678119664689018,0.21830230380767798,0.22412553184910772
87.3810066199116,0.2301620595857243,0.23528057210754663,0.21776303410540604,0.224198516946641
87.01906051616325,0.22763977669394564,0.23383620182307674,0.21798147534197373,0.22378851346041087
85.90786419950838,0.22428855797933575,0.2318024028797021,0.21696336424191948,0.22282397617610872
85.3666407827759,0.22111843299994496,0.23211714958162177,0.21836281608138855,0.223623821280087
84.65844814623496,0.22000124030567175,0.23011239032691722,0.2182127043816011,0.22333164484766593
84.1666031711118,0.22135375454310263,0.23066812050184685,0.21927368549603282,0.22388183025266545
83.90728546859071,0.22174592868691792,0.23021185357257953,0.21988320806906445,0.2241246283232981
83.42625505301278,0.22256611044833668,0.22856410297636023,0.21986530433418097,0.22560643653893225
83.12293652745633,0.22476169726472894,0.22714649897608466,0.21844361768074008,0.22575897867014458
83.47108211530761,0.22237593887918194,0.22443735149771007,0.2174111580724058,0.2239082761046313
83.55780092066504,0.2204962406716484,0.22398090411949476,0.2170431561717587,0.22202061290999137
83.50987875939018,0.2222536278850437,0.22373757286676577,0.2179582799943468,0.22114300462576522
83.50615224526379,0.22830032432140918,0.2252428396534248,0.21858296583970097,0.22230032424632876
82.78300863485407,0.2332744297966708,0.2269195723984499,0.21884254452936489,0.2245120210146742
82.56312265052121,0.2365366535124116,0.2272271331598723,0.21862880437012547,0.226045140401105
82.81299622260394,0.23783413086169158,0.22700698894987542,0.2171513649700744,0.22595157968164617
82.23081837487373,0.2352785001288467,0.22564660343510615,0.21585694267407113,0.2256331915424945
81.78037942407934,0.23553993362678347,0.22678900685845163,0.21623168426475986,0.22561061994847512
81.09811426550169,0.234724048183997,0.22639557078502048,0.2159998654099338,0.2253013517507422
80.81263567305393,0.23493206421106422,0.2259219584862405,0.21552330912184098,0.22459475832274284
81.04710343691188,0.23828663236619382,0.22751882464663328,0.21632396234137183,0.22586850227360233
81.58624705418433,0.2391040232115414,0.22768919317881597,0.21602385806911825,0.2262942869958212
81.97413169668128,0.23725795251428594,0.22571354710335684,0.2135283496805833,0.22400027853339685
82.04579749573176,0.23596030482966532,0.2253679523264996,0.21262297891267176,0.2219806739109064
81.92276155764048,0.2369726098259508,0.22422478304281493,0.21195937367286444,0.22229694540465206
141.11583843984803,0.704008834855549,0.7113495888181869,0.7739002573953996,0.6238709885116673
131.61660640640164,0.46580736448568827,0.48008449667823516,0.5054711622420494,0.421789201167868
127.49462811431553,0.3636093463719106,0.3751158066424201,0.3851603192153465,0.3336785289449065
125.34244729612885,0.3169207755923523,0.3217491086609056,0.32492186520313104,0.28921828729003135
122.43335177472784,0.2935525989079683,0.29446416448873947,0.2901358255931616,0.258660439964585
122.64655467955865,0.2726818436371971,0.27537404978145763,0.26942232165824476,0.24056724405127375
121.62710761491944,0.2492545245750787,0.2554380147191186,0.2501428774491345,0.22187124435406783
117.2881935265531,0.23637389461724367,0.2447609731498718,0.24054824282778672,0.21609545687045797
114.54516312826298,0.22711089611744265,0.2351713524230143,0.23071466594135415,0.2106668284168341
109.17117890037235,0.21989055891703146,0.226518953273947,0.22271053321663303,0.2051453368364289
104.85270433917242,0.21533336643988946,0.22265482442667442,0.21786896652082008,0.20288447579640753
105.08066123723238,0.20770846823448663,0.21118170129160677,0.20758515599051858,0.1960668783528198
103.23338611674514,0.20867005601370298,0.2089631843081339,0.2053554197075903,0.1943497611399045
101.93977891430013,0.21547126961175836,0.20800389850136572,0.20249229381255576,0.19243734258448647
98.89342861026111,0.21786708506037358,0.20854979422084893,0.20165624744743907,0.1911482625869529
96.35713513471501,0.2173032361003497,0.20684455344201585,0.19994505774427848,0.19032068619832712
97.24375400638873,0.22086997768652336,0.20187456702190723,0.19339394200921767,0.18396582392585084
100.97905449679044,0.2242301383044862,0.19391504426749137,0.18260163156947098,0.17598025508508175
101.55635898650645,0.22800218979504108,0.19117072475552752,0.17927347897527302,0.17422335854408724
102.31091340541867,0.22293090447320604,0.18909398984464715,0.17806812877506273,0.17117836398682096
104.07151486301183,0.2199682208234904,0.17818694002341992,0.16401345013243476,0.16089631202777316
100.20028360967943,0.22049618918245856,0.18282361682191223,0.1714152484461824,0.16696141811125878
98.11830057239092,0.22187400779253574,0.1859307317700674,0.175548349806738,0.17208712885717006
95.05124859780108,0.22420463427433276,0.1864445994618709,0.17643032801142755,0.17210426156045894
92.64417517340004,0.2269055950823795,0.188592258525416,0.17743445032600533,0.173611317460159
89.31570807619201,0.22996565586023252,0.1929860599820272,0.18150993387094566,0.1765489185764523
88.25189572713603,0.23223894286395372,0.19421840230879722,0.18332927507460217,0.17863463855025077
86.03074656925922,0.2344610238498354,0.1961271721848715,0.1863813840107532,0.1825602224033078
85.5659977645683,0.23897413267285167,0.1973391387080884,0.18602985554705262,0.18216555096995243
84.29785732105607,0.2378676389559777,0.20011394962186638,0.190547699890515,0.1852303431099723
83.56219538827236,0.23884925383830277,0.20074584167554854,0.19095505590421402,0.18568913676808063
84.07466505826184,0.24128694407173298,0.2010411589994907,0.18982256313093546,0.18397890803802927
85.00879260410818,0.24280051330698313,0.20205058723035219,0.19034694891759985,0.18321377761286353
85.69156476330639,0.24354872780937967,0.2032822051808334,0.19114165966626917,0.18275823815044176
85.11187640890438,0.24349532357767634,0.20388831349634184,0.1913537705859019,0.1818548354677259
83.76874914702401,0.24513230365260463,0.20535225093696302,0.19311712625570276,0.18179561287949844
84.25063664243086,0.24436491237200877,0.202695761864957,0.19167803795241872,0.1808439254599465
85.73635928123194,0.244303765187279,0.19952895289755532,0.1892267912252196,0.17845758110568657
87.22048058198183,0.24355063388058348,0.19541174474543063,0.18596576881912133,0.17593186339820122
87.62486559258961,0.2471145458112775,0.19678227822002456,0.18593106482421298,0.1760539102254709
86.73584347785031,0.24565073146987088,0.19872098870338542,0.1868163459334623,0.17920237222659277
85.86405574395151,0.24485604483411572,0.20150599936019437,0.1899613143066562,0.1828556441685175
85.09933836069457,0.24444150866193431,0.206488170736705,0.19435560070443744,0.1853149946526332
84.50578739810166,0.2408752367122199,0.20878231469039574,0.1979235856474998,0.1870623134624241
83.77846914817434,0.23848176589284142,0.20940617766870298,0.20064975391506604,0.18991151100510142
83.50181117889473,0.23901434000962837,0.2099677475888884,0.20212160626617298,0.1906241697371125
82.95322156678615,0.23795199582254295,0.20964808994975193,0.20261607629000042,0.19018058309602473
82.10214782648174,0.23861862210457105,0.2113529718210417,0.20363501582859228,0.1904237567309317
82.25172318088883,0.23844044538364353,0.20934954987707272,0.20179773640014645,0.18955765803256414
81.01234084550967,0.23791526162922536,0.2083597013396429,0.20149173518971833,0.18943176917283092
80.7836365112821,0.23984483079542154,0.20898735480424532,0.20231912490079432,0.18969990904974973
80.74394805605867,0.2416463604663859,0.21148047956990665,0.20456337121065032,0.19046786403648214
80.60679606048869,0.24524871345702368,0.2129444298359074,0.2053137797438624,0.1902632130969269
79.89930713487766,0.24618619095837904,0.21455757352305024,0.20641211402888132,0.19047060518958037
79.83797669826443,0.24814157818827015,0.216097227157593,0.20716412683190505,0.1907669420659885
79.71936131474355,0.24855019747635726,0.2168416523952698,0.2078634728458369,0.19097770772124925
79.58449163676623,0.2491812437426799,0.21819468748609364,0.20906548615668358,0.191546902463092
80.46666184147139,0.252220722234395,0.21939425300340082,0.20910566483487433,0.19164570773479156
81.72794556264721,0.25602280160415214,0.2222760856223778,0.2106670486881104,0.193044586465079
83.37601149792864,0.25917529467127753,0.22365157982329326,0.21016044712095786,0.19315135876799064
83.77941322422302,0.2609118960937086,0.2242547154141939,0.20977554700008488,0.19270992679992363
83.92010358538415,0.26093361901130474,0.22535226617188114,0.20996921849141212,0.19282261628433198
83.88001168278318,0.26258041519302017,0.22741916718658126,0.21100416178718975,0.19455815088098694
83.51739557579036,0.2613786360274541,0.22856321880849054,0.21121344951748477,0.19561871057887542
83.05377459023103,0.2599895538527652,0.22740566761576964,0.2101167607461906,0.19563099776430837
82.5340158993751,0.25827675228016245,0.22649546825723885,0.2095096742363124,0.19516894500770005
81.70782567568902,0.2559315758658781,0.2250850272408968,0.20839451080109805,0.19414162247928032
81.74967794927812,0.2583280502699941,0.22569600413142896,0.20891287130801492,0.19485113316386402
80.75049994272733,0.2599651506130223,0.22626364031324547,0.208560112658531,0.19370568458946255
81.1002966606485,0.26120141211987963,0.22690119132972658,0.2093413196839143,0.19407850818308808
81.44180626639091,0.26259709892460786,0.22743455615232236,0.209805469895906,0.1944732637032895
81.07499798236992,0.2640907291982823,0.2287279402460752,0.21132549422654742,0.19543481480384048
81.41017577743618,0.2659548214143868,0.22987887697620024,0.2114562310921253,0.19576773800110864
82.20180180018019,0.268134794894053,0.23065831474859005,0.21210167148011524,0.19631886003202947
82.41996670591543,0.26814830572148785,0.23104388322842145,0.21193173904557439,0.1959353719151424
82.61342043477876,0.2683825272682153,0.23173572592003766,0.21298659095827432,0.1969148048037706
82.93296087550297,0.26759722055419466,0.23175226285875342,0.21275753508576276,0.19735603118363207
82.64224764185884,0.2684807665386998,0.23268426864942088,0.2130803819081249,0.19772954669719797
83.13214010464314,0.2686449966928739,0.23334075241868427,0.21304666347376736,0.19733232145711443
83.03037568624374,0.26824955881481743,0.2334677593497377,0.2127072973817695,0.19608685064063455
83.15399403059799,0.2699330969281028,0.23400663716262382,0.21314541860891276,0.19560614203672186
82.85331717763616,0.27092437844923706,0.23447128852751478,0.21289852132166717,0.1944529335492469
84.02551401699252,0.2731792777131387,0.23427347175654886,0.21168200406869872,0.19378914256270396
84.43112425832338,0.2757047827860693,0.23578150074172413,0.2121655371508474,0.19376450709501947
84.74667720867157,0.27457982326969826,0.2344664639736865,0.21137089442948498,0.1930902102754305
84.26503572714086,0.2728911632810165,0.23334425396572409,0.21086994578124552,0.19198213405250453
84.42029397387222,0.27289383903147985,0.23266211356990663,0.20998386815259845,0.19094389052714864
84.33942986087442,0.2723910754016917,0.2331461458242826,0.2106896369815916,0.1910095797478691
84.36570109670606,0.2707212691643451,0.23435852006909189,0.21199120908194166,0.19083568229802259
83.9137582916071,0.27006400497988037,0.23357808535303146,0.21168536197470206,0.19131676988761392
83.32201159281718,0.26757689603122997,0.23199002489113849,0.2110770291559175,0.1914369798392643
83.16491598457296,0.26836381860758884,0.23039219194261795,0.20892378044422796,0.19042870508844442
82.97659769848114,0.2686124835401667,0.23052991482649737,0.20888597667650666,0.1892963758944058
82.9905011503065,0.26834985248068116,0.23027602390391025,0.20800705639111738,0.18870965180801125
82.68599280545253,0.26726151515720886,0.22967339633490735,0.20723143375209319,0.18778753873649076
83.01110279905245,0.26735894365563967,0.23007321836657602,0.20746496724001462,0.18798831456979503
83.2294805263789,0.26860956365520067,0.23126703748955035,0.20795397502821544,0.18766980717422674
83.30697411308026,0.27079279864091454,0.2330616014279913,0.208757028143363,0.18893940057532
83.69794517887024,0.2738248777654314,0.23574731849646927,0.21058469342007144,0.19097235397617102
84.81319303783334,0.2776539431656503,0.23885448683510244,0.21269876355937561,0.1919125598244118
86.19535036217633,0.2817267129074471,0.24024294338048183,0.21286465419256898,0.19269141289571773
86.70967142809286,0.282440128889478,0.24107423180959114,0.21395079822997437,0.1930545709102125
86.05452416346957,0.28199727365544197,0.23927542275057537,0.21185050470046082,0.1917381744335948
86.28254742581957,0.284506415682548,0.24099179318026676,0.2133317030695505,0.19282328337133633
85.73583379919246,0.2855719635586869,0.24137540885611858,0.21342091590190282,0.1927908970625346
86.68931658508887,0.2887547205784952,0.24371478196535312,0.21478612448562118,0.19315993089148994
87.07433867659044,0.2876601592289736,0.24352552813582348,0.21488065294590344,0.1933638244328751
86.83961237938678,0.2856098466439476,0.24244709229537167,0.2143533227135983,0.193239631701396
86.19652196329515,0.28160394790005333,0.23951403164814608,0.212850877051172,0.19366599095865736
86.40164489946876,0.2816252751112951,0.24030351111312376,0.21299101453981292,0.19297781153339436
86.22616533657705,0.2814385125518139,0.24043931336107738,0.21358322625319845,0.19350878715911268
86.52422862386747,0.2832913290680986,0.2412171735681243,0.21360110552852382,0.19304142967123777
86.13634487094224,0.2820876884677279,0.2388044481338265,0.21221770571431772,0.19276219453825474
86.21804015525,0.2804347081628583,0.23587680822349802,0.2092615644784252,0.19109643788025657
85.79519152208968,0.2791980164729541,0.2343554784974022,0.20852376142760853,0.19157110467690042
85.67659288233743,0.28002260449610156,0.23579941915549862,0.2083842037710901,0.1908607998948833
85.99407929375671,0.27885982257041814,0.23344610399485488,0.20614742089744054,0.19032431334350536
86.48843626883972,0.28070210867757894,0.2345661211058438,0.20651444027871604,0.1908637189594976
87.00920423502632,0.28308771567093105,0.2357776724017885,0.20668331892131098,0.1897377062872898
87.24923530433021,0.284231457968021,0.23761719094139488,0.20838669600356668,0.18986080576261907
86.92393431912542,0.2839311601994402,0.24118138832252384,0.21095527346884835,0.19041548092492158
86.92931707619515,0.2829402797988657,0.24241050450120719,0.21179115735317225,0.19146582570398848
86.66953929607399,0.2813196350005973,0.24148031712743606,0.21167294557049826,0.1929468683289857
86.02435051657451,0.2776866746336041,0.23943475600716485,0.21131579805771092,0.19378391112677568
86.3493161509269,0.2768294546624628,0.23847271254305472,0.21051221592858627,0.1935786389466438
87.28658335123403,0.2784869213422826,0.23878857523782648,0.21015220979476848,0.19418038209315838
87.61357688798857,0.2788578415722735,0.2381387979134219,0.20873486057410165,0.19265958341029243
89.59184642483186,0.28005530642911075,0.2364243966578606,0.2065817772121503,0.19113449058328427
91.47153445834186,0.2812502769658115,0.2357427394866675,0.2058469065280376,0.19001769557418893
92.3739069234331,0.2813248340293688,0.2345793108023957,0.2052662181722429,0.18952301598929028
92.34653112374299,0.2826746085377284,0.23563762498618138,0.20595512325960913,0.1888713780885657
92.16290001403185,0.2832190476141503,0.23538204991384543,0.2058825315452165,0.18915738411314761
92.29513482967329,0.2832002790179421,0.2360305741589259,0.20685374268916462,0.1886390940566725
93.00890499933853,0.28229292466560485,0.23396746958738443,0.20450417957264086,0.18664404383829497
93.58401112178275,0.2802868429896768,0.23228319521119123,0.2027599506385227,0.18611321087255134
93.1252024813081,0.2796804092835923,0.23248507034926053,0.20370745695288509,0.18786241333142045
153.64373396792888,0.8909331299103159,1.042449634021897,1.2597876145699987,0.9509470412933018
152.1171141813044,0.6017150312351502,0.637252717496295,0.8464528460504467,0.6477398091450287
145.5415572511477,0.39025037794665646,0.3807622647833898,0.5569920298662043,0.44018232499214305
129.9741355602948,0.3351782656074647,0.31558551549678915,0.423854508057902,0.3462876070575542
112.38913818423835,0.3091210454683624,0.2797163034860717,0.3460388737419902,0.29347085412223584
99.38925453104959,0.2919663641999408,0.26007992584760103,0.29739278217220655,0.26020637104972866
93.47599972635612,0.28006503249727116,0.24901563191316367,0.26790968523094383,0.24079954383942867
88.49704346038033,0.27751440973273567,0.24623457023982676,0.2521516291925816,0.23330469153844152
85.68455204979107,0.2686413940750567,0.24299888716695342,0.2383982397385632,0.22852015266551917
80.89777066717589,0.2682355786518439,0.24135374141978377,0.232682540903176,0.22484135719802953
80.43475834214621,0.26846342489456015,0.2403982569107471,0.2274368958903424,0.22370343575830223
76.41918325592826,0.26591292649815895,0.23450516213137035,0.22074375054532236,0.21905173409296647
79.06030029263387,0.25797430880985633,0.23051310076457288,0.21639891174317993,0.21384063744902637
79.3340472498706,0.2546029858284813,0.23147201112002735,0.21423222951702575,0.21416022082378305
80.616661492441,0.255337140003047,0.22762656339496712,0.21679825315159468,0.21397766182518116
83.46729640325461,0.2598330668505263,0.13473173793127283,0.22140862684270177,0.21434644355362326
83.1082701167474,0.2621889683833665,0.16656173582720357,0.22227861217364564,0.21436889129345005
82.48748256934773,0.2690727362692129,0.11236453678975204,0.22343468129068006,0.21710222978004776
81.15847191576361,0.27485492872321743,0.124244299361618,0.22392862586352139,0.2211743367994436
79.97162430787836,0.2787564141971767,0.15420074089843192,0.225925961493295,0.22490382136961493
79.03630691383562,0.27485452912361885,0.17929122784588492,0.229698287187758,0.22858118121881196
78.30936105218419,0.2794670200104,0.20021657990873643,0.23045183910190734,0.23055868586662492
75.53761834573785,0.277843839689153,0.2159855891882637,0.2328699211701376,0.23325430600166622
74.64726054880383,0.27504451195729734,0.22633657379601832,0.23406939979448643,0.2355146988703854
74.34117975062227,0.27397316637562386,0.23356683017037497,0.23523370388677486,0.23539796338463004
73.04038939837797,0.2699837649189328,0.2365638437765978,0.23342092752131086,0.2342130722492965
72.42677812930953,0.2688247386445321,0.23844468587066547,0.23169398728382645,0.23194515716995195
72.1946739143947,0.2690415442200387,0.23955094008413788,0.230189534387722,0.23098155080410174
72.06864780100251,0.27038672346809167,0.24020927328007546,0.22832948977743142,0.2290640766509243
72.61267113866872,0.2711919467887233,0.24034050167364043,0.22634875514757988,0.2266468042772325
72.66628959272037,0.2700302581573484,0.24115962598313914,0.2263232784033671,0.2257743026722146
73.32868400883513,0.2713754964458985,0.2446804027750964,0.22802039908232374,0.22627241880673987
73.96662859329345,0.27139857558232555,0.2472228383401098,0.23011832575363633,0.22850288774232053
74.59355798234374,0.2707133033463271,0.24671532784899983,0.23053202380460866,0.2292355248523673
74.70330974377386,0.2704384767902674,0.2477619760643203,0.23238167835146864,0.23134980288518495
74.49983639175576,0.2695360818483574,0.24889106836296787,0.23402433446718968,0.2317547223155465
73.67962716969087,0.26871994017722256,0.2481255103619199,0.23408045488949783,0.23256584105175837
73.42434805299608,0.2667231608874518,0.24680460633182005,0.23464457472980818,0.23416856796657864
73.52770478905231,0.26622221288647924,0.2462499593650028,0.23590841846837585,0.23526335341671284
73.37023846130647,0.26501875958239274,0.2455085035142544,0.23676524406627208,0.23659523064678467
72.59544930845853,0.26342869841675953,0.24505256127498753,0.2373073963023802,0.23838691665407002
73.39089881665024,0.2645778685140583,0.24601546267264868,0.23828462972006278,0.2401549170598055
74.41168219563632,0.2664427493588455,0.24613443135674967,0.23735255918564185,0.24203297089178022
75.54002647890472,0.2685510969317664,0.24661419531182102,0.23580677775673378,0.23888460515332444
75.91820356072706,0.2717648645853454,0.2474052697050556,0.23595047279539863,0.23948541316356708
76.18335123455168,0.2727175579030015,0.24733544890295628,0.2342740655134424,0.23791459514250307
76.94893137677201,0.2691971728186362,0.24773510347883565,0.2348745377795357,0.237552893426211
77.30072825939203,0.2684761889019245,0.2488530721597122,0.2354258760498982,0.23797777472273732
78.00668273193885,0.2659877169573886,0.24891269728757337,0.2353605865604032,0.23927832848708616
78.9445649498523,0.2611002201241594,0.24634798982196843,0.2330421056966465,0.23656693097926298
80.08045326069387,0.26166358159825903,0.24352294210138803,0.22986291760639838,0.23250244256752742
80.30004993251906,0.2620779440525119,0.24388851825717192,0.23222453161256265,0.23133740279118167
78.83558781492688,0.26778891799160787,0.24668755699669523,0.2328101686893521,0.23130002810730035
76.93305596633235,0.27778400870513253,0.24547169150255851,0.23289267348520354,0.2320927957233291
75.87324726730309,0.28449463312147094,0.2512114856855568,0.23545003967031344,0.23326816967927916
74.657567000986,0.2835368536369417,0.25130273209784176,0.23414705745464048,0.23494291142781215
73.8806334840585,0.2839004495005789,0.24949550302853304,0.23410837577847918,0.23667727827188673
73.90015880144028,0.2838476032387758,0.2501723410362561,0.2337875587861015,0.2351815559125852
75.20548566883025,0.28136349475864003,0.25068066774635717,0.2335845820859742,0.2334881749421224
77.21610406419056,0.2829565775440169,0.2522458640327699,0.23549007151673151,0.2345105156310533
79.26708277201338,0.2853533515464414,0.25486688256273593,0.23718797651177376,0.23350675707728305
79.73540524465865,0.29007939427594753,0.25726076199809667,0.2374941095126629,0.23342541236823167
80.81756902820355,0.29253003533113897,0.2592308704085773,0.23983540550653676,0.23524628686420979
80.39518984894791,0.292927433606144,0.25849574860857544,0.2391146784552326,0.23628718487310937
81.46582191063536,0.2983517622187565,0.2622077594284163,0.24008223094434,0.2361606660736249
81.98015324387801,0.30017653589725635,0.26206322522528375,0.23900466782463925,0.23429179656616028
81.24478580655094,0.29930744287219585,0.26136902202963413,0.23960710115378936,0.23576920573904944
80.25035860208511,0.297939850443604,0.2608814582786077,0.24266250249601923,0.2413931727395725
80.59438311346688,0.29541548072959783,0.2591479599527067,0.24255079179690298,0.24155037397730653
81.55317049660961,0.2934979651268615,0.2577161338150812,0.24166816067560437,0.23884133624189077
81.47702099710372,0.288694235906329,0.2585952801055833,0.24109210846097248,0.23757660441958198
81.59829935990568,0.28459473572026184,0.25732593696834166,0.23870962965664622,0.23336737865672838
82.00633623450261,0.28727239808416255,0.2568533378624832,0.23754914118008516,0.23269737835174203
81.43728838311108,0.28938319769961707,0.254918035540568,0.23551350120140813,0.2314210081530925
82.59368922181064,0.2943199041506985,0.25612188831203075,0.23421778853036895,0.23005434174180786
83.25908779926719,0.29762727488105034,0.25636397720949017,0.23348227986483716,0.2290016046937575
83.66075348841512,0.30069489530127486,0.2582885698502934,0.23416513612082285,0.22917772599879677
84.16698320842075,0.30148447954396157,0.2575967821309929,0.23381585977550592,0.22889184211173716
85.57502861043434,0.3012194813067683,0.25878084810773205,0.2363355971673422,0.23135617391911076
88.48175023234202,0.29376267378309595,0.2583901955325351,0.2403223624405662,0.23490755320662088
83.28730638988267,0.2883325951938918,0.2530001812285424,0.2345829237850936,0.22952572643775104
81.57986811608966,0.2883656891014331,0.25393504914482096,0.2378093461947362,0.235262603102928
80.36238025236787,0.2867679716603975,0.253258701505183,0.23634876661373788,0.23595038583071518
80.40162404447427,0.28397879612574706,0.25010764425909193,0.2357328853034416,0.23625300018029285
78.46478282606596,0.2780836523923101,0.2453445958955383,0.23423639962251905,0.23634426421486363
78.07142775985987,0.27671481955697375,0.24462009424394665,0.23412147421120433,0.2375051632455485
79.06689859381518,0.27532774247819614,0.24668935289452365,0.23312335393732916,0.23426273085978674
79.60547939054199,0.27209094510147513,0.24839562606875862,0.23381015355941615,0.23412418393995327
78.98559359283887,0.2733913834424555,0.2481052829310378,0.23399333094249605,0.23466347172437033
78.76861777539023,0.2770092389919004,0.24770954324407368,0.23125225147918094,0.23215869670041858
79.1005197699008,0.2802784439089522,0.2461386081370556,0.22915318781851005,0.22908436738200727
79.1356852985616,0.2848321510623312,0.24574071851360996,0.2285013761289914,0.2280353557635921
77.91956995211125,0.28710906997943614,0.24429560400039696,0.22644948955730007,0.22562322341602434
76.25883420880601,0.2889847215726705,0.24582113758373397,0.2265540727214764,0.22583776186590965
76.55286413178712,0.2890478338271525,0.2473266633216538,0.22644449087122367,0.22533028848416603
76.36780233437253,0.2884870746196901,0.24977375506326746,0.22801752564411043,0.22451630500433295
77.66633941559829,0.28777902524763155,0.25066355608537666,0.22847653069223428,0.2241685898802723
76.817472993484,0.28867618896019887,0.25287931113055095,0.23331961537438273,0.2283210916935651
77.01195347688227,0.29185278219665906,0.25334013056614246,0.2322249182639529,0.22769680135304782
78.26734580209319,0.2956195386671129,0.2524091698272921,0.23168740568565133,0.22694825745709954
79.86117609940894,0.2971934502598755,0.2506485572100239,0.23053286699245656,0.2262692709990084
79.46195371831753,0.2980133384507054,0.25233018239659444,0.2321103580350085,0.2291471528392898
78.5563108707085,0.2927632467437321,0.25023434796369204,0.23015601645450443,0.22931876198186676
77.59507383297934,0.2909202558681315,0.2503247440586404,0.22912672381992782,0.22822796310310325
76.46353989759595,0.2889130296381795,0.2522709536083383,0.2318103188485286,0.22935805935772693
75.66277808852384,0.2869365157693743,0.25334351688000495,0.23254277526016356,0.23108845414484003
75.804259113611,0.28665052490039156,0.25468717853244,0.23296461710430433,0.23056090677255606
75.83296945820584,0.2864792459274691,0.25674006605935235,0.2325294668113793,0.23010291673012337
76.43225059571367,0.28926554487099093,0.2572656082759782,0.23196484334036316,0.22851548216752357
77.5805617121519,0.2919132789379515,0.2590813546156413,0.232320552567593,0.22740061904344255
77.53212186957049,0.29106172630025073,0.25857808007802485,0.23050876499669706,0.2252744782701276
77.50263617078498,0.2906729942636701,0.25878964926614684,0.23100969261824486,0.22673096614819727
76.99410871392271,0.28675031615395596,0.25484862221033816,0.22864896149384234,0.2270269227933702
77.11747036747552,0.2855745785181505,0.25332778234544506,0.22860333231288113,0.2276423212584842
76.35876290037092,0.2846589795200756,0.25125483843929125,0.2279314642752415,0.22760758233044853
76.37666328744784,0.2847449194116177,0.2511906456964799,0.22885871833643526,0.2275565909276285
76.542579779012,0.2860221577140018,0.25270437515041133,0.2288601330470006,0.22847236813186372
76.2137310329613,0.28604469201992694,0.254229259137578,0.22988564976401146,0.22940427575570388
75.96863948398249,0.2866192689994471,0.25530487656674195,0.23044628670385525,0.229651062711317
74.94058649939905,0.2850018210494988,0.2569125492198271,0.23208267301080826,0.231491636610013
74.51057532957005,0.28587689490584894,0.25753851115806076,0.23248401059582072,0.23089426017002632
75.01941565125244,0.2875343438972434,0.25945385593791254,0.23467529804617468,0.23340505080802967
75.80927102628893,0.28862263051250836,0.2616899170123553,0.2364391733056098,0.23500210808708327
75.78741907082659,0.2886336916050402,0.26263988974397867,0.23735594485639036,0.23506297716591087
74.67971023154804,0.2910869504447866,0.2638663075492319,0.23841585638693416,0.23487085781898262
75.0225786975013,0.2938625642811289,0.2630302918766947,0.23694852942695632,0.23244121234503654
75.95269491522699,0.29674118103832064,0.2664560579895161,0.2396637701357465,0.23352675663171918
76.64057746972253,0.3006380375958163,0.2683801246289427,0.24101906074560966,0.2341148019629795
77.76374986842764,0.3009453680175919,0.268111790173186,0.24032675723223446,0.2312916211205353
77.73085970319798,0.3004876394422403,0.2696658889910418,0.24040752993990766,0.2299730586857621
77.96344457135882,0.29928462239899833,0.26960229003732994,0.23747341128368338,0.22570937796820695
76.80057524260914,0.2948485840029134,0.2669356843564901,0.23647892146473576,0.22416580391962385
77.3909245034703,0.2939413267359793,0.2640068176782652,0.23600914099362597,0.2238446935052431
78.39639439991609,0.2929962705549663,0.26108755381648263,0.23276081963947828,0.2208218896095061
78.47485976456346,0.2932028213132346,0.25948958109697384,0.23020047248175332,0.21785031842946231
77.57182106014102,0.2927315141781062,0.25758954695006764,0.228678812611061,0.21691803136124382
76.75093709238763,0.2916219078994966,0.2574251255353759,0.22889006885930946,0.2174163690873461
76.06152450600453,0.29116035346040237,0.25606389627790055,0.22900786408760843,0.21943171520265992
75.33214321724898,0.29152209853192285,0.25533595569321976,0.22794598579054293,0.21983310701223166
74.9433016447524,0.2885410414774156,0.25326423696270267,0.2269038846670947,0.2198363929019873
74.53236218711659,0.2860856028077498,0.24886435639279839,0.22290419274335052,0.21879750009618743
73.92225310457167,0.28541657271152343,0.2468850712771118,0.22068477958371965,0.2177013383916695
154.28765428923103,1.0620064218886807,1.0849334691643928,1.11812818182313,0.810151697556758
137.65990539902754,0.7091848130395259,0.7176780054277765,0.7206065845763501,0.5459712534213106
120.59294831163695,0.5088229171289457,0.5117428782371765,0.5007592631937401,0.3927668463742857
106.5296263959238,0.4175681669397517,0.4108009095586075,0.39684154475329797,0.32851514523043573
94.88362826238217,0.36253958946155224,0.35239619542014766,0.3356995797040792,0.28874477955245087
87.26495149150483,0.3322098250912042,0.32024017200659605,0.3047276060924728,0.2684133604310019
83.36619120430774,0.31039603559930373,0.29772697985050756,0.28414050928657986,0.2561171637737529
80.14386382158429,0.2943305839839508,0.28004200607477886,0.2693939688760297,0.24875879357872135
77.50868953785577,0.2811616312052405,0.2660294372289475,0.2550008694751346,0.2369455609816559
75.61571913148741,0.2725601898350554,0.25739048428968664,0.24644064330075463,0.2321370120499199
74.40034848383813,0.2659580325852825,0.25340751684061286,0.2437700068732442,0.23173608821379985
73.42358344356258,0.26406132711506464,0.25041056696600894,0.24174439222606914,0.23062417140336772
71.54301770589456,0.25985069936998156,0.24878265098116784,0.24064707204142174,0.22907269330152305
69.3495687739267,0.25715148288293904,0.24643153787185101,0.23695366833150905,0.22664250800193536
69.03812342311842,0.25502499169141696,0.2461809228592288,0.238810236475713,0.22876427578208738
67.2877607549157,0.2520837486802419,0.244184212587866,0.23758837144121123,0.22819997858332444
67.10056413770664,0.251242184442562,0.2427916873793668,0.23663302824636098,0.22726474876702124
65.69627115070855,0.2499157172657477,0.24146965775506893,0.23542296459466822,0.22693017886798406
64.98806068680882,0.24834862669382873,0.2405493999442333,0.23530949006559992,0.2278841341731391
64.40132479469129,0.2494347139869142,0.2413265114219927,0.23446273808101542,0.22722952883516703
64.05298230752607,0.24952763838499514,0.24156906334701295,0.2344250698478749,0.22789143134220202
63.68772296723384,0.25080158604284214,0.24372759568039584,0.23535352163518047,0.22855737354687658
63.061957890643754,0.25154390074567395,0.24495913769416716,0.236127435346981,0.22879319769611361
62.44389274668818,0.2533055602821812,0.24551701305311247,0.23578522423033846,0.22781803999842143
62.03095787900872,0.25349961083332284,0.24598713920849968,0.23632949805804507,0.227502559118139
62.360011440354214,0.2529159196324556,0.24608685649575934,0.23691164165510123,0.22808577056355414
62.84157800452105,0.2530116711623753,0.2468299293465995,0.2383617425095854,0.22842617102169904
62.80624264364573,0.25098464062760106,0.24642191699287408,0.23897890764092664,0.22772437853680746
63.40179967925987,0.25037354021729497,0.24721875224353743,0.23991281592769859,0.22829214490510755
63.50306369566426,0.25028338340590894,0.24740922401924773,0.24003278362171926,0.228551851583643
63.02044964610366,0.25096437614079753,0.24753267641983567,0.23927304872039937,0.2283701821025563
62.55074826515896,0.25129617379208136,0.24644891897363855,0.23723507949673098,0.2273258822598657
63.117977403133956,0.25297583819291447,0.24798943123877185,0.23883920487172355,0.2286278954853033
64.49096733118022,0.25588067295394834,0.24841382130065137,0.23895468556538038,0.2292883974437147
64.68417106653908,0.2559420819995735,0.24732951839484996,0.23752931739647615,0.22755084751567672
65.2898262940672,0.2585573756887845,0.24772454686793696,0.2365050521469074,0.22665747316647
65.53312723900976,0.25932553660690627,0.24656943266758252,0.23364816805429514,0.22328371237654546
66.33417101780637,0.25892219637131014,0.24454989461118554,0.23102315680514382,0.2209208567784318
66.59944951799153,0.25762269343698,0.24229144552661566,0.2273226359917205,0.2157727686627706
65.68958717018201,0.25618573441223624,0.2418707889988499,0.22622095285549984,0.2140989567792604
65.76159007876589,0.2561012512549941,0.24191835069083373,0.22571157369631564,0.21432113326759128
66.01159584071048,0.25845095907975785,0.24195464735361405,0.22531956658369193,0.2149770452803953
66.01728906891017,0.257900759873573,0.24210356936212787,0.2266833679906314,0.2172347272896463
65.74186098421822,0.2573478724003009,0.2426794837941214,0.22779703120184022,0.21784085048215907
65.25820902923587,0.2576174696335022,0.24291029242093545,0.22888015330116304,0.21851110134826368
64.96646395878366,0.2560778876385373,0.24176370061404612,0.2297378415868926,0.21876711179470001
65.25454369166292,0.25348958575820557,0.2418929190377313,0.23152749509178655,0.21829577285256335
65.93308269711983,0.25359947704486735,0.2440905459998426,0.2348961121083159,0.22021782076160584
65.8723169908909,0.25181968489318607,0.2438822795538398,0.2366778746702109,0.2214564222691482
65.9481653882675,0.2520830693362311,0.24449183610030017,0.23813915140867734,0.22243261323941288
65.8420504384393,0.2543275164316887,0.24595879526631964,0.23869696761563775,0.22250854740167264
65.99968854215355,0.25471784872257547,0.24606029331444848,0.23880749928172615,0.22255800641072632
65.74175275421018,0.25563752723872385,0.24580268801405025,0.2374667937090921,0.22191340269524798
65.82054645308943,0.25659522580944066,0.24510518628151207,0.2359467472546782,0.22079645144914153
66.02379330286428,0.2585851899499316,0.2454069177375316,0.23502870851406538,0.2206318466971973
65.5983081466451,0.2592177781747559,0.24524761922543958,0.2340089818804532,0.21935353048935385
65.33595788148735,0.2590923696578373,0.24518589138833718,0.23348991920311343,0.21908353411118023
65.48764009121507,0.25737608147107893,0.24388102340290954,0.23310618011013617,0.21858947742998422
65.2080635754539,0.2573435962457832,0.24380843088663878,0.23222591138405038,0.2176067001600068
64.70243789124524,0.25824989227526907,0.24405093061632854,0.23055008522224016,0.21560807619823086
65.12570988913028,0.2565136493626551,0.2432112601747133,0.23112225659945906,0.21581664003282672
64.97125153683277,0.25630688959021186,0.2433169403375646,0.23078524170883097,0.21514522145234866
65.09223671726193,0.2583419240586087,0.24463411195707954,0.2302668144437975,0.21452926190004332
65.19332675059727,0.2594568636572194,0.24523483125458936,0.23005608621526916,0.21475226991535756
65.50693050837444,0.25894829951504167,0.2457972349246981,0.23074338140841139,0.21582403549229953
65.78538168010544,0.25937195426925663,0.24636447123775662,0.23093828363149943,0.2166331616136786
65.29987978242355,0.25797203152752557,0.2463997942889806,0.23114611272831506,0.21683931130980097
65.42184604769761,0.2593977671688597,0.24698780237239676,0.23149384488989969,0.21729032244804514
65.30824899847441,0.2600165479157629,0.2469647180034535,0.23142478691541532,0.21719011861856413
64.62448726375372,0.25976671443582666,0.24654513037752604,0.23016512504887154,0.2156766083799269
64.81270288760624,0.2596143122542857,0.2458041627792129,0.2289035910674801,0.21528164288641655
64.91769145329982,0.25820686659270525,0.24512246796588427,0.2299222356990026,0.21667283324294953
64.94403003750809,0.257065551484914,0.24401356929433116,0.22902110220998323,0.21585319085188248
65.05556716781493,0.2562995526445883,0.24330028536044834,0.22696139426718523,0.2129733492455305
65.46316656885881,0.25567792885159385,0.24314298526005956,0.22688764152309118,0.21279993899477462
65.61892357382318,0.25479902882217603,0.24388151218621631,0.22743326091679117,0.21309494789825553
65.52747444806795,0.2525207175777896,0.24347771620025999,0.22758015331226591,0.21294163846915035
65.66412467026926,0.2527257338431365,0.2429371089179989,0.22741584600334197,0.21263835550063045
65.81445226729292,0.25182645003813325,0.2421349011779782,0.22759962066303036,0.21262735212775874
66.510944244141,0.2515678060441761,0.24146076072345876,0.2273743925938807,0.21274749801540396
67.30342102825108,0.250492709838719,0.24063474893494818,0.2274361407851481,0.21245969010653135
67.64604076211745,0.24870936685121675,0.24068949311644577,0.227833993616409,0.21239907611462078
67.6507861528933,0.24846825093610264,0.24111978120109087,0.22820382822652527,0.2132088853387048
67.16372172496455,0.24834658109877603,0.24188446920320356,0.2283765976107345,0.21347127062438087
67.24183439506345,0.24859477488013332,0.2434183973560018,0.22963911800512288,0.214944585827707
67.67440696296879,0.24550050820829766,0.24282187434001504,0.23030042280773547,0.21563509713385107
67.66660781671479,0.24446973975957406,0.24275986598857674,0.23110752809313242,0.21614188495533648
68.10357095696929,0.24495113966635668,0.24359735488289333,0.23312786344794298,0.21860004769421518
67.93736213350772,0.24511783875453272,0.24334524681566022,0.23213858991105166,0.2182470612528086
68.06128655549936,0.24677635266991085,0.24299480629747686,0.23114072864598573,0.2182844365017496
67.75636659223207,0.24780229567127293,0.24187712850378776,0.22891953047430272,0.21666608439851276
67.3979700208216,0.2498829357621054,0.24184338065828373,0.22746336806715053,0.21570214016828856
67.2083307814776,0.2509296395478201,0.24193736787811604,0.226434003789783,0.21499378871747188
67.4831626435808,0.2525415843656555,0.2426276249307086,0.2262119353346474,0.21438097504215148
67.75638807871981,0.254726282361327,0.24393351577970632,0.22642267961907148,0.21450904534639018
67.66083504082815,0.25475231693181044,0.2446602994947754,0.22737301787057823,0.215450147406422
67.86170704163276,0.2527208760290421,0.24378350140985322,0.22779145992534275,0.21554321478393562
68.28037419343852,0.2513058771427199,0.24296908577392537,0.22728052202557683,0.21455434990904548
68.38515578913392,0.2500487085133489,0.2420834239607171,0.2266715786549173,0.21384131405695542
68.86522094144806,0.2506708263243277,0.24172833370293803,0.22673074551613548,0.21416529125814543
69.2440720577992,0.2501948476577841,0.24174975936224527,0.2270982263113146,0.21412165280358755
69.40026222481391,0.25128882073262077,0.24213548172275623,0.2272247206606231,0.21411685969339525
69.25706662115469,0.2517536296249244,0.2426968538553409,0.22741763505246299,0.2141215632474343
69.5703100917362,0.2535551464166212,0.24354993424755908,0.22770783587327942,0.2145667143360175
69.96559337477608,0.2556415894518494,0.24578354048390375,0.22907915448821006,0.21507249613323554
69.9241979144008,0.2549563650221142,0.2464074408439309,0.22875566963118454,0.21399615938993508
70.03914033556397,0.25416065434141705,0.24626317696422306,0.22888415075213045,0.21410411343131164
69.93425735950419,0.25357787443965646,0.245984687373009,0.22871763855690672,0.21379787748555604
69.86335885591643,0.25152136021888505,0.2448114340362667,0.22814303501281533,0.21315926276575703
69.53382889685976,0.2509721864941434,0.24366482918618435,0.22697758789000053,0.21246375505450035
69.55393735471418,0.2505945700337979,0.2429530892582948,0.22612879763522892,0.21233750138567634
69.63882987020904,0.24840657056074197,0.24227158572259802,0.22568570839185703,0.21298166203846247
69.86208023302078,0.24821060914395535,0.24214714252349878,0.2261306660051893,0.213666493906242
69.4866398394624,0.24598663802039805,0.24100852603017084,0.22580474367625453,0.21333734446605665
69.33772061019214,0.2453524128508628,0.24120067630862266,0.2272943825475895,0.2148531226589405
69.1017873642279,0.24532045538262923,0.24141073133355082,0.22793476117268424,0.2149676172368166
69.10615991688584,0.24550565297081775,0.24132452610632102,0.22772027072377118,0.2144871816915194
69.19939637730148,0.24551277062327295,0.2418306502970284,0.22832679618884583,0.21439888353246442
69.11300008041417,0.2443495811912819,0.2411763501056745,0.2278685127452197,0.21363947660527
69.63451067208294,0.24482667071728684,0.24193809623752707,0.22870916470818325,0.2141471231460496
69.98277032169692,0.24495478326527462,0.24133968814731327,0.22889635928563054,0.21390277914596287
69.95061765073571,0.24596870076133828,0.24184555673694538,0.22877945666061644,0.21375690475428172
69.88785789338763,0.24762339888322987,0.24336182543080523,0.22930716574492654,0.2142751560634828
69.74602411344932,0.24858737784515011,0.24426839034121514,0.22977084428861375,0.21465474414334176
69.62212875126781,0.2501000906808323,0.2440927687085442,0.2281774870374832,0.21298470122807667
69.09511728443242,0.24928290768410513,0.24244763914953868,0.22636058730100933,0.21090284111135943
69.068456457033,0.24910412420154962,0.24233578115999999,0.22648388632031416,0.21182717472564805
69.2495708120152,0.2508820895235115,0.24282209501151128,0.22632191988433753,0.21155349433133083
69.43823102316304,0.2529289785920648,0.24398270842398828,0.22712599967662694,0.21187674943841955
69.16568270756474,0.25242166269889893,0.244117200049912,0.22756801823062656,0.21220947046696068
69.08940619251722,0.2530009785929116,0.24444518580579208,0.2276922220999804,0.21236803781650299
69.31354883718767,0.25328033998973554,0.2448797149670735,0.22842046731212745,0.21282267722316092
69.38277196147193,0.25346852326363556,0.24553633406769376,0.2299243231109912,0.21434747813914948
69.36282743683292,0.25257381915380833,0.24518611215793937,0.23025831129155663,0.21456943573843482
69.30226718820917,0.25241749066333646,0.24543197604815317,0.23031404643680753,0.2150843382072395
69.0329840538867,0.25241214977057325,0.24566666504943205,0.2296876918331726,0.21493413369286415
69.17380052620177,0.25362710421201273,0.24676882882116688,0.2298198793312528,0.2155864884324583
152.08816517371798,0.7759671811054848,0.9177638583813474,0.9982501971071047,0.7772590760232302
142.0779349313706,0.5008645240638009,0.5838083983308853,0.6271501250866529,0.5056974497763457
130.62592206113706,0.3859231938131269,0.4299741902429797,0.4554785241067117,0.3783878205120871
119.27525378749442,0.3469993768276427,0.3631759887802071,0.37401873332755603,0.32104586593803497
112.11429360579835,0.3196634357098356,0.3234998668385942,0.32767284953480386,0.2836976282096354
105.5731892901264,0.3031767855787086,0.30364843473162395,0.2962274435028959,0.2570160411930952
99.95697453279675,0.2977134126010906,0.2935453176837261,0.2755457962600414,0.23961318878373256
95.00641683005314,0.2951454132351331,0.28824854483418316,0.2625902639894633,0.2281021303755606
91.38378652777278,0.2968132362145927,0.2843786293881293,0.25499504401404527,0.22245113842103129
88.48222422367931,0.29875686219415903,0.2794752390221177,0.24934239258803012,0.22033453488788313
85.83832509443013,0.29978433385530034,0.2768577293599141,0.245855844835245,0.21951910727799764
81.92901881557093,0.29789634055082104,0.2729668982042086,0.24087235484922082,0.21599439508191776
80.51249935251614,0.29545307500368173,0.26754352394787106,0.23273862179131763,0.20799260146448273
77.85209261737734,0.28680360975564817,0.259527912358459,0.22602980361763442,0.20511701012426076
77.01662245118042,0.27686804075359855,0.2526537787001999,0.22216212058742127,0.2042345587820369
76.67187420841172,0.26741195921784994,0.24668833997429832,0.21976757007201805,0.20336899411578674
75.1430505344883,0.26266099970943957,0.24343089047503566,0.21756244333641217,0.20067629032011028
74.63104942165407,0.2603575095162558,0.2416638894320238,0.21770690235383328,0.20053254567164833
73.45045889503182,0.2572330174651038,0.2398207823213786,0.21651783394291652,0.2000251568252052
72.66660099402523,0.2573163291805079,0.2390641447575427,0.2155948977735648,0.19982252254041946
71.44783638737917,0.25515096640312984,0.23785177163455365,0.21604868606927266,0.20169646302189162
70.67787938815137,0.25439519686194223,0.2380909825185193,0.2167102344053326,0.2025460075857006
69.74185898000134,0.2517157715058286,0.23820051168988196,0.2171334848479896,0.20376928867455055
69.41607723687419,0.25327402707408925,0.23890996824099056,0.2172841266087885,0.20385565274971973
69.30557332562188,0.25291770729013086,0.23742335459160868,0.21508293478619392,0.20217352551268553
68.72994205621545,0.25135068834282354,0.23789489191215296,0.21580571779466917,0.2049390450669794
67.80087481107078,0.2504095402712818,0.2373131607774737,0.21540545776621772,0.20526876429280877
66.35118409354011,0.24777490227562127,0.23539083063615993,0.2134358215845191,0.20360098983576366
65.54562607649649,0.24536320364323744,0.2341089713606131,0.21261442154485227,0.20277404010340133
65.18166121343407,0.24331155298036086,0.23285167992023825,0.21121120061860052,0.2015030105712572
65.54340990709676,0.24136026452008175,0.23152933534990472,0.2102342551456174,0.20036165765829964
65.99520101618658,0.23955127152750874,0.23110486137545508,0.210983066818428,0.2017018479472424
66.27573314796167,0.2381427650236188,0.23195631127961822,0.21220423837552937,0.2027434411500685
66.83657283009553,0.23742661744694135,0.23282394307099125,0.21408071550334026,0.20455085877027995
67.23014701325603,0.23680269081073643,0.23372000424566555,0.21611519702834556,0.2067843593218947
67.45189082245207,0.23767835077081334,0.2349287573358528,0.2171467294132081,0.20705987425774008
67.64911124823522,0.23717378471493383,0.2357857529407135,0.21748928143440532,0.20736399580043796
67.76121645874223,0.23892330199274542,0.23742139880434368,0.2181056289987389,0.206699886967732
67.59059320122235,0.2367513957815489,0.23665575233485336,0.21682675960848746,0.2055256498603545
67.94815189781627,0.23434678756570754,0.23639246364934674,0.2171142502463877,0.20520926825698516
67.39218717502472,0.23296087646564542,0.2347279745462623,0.21599073869247842,0.20360049825570903
66.88770160610785,0.22795157565949428,0.23128975787308306,0.215902331299791,0.20433388835699007
66.56956411678686,0.22242859932466796,0.22942324787871235,0.21645281627207127,0.2053440789955724
65.91812886889485,0.2189652172394597,0.22837920793240613,0.21690079038712357,0.2061307736792412
65.7504324701013,0.21525334010879452,0.22704020487793627,0.21812613353608373,0.20722113306817208
66.49725351800375,0.2116369089764161,0.22670267428742305,0.22065968152068227,0.21060191729657218
66.65663113134339,0.2126888705239783,0.22895693750068613,0.22194624357769796,0.2123156322331277
66.3365229188004,0.21338893272893666,0.23009126965874804,0.22152808728451928,0.21249504361594315
66.31689031435856,0.21581184288327,0.23198008570382148,0.22269761408915986,0.2130833881987678
65.92271180871269,0.2177910083182787,0.23462197916583433,0.2239973117942957,0.21370518911800432
65.91482553118597,0.21866630649868488,0.23496214918924088,0.2235111173571283,0.21311320328187833
65.88128568518492,0.2205002074839569,0.23627096811190537,0.22368228145315278,0.2117454769660782
65.74036196696404,0.22090332826253134,0.23653577687972152,0.22382745598496034,0.2110549774697956
64.74277494739582,0.22087873817182632,0.2372459599384897,0.2241917769007377,0.21090070013843795
63.75393011342032,0.22095066625776982,0.23725913012757888,0.22432132347520115,0.21175378418390078
63.240084297428716,0.22031018638036196,0.23612344073268574,0.22409340716772486,0.21219179406365976
62.635074177493166,0.220818774903452,0.23592547783558301,0.22437338276454086,0.2124995977115601
62.20321232744267,0.22280892373916839,0.2370479030807628,0.22429023348183427,0.2121210842537839
61.713570812317045,0.22549321808211345,0.23863552053018094,0.2251553477303143,0.21277358470957614
61.16893721784925,0.22628177714421685,0.23967185142272132,0.22531861608351306,0.2123696215549406
60.715537571248994,0.22777244034177338,0.24058881146699282,0.22547541962742723,0.21165658315570532
60.323173916216895,0.22826045464989173,0.24123609916562888,0.2257427099931504,0.2110972379595585
60.215810409116024,0.229916036950825,0.24312208527381698,0.22686519312659328,0.21148054160765575
59.81713413388176,0.23158771458166927,0.2446542675807353,0.22908940878813078,0.21331385066479575
59.769448655446155,0.2335482260690358,0.24633177279538,0.23102580984901194,0.21449991248335235
59.72662471815834,0.2339319973065967,0.24699335650133766,0.2331945118216864,0.21602869072853703
59.64708026684795,0.23489762110374043,0.24798059101191428,0.23530909412732048,0.21797985773170495
59.40039889801052,0.23252843016598732,0.24754241201978094,0.2351746098554047,0.21861746775267377
59.27738326046426,0.23017246006664033,0.24535386514001475,0.23341423272094775,0.21756389723589742
59.047282277044395,0.22974881515420925,0.24432502631126496,0.23288788227834833,0.2175410949510294
59.06794257143337,0.23027465587508417,0.2442963691344562,0.2327560773686883,0.21711052730164662
59.893379808819134,0.22979037202931818,0.24438086532982342,0.23322115495601978,0.21717133050326615
60.29698246140947,0.23041215197497214,0.24517333618859663,0.23456768725240978,0.21846593261033018
60.69305793781435,0.2324721961955141,0.24687822547527488,0.23572249448455293,0.21912313836077663
60.79752777232493,0.2329296534631546,0.24717864987929722,0.23714626599990796,0.22124030012808416
60.80468792798836,0.23217224236276687,0.24707574155716844,0.23709432450674314,0.22173218166229638
60.682116754032975,0.2322105785917099,0.24626351937150576,0.23684451859101474,0.22169199619377805
61.048252633767454,0.23253185280564465,0.24673593700204183,0.23641920920534318,0.2211090674006664
60.90969802272722,0.23491632008102878,0.24758761190079687,0.23617338627430384,0.22006765885714422
61.08039454414133,0.2363102347935774,0.2478916680188487,0.23573411925571797,0.2191411687412786
61.43213735226317,0.2374259358353829,0.247495506742217,0.23511612507242238,0.21843242531170812
61.69908906337324,0.23829907532157832,0.24715540646092016,0.2355040453572035,0.21861810283842292
62.02302020038857,0.23938479345361124,0.24718698246225596,0.23628445568644987,0.2188846991828989
62.324639281546695,0.24085312504561035,0.24789021586762233,0.23699236768209486,0.21896768580167172
62.3292136191657,0.24167736555561886,0.24771464271292806,0.23634605810050868,0.2183950067731974
62.1987393605453,0.24239404285836824,0.2477077527521056,0.2356868187327509,0.21743410304432204
62.53002327363006,0.24294836860768085,0.24883780283806453,0.2352637176161408,0.21649150028387606
63.16170291286735,0.24362178462210304,0.2508429249843802,0.23587240217820596,0.2163841230240571
64.21713869152414,0.24477706506430752,0.25266645438337526,0.2356972399731862,0.2151941845803246
64.9465920581054,0.24614261484344913,0.2540013631388604,0.23649005191801534,0.215380419221963
64.9300017087484,0.24732611092600973,0.2550184604727183,0.23712249794394022,0.21606902510101494
64.73219784168761,0.24791812069475905,0.2557038049757983,0.2372514136613854,0.2164011287224926
64.1429377522103,0.2465176167532343,0.2550532728469633,0.23700487523616662,0.2168149284296314
64.18494930354615,0.24641137501362137,0.2544680442757668,0.23569020073613733,0.21599932909514116
64.35766655262724,0.24668942091400217,0.2545225737212083,0.23577420942871918,0.21511021699288793
64.72318257477825,0.24701430875283498,0.25558305981360013,0.2376357475638352,0.21441903821381522
64.99023698237967,0.24652665896928058,0.2555639223082416,0.23962356129317147,0.2145493498683601
64.93420812442758,0.24381641158220113,0.2534179725706774,0.23949880960406772,0.2146490526139726
64.45501497174762,0.2414856181620143,0.25083925097482085,0.23897190599541163,0.21495021413679927
64.13026837541052,0.24022692476280663,0.24937686477593793,0.239019519170475,0.21542213248831496
63.92643351746407,0.24124184830431308,0.2495685540277355,0.2409127694680269,0.21764698494480877
63.446490609449974,0.24257942239836533,0.2500804551809313,0.24210153065970724,0.2188727081188526
63.568543422581925,0.24449381879282642,0.25172698564528484,0.24360836471612018,0.21906187920305562
63.81532567227387,0.24661541666417863,0.2540781740416113,0.24544605791118013,0.21930514541861876
64.27747439076838,0.24917422167005032,0.2554304004888093,0.24614688645947302,0.21859558404535273
64.80348554964728,0.250392518464675,0.2565265758262199,0.2460758909409626,0.2170046360966017
65.47003492599896,0.250518383461419,0.2582311541783739,0.24663154966030768,0.2152366467930063
66.25184977355666,0.2487725715229449,0.2578573632048532,0.24594926594248792,0.21493944161282677
65.80813169175481,0.2454086156485357,0.2565100448915747,0.2452893379943929,0.21578357220199018
65.50634321664108,0.24210997851458976,0.25561096385573057,0.24412461937289218,0.21599236121927784
65.05418261825454,0.2399200659194001,0.2535759496341462,0.24196863745240788,0.21554501723742436
65.21972045289475,0.23948376153668582,0.25287052561874496,0.24106565460145446,0.21579092889365153
65.40760774381822,0.24075578486213375,0.2536517835404065,0.24107915858535467,0.21561010712226128
65.48447326666106,0.24140312329055943,0.2543389663980939,0.24083238546455707,0.21540754769195772
65.2431754748278,0.24206428993515675,0.25487537450888337,0.24082298915661549,0.21522863070300818
64.71831538155469,0.2408680443418465,0.2538118030604597,0.24041262089004467,0.21539775769413197
64.1987830046708,0.2408020850859363,0.25361480188366,0.24077134007903328,0.21604492042484635
64.12792381251721,0.24161783148807664,0.2549727026552208,0.24172185306392535,0.21671532760159354
64.48589608673312,0.24282214364801438,0.2559735278178094,0.2421928631740338,0.21675021868564062
64.62924224110046,0.2421651242581247,0.2566267802466196,0.2427104306956321,0.2159472065105818
64.67595264874411,0.2405471483861287,0.2553564042103689,0.2419111008492516,0.21455918790269563
65.40527095145632,0.24012933220377514,0.2545596700883162,0.24181219078044966,0.21414983830538117
66.18466468957959,0.2406479092010583,0.25486525213470357,0.2415700029615296,0.2148042088751118
66.92163739116354,0.24219395970901308,0.2550899639397256,0.24104951462300905,0.21490373636216956
67.28148283578093,0.24651363592944817,0.2575908404699138,0.2427619563501972,0.2152574652643579
67.8745146945257,0.2486494470504296,0.25870325415663425,0.24396747072115507,0.21650735012774694
68.27426668405492,0.25002497395323864,0.2593118769492667,0.2445017994546116,0.21709774205488963
68.81824899685391,0.2488477841415114,0.25963889093277,0.24362723952173104,0.21612978014999312
69.34557434622496,0.24829867247982756,0.2598728027239505,0.2435255168842331,0.21535390451872208
70.55909731385466,0.24647396961944443,0.2574522371668302,0.2415237418983509,0.21340071140981007
72.02426816595649,0.24632855687928046,0.2572088531656772,0.24038453586283287,0.2104102928208372
73.73921342044646,0.2465063948617628,0.2558462682615476,0.24005202016118507,0.21082807608678933
75.26829733026995,0.24785781251726127,0.25546900465547,0.24066682019353564,0.21044345561615044
76.09980158642594,0.2511120421069761,0.25589846417657863,0.24099730682979684,0.21076784795205644
156.41085950704488,0.38815324689749925,0.8907113687860336,0.8310765038418337,0.6495362099419226
160.99083800012372,0.36794363816127484,0.6023452616260719,0.6802764818313186,0.5457072168598895
163.42614548139252,0.5137340035325536,0.38891959280055943,0.524084177862248,0.4325205600932339
165.15290306012918,0.6269073905681533,0.3610049285320528,0.45067315414570497,0.41598148471300833
167.06678587940308,0.7405965996664384,0.3777564550185452,0.3970104910219058,0.4149616326275811
169.81033792937936,0.8108867958932219,0.4512342011508691,0.3384740456197192,0.4430714217540616
170.87693406292064,0.910475838272175,0.32879453062293884,0.5129162208127221,0.5249018318849854
171.54550086326657,0.9839638351156027,0.5115898873221639,0.7548627164915643,0.642289030613162
171.94174604110214,1.0631923176025901,0.6755378233316496,0.950604225291581,0.7401525630181813
172.01853567553107,1.1489745520067753,0.49774801708214006,1.136887430574397,0.8500397441650276
172.1347258381596,1.202586644618536,0.4718608494956073,1.2892191400256001,0.9396804562616633
172.37945161265228,1.2268794194397499,0.44627707793489696,1.4042372834604386,1.0205354718780077
172.19085849164586,1.26716673810915,0.5418073596404955,1.491098480848357,1.072524363460622
171.47942866863062,1.2649973522911289,0.46468076759913574,1.4955674502955176,1.0838340140739748
170.71550040558017,1.1661346093672702,0.633067916472037,1.4503056719615228,1.0558473802958985
167.45891318949649,0.7736101391676267,0.7240082161957138,1.304983571487598,0.9544291287798231
164.75284710748753,0.39179198433062534,0.8749395167959849,1.2996702433590543,0.9633700478762428
159.401750933777,0.42289287316744,0.9857294087133924,1.2661297538531024,0.9739105132012981
147.27512569530938,0.45519074031088097,0.8366285302255431,0.9909275958955953,0.7681990313376263
139.3625034985694,0.4669011323132291,0.6386623163650411,0.6932074875425998,0.5073295734025375
128.3676612505334,0.4210062458058386,0.49374027132807885,0.5036052820732824,0.3589486554312231
114.24688974586097,0.351140412080202,0.3850065676034848,0.3843458691000222,0.28741010053369903
107.29215429498086,0.3141568833147871,0.32373805139358197,0.32032858220035376,0.26378150350509055
100.42348098461952,0.2807184834591728,0.2853368382074853,0.28618289906517996,0.24824128337749013
95.82825449472149,0.25867521431846435,0.264520121089624,0.27000287024971,0.24385431093454343
92.13964331386977,0.24212491993513904,0.25148640980904996,0.2614456493528242,0.24135830500281513
90.28265281943045,0.2324255666845038,0.24352544492779782,0.25614997301539555,0.2388922201208212
89.77643457652047,0.22654756833459516,0.2401658321148885,0.25646543327339094,0.239709979747264
89.41099558090941,0.22145061151964365,0.2371048252241776,0.2568558996859776,0.2399031251261393
88.0585923160487,0.21619119051060137,0.2326835877266559,0.25386052598042685,0.23837801085086163
85.96914407215351,0.21898404117778034,0.23053596598485449,0.24513635308214293,0.22925589239076594
84.07532863910417,0.21824294645988263,0.2268788555967929,0.23850717880582697,0.22058632516619955
81.94958842744423,0.2184515330109889,0.22715887154480013,0.23707668021113973,0.21869966304683944
82.32960722773387,0.21997290234609712,0.2278038850303087,0.23552963666510046,0.21638726326716498
81.92440095876859,0.21872270780657413,0.22848885010364997,0.2334596622776949,0.21337603077455244
80.3801459169293,0.21759772551746043,0.23007163230662067,0.23247859717264188,0.2121161979791621
81.00846237925485,0.21706027696560812,0.22984550627557296,0.2308495756635174,0.21095371024888962
81.89224678403419,0.21577092328726738,0.23162672713531304,0.2322011738067774,0.2112826628462575
81.60118230243086,0.21512443966695308,0.23267106802951734,0.23297046782559605,0.21235677443496773
80.44308078538235,0.21583759879539072,0.23328922451684786,0.23233999732550809,0.21353273746302193
79.55997613443549,0.21396749436675072,0.2325880247174682,0.22965963643737294,0.2125578176021279
79.71141628426396,0.2132211538823135,0.23174147147086377,0.22659423762355435,0.2115688370367437
79.94775421713257,0.2110261103429428,0.23070340348913826,0.2250062910767823,0.21193363657553904
80.7052822548814,0.21168128370231004,0.2314393106026637,0.22737015930962623,0.21528143868012398
81.50014538554359,0.21274060671081785,0.23172179753342267,0.22862421158732285,0.21701635361339439
81.32705785816233,0.21397288510162035,0.2314991305071665,0.22857173870578945,0.21809014938338311
80.24576281850935,0.21340177089692586,0.22736624834307462,0.221087477697572,0.21284891122010796
78.55759032746252,0.2108887379779367,0.22397198181150502,0.21397377378498791,0.2071920595797583
77.98619367387383,0.21131739310651498,0.22356422813640717,0.21019603068918716,0.20414965636323243
77.11283395818577,0.21111071709508425,0.22122552076944665,0.20606815924281427,0.20032370640440372
78.24347686613913,0.20812001395002466,0.21943912802804444,0.20376453207778553,0.19699645170957908
79.27019597245119,0.20635742555274716,0.21870163539071538,0.20352543125893194,0.1947619975410866
81.92958085577116,0.20640915691665257,0.21955661436405868,0.20519020756830345,0.19481013520440352
83.7067844321903,0.20691389295979437,0.2201468877357087,0.2085524953484853,0.19618176185801514
83.87829585022708,0.20653305615374987,0.2200283676739861,0.21112839374433234,0.19734345799567785
85.65118729807809,0.2073407040776427,0.2211160587430915,0.2137530718488495,0.19875600896056472
87.07859691372119,0.20909959857228605,0.22232592224169936,0.2166640758995432,0.20013417244347825
87.99710225184947,0.21112976465122493,0.22313306806787772,0.21824680219258255,0.20006281348920646
86.43760354482563,0.21144517446715252,0.2218585484108525,0.2164924640607149,0.19777186062826504
85.3791848779332,0.2116714757953188,0.22238042970910754,0.2144008035543688,0.19700990879344218
83.6166315357211,0.20889059025316956,0.2196352699961508,0.2102578497153583,0.19597791645760085
81.61435413146478,0.21078634481406425,0.2212225718478981,0.2087626737581814,0.19523315106004385
78.79912281987758,0.2122403362495649,0.22193675718865927,0.20779781596287042,0.19536669396834255
76.88148997361824,0.21476868037122165,0.22372016937219175,0.2093813071552554,0.19803771077376842
75.86074507594948,0.21890230992988324,0.22696314685649124,0.21216213926564148,0.20172740071981832
74.90984081723107,0.22045080987657495,0.22779955956952433,0.2131423154630289,0.20312274175909117
73.19309949161045,0.2193099088223616,0.2254500535198778,0.21130233439554705,0.20242261530518246
73.21505622681623,0.21696614856519694,0.2205436305649508,0.20524043919174553,0.1972798478203877
74.18604531526883,0.21656424632646523,0.2168027843331252,0.20029761268924848,0.1920364760856966
74.22332718793686,0.21253525053636602,0.21191546813651835,0.19593906531405253,0.18788107874243964
71.12314367000243,0.20706946693642364,0.20472781188989014,0.18987383177875752,0.18201298695437915
68.65524257068354,0.2020297714141816,0.19878579217745312,0.1842681604777226,0.17663257261536844
68.25302463624976,0.20016079894162203,0.19554368527701213,0.18226613836800964,0.17359045846515925
67.55803373025371,0.1976432034040261,0.19222782529259536,0.17970014831754805,0.17127734841395575
67.51644181660349,0.19828724640737863,0.19114065726341747,0.17940716331743342,0.17150934127204248
66.58627853544189,0.20012546883117,0.19149736164968434,0.17945700846581564,0.1734109018607905
62.50394355001288,0.2016963358775265,0.19110214811917436,0.17744940889910937,0.17380594697679946
58.63733860653609,0.2023941605131674,0.1905952272649445,0.17604233247342607,0.17411480255507142
56.27966743170286,0.20197357701012866,0.19173466394873365,0.17687832949291493,0.17553947394086986
53.502507152965556,0.2028356509790659,0.19250074726262373,0.17697704904179548,0.1754985639220082
50.495329047580164,0.199469138425643,0.18831937949154062,0.1724225955232023,0.1699923568995761
47.76986080999835,0.20070838033174107,0.18723937940340116,0.17020240154242752,0.16701151482422913
45.619395204575774,0.2034445612273683,0.18778696556695,0.16898895528657917,0.16466865831827673
46.57803880057968,0.20604131261406006,0.19036712234401568,0.16988971492742538,0.16487513873807608
44.457093136833784,0.20166750389196172,0.18883421261928335,0.16812377683827412,0.16169344475591635
43.04436126625247,0.19830473704698867,0.18420105429287917,0.1655671820128876,0.1605332148410413
45.70009758557651,0.19780779455726322,0.18191604858330693,0.16355381006024217,0.16088809346512792
46.62764472504737,0.19749830391219936,0.18127382733732297,0.1626626994906631,0.16105440043927216
46.77414410026018,0.19860833031798128,0.18110047973547894,0.16156481100456999,0.1600600072100422
49.74318485227291,0.19778668241124822,0.18256120732103504,0.16255977709687636,0.16008265567755714
48.827173885409685,0.19858969985855152,0.18122151857016305,0.1608346840393448,0.15903992368715836
48.69097177223008,0.19632970237649136,0.1796361556657623,0.15982552276736015,0.1586211450417486
48.32062718424905,0.1945770732847564,0.1779690094661312,0.15887879789159576,0.1581418110227376
51.824168983325556,0.19527235302857313,0.17997163620335588,0.16107439361857526,0.1627635557684388
52.99817806842302,0.19458673437770108,0.1820157374817167,0.16322675383713844,0.16621975165539385
53.39880284003663,0.1959801802906993,0.1837972856364752,0.16561730025793517,0.16864412129977888
54.19779706869214,0.19463415422678118,0.18310854743339092,0.1642912067451407,0.16809241788345827
56.70252763186164,0.1979685951969659,0.18640342577680885,0.16597405088241707,0.17044254632606382
57.606995055351135,0.19950010709576038,0.1872866314782025,0.16650851887073936,0.170652954493356
60.530694095835656,0.20057221218296364,0.18743691755230074,0.16587263318971174,0.17022281724135915
60.49637924404573,0.19889863587076906,0.18729049141689771,0.16521385729463078,0.16815542058599972
60.63290844414782,0.19927451736369808,0.18848348254759373,0.1662769410764622,0.168873395566207
61.73399732021456,0.1992811679829872,0.1890561387238232,0.16805557290672402,0.170714807610673
63.5029280386815,0.200558757079344,0.19093462343060405,0.17060129898969362,0.1728227656382299
61.987306536816305,0.1996774113608581,0.18963512898490387,0.16920592435036766,0.17111348522304543
61.04051436871801,0.1986226736763056,0.18793313904237474,0.16857105698283964,0.17016293964788629
60.87182016546773,0.19674076588997752,0.18685175581019015,0.16800306979453816,0.1705349552365801
57.70599015873517,0.1940953446501403,0.18642712431152778,0.16692825857758462,0.1692561248902536
56.95480725633972,0.1949117294675078,0.18798643463764153,0.1675523666275342,0.16990835666756537
56.23945326985583,0.1937321742949325,0.1881835665662414,0.16729141368425704,0.16867032901028767
57.74691525481707,0.19532310896502506,0.19056882589128998,0.1692352358699243,0.17041288864161402
60.28375480114264,0.19580502277863465,0.19253089463391185,0.17204038188917292,0.17249636576088892
66.04015976297184,0.1990345913592448,0.19617901750255887,0.17550044921510993,0.1751907118264197
68.04023351574173,0.20102487674097,0.1970953411711445,0.177160296071491,0.17788935538579723
72.66420860808701,0.2039276468011827,0.20027747840789956,0.17986878718414367,0.1806069311973489
74.98919099672699,0.20691059420389532,0.20136370725029415,0.18124442697789622,0.18186616938709485
78.19535198812713,0.20821066652418882,0.20190543606789307,0.18179004078558617,0.18366399074792097
81.71386539005377,0.20913097325731728,0.20371783440468733,0.18409151165677326,0.18444455054500652
84.9551470625851,0.21016938325803397,0.20306639674592566,0.18331658269074386,0.18303900076293442
89.06552954662838,0.21358627305934152,0.20467583158421482,0.18566037342940203,0.18254631953869263
91.2693767154627,0.21614181650412484,0.20200748406291827,0.1815999081275523,0.1821514537601392
93.58903484096496,0.2217409948717863,0.20665225648372568,0.18514565431258406,0.1867751239833994
140.77675944176482,0.9661403263815597,0.9675776700895997,1.023261878744833,0.8074871216783285
130.66975835676368,0.6845001794455952,0.6913373197463736,0.6743675354205636,0.5503537000343142
120.92415747378314,0.5165474093076212,0.5089019838993177,0.48136311099559015,0.41161656464340035
113.89431334032975,0.41385291973154914,0.41823871646738925,0.38939523530003767,0.324250504497203
101.00062264966988,0.35061721018150976,0.3574125711583558,0.326762577491644,0.2869475567157994
92.95436886011929,0.31558712219201,0.3170567438262944,0.2865742703410556,0.25879647373135334
91.75374911528135,0.2909468866860893,0.2984085774169388,0.2673889082978864,0.24094956039537815
93.67811670841293,0.278225433877692,0.2858320746606602,0.2596761033708672,0.23468437245483642
102.06040961617924,0.26561910990834714,0.2599608179387647,0.23275496286180963,0.20048190650169756
96.78244289446425,0.25008605634503195,0.24125170973764276,0.21626284643145866,0.18783734129655294
84.49758576367597,0.23967715905312048,0.23293943190482644,0.21184115255221286,0.18942735463012422
78.88068322455788,0.23533388360525045,0.22785612130365146,0.2069667447609273,0.1921804285979129
79.32177154980576,0.23053383008551687,0.2320983858285891,0.21632464300598941,0.20786642752117215
75.44315297103736,0.23976267473933124,0.2390082136640538,0.22172836173134566,0.21033397416184424
70.54605108619525,0.24109353295431296,0.2375550618343062,0.2116650470659853,0.1632106004241015
65.6242540182519,0.23651115071374013,0.23878969149780413,0.211776801053914,0.11764472350556447
66.26542622451066,0.23416935070643638,0.2399855328111612,0.2132916283088789,0.12056223528011882
72.7995531728746,0.24146506267377385,0.24464213815830438,0.21986511848424733,0.1457703512834894
73.31003796050459,0.2458483955740829,0.2447467551088494,0.22346917175326741,0.16601620707370068
73.78385253018695,0.24516832942746852,0.2411779562716205,0.22391952092555342,0.17902404941439656
73.78086375623278,0.24991474870919386,0.24224549266929996,0.22593609010508972,0.18894607476779382
71.64684041268102,0.24988024219863228,0.24305268739160202,0.2260484619577823,0.19769302259245708
68.61916202103625,0.2454757382508993,0.244596842080942,0.22413824557748316,0.20234149818451042
71.94140893538732,0.2387757996841367,0.24050292999466438,0.21909469044698615,0.2007415927210753
77.33509892099748,0.23158264611524398,0.232518075677141,0.21455361972991469,0.19698876682584635
82.14390852638228,0.2273517089266932,0.22264738772216278,0.20693342588811348,0.17959153684595197
86.40503683549309,0.22298230554008477,0.2235134210999462,0.20714226161825078,0.16359541878768694
90.9560852938379,0.2201215447118401,0.22897776890894853,0.2129375559517793,0.15462954637361467
88.17204462296193,0.21993322088797798,0.23337789635520206,0.21804341581616665,0.16081687801637767
89.55980340612449,0.22186025910967735,0.23899844546270343,0.2223084659419954,0.17651377166790602
90.64856543705267,0.22685771447562486,0.24259091373049219,0.22450676876898462,0.18630661266504903
92.27887188584546,0.2372321794734358,0.24842540093292378,0.22903741070453956,0.19398435177022771
93.87577902161355,0.2391871668098317,0.24989141988438374,0.2303915736116045,0.1999902805829038
90.82617253333308,0.2440195059328398,0.2494324521199803,0.2299722329555411,0.2042810156288387
91.12152756169101,0.24849099339189226,0.2516199075453585,0.23190890671319137,0.2071124728846001
92.71522996880132,0.25205334489739756,0.2514491405032076,0.23274561407704353,0.20813165782118168
91.87835872408446,0.2529766094555541,0.2536148426622764,0.2346171919339125,0.21097222106625851
89.70860066061049,0.25220278920019557,0.2519168068742521,0.23344052285008082,0.21127521438183738
88.14253133474223,0.2509528892945489,0.25284219648129724,0.23447550230885353,0.2125406971905247
88.31721356783802,0.24918976471599105,0.25380786386216986,0.2349562002847965,0.21310848631524107
89.29460540833036,0.24616373130884073,0.25387926936385846,0.23480422055937092,0.21292685400784253
85.399319666505,0.2435509907573302,0.24902600909505201,0.23070529197631265,0.21300692222254797
84.18130718961218,0.24081244395011983,0.24658022781617087,0.22848453221829215,0.21218097417904003
86.97621267303781,0.23393592861519058,0.2479685744787966,0.229951312163588,0.21252430867357439
85.26967784722629,0.23558556446361115,0.24700896316201168,0.22925369629817743,0.21200677832302772
82.4677301990984,0.23247320591522302,0.24454224730863866,0.2275574598571014,0.21231549588276022
81.93457890195613,0.23217377654137897,0.2443136740495604,0.2289146288497524,0.21297305460245372
77.22750942981267,0.23152588116688946,0.24224837767107538,0.22720122959667605,0.2131604299416108
77.65358140044107,0.23284868446116916,0.24333989222408517,0.22798993211585414,0.21183766167620988
77.64615098037646,0.23633929366930573,0.24434977109292766,0.2282421506138021,0.2117805137547132
85.61883725514151,0.23821743684988372,0.2520904827905124,0.23442852740083175,0.21431308288615164
93.86188426676539,0.2385076243243936,0.25528600093962617,0.23825166641684362,0.21682417778839524
96.71241285167696,0.23902408204859632,0.25597686160316563,0.2382935317796879,0.21732979650582465
90.35168350261242,0.24415327667968953,0.2559430176388967,0.23521248174242576,0.21460150288367844
99.27904645721993,0.23843275163752084,0.26198696282619754,0.2410536113873292,0.21887165190299174
92.32940493143502,0.2406153584095572,0.25382030357277524,0.2312646648135861,0.21253880349283896
91.74336787886624,0.24358977855903818,0.2566726556390341,0.23489500786733503,0.21489292860399198
88.43387578095755,0.24314757538986442,0.25432804997725306,0.23279982172835842,0.2141862430762055
92.036273748507,0.24235732508858301,0.25810541059630937,0.23744742814173947,0.21955226916229859
103.3530914975824,0.22428963454655554,0.2624782428588561,0.24413125307586975,0.2250543263227831
105.0710391831144,0.21819905208533927,0.2547661474522179,0.24069266024996794,0.22292789326004278
115.81727556754068,0.19921905374580795,0.2519157372115154,0.2413336135520226,0.2155065535146418
115.74392434758025,0.1963636963230453,0.24596060377883786,0.23771513985595663,0.21468209272360797
115.63879683290875,0.18885756905998205,0.2385712388732237,0.23700060842875156,0.21618595994292947
113.69691714606192,0.1883576138337414,0.2372781848470963,0.2353991704751224,0.21768192934720437
115.13904413613118,0.18294931146437898,0.23604127619314924,0.23752667636558425,0.2198498399500304
114.80455911690706,0.19232722635663588,0.2351620737866951,0.23515314625214395,0.22011607032773364
106.68712483164268,0.1997574841098467,0.23077353829930145,0.22762046671437855,0.21719141681299758
99.1206348975118,0.21134161010282457,0.23911585874624014,0.22924030946006738,0.21803297137103206
98.02363628485482,0.21584437506434193,0.2453520827532221,0.23170327727049464,0.2192709587848995
97.19246332691839,0.21694556466319534,0.2499245702577606,0.23500924276436752,0.22211326988408225
99.77222800183131,0.21024786156053993,0.2542100250475688,0.2389970317201173,0.22569574694345418
109.18812262308843,0.19383772832756588,0.2545581595730594,0.24427194396219926,0.22564633132929618
113.39923674309404,0.1812318276437749,0.25305399111950583,0.24655066756225988,0.22614397461382796
115.16964693197109,0.18336399799388478,0.25458568372687884,0.2479888768963338,0.2277460357346595
106.60169033604897,0.20330967471730163,0.25591468308433163,0.24078736643423287,0.22247264406760986
96.42633016371956,0.21909326515026573,0.2526008197521221,0.23191281118584253,0.21276978300144853
88.9024048379398,0.22618804626081634,0.2521241992767972,0.2314478260412386,0.2118168380843049
84.77341521924004,0.23255429159490532,0.2520463111135983,0.22897848230139076,0.20905732310617103
81.7780056887271,0.23673496485104634,0.254287252330977,0.22942089752852105,0.20828713776126387
80.04019011461128,0.23766593923090165,0.2572737369034734,0.23098802453825523,0.21071546357632628
78.02828649760907,0.23735013322409054,0.2616315595661651,0.2333088529091735,0.2146092296701875
78.34652742962777,0.23530188896863596,0.2622795627619176,0.23544366656485066,0.21756912349762142
82.1963884720174,0.23336448685338443,0.26524849750141244,0.23968189517200206,0.22148562996988455
90.36026946671664,0.22981209660697255,0.2687796153481467,0.2461617301077429,0.22731536208029188
102.03332910295799,0.22214429854490358,0.26735118807197134,0.2494612915078612,0.2270096710732214
105.81802575309773,0.21932148851231079,0.2596443227630235,0.2460176834627209,0.2250632873315448
114.49156601444558,0.20378755553652328,0.2510709603110409,0.2451959750598114,0.2186819549528743
113.17796975711492,0.2003858005198881,0.247516229129997,0.2447074504556737,0.2167442238510064
119.96817905158406,0.18255381718506514,0.24550158530034863,0.2467423097382425,0.21310220414828426
116.79097415162467,0.19667909961564037,0.24497598582645774,0.24105904858942942,0.2102372284410996
113.56623483046731,0.20978610850680857,0.24876038664134903,0.23893644769639202,0.21023310953311286
109.97138887516967,0.21964567968653725,0.2533468600990885,0.2399448388729778,0.21417064860136115
110.10338798144521,0.2280892017056716,0.2576533602131147,0.24128460830214254,0.2145668139046992
111.14590627051811,0.22951903440733015,0.25973132502717333,0.2438386876395128,0.21770386436485206
109.78198552623564,0.22963484363636819,0.26038781101837355,0.2450195033976623,0.21927967087017833
114.63482999313838,0.20411058686077926,0.25495655246725984,0.24476263048817343,0.21262830965621768
118.90787988176756,0.1936611487209801,0.2541752179366841,0.24713710406342296,0.2089415845440092
120.1350124652767,0.19649550186659734,0.2468381962590256,0.2442131575469397,0.2042339322709691
126.29684141029553,0.19349751646650432,0.23075968800627572,0.23696155625688217,0.19416355980955166
121.50320310974274,0.1913055253426736,0.22579874511612427,0.23404399749860821,0.19662941422695185
123.0685696113013,0.18038132843096547,0.22731606714813057,0.2373685912633785,0.19579145078578614
117.57648519214207,0.18655898429309084,0.22620785593065168,0.23459397198648557,0.19989226302733706
118.40902954373819,0.19976504277871326,0.2380831512697207,0.23848239825326994,0.20340710322059902
109.99571420454535,0.20721060709715838,0.2421339648864529,0.23808942371682407,0.20869200319721776
107.71164784746708,0.21695704084770562,0.2496835350580787,0.2391590361576058,0.21188248700060838
100.97506702409657,0.22645894426815327,0.250539903566109,0.23648800729919267,0.21387649419371188
97.23427065846548,0.23279698808003035,0.254542097302651,0.23444822038705804,0.21220303013837785
93.24909696061016,0.23837430935428625,0.25618649580537106,0.2336365652580665,0.21111397980985025
88.67314452110523,0.2450043448520332,0.2560976079334623,0.23193469826074614,0.2090676336711522
86.92065769566534,0.24611730825150804,0.2576717595830379,0.2337327593749589,0.2113881202087547
85.51027139847683,0.248436616498733,0.2575780227449438,0.23491788684641637,0.21381842621231797
85.7392210985713,0.25102825363540604,0.26014859666104223,0.23713514562595622,0.2135993937270698
88.06326592905427,0.2533895716742976,0.2616227898368276,0.23936712894022363,0.21531519545332062
87.14906155867476,0.25359292548805423,0.2628728322850077,0.24144415532629152,0.2180699981133833
89.2836006097514,0.25741461402256877,0.26529291909036873,0.242983321435205,0.21844910302984577
93.5151650448096,0.25211283503191173,0.26654029385958045,0.24430142929376455,0.2202038371072161
94.21031946246015,0.2460189378662352,0.26506515714136913,0.24452244074244775,0.21993082576807976
89.50503684052924,0.24288243255389508,0.2599435531282572,0.24132362505961819,0.21691681086943962
90.20311260576882,0.2428169109978278,0.2584891663926363,0.2384387928920488,0.21222122286710893
93.336966792572,0.24574323257097996,0.25756415720581444,0.23656402488799882,0.21002062783653666
101.30440081820652,0.23694160607974285,0.2574859309683661,0.23511935837769327,0.20015744594208543
96.72977731525403,0.23949313448560666,0.25484578553170273,0.23359754404119962,0.2028349421240696
92.59646424962125,0.24300728773798105,0.25446366130145176,0.23302950119289964,0.20314460394684064
89.55186728523856,0.2418894223398751,0.2546608932810231,0.2326392179039986,0.2057211212442312
86.77344502455954,0.24337120477132193,0.25715576913987986,0.23446296185398133,0.20881074673749112
90.44576258212771,0.24417152898990246,0.26194795972348944,0.237086566604968,0.2106421527653409
86.49065537097343,0.24378030399995085,0.2597220041086298,0.2353155531056803,0.21302451702403105
86.86052009174752,0.24635980918536893,0.2614249028981259,0.23677535587477602,0.21514847540354196
96.71837742958422,0.24252087044034606,0.26733640314185325,0.24223760151331664,0.2156689214155965
94.0812399659326,0.24475148329832272,0.2648861656289199,0.24301291740912345,0.2201456778343622
98.57398436283789,0.23820845075020505,0.26643397581059314,0.24561103757096958,0.21874459320057885
94.64911147185158,0.2326380813198255,0.26184591609854324,0.243710232678338,0.21976037484966562
98.37834986663799,0.22939784246737135,0.26420596622251613,0.24677625129533773,0.2186008324355948
95.51961748253105,0.22976978879718682,0.261801900323119,0.24886952726107936,0.22586463125819095
101.78579038750377,0.21502874361389165,0.2675334530896527,0.2536154868719407,0.22691254454133056
103.83124940145387,0.21061293778955556,0.2655313434665152,0.25295447980376734,0.22852441962771758
105.9628681021148,0.20869773115767337,0.2657492331513024,0.2506695528095216,0.22902252510137713
107.96099557515076,0.20604488338338528,0.26241102160408264,0.24808169972511493,0.22755233209391681
107.43796504528261,0.2075673625602362,0.2590360591910218,0.24690602939050138,0.22912802957329503
102.49303720327576,0.2122126832939587,0.2569040025915378,0.24567639893560367,0.2329578191280936
101.48337934914068,0.21700042025932106,0.2574987738590339,0.24638752100332303,0.23047261136638347
98.5628097127598,0.2240680065054167,0.2601508662923657,0.24524306272798718,0.22566499046684924
133.02119298801415,0.9004657914568123,0.8733300707331393,0.9068749483908434,0.6860550110126288
110.06398113123798,0.6839200530157775,0.6318472379274456,0.6315360389614432,0.480224439705186
95.04805373860731,0.48379635210624333,0.4279889242907231,0.41857259730263713,0.33095785215359347
88.48403529612413,0.38832278895460115,0.3361376117824976,0.3213339255320822,0.2699101932007249
88.88768950179679,0.33264779160303126,0.29471618815604894,0.2767324424633098,0.23931320283357574
90.35987964148963,0.3068968739022289,0.27303342268007286,0.255272707180217,0.22402184048229598
90.51828314468297,0.2897660434015111,0.25581434679464504,0.2402765012519668,0.2125177523583147
88.7927368429708,0.28194750159494364,0.2483581380048546,0.23124908067022867,0.20494990729562487
88.34776810316153,0.27139884421283816,0.24089229834396178,0.22343945129715215,0.19921457556184155
86.88620658960586,0.2632291797042244,0.2338884296418639,0.21616802285437434,0.19327427986430804
85.44461320215156,0.2597458540019294,0.22892724900261668,0.21257402972625547,0.1906851089298151
84.07007147886893,0.2598753953046604,0.22740707160423246,0.21136130070850967,0.19073811429180992
83.14076256191133,0.2606805574762906,0.22730498919700085,0.2115595313554233,0.19300783244812983
82.52390517625355,0.26064487202016084,0.22793630663892786,0.21208100130459975,0.19499568761979474
82.58064253086359,0.262223827978744,0.2294147279667506,0.21260905009736522,0.19779279609144512
82.39209633682516,0.26165847251749047,0.22970330025124988,0.2127488583661674,0.19893708920655614
82.06997146252677,0.2610166434748322,0.2299605311110607,0.21339103786056846,0.19872798590213975
82.97463210705976,0.26139996042844804,0.23266597754908996,0.21661813935519006,0.20054499685682156
83.81667146034621,0.26234340271267736,0.2345606889324761,0.21902812349050826,0.20349923421671542
84.72082233935558,0.263372647135709,0.2347800844244266,0.21938770081892714,0.20624099683724056
85.22804237633322,0.26569388968110735,0.23644568133762803,0.22078966246103612,0.2090781796989974
85.24111933050999,0.2682723250536877,0.23827903198072808,0.221934167905639,0.21020149793932483
85.75502712220626,0.2705259349850383,0.24210607047763402,0.22459511510113156,0.21005836313527804
84.36510484483401,0.27166862851045553,0.24473900217693376,0.22441710923550037,0.21078053250698006
84.25535891381004,0.2764577290594064,0.24972193378776664,0.22676817964472737,0.21240443486515911
82.52491777666236,0.26883411948490715,0.24593464707695636,0.2243575801004128,0.2123377287959127
79.8977259525555,0.2669614451101951,0.24736565687802062,0.22429576865725875,0.21332122218024088
81.03515351581957,0.2661486944583706,0.2485661400032631,0.2253381576666422,0.21468615046614523
80.50466784857889,0.2638572132192453,0.2476361685010976,0.2242355479898473,0.21319171751277405
80.958387267094,0.2638545967119498,0.24720758452831593,0.22478030866753002,0.21246903039214607
81.5950424676429,0.2648595655079597,0.24813541070255832,0.22617542386871334,0.21492923365984767
82.0576968447316,0.26538722551956395,0.25026631408604816,0.2287703317958999,0.2162142973660204
82.66612039986262,0.26537208736459644,0.2530933762030284,0.23124384480077262,0.21993317799645679
82.47999593681801,0.2650505916102187,0.25546252819167864,0.2332773036678109,0.22253553921939867
83.65219821909521,0.2680634985817661,0.2571915871629716,0.23381927159404714,0.2235559420254049
83.99410218262548,0.2708918212352246,0.25590958142177794,0.23227105978120377,0.22191371603848317
84.47542477255,0.27323398513095515,0.2551289146410466,0.23087884922144908,0.21930095338208488
83.43979659862352,0.27566350862147654,0.25500584004896687,0.2298358254130418,0.21694942366602601
83.79458617985753,0.2789706958790255,0.257474287820574,0.2305311383386657,0.2156198288502782
83.201723337745,0.27814669852329976,0.25623407146152677,0.22991945662914803,0.21504459268548626
83.32317098079758,0.27650859662118255,0.254989490444665,0.22862736944768136,0.21501669245537258
82.45544127510482,0.27550048709517766,0.2532077467271422,0.22552083549596025,0.21310718738085097
82.93282522066349,0.2751326037775065,0.25178352846842067,0.221950501125499,0.21072376423897554
82.73456466319739,0.27134279708915016,0.24813325354010943,0.21880277399588346,0.20913386065130046
83.49758435066563,0.27285662401480437,0.24830284544636594,0.2173322389979166,0.2082689879243385
82.842507836477,0.27006795871657197,0.24843324470945238,0.21782243083979597,0.20765874041705942
82.03055210496629,0.26658649956015307,0.24573888643166727,0.21691577701564366,0.20675986847602806
82.6673955926351,0.2658022538475602,0.24716190166598062,0.21788005724868198,0.20741254389618985
81.855098117743,0.26682376899867105,0.24817816763446668,0.21864407828271976,0.20898130445686733
81.8616158816076,0.2692700667198075,0.2493205144623412,0.21926423347844354,0.20984782819753403
82.20862167651482,0.26977299782632613,0.24804680418714903,0.21795149625694152,0.20938840457748217
82.547145716115,0.2710876407779087,0.24919632841589465,0.2172915874402033,0.2091033577997982
82.95501982589784,0.2713489191317229,0.24788133282727293,0.21801551564205113,0.21087901423910868
83.31239358350396,0.27313628607168156,0.2494326408292875,0.21917914356448326,0.21228709482358568
84.28706017234288,0.27616556657881114,0.25181563705316296,0.22201826853210457,0.21446869649205302
85.69546515992164,0.2772729690534251,0.25317601555263214,0.22438999773354404,0.2161423047442603
85.7474929151048,0.2798046683107623,0.2558307299798316,0.22646692430968546,0.21812493682083006
86.65708829678809,0.279100188462282,0.25596828488162804,0.2296330209533657,0.22216672930084103
87.14044925182637,0.28324155321087274,0.2593228649651819,0.23450268185316595,0.22602444604785255
87.60586979736546,0.28152418969924164,0.25905138432536884,0.23688932289883763,0.2292371643994642
87.86438760715221,0.281306230563389,0.25947801409299925,0.23837522029100666,0.23168112095749013
86.92534616346897,0.28038730510982435,0.25735275212396386,0.237352228550855,0.23217970240153166
86.60332383708351,0.28184073766674633,0.2583153768920031,0.2387377185263734,0.23367233145373378
86.28475231577902,0.28420328441438464,0.25966789651971484,0.2399432178187648,0.23524101356402552
85.68322950462476,0.28238741077731927,0.25824883444557634,0.23787366311345204,0.23421143576569972
86.73229203217461,0.28115531490302687,0.2579029847725001,0.2366840421618431,0.23176666195968135
87.26860285494803,0.27770770465812733,0.25754953267825315,0.23621059164322428,0.2306591941588016
87.99799526283222,0.2768949765922131,0.25828648656365083,0.2366177452063577,0.23126773282857174
87.70881410411089,0.2754635983204561,0.2584423948252009,0.2362886605033176,0.23022107831930835
87.40035520387686,0.27341823239663204,0.25734483194082514,0.2352213848054539,0.23037243084327275
88.79563175100269,0.27194303111248924,0.25712492562180805,0.23494619832482277,0.2290722599690353
89.96400687567518,0.27132749744237106,0.2575038348031689,0.23562555880336117,0.22756678874001948
90.97832152507198,0.2741386097700457,0.2606761662548129,0.2382453942447854,0.227943540048483
91.45504078399493,0.27446737923305015,0.26187224000598375,0.23944459719615224,0.2270676873293212
91.08316535207403,0.2728847587697345,0.2618183695299551,0.23942072344266171,0.2266061618212538
90.06998018085523,0.27270462983393023,0.26213833237024253,0.240847776979165,0.2284096897973251
88.536305224707,0.2740147736670994,0.26343030255028893,0.2426769007475607,0.23114378654858633
87.31366122875814,0.27554528943544393,0.26427718049752275,0.24417041182534918,0.23275085169914625
86.61142776806338,0.276606172602695,0.2637793625378733,0.2444283559339914,0.23408584638283697
86.07164456867574,0.2764753826879448,0.26388980628812747,0.24582593222248914,0.23645633536760516
86.24536887841298,0.27663684421045803,0.2640692017169714,0.2463339579504248,0.23599261835703508
86.71269947545072,0.27702546149467483,0.2645980309782412,0.24689911861718516,0.23591625795603677
87.0104767579577,0.27774019268980304,0.26630687394684205,0.24928080291545002,0.23793542588419891
86.66084173906287,0.2784190701758096,0.2660650064142862,0.24976576208913956,0.23916291410515486
85.75829337418125,0.2769009787979287,0.2638686081181828,0.24798288175002525,0.23922674063738256
85.18747294787048,0.27760782540258977,0.262349723287594,0.24682468132598592,0.23888829066629014
84.87768677013621,0.27932331870633037,0.2628431023081964,0.24651501347476315,0.23749509189777268
84.20615219267484,0.27964958301877413,0.2627337100405037,0.24536001994590292,0.23745356809689974
84.13541071581115,0.2783952250746639,0.26188166379622585,0.24469384475784703,0.23623049621310044
83.77168288772009,0.2754885987634911,0.26059980424744206,0.2433396332394985,0.2347962824186679
82.68144536108062,0.27501405370737947,0.26118787234399654,0.2446029133250218,0.23635445158745863
83.36518550004594,0.2761247448502441,0.26319609318740705,0.24617866234349214,0.23608708277915763
84.38903732828646,0.27493093388377754,0.26370626626404675,0.2473997494984992,0.23704034139609048
85.72461609068601,0.27483134949241644,0.26507986925338056,0.25035105684179654,0.23983043272501975
86.37884380800463,0.2748464593544437,0.2646486040693487,0.2505705443414323,0.2393700964870152
86.29714194431682,0.2741956996050156,0.26415685421564833,0.25043954240910576,0.23898237664082422
86.56136481344905,0.27584467223331505,0.266104919158807,0.25096759980362676,0.23710201680967746
87.10088578530257,0.276315236195577,0.26860315131018686,0.25350348918004223,0.23772582347973154
86.65554523293709,0.2754636865396059,0.26795069281074096,0.2537245671996849,0.2400718354200667
86.27996021761506,0.2739569272215483,0.265544830141806,0.2506510779116939,0.2386929497076131
87.00886484643027,0.27444719381148286,0.2648292499682561,0.2500968001251301,0.23759847693861957
86.95801873563613,0.2714747043133361,0.26231068635672933,0.24723114383615233,0.23506487211698204
86.97166413166305,0.27312071792055787,0.2642655955282322,0.24886306854748882,0.23763999319271634
87.0420137405332,0.2720282286861374,0.2646914095256818,0.25004059753143176,0.23918729398447608
86.51695074953255,0.2692495656101256,0.26388899486870004,0.24959188300869273,0.23902069479744537
86.90860547162008,0.2695881077801778,0.2644852763506308,0.2502287410300097,0.2394309680585318
86.82749129164152,0.2713662070294356,0.2655017685513038,0.2511626770766664,0.24038843525104656
86.94377819134422,0.27238827560006207,0.26651908822001197,0.2525664279168453,0.24166344792713731
87.5355702304117,0.2723400251923124,0.26697926877334816,0.25396064746217756,0.24325415411283347
87.56943630776863,0.27056441664427305,0.2657451559943777,0.2527051011264298,0.24042294203068904
87.90774176100732,0.2699286845888676,0.2652668010462573,0.2514919439620699,0.24024534804921455
88.31978640419415,0.2690315277250667,0.2651571133456678,0.251595026249325,0.24013298661721105
88.57056436045825,0.26782222478619505,0.26472060736588704,0.2504622304413092,0.23995300940475525
89.0993231395402,0.2682167933025325,0.2646896418036084,0.25032259944851265,0.24029020775634582
89.81343460434802,0.2685423600731429,0.2658196611779386,0.2520750068941907,0.24194042681828165
90.10023442470575,0.2694286932854646,0.2668787739356554,0.253165675648613,0.24328677935481033
90.44740387779822,0.2708095704374205,0.26832036615937976,0.2539688053080737,0.2435332884653266
91.13878868589059,0.27149044449934356,0.26922888864244715,0.253884297671311,0.24364396649969464
91.79205238051414,0.27068846586587303,0.2688521302941507,0.2536560425109486,0.24357992046961846
91.79898451505142,0.2696248867174288,0.2686401126357817,0.25295998947920695,0.24220775566993524
91.049395242531,0.2694542696881032,0.2674271420242938,0.25131690350112107,0.24178034164236284
90.90126114379171,0.26976502609031383,0.2664544987852456,0.24999496315323075,0.2405169980156942
91.11643316838287,0.27096424193864527,0.266843306522654,0.24979936516179685,0.2386080674110482
90.95028894128873,0.2706884572940848,0.26793818304226,0.25062853486453013,0.23983455210805607
90.55713696612416,0.2731234563387868,0.26861784025512575,0.2516293684058557,0.24133063750613407
89.70318070813488,0.2723240038769762,0.26699274274939183,0.25073736869767554,0.24107098939622895
90.07698816392801,0.2735107138044482,0.2680459284239495,0.25149257564585387,0.24166621350308734
90.28827787681027,0.27455745079020033,0.26986436919524937,0.2532451633244685,0.2416041055742858
91.13200402324915,0.2747856949078132,0.27174379145837063,0.2555296889547577,0.24245817799573396
91.08088868526903,0.2737841294290553,0.2694059128115263,0.25399754015909504,0.24243673825208764
91.56588882607231,0.2739499007117327,0.2697119568636998,0.25451826693121776,0.24226890765907041
91.5009431578947,0.27282037546091803,0.26852024242368067,0.2538924887436842,0.24198014892670888
92.09465412781441,0.27439674521597635,0.26943787191697954,0.2548144394140013,0.24252858416710538
92.06861013510557,0.27441324991736893,0.2695850287250238,0.2543358172195502,0.2427778692848337
91.8067167585926,0.2726894086680524,0.26800636172875364,0.2537375841040009,0.24362110461941697
91.4031135978754,0.273056595602856,0.26813983289868837,0.2537247986061781,0.24457549610993112
91.36923127973364,0.2736752769440265,0.2675580659991756,0.2529119865176263,0.24479191552050736
90.69624411066607,0.2732462034425352,0.2651867697111114,0.2505190092322053,0.24343806637663953
90.74947190293877,0.27283241248184814,0.26367191481759367,0.24924710409150083,0.24379759747126634
90.9839271588059,0.2726031275207736,0.26393296541228173,0.249780321502104,0.24446881334196655
91.46798111660895,0.27215711844517354,0.264879038229806,0.25105093982693844,0.24578922300652817
91.57390972832954,0.2733940217591065,0.26697012358860195,0.25312856082290575,0.2477780751212168
91.47378196499855,0.275086825760664,0.26844816483524714,0.25486293255141856,0.249533662067299
91.65175940408257,0.2753381328718233,0.26847957511878856,0.25531894350223594,0.2501114991525745
91.54292817833884,0.2751283599177415,0.2684273765515447,0.25569647315043076,0.2504225118897611
91.3819110782459,0.27432219458897344,0.26725417978046223,0.25491555351799955,0.25023575119158953
90.83711662638864,0.27319557276769113,0.26593689636492734,0.25292283785726577,0.2502850320235349
90.36930184945608,0.27287150376902203,0.2652678529685038,0.2515257439394187,0.2491938594034256
90.66259129484244,0.2723881344923229,0.2642804061779413,0.24957027782389699,0.24885109076914882
149.58449833924985,0.6728481250669432,0.7074650622649049,0.7983763047032892,0.6265117278245346
131.67998442852777,0.4488163980878186,0.4542433028757302,0.4982519276483198,0.39233791654798406
113.97084787185375,0.3435413135293317,0.34761878290690285,0.37316913833045295,0.3162772158589926
103.01862986013475,0.30399768850951675,0.30552387828388994,0.31738073961535584,0.27949488462509386
91.23170476424981,0.28088144624209543,0.28084684813797967,0.282007896905012,0.25230134121519016
85.8449270559858,0.2697682849263012,0.26620517131401505,0.26254017279648384,0.23930458074469377
82.53140493784596,0.2673561470934317,0.26174126962141964,0.2543740802078447,0.23040784045893198
80.84161490163297,0.2608876781888717,0.26108809646360026,0.2525666395380416,0.2270176432244162
73.73645747648688,0.2540371652218911,0.25508732660235417,0.24665246361653567,0.22170697660544428
68.00511377357991,0.2510964203969246,0.2533727051093969,0.24376874399567341,0.21794458864446897
70.23681947978946,0.24680538249742823,0.2530229134451481,0.24367701372717718,0.2162863187025751
90.63425582339379,0.24733112653727884,0.2553250288186482,0.2476817134590925,0.2176127244226911
90.8023390643548,0.24986970472153364,0.255458949609279,0.24725644535942592,0.2161257032164892
74.81807903481248,0.2517707618843038,0.25338538176118924,0.24323962371105362,0.2143788186471014
59.56738335577419,0.2501008775663725,0.25028895459864,0.24070044523116108,0.21400779720100843
77.22768388952443,0.2504087285569542,0.2527050062839947,0.24738461099957024,0.2178355393591832
73.95944657744145,0.25514343065584916,0.25486810722436726,0.2462352921070598,0.21731065318711826
72.63349310552078,0.259924453528986,0.256640845209416,0.2452815491835699,0.21740832419217407
60.61950242895259,0.25953009775873476,0.2532943300461908,0.24244291093874565,0.21742890372457271
58.293760522185565,0.25975530860760765,0.252676543976938,0.2426216653085841,0.21903660131340197
59.537208114493524,0.258945220893152,0.2535749363066719,0.24322394610780163,0.2194013692269695
77.53384837443652,0.26083118786185927,0.2537379207356571,0.2445748782480304,0.21784736104062602
96.15816339513982,0.2615234563307553,0.2526557887600469,0.24600992350154693,0.2158755706500352
89.34255331864887,0.25498068632464715,0.24958267637107998,0.24191351213434806,0.21609247054166134
81.21959155032009,0.2543546623726256,0.24955938937410374,0.239251566328283,0.2167099715397721
80.85992835950637,0.25275009698202655,0.2506257390199564,0.24333643213317963,0.22149712669300106
71.7619417145106,0.25134526681566016,0.24970975063109185,0.24131031890577134,0.2219224071486171
65.81511234394951,0.25306272223102744,0.24942194041244772,0.23843674646126026,0.22099329210990334
61.08567540507865,0.2542176989245902,0.24767907216111523,0.23351228382274467,0.21631637658188127
61.40463380424339,0.25318275745817886,0.2489447670349043,0.23745723276645012,0.22151200166950047
60.0121685287395,0.25394913792756596,0.2508908524160167,0.23915598037868346,0.2240466207381121
59.148847493102274,0.2530119955663897,0.25037596077204755,0.23908210275738395,0.22483524478813496
57.244057896647426,0.2504604533321183,0.24798697683522522,0.2367794915851216,0.22253539260288877
58.9808333748476,0.2514847663800166,0.2487551972233769,0.23706380722583242,0.2234489951955739
58.49905943344,0.252758341850813,0.2484035927305104,0.23572645363134326,0.22166467826034805
57.09862750709234,0.25138874234623787,0.24649944407516688,0.23355203317751477,0.21890781590081432
57.38311291186174,0.24910535064798722,0.24545340988235342,0.2329848362602186,0.21859132212321594
59.039838580247675,0.24611624390660083,0.24420892084760096,0.2336802992814895,0.22041725228820114
59.2608879034431,0.24516947078277437,0.24298549174225567,0.23261620368460217,0.21910539161445056
58.84940037215059,0.2440706068777155,0.24247860165061544,0.23236136245192604,0.21918486264914908
58.52466330071861,0.24385012578840828,0.24190271328047647,0.23205044954427015,0.22023784927680154
59.947934920034584,0.24487192042604233,0.24336649719471148,0.2336506303707119,0.22207279660107204
60.00189137942229,0.24448332378664445,0.2433797688209358,0.23298870170453698,0.2207205701224301
60.489609199587306,0.245600582652092,0.24430679746581896,0.23245973922928048,0.21963106901325954
60.22723502153675,0.24700375572226244,0.24591909810661225,0.23328405842577865,0.22058960067663289
57.77552932641188,0.24545716733725365,0.24369259207972563,0.23111246894528092,0.2184421777001604
58.747322879198,0.24577461879764573,0.24591524267876072,0.23334162903483374,0.22062902823760272
57.73592966884381,0.24552886226401452,0.2462989329671487,0.23349662554623762,0.22108667840774973
55.989096908711076,0.24581693079078154,0.24493451436138916,0.23120265672130103,0.2189688612511335
55.31085318242626,0.24788477725658026,0.24417064619347456,0.2294096636786917,0.21792075937538724
57.4079434843811,0.24911672354935993,0.24538873968640518,0.22963178345919572,0.21877016718016962
58.5113167914803,0.24958017667197394,0.2463490392432383,0.23160078067868686,0.22093640086143274
60.8775446804057,0.25211225157875183,0.2478352612477865,0.23338599977306995,0.22196623692498094
63.47579709655629,0.25514793210523645,0.2505269108069326,0.2354798020648209,0.22344093702033968
63.03098210121419,0.2576564047908983,0.2516941771385707,0.23457474820524543,0.22171635057102881
61.607866512753475,0.2571591731162418,0.25206673222559345,0.23572808054867833,0.22439266000636332
60.312781581845016,0.255766490904344,0.2516943357598249,0.23635847963860646,0.2256226083874557
61.65609260475905,0.25370109149005377,0.2524362206380127,0.23799665695505842,0.22733830998546226
62.08776189860436,0.25494888098740737,0.25397418358974455,0.24005599649464024,0.22926717550657144
63.5569452950011,0.25948747816899875,0.2549451440337571,0.23972191353152056,0.22913459772924846
61.81315876584187,0.26016684925407485,0.25330973263021456,0.23722533078219965,0.22700524531007885
62.68789959748785,0.2588063719528831,0.25088278373819856,0.23537610916136914,0.2262457474082636
62.420774411431076,0.2587077623409589,0.24866202547596264,0.23160303767795948,0.22202630688602762
63.288252235964514,0.25770167567237906,0.24791443347337433,0.23026181211849464,0.22074855905417787
64.24356075675318,0.25804397350856983,0.24827348523062145,0.2304968966428181,0.22075477118219514
63.82893647310299,0.25992559592339465,0.24826096565807554,0.22860016586899604,0.21779858816887268
65.33390516042874,0.2606137423934778,0.24960462034715153,0.22966694064149823,0.21814129538178312
65.31964571086165,0.2596928835214443,0.24894707882192066,0.22918672270322274,0.21762347934677673
64.62699069564417,0.2582994861808646,0.2483473894487398,0.22979776779063155,0.21894678780301477
64.8803309582674,0.25676363668434193,0.24769358470560493,0.23003297424750016,0.21920680087740071
65.60935696015281,0.2552751531358805,0.2476191008540113,0.23132963604231807,0.22048118547445164
65.65088239586231,0.2553398156670665,0.2478121090295916,0.2326104917003463,0.22233708268597724
66.24754769216278,0.2573789080443816,0.248752731758493,0.235195893578988,0.2260419594924777
65.52902954917559,0.2612481576555936,0.25073495424744097,0.2377093177477617,0.2285346016294901
64.05306815131301,0.2613341623146808,0.2513754600991491,0.23982462745203262,0.2316703971735625
64.27782325845035,0.2593528880736302,0.25083996182094564,0.24140290955663826,0.23298319167094608
64.15037763465742,0.26038481204462505,0.25348289000851515,0.24210125853278325,0.2316855514387673
63.6382031801883,0.26071307705430957,0.2545755793596524,0.24132185350214894,0.2286040387304965
63.11992576300351,0.2597277586258796,0.2540058636644423,0.2392416277906005,0.22454420130943625
61.664600723831924,0.2585733046794548,0.25235053042943806,0.23680889103021122,0.2213489659344976
61.61555927866532,0.25794954326117586,0.2509039829494528,0.23458401572459073,0.22005296197041854
61.99294477297803,0.2580952928414755,0.2504493960023514,0.23417843934479793,0.2199178535098424
62.89928660471985,0.2598603634025457,0.25134815163043595,0.23462504925552272,0.22057911681619327
61.994567682079996,0.25732461891226427,0.24999070581427482,0.2326773783480403,0.21970587027039923
61.133578131594305,0.25599171079067623,0.24831395185102872,0.23130098065725432,0.21972619409321187
63.081875898904144,0.25607033435253085,0.24922004015044685,0.23289194743593733,0.22178566661600418
62.15094075959641,0.25378109556948236,0.24724778357316704,0.23140177841546067,0.22002829420794842
62.79496167684053,0.25606973395857363,0.24897471186607076,0.23331103077235843,0.2217306948443821
62.03108429506593,0.25514597880081985,0.24973693240564218,0.23527963337631164,0.22359245275295767
63.260128196762096,0.25394323597598034,0.25012932361563756,0.23702166714272815,0.22640050196032727
64.97528764760108,0.2557281361112135,0.25254373779048983,0.23992268536287317,0.22968268372680248
63.0509321470865,0.2545502542649497,0.2512383553826965,0.23780852655654716,0.22710171665679865
63.767910176260216,0.25675420214746175,0.25295250866893054,0.23972921094386118,0.22894296202052106
63.10515370526884,0.25695620355219134,0.2512567801634851,0.23769844859056888,0.22722907847688995
63.91154818458769,0.25900499311815356,0.25243329486963845,0.23848939759395657,0.22790848469099875
62.937905604879205,0.2588572222043319,0.25131127811585874,0.23622333909974969,0.22541822642939982
64.106782152998,0.26067324920225776,0.25359927485336636,0.23865596641746678,0.2272789322460604
63.11758407962578,0.2609751962688207,0.25376418370724924,0.23682854345505952,0.22492363632584483
64.96603715942526,0.2599962602032315,0.25349072782140813,0.2374883492988004,0.22496157753474716
65.48509671377828,0.2587865441391478,0.25284003513105596,0.23749761551337406,0.22524506459959018
64.06292217792138,0.25578799223306387,0.2498846480530976,0.2349114638513222,0.22332965285914774
66.86376212169601,0.2568387791802703,0.2518702702992256,0.23781893853480773,0.2268755426113308
65.36738902101283,0.25659483336826,0.25042084633402983,0.23475797278357627,0.22241038181607767
68.80621241058185,0.260247067251545,0.2548805420475945,0.23873741975022514,0.2266484448820749
67.36288870007164,0.2581454486759334,0.2538317743979684,0.2386693102996893,0.22579105852555803
66.59018176097342,0.2594797863920195,0.252426356599535,0.23722928773213456,0.22421909083974237
66.47151189772184,0.2599653049542607,0.2519439430383578,0.23676835393227733,0.22397233281896975
65.69917214889776,0.2597336222429935,0.25093587571450526,0.23533366801414876,0.22272737291908748
66.41748113887272,0.2601890533360871,0.25037505361944434,0.23491550066658987,0.22208299572162474
64.15055624125723,0.2574056462175139,0.24866759683014267,0.23310367316360123,0.2204258446855274
65.933153862318,0.2592171339139597,0.2509039970113127,0.23558550565011813,0.2236148135471425
64.71799789075178,0.25764233517117485,0.24917839380407716,0.2331334803388361,0.2215118303572471
65.81799824334033,0.2592505072751295,0.25022849849481404,0.23407463175314341,0.22315036815988057
64.69669312381616,0.25825768054337744,0.24952311751689435,0.23186105180456068,0.22095162045272052
65.19834624760843,0.25865120350941545,0.2508712558082897,0.23443995712355623,0.2244051000256624
63.93117491687783,0.2587001846238356,0.2511539165397647,0.23493444072415012,0.22378667213810619
66.95026587992191,0.2627338410929246,0.25542425668130003,0.23901289838963372,0.2273376568194577
66.18882274070964,0.26113595197908235,0.25747284532382775,0.24282991313085592,0.22843002007841057
65.82733981971884,0.2616442279737086,0.2582898159378239,0.2436338645452123,0.227718580901282
64.83046858973216,0.26264078050411155,0.25713633027547866,0.24115558799240558,0.22516064331903055
65.17092682044391,0.26418964592612415,0.256139780353794,0.23898575445015194,0.22288867398746914
63.90993834905599,0.2612344885610632,0.2530888942037529,0.23629400464255398,0.22135466497938372
66.89535623654805,0.26141941741461755,0.25339004792113606,0.2366110606995056,0.22177258427272165
64.48855219018019,0.2586586674517767,0.252119286163512,0.23566650855095747,0.22036914842872882
65.70098331117299,0.2615095299700126,0.25393547084957113,0.2359597297844639,0.21990312670870887
64.34502247940057,0.2587568637222423,0.2515910213404933,0.2343315300841207,0.219023648569216
65.75121905404288,0.26125155478334977,0.25245898825872,0.2350422174017434,0.21925528856769166
65.21690475417749,0.2608606779239545,0.2520036494133045,0.23425963248728393,0.21931969503854687
67.1977132003382,0.2638467410036819,0.25358518191191626,0.23402706170478846,0.21953911331434528
67.80708793114127,0.2669973464369932,0.25492720869430874,0.23371487477358419,0.21845333692525548
68.60969801139933,0.26991746348105955,0.25580041567855655,0.23272084014882927,0.21716050714241367
68.26522421413144,0.2698699207530585,0.2564799623609491,0.23364473613205802,0.2172757123021839
67.48681800014047,0.26839134974949064,0.25591037354582036,0.2332253272769866,0.21549273830039473
66.13422491243017,0.2671861571945006,0.25537627908783955,0.23493628897615848,0.21855422377609077
66.12362368210682,0.2663952289381417,0.2558335575453324,0.23546948094541345,0.2198673604716723
66.57718732564473,0.2656652643674708,0.2550970167953646,0.23490047144346046,0.22032369993031314
69.44567927234085,0.2666883418142374,0.254565079859174,0.23363972733720775,0.22017720870671237
69.59895226967389,0.26621116352148244,0.2536013645807202,0.2320667382701681,0.21894012085162007
71.49741530475664,0.2665401600397318,0.25383593721494874,0.23222927486602196,0.21916903859766312
69.86603419265846,0.2666757409931272,0.2530435279679511,0.23181686023406128,0.2183637691755697
137.83775680287027,0.934947163077714,0.9052805649693274,0.9215077713408921,0.7007525104195867
114.95068790153297,0.6571795791980801,0.6061931026416958,0.5999154428175838,0.4412549279132771
100.78898102508333,0.47619724373981376,0.41587250733014247,0.4026551385951602,0.3120532849530387
95.61832816078038,0.3736267526076759,0.32365718309497316,0.3076736931067085,0.2590878096395133
91.41796032594252,0.3159300820020406,0.27766047909694463,0.2579984359398379,0.23471701073584275
89.37486034827106,0.28344820198344145,0.2551390547475787,0.23503026252132614,0.22380742739780668
86.82441454038525,0.26300478756334833,0.24470756926541481,0.22388790383184073,0.2176865331374773
84.75573179428866,0.2528570021882453,0.2381042927054169,0.21681076275029312,0.21064980203523814
86.04347719559865,0.2531999956025112,0.23332118402922689,0.21347036536259187,0.20831310322971605
90.97951357729418,0.2554152118348749,0.2370779675052931,0.2167488883433926,0.2098573694538418
96.53290652532577,0.26235547590716896,0.2434921588637676,0.22429246783504603,0.21825426283678465
101.40109577947771,0.27137331943455195,0.2477097004077135,0.22923490007892974,0.22430250109223765
103.99274561409234,0.27615112958683424,0.25233430720137656,0.2315583018748283,0.22850026471083473
105.51294622489084,0.2754422375221802,0.25495233781627963,0.2330000948499355,0.2309096061651377
106.9948747490044,0.27366974224069596,0.25626172717277096,0.23201153895682214,0.23165270329517962
108.01969240546924,0.27108612769228646,0.25594921851131347,0.23084617781724537,0.23024043197690328
108.30419356921016,0.2701524562227509,0.25742706194712217,0.2311273384196418,0.2309585167715922
107.17837048887466,0.26875207487800806,0.25771619326752493,0.23030819394393073,0.22985797573055247
106.89120079441987,0.26705232631168985,0.2568310259865737,0.23032287910587387,0.2301539828846913
105.34370659002026,0.2660355107375775,0.2568674020447953,0.22990013753252958,0.23084944069523047
104.11322327823157,0.26644857615782414,0.2564385124134976,0.22912184711810216,0.2308007281215126
103.11988650981912,0.26948266250722913,0.2572907551719137,0.22937647852871443,0.2297410617617572
101.62598955682513,0.2714341642162834,0.25640480809815375,0.2280535680082062,0.22843367300578643
100.40561042927565,0.2752292395976221,0.25704335259251765,0.2287741650921299,0.22839607527008282
99.32415898950423,0.2756823922494598,0.2565538821373194,0.22850731602563534,0.22706672174647105
98.52425020803162,0.27696763457000784,0.25642164058494055,0.22844722342632606,0.22572247407624105
97.67658367263445,0.28004669467462273,0.2569925873117229,0.22780609131440188,0.22534849205207944
97.18019320031031,0.28554953183803206,0.2597397380851883,0.22864501808209006,0.22548286276504853
97.04607343313077,0.2873415507869104,0.25960038457311757,0.2283333488559347,0.2255730653516698
97.68058414560556,0.2925988471148983,0.26371468093216754,0.230349588291257,0.227178496465028
98.62631130495399,0.28783723941277084,0.2605970323868255,0.2290912702591389,0.22535279426298827
99.40326822683745,0.28888900692365554,0.2625669867559109,0.23072153091731196,0.2272995780436826
98.85040857283359,0.29178049514104987,0.264141274774227,0.23196035979202873,0.22918669566959005
98.53600217954202,0.2984962324865723,0.26714119710525214,0.2342112983733224,0.23256490133632732
97.9527541314592,0.3041573573063059,0.2702026951434865,0.23635729002634792,0.23476450243070157
97.48944084855941,0.31428368397444323,0.2747171305888669,0.23883732106813932,0.2373538232716997
97.19969339577665,0.3169791094619009,0.27580886894462947,0.23937146433549986,0.23904950213165121
97.62343930820737,0.32284146513748907,0.2777862917583383,0.24088202949087986,0.2401708321090186
98.74722206220146,0.31880731649497274,0.27583872365911116,0.23972336789453735,0.23775134509012305
100.35807388295869,0.3180850759563988,0.27643009778528627,0.23970106452380013,0.23622446797271243
102.21006615542767,0.3285778735654339,0.28242338730943856,0.2424505994781647,0.23599651420334242
103.6776251947038,0.3365072467024107,0.28767681083274843,0.24524139829087108,0.23656594136852963
104.82437552369291,0.3402929191425105,0.29026579727808416,0.24674356331922492,0.23657025202418885
105.63918503959164,0.3355729016769239,0.28900834614015136,0.24604435574022024,0.23623401911550174
106.18482941163678,0.32623677702662707,0.2849593180375262,0.2444505792954555,0.23582767689388362
105.38653220816592,0.32436517892167027,0.284430841135256,0.24460741981129092,0.2364411883691021
104.35994288005637,0.32551100356733004,0.2843553365491736,0.24406449218660067,0.23677844157752773
102.88848355293415,0.33167067407480505,0.2879209620353303,0.24625160363491752,0.23888503736383887
102.89972046876457,0.31977995642880136,0.2812324816918587,0.24279523565201153,0.23726250672336777
102.95434151680925,0.30725370426537996,0.2737229466177743,0.23872917594229476,0.23504176428813398
104.05283903611907,0.30800487855003095,0.27555127359647985,0.23894341583753087,0.23493032049935378
104.83840741362793,0.3059901424928641,0.27429436061977325,0.23864977932389142,0.2346489141920483
104.9730055693493,0.30862652369620536,0.27764314120551026,0.24092074993918805,0.23591478333730698
105.43025761727829,0.3150574457961039,0.28060115774514766,0.2416861123212125,0.23626510702645281
105.79088780291261,0.31593910195427677,0.28090738121361375,0.24216359593186665,0.23627674733233642
105.23832813331667,0.31596727749052084,0.2803434396382622,0.24233555642132706,0.23686419481557502
104.40189642006904,0.3125063071474274,0.2782239603113128,0.2411056259724494,0.23587890862896768
104.32907349041261,0.3099602364440247,0.2782562880388116,0.2404881554606922,0.23573552011886714
103.96929958029149,0.303407073001229,0.2747815808493174,0.2398552767983813,0.23587007759523881
103.73737559678591,0.3028179493551007,0.2737341302845748,0.23847938536158592,0.2352060428575047
102.70261432198231,0.3139851239886957,0.2783103001969235,0.2410034954406368,0.237251096063529
102.0382549706507,0.3220503585643065,0.28155053949818226,0.2422036439653506,0.2388618770063471
101.05803376769676,0.332552998606569,0.2858041054971989,0.24472220611699602,0.24087588344298572
100.36350421603912,0.3361401276682651,0.2871909948137842,0.2453969541857048,0.2413561266863553
100.25393575689259,0.3382896342588543,0.28775275512469783,0.2457666979571788,0.24094062409634706
100.20103394966445,0.3441497848905862,0.29059574247610254,0.24714835993927095,0.2411518566759429
99.80794672921701,0.34551876059469344,0.29093238920170933,0.24698209412240218,0.24055696677399296
99.63449743485774,0.34755262675598303,0.2912391039037805,0.24694498835305603,0.23994320283032866
99.26795035234078,0.3545615471737055,0.2949616380019154,0.24912148406592027,0.2409731120636258
99.07841759392547,0.35462428176935323,0.2941544297109959,0.24892746188490605,0.24003515705899583
98.3228014578749,0.34760681590549136,0.28903777563881816,0.2460943399354002,0.23791136895235968
98.00119948120773,0.3479512416483429,0.28919514341481506,0.24613898706949175,0.23847649644450938
97.78603463852777,0.3391362545167307,0.2842717348615944,0.24346132315999988,0.23747946545289636
98.10512034624627,0.324556175200402,0.2755594332439951,0.2384918802859738,0.2340714475903637
98.89789981856751,0.31454962607300235,0.2686206424797492,0.23510831757721268,0.23248137376855785
98.79488936866538,0.3225818464237317,0.27209181056869514,0.23692300126175037,0.23445496001566637
98.57578429921983,0.3165857077715446,0.26844468179857683,0.23484261728429795,0.23277744783766785
97.91474988519643,0.30900153872112013,0.2643510290464007,0.23270406943418767,0.2322660243563343
97.30856908468886,0.30148415386315364,0.25890077451646915,0.23025159430872433,0.22968782932792944
96.02627706972916,0.3136072401910624,0.2658496702008596,0.23425293279207263,0.23389453216252065
96.66937920462783,0.3100202959199334,0.2622815597976268,0.2321398632319925,0.2323809159396614
97.85549990519732,0.31115859434607357,0.2609977551990024,0.23237891694558155,0.23342528939732557
97.66814769630247,0.3201012680054728,0.2662992993323131,0.23862371798483561,0.238533452491932
98.73784979112992,0.3170723516967838,0.2644073252776652,0.2378900029724258,0.2373328401616622
98.37333871802933,0.319711046343949,0.2650102839209085,0.23901161082428246,0.23744731899418295
98.1495621914681,0.32302843146893656,0.26628404131158934,0.24026720685200997,0.23782225063436294
98.15955278702356,0.3211441635265312,0.2655934336653982,0.24017830811840019,0.23763917595891287
98.8592035861482,0.3164411924318271,0.2636079378350758,0.23831744556691956,0.23602817709172205
98.61835317192224,0.3022528842673067,0.25824834466598057,0.23465081297171908,0.23204792101100644
98.6772534727037,0.2977609909969973,0.25602334486474154,0.23305851971184915,0.22995762924197874
97.98979385702431,0.29035869706019396,0.2528505796244464,0.2319564301011747,0.2272357748024678
97.48849730296594,0.28710819031868423,0.2518334163661841,0.2298008624249686,0.22360780804719146
96.72985851276292,0.28511546187740633,0.25089921651712027,0.22902226314500077,0.22269723553069087
97.08228895785585,0.28790120134225833,0.2531385932301545,0.23035549572022543,0.22402317037903435
95.94791849359945,0.285986849830749,0.2529760963301527,0.23018674156780403,0.22217965995522226
94.88696285416037,0.2825157999033012,0.25130378310505525,0.22990683978508417,0.2217264663992897
94.37452817636077,0.2814619644462789,0.2504715456716629,0.22956422438883115,0.22188539333418297
94.44190574743256,0.2758775421994135,0.24825611985770782,0.22862562288327426,0.22140378008330427
93.99574594732093,0.27195389684819704,0.24493205457946965,0.22703037385857902,0.22240056898155242
94.18124566192341,0.26940367951971544,0.24298687319165208,0.22640614552121208,0.2229317795214576
94.2134746116097,0.26869324347921864,0.24259377450439942,0.2251096046211336,0.22169731051631045
94.55571270756933,0.26861675842871746,0.24272328010635075,0.2243307809949512,0.222110787411122
94.8905745043118,0.26808124751472845,0.24351541515855582,0.22429371131668302,0.22221137377462136
95.51289038931169,0.26712784819228425,0.24326469913371077,0.2242743614527374,0.22277580846450393
96.0738008171327,0.26939506213155195,0.24305804084791582,0.22329230485497753,0.22211519397284937
95.77506624478224,0.27023880415612683,0.24222734040307498,0.22232104419962978,0.22176940684382698
95.44624884985673,0.2718619717875447,0.24165169197733305,0.2217704293733335,0.22160179106241412
95.4699645594489,0.27296520604613667,0.24076579546265328,0.22071163455539045,0.22166083624555746
95.4684487668934,0.2728051838968046,0.23929835822842815,0.21910900433792393,0.22070317065752107
95.02240123947784,0.27091041582578596,0.23883922590186166,0.2182975401747231,0.22050504558273848
94.5195131454784,0.2712795330378448,0.2385943364075001,0.21811953875556495,0.2206457340446566
93.42954871555924,0.27104060154253223,0.23804527902013195,0.21779282189776702,0.22089168593155994
92.31434200346477,0.2692938441256197,0.23709912157724972,0.21738998433772155,0.22150520514333688
91.86411565447862,0.26820146248291443,0.23662670016820697,0.2178260044371299,0.22205858298420145
92.39774856732483,0.2687426744763926,0.23662680468972472,0.21747843952539087,0.22114457358786135
91.63056566287057,0.2682524693651054,0.23758418505374168,0.21832817654014763,0.2218270696353117
91.19986175972606,0.2675242196191636,0.2372537435371131,0.2190470254558011,0.2236198507916044
91.04587306535443,0.26760052580588595,0.23762935446077854,0.21984827641340104,0.22440612705930021
90.7008529964551,0.26668622255784713,0.23698518977907546,0.219733604402313,0.2250480402655172
90.46636031635745,0.26658369978184393,0.2365544712520894,0.2200426551989377,0.22555817681264084
90.70364997262786,0.2659548145591439,0.23661726051210893,0.220139350383642,0.2261586128461475
90.90522883142273,0.2664000386639156,0.237012843087426,0.22063244008603589,0.22645270341839807
90.89170063254745,0.2676694028651821,0.2379706557213261,0.2210883911228565,0.22734619668325104
91.01332758649791,0.2678891912079824,0.23878994164751338,0.22141115009763992,0.22814763086054163
91.26791239037657,0.2672341963022,0.2380958419772219,0.22025299376916438,0.22680388618118782
91.52499115141069,0.2682270659145965,0.2377975260133307,0.21989151166809137,0.2261323255772441
91.78658544039018,0.2694151108240987,0.2382143898479406,0.21953503122231582,0.225672176764577
91.68325129353703,0.26961179933274987,0.23788041353335426,0.2199802712599054,0.2263105741493642
92.0899893306897,0.2705417409204389,0.23796329837160218,0.22083164975422506,0.22753223261267466
92.24860162995638,0.2700137874175154,0.2372643923374296,0.22018011774661364,0.2267526244796998
91.97324744250632,0.26892365994560263,0.23671627488717037,0.2200692438934224,0.22635152480153606
92.05956890958937,0.2697723806066756,0.23664845340285107,0.22040489705712707,0.22605695943927026
91.95169220815882,0.27030922823213116,0.23665330977795407,0.22050489738268267,0.22593947155734478
91.70789805006727,0.26999712226228206,0.23659256637231232,0.21993770051867084,0.22556736857538937
91.54185794887488,0.270774266180654,0.23720818331031593,0.22023520437945132,0.22566497419860435
91.34253190809144,0.27050566916635255,0.2370108805100495,0.21976493858367244,0.22536900545167488
91.34469429158025,0.2712151760981886,0.2369944362353636,0.22002973208951473,0.22545322205811638
91.36202337591337,0.2716910424498368,0.23709860947227582,0.21959592183767362,0.225023222230291
91.68705218494554,0.27268733038425497,0.237439290080556,0.21967174664192232,0.22460507796202847
92.27308689796035,0.27338824315153754,0.23845180066165378,0.22023492155143032,0.22497625807962832
92.788875933529,0.2740436101074041,0.23875540209711157,0.21999437313544903,0.22506714478402562
93.15703909148255,0.27478134615059835,0.23979225877983593,0.22019335004824586,0.22501566353404415
93.07631540594882,0.2748214479684873,0.2401968552209941,0.22049858499344832,0.22542647331765123
93.34575156259692,0.27492916004341,0.23950457519947868,0.22011875309321072,0.22522969177092997
93.39317748482688,0.2756237552617877,0.23983660149744906,0.21995403279448827,0.2246836871389855
93.07517962656117,0.2746498534774987,0.23949217899361877,0.2192288508590968,0.2249163500830837
92.62507741529055,0.2733930126154123,0.24033706717380898,0.21982552678294257,0.22560525278454835
92.26579633450442,0.27158179887097283,0.24075255748509122,0.22065855791349132,0.22558529349263814
92.33518948137923,0.27089958904715333,0.2414290844587323,0.22040669070225694,0.22475093585136735
136.5211434981635,0.9106283934259518,0.8957285885659739,0.9009993008226636,0.7216664224558803
108.79102689123337,0.6781745186225921,0.6273389255243391,0.6243710663710157,0.4871299729345335
94.07824731004357,0.5322826641210139,0.47987397294336276,0.46157802987264224,0.3695093551026362
82.94656519262566,0.4150787738387841,0.37211940997024,0.3590827475327253,0.2978733232341379
79.77360763053636,0.3615854677941533,0.31958737530709286,0.30748865307738454,0.2661896868719052
79.80654899444347,0.33096494032927665,0.2946578669613495,0.27873510269192503,0.24972854810681427
80.20262646030885,0.3149245637408997,0.2835122224173634,0.2648304960386907,0.24363841655905147
82.79464235043517,0.2909869508835298,0.2676077901513031,0.25074755865109843,0.23419780158793305
83.6041992448319,0.28032267166699343,0.26168131577215253,0.24557722865522422,0.23054413934720028
82.07910114094436,0.27336450526636646,0.2578703506281507,0.24155724323774794,0.2297969150186081
82.17744828587945,0.26501611687249793,0.2505795008714929,0.2372386885798957,0.22959790945117295
81.56747935209546,0.25627232877332734,0.24486467779755375,0.2330428408007062,0.22892558313678563
81.2544264055487,0.25103809735994936,0.24285058583584573,0.22790561324230219,0.2235147558138474
79.79605983266211,0.2458449156236412,0.23965251945019395,0.22597485668723144,0.2208362175818305
81.10945435838251,0.24366709754031513,0.236077694211326,0.22538017124285697,0.21744937410769577
81.98575379173819,0.24107923034767484,0.23429629487689654,0.2249095120534266,0.21514678691770062
82.63096771058771,0.23677051318186207,0.23077819367839575,0.223652628668479,0.21221965234460843
83.01623517708907,0.2386343029361285,0.2322849643827249,0.22584989719162987,0.21479568254397938
83.06269699666989,0.23776012839621558,0.2320236981179577,0.22591342293580366,0.21538497754134825
83.47482159487745,0.23718737718291133,0.23141540319118725,0.22528616477478702,0.21529754978058002
84.32248906687734,0.2398237647074641,0.2334265895613148,0.2258769453771241,0.21689150224721107
84.93235736127903,0.23862861128204077,0.23496364930501573,0.22587779769667318,0.21656396461598362
84.9231457892453,0.23801850408505915,0.23789910624223318,0.22803269697169262,0.22117134918300993
85.94616593203399,0.24040527898157235,0.24101263032048692,0.22959748142232203,0.22284559121291017
83.77794360758251,0.24312377834219023,0.2438975860000484,0.23240939131153782,0.22893187384762456
82.8664480518947,0.24392101264239235,0.24617475671104927,0.23529691431803032,0.23212914621091824
82.44214205446276,0.2419282595706749,0.24619115006500522,0.23681110505016467,0.2345113299994958
82.09668326707163,0.24086281712421762,0.24894177570600343,0.23903746266945494,0.2366479282643773
83.23491222630055,0.2411491582164016,0.25123605035163066,0.2422653057582287,0.2426540628372471
83.72131949189205,0.24087172001983084,0.2526565643570231,0.2433317341351159,0.24329833759883368
83.89703376524058,0.2377769695636449,0.2524105449012262,0.24362337749088037,0.24343669715252317
83.80365340814923,0.23646282004046618,0.2529031912842472,0.24379952983433995,0.24352262607699102
83.23523162229422,0.23548115780828222,0.2525284699044385,0.2441070038871161,0.24405495579670206
82.64473955928501,0.2353367888052921,0.25380633976863,0.24535707775915933,0.24455916897596988
82.35843099613213,0.23473442647781834,0.253657008999854,0.24709897443163,0.24750684987975155
82.51913350894098,0.23655929024497896,0.25331355438775177,0.24634526900467082,0.24752710409562392
83.21202897561506,0.2357076665269284,0.25081796570793174,0.24468601953877941,0.24705248627844736
83.48829368574546,0.23719072756685336,0.249911871111406,0.24460780933179638,0.2482275383677851
83.87891323049057,0.2373860519891442,0.24941290717124673,0.24386631279044443,0.2483062701718328
83.82461770712538,0.23808194822401013,0.2493935970972551,0.24287026614445778,0.24677934187129683
83.7764692350397,0.24036203942433795,0.2517865835176491,0.24300392942964577,0.24522389212223844
83.58774091801597,0.24136240026904887,0.2528544278781871,0.2419257169110449,0.24342535669348658
83.69455958131788,0.24121393590095136,0.2523061678879401,0.24037366662981088,0.24062387418228018
83.670750680922,0.23882349055101482,0.2502098912169257,0.23889770194135682,0.23825207538475646
83.63196102912406,0.23976314550537275,0.25014787148839424,0.23876938229973957,0.2373169899162196
82.94402639490339,0.24125290608806388,0.2515113090453986,0.23972381893494715,0.2385248817539578
82.19331562988111,0.24286328929089915,0.25264596431197534,0.2399175985746201,0.23899362870820884
81.53566791331012,0.2437376550258976,0.25311598791994394,0.24014861593453646,0.24017139967646492
80.97071441930854,0.2450795002570936,0.25154819954521346,0.2388795517669023,0.23974816611743158
80.73763154237425,0.24681202096638868,0.2520280359823839,0.23878780533125576,0.23970576974544708
80.34719040831895,0.24716762900274394,0.2519106962019089,0.23797699121472315,0.2384217147052169
79.83651953171032,0.24691503595957076,0.25236643519606156,0.23755593794347826,0.24014304843293602
79.69298449847501,0.24633143841062113,0.2526702528682266,0.23821563338087154,0.24257462166024432
79.41270816162988,0.2451936764987793,0.25207117981623034,0.23804695031951223,0.24375146845880136
78.98021173534012,0.24455818056073764,0.2516860163457586,0.2375290716496496,0.2435441542751018
78.7263982791006,0.24520309685204658,0.25195323864446817,0.23746887038972947,0.24453710743872806
78.24950112036193,0.24593371589369747,0.25248742827809234,0.23784410369707934,0.24499418272141485
78.25029927384745,0.24772922977651912,0.2534397835415211,0.23733928449679892,0.24258692131137932
78.18828448929538,0.247316811074118,0.2524278951661828,0.2358921636008519,0.24043791186979105
78.46428098828386,0.24732534331376288,0.2525219346634821,0.2359886307398749,0.23964310800262023
78.72462867062393,0.24526702685777058,0.25032319165530786,0.23498991585025145,0.23936328960184933
78.85366469159003,0.2440138913389077,0.24928641098643872,0.23491758449390604,0.24057269689126112
78.81666011658982,0.24448365462648317,0.24877468463242336,0.23457320739740325,0.24025867793696878
78.56143971740771,0.2443445106500783,0.2495278551549251,0.2354104611721122,0.24172626390916196
78.30729973824846,0.24288503439160902,0.24868866709343979,0.23532048356433471,0.2424386411572171
78.20356449693395,0.24269915753043064,0.2496715079627505,0.2364965324201031,0.24398249260152602
78.23455536527187,0.2417189075996775,0.25132559882819977,0.23683218490167215,0.24329255759042653
78.14307056148441,0.24191480015830497,0.25153980148051563,0.23655799861758617,0.24369971108496713
77.85948458386237,0.24208368440380157,0.24985547211141065,0.2361369567639501,0.24453015851985824
77.56725157704322,0.24254697561464428,0.2507711804302205,0.2369963874303509,0.2450963705659992
77.71556796904751,0.24310310788073694,0.25198653909014834,0.237897737812767,0.2463385329568311
77.65876269258845,0.24393359871667994,0.2531532823105017,0.23877553374171856,0.24643056052786472
77.60589879551053,0.24754419386051915,0.25553681515461374,0.2398271768823949,0.2460631379207356
77.36184738720381,0.2462490936929015,0.25523244807145956,0.23840794504474866,0.24410858167783603
77.25290825480707,0.24779128120076838,0.2558628693465107,0.23793887612206568,0.24194902281870517
77.0543151058348,0.24731162118598504,0.25547633262753683,0.23642942323235625,0.23914172173178855
77.23628949718666,0.24486054291574746,0.2547947721458806,0.23514995509669256,0.23783184885306613
77.18830786484538,0.24383445642017984,0.25361828955052407,0.2341285190929379,0.2359024142020526
77.1891862708892,0.2421818851966922,0.2533297554423068,0.2338089521101074,0.23544808647024543
77.28219839581587,0.2404520526393274,0.25333880713087675,0.23483948610408817,0.23612528422252646
77.22535430746335,0.23792017885951117,0.2522394333355495,0.23434062442082412,0.23478984825602436
77.43704659731168,0.2378982103898266,0.253573605460973,0.23529730713409114,0.23506820127657918
77.8600350680589,0.2376016597870754,0.25394827527812974,0.2358765869595561,0.23459850705452293
77.94966334343685,0.23951498867736098,0.2528849022997727,0.23466810248323056,0.2328305769476674
78.09111986451796,0.24176058484879392,0.25210652268302897,0.2335890872406891,0.23171051653963934
78.51659430597252,0.24327277462934077,0.25098861057592986,0.2328467507975882,0.23155916186050107
79.00783601453833,0.24354505270956492,0.25032838333848345,0.23261800691533382,0.23180570910365603
79.2655314960555,0.24185660651456406,0.2517161295407694,0.23353801034594077,0.2337837700701101
79.910726736093,0.24322944158249846,0.25224771720430894,0.233880217877152,0.2338543825374503
80.0669284811583,0.24342689193016803,0.2530295364908694,0.23442052750287828,0.23374892305350203
79.62306826938517,0.2425413353540881,0.2519588587248736,0.23396259993173454,0.23321332414643942
79.48018197195206,0.24337944444440868,0.2530739354646151,0.2345670980812452,0.23430986469797488
79.30419058105987,0.2449897573875716,0.2537034808184031,0.23482105180579926,0.234549694935786
79.4187705887428,0.2466964908398707,0.2543303845878034,0.23581567758691138,0.2354733594718991
79.00539377347083,0.2473982651295608,0.25515705923764936,0.23672516233863447,0.23656616584723614
79.02014490435883,0.24753385787780519,0.25476518732620695,0.23663521271436005,0.2378505726099362
79.70898614545042,0.24918428637779802,0.2540889463243936,0.23676328371354122,0.23812730340867688
79.79347734415231,0.24944654675941888,0.2529090259475089,0.2362804905628007,0.2372976590207618
79.65121192578714,0.24925425358831438,0.2523063614325675,0.23599604734725638,0.23683922353238435
80.02274742039377,0.24828330838300613,0.25150755552385395,0.23547499867080757,0.23615268664227476
79.77432644738755,0.24778179847241472,0.25088678064758024,0.2347316613325994,0.23497462192999413
79.401056894276,0.2465433177497313,0.24944990267590847,0.2340756663190116,0.2338433071541545
79.40382365672563,0.24661608842332938,0.24884918996403352,0.23440920694167638,0.23337647988418997
79.29745125596622,0.24654575183501753,0.24846238852169902,0.23491175431407155,0.23294344462144115
79.29500541538786,0.24694332680248862,0.24897581585065287,0.2359809890306375,0.23352498307851113
79.32918165748289,0.24593136340860902,0.24890324214247175,0.23596620524738615,0.2333398172709693
79.26599585614473,0.24442862274975738,0.24891160379391394,0.23587048321571952,0.23324000911621123
79.41157949199605,0.2429426626690708,0.24931125514498312,0.2359430895787602,0.23326034307828294
79.27603876454918,0.24199215475078917,0.25024333603018273,0.23589797463645137,0.23203149736708556
79.03103220603084,0.23986245965912925,0.25006695186370276,0.23535324880554442,0.2309237090522359
78.42810597041967,0.23967686148625297,0.25067670451177565,0.2355405684833178,0.2303574546715099
78.22214462864201,0.2415864960684609,0.25156222724867683,0.234804140513063,0.2287648800141913
78.3636798928579,0.24256829011579387,0.25291440111305236,0.2351213229389007,0.22870796768570606
78.65667919396185,0.24356908617072892,0.2546720208693808,0.23602982385679105,0.23076252614963588
78.96221238979895,0.2437745949019655,0.2558182884814388,0.23593055153029216,0.23200696838561394
79.20103103016903,0.24207838107989826,0.2564503022433269,0.23546972871618654,0.23259526555019305
79.41332569436655,0.24109277645613783,0.25726669098272276,0.23636560290358286,0.23453896040760622
79.55264936889841,0.24115369126312888,0.25814519364367294,0.23726426625715866,0.23609025290313304
79.68138387454201,0.24058268478881825,0.2583395248411203,0.23709345973640164,0.2361453814299643
79.63877489328566,0.2391252436102739,0.25821085910511965,0.23717954258066992,0.23639569302573987
79.61162439551728,0.23961714531080372,0.2570927269223274,0.23621529090202936,0.23520992161899887
79.70075357712349,0.23960221454368924,0.2539924110719936,0.234218118946538,0.23374632833434592
80.34947643010732,0.24167696980925146,0.253605749544678,0.23461126433230303,0.23409047318742532
80.15037671735882,0.24076086605573063,0.25196264973425175,0.23368019510733465,0.23310101954081675
79.8579075134164,0.24108341701641675,0.2518039083363808,0.2344712654489553,0.23352826489999565
79.927089105417,0.24056721440780507,0.2508779430513984,0.2343997436280675,0.2338791665048619
79.73830284885932,0.23920607168075317,0.2500306953970307,0.2339264591352019,0.23348822052880686
79.34688865529156,0.23853206924065182,0.2492313349310287,0.23328211557790646,0.23252755266060418
79.21215461282841,0.23580421449237712,0.24875836192872017,0.2322988480520315,0.23150380407330895
79.31291780008587,0.2334468337554343,0.24902020843058778,0.23191768266689713,0.23176462290832306
79.35120505397876,0.2321047905471503,0.248585486804674,0.23120973663055183,0.2315143039870717
79.46579906282116,0.22924484171532009,0.24819525402642395,0.2304603599051234,0.2310174061627175
79.33648858215898,0.22673077720756887,0.24852997076983532,0.2302393920559136,0.23070885110240227
79.37602998061938,0.22858795275605415,0.24974167968767488,0.2307888628531805,0.231313022099466
79.79985745017738,0.2297313472540623,0.25134953914279684,0.23310265240088635,0.23402593531776153
79.87919629158289,0.23019866978269676,0.2535730426857259,0.2347933589469838,0.23492919403787466
79.66275659072917,0.2312374874543522,0.2551543108431169,0.2360642505925798,0.2370612452078719
79.16100549988256,0.23157063403009376,0.25440271193504305,0.2360855388663273,0.23717106655147124
78.43428518143922,0.23138516670463852,0.25312270535254267,0.23555128782218523,0.2373620305853154
77.79017996965854,0.2317580967069683,0.25120936449596865,0.23408368774097507,0.23531886423795126
77.47111439565037,0.23152004275167276,0.2494836997340683,0.23250825411185233,0.23555426066277477
76.93391581664675,0.23248923230383875,0.2497364041637521,0.2317213879139632,0.23490793548074357
77.28128669694003,0.23543232424299074,0.25098021888148836,0.2344251669745403,0.23821288893696108
76.96624108896438,0.23586016501652257,0.2522940654046865,0.2337684025996393,0.2362654975983806
77.38004597373124,0.24117627321778404,0.2552612011957259,0.23622009704610514,0.23807278235937612
77.4620540256668,0.23948189424845528,0.2552926819977878,0.234139706094251,0.23630232718256783
77.82627185238226,0.24076267563511164,0.25608027447927956,0.23520877345011043,0.2374008198164322
77.42573291025842,0.23877694671623764,0.2541597654502601,0.23250996683131922,0.23465437820711266
